㐭,ㄌㄧㄣˇ,1000000
㑪,ㄔㄞˊ,1000000
㑳,ㄓㄡˋ,1000000
㑿,ㄓㄠˋ,1000000
㒋,ㄙ,1000000
㒓,ㄊㄚˋ,1000000
㒳,ㄌㄧㄤˇ,1000000
㓕,ㄇㄧㄝˋ,1000000
㓦,ㄅㄛˋ,1000000
㔩,ㄜˋ,1000000
㔻,ㄆㄧ,1000000
㕁,ㄑㄩㄝˋ,1000000
㕑,ㄔㄨˊ,1000000
㕔,ㄊㄧㄥ,1000000
㕘,ㄕㄣ,1000000
㕘,ㄘㄢ
㕘,ㄘㄣ
㕘,ㄙㄢ
㕙,ㄐㄩㄣˋ,1000000
㕜,ㄕˇ,1000000
㕥,ㄧˇ,1000000
㕷,ㄆㄚ,1000000
㕷,ㄆㄧㄚ
㖡,ㄧㄝˋ,1000000
㖪,ㄩˋ,1000000
㘔,ㄙㄞ,1000000
㘔,ㄙㄞˊ
㘯,ㄔㄤˇ,1000000
㘯,ㄔㄤˊ
㘺,ㄈㄚˊ,1000000
㚩,ㄖㄢˇ,1000000
㚷,ㄋㄞˇ,1000000
㛂,ㄋㄨㄛˇ,1000000
㛮,ㄙㄠˇ,1000000
㛰,ㄏㄨㄣ,1000000
㜑,ㄆㄛˊ,1000000
㜵,ㄋㄧㄠˇ,1000000
㝎,ㄉㄧㄥˋ,1000000
㝛,ㄙㄨˋ,1000000
㝛,ㄒㄧㄡˇ
㝛,ㄒㄧㄡˋ
㝡,ㄗㄨㄟˋ,1000000
㝱,ㄇㄥˋ,1000000
㞞,ㄙㄨㄥˊ,1000000
㟏,ㄏㄢ,1000000
㟭,ㄇㄧㄣˊ,1000000
㠀,ㄉㄠˇ,1000000
㠯,ㄧˇ,1000000
㡓,ㄎㄨㄣ,1000000
㣔,ㄉㄧㄥ,1000000
㥄,ㄌㄧㄥˊ,1000000
㥏,ㄊㄧㄢˇ,1000000
㥦,ㄑㄧㄝˋ,1000000
㥵,ㄏㄨㄣˋ,1000000
㦔,ㄧㄢˋ,1000000
㦔,ㄧㄢ
㧖,ㄜˋ,1000000
㨈,ㄐㄧˇ,1000000
㨗,ㄐㄧㄝˊ,1000000
㩀,ㄐㄩˋ,1000000
㩐,ㄉㄣˋ,1000000
㩗,ㄒㄧ,1000000
㩗,ㄒㄧㄝˊ
㩳,ㄙㄨㄥˇ,1000000
㪟,ㄉㄨㄟ,1000000
㪟,ㄉㄨㄟˋ
㪟,ㄉㄨㄣ
㪟,ㄉㄨㄣˋ
㫃,ㄧㄢˇ,1000000
㫄,ㄆㄤˊ,1000000
㫄,ㄅㄤˋ
㫖,ㄓˇ,1000000
㬅,ㄇㄢˋ,1000000
㬅,ㄨㄢˋ
㬊,ㄏㄨㄢˇ,1000000
㭘,ㄒㄧㄚˊ,1000000
㮄,ㄅㄤˇ,1000000
㮄,ㄅㄥˋ
㯭,ㄌㄨˇ,1000000
㯶,ㄗㄨㄥ,1000000
㯽,ㄅㄧㄣ,1000000
㯽,ㄅㄧㄥ
㰖,ㄌㄢˇ,1000000
㱃,ㄧㄣˇ,1000000
㱃,ㄧㄣˋ
㱕,ㄍㄨㄟ,1000000
㱕,ㄎㄨㄟˋ
㱪,ㄏㄨㄣ,1000000
㲪,ㄉㄥ,1000000
㲯,ㄌㄢˊ,1000000
㲲,ㄉㄧㄝˊ,1000000
㳂,ㄧㄢˊ,1000000
㳂,ㄧㄢˋ
㳄,ㄒㄧㄢˊ,1000000
㳄,ㄧㄢˋ
㳅,ㄌㄧㄡˊ,1000000
㳒,ㄈㄚ,1000000
㳒,ㄈㄚˇ
㳒,ㄈㄚˊ
㳺,ㄧㄡˊ,1000000
㳽,ㄇㄧˇ,1000000
㳽,ㄇㄧˊ
㳿,ㄒㄧㄝˋ,1000000
㴑,ㄙㄨˋ,1000000
㵝,ㄧˋ,1000000
㵞,ㄔㄡˊ,1000000
㶁,ㄍㄨㄛˊ,1000000
㶟,ㄌㄟˊ,1000000
㶟,ㄌㄟˇ
㷍,ㄌㄨㄣˊ,1000000
㸌,ㄏㄨㄛˋ,1000000
㸔,ㄎㄢ,1000000
㸔,ㄎㄢˋ
㸙,ㄓㄜ,1000000
㸰,ㄊㄚ,1000000
㸰,ㄊㄨㄛ
㹜,ㄧㄣˊ,1000000
㹠,ㄊㄨㄣˊ,1000000
㻗,ㄅㄟˋ,1000000
㻫,ㄅㄧˋ,1000000
㽣,ㄩˋ,1000000
㾐,ㄌㄧˋ,1000000
㿜,ㄅㄧㄝˇ,1000000
䀇,ㄍㄨˇ,1000000
䀠,ㄐㄩˋ,1000000
䀢,ㄕㄨㄣˋ,1000000
䃉,ㄇㄧㄣˊ,1000000
䃘,ㄎㄥ,1000000
䄏,ㄧㄠ,1000000
䆿,ㄧˋ,1000000
䈰,ㄕㄠ,1000000
䈾,ㄕㄠ,1000000
䉶,ㄕㄨㄤ,1000000
䋁,ㄍㄥˇ,1000000
䋄,ㄨㄤˇ,1000000
䋲,ㄕㄥˊ,1000000
䍡,ㄌㄨˋ,1000000
䍦,ㄌㄧˊ,1000000
䍪,ㄨㄚˋ,1000000
䏿,ㄑㄧˇ,1000000
䐶,ㄗㄢ,1000000
䑓,ㄊㄞˊ,1000000
䑙,ㄊㄧㄢˇ,1000000
䑹,ㄙㄡ,1000000
䑹,ㄙㄠ
䒷,ㄍㄨㄚ,1000000
䓁,ㄉㄥˇ,1000000
䔥,ㄒㄧㄠ,1000000
䔰,ㄈㄨˊ,1000000
䖍,ㄑㄧㄢˊ,1000000
䖏,ㄔㄨˇ,1000000
䖏,ㄔㄨˋ
䖳,ㄓㄚˋ,1000000
䖵,ㄎㄨㄣ,1000000
䖸,ㄜˊ,1000000
䖸,ㄧˇ
䗊,ㄊㄢˋ,1000000
䗶,ㄌㄚˋ,1000000
䘏,ㄒㄩˋ,1000000
䘑,ㄇㄞˋ,1000000
䘑,ㄇㄛˋ
䘒,ㄗㄨㄟ,1000000
䘚,ㄗㄨˊ,1000000
䘚,ㄘㄨˋ
䘮,ㄙㄤ,1000000
䘮,ㄙㄤˋ
䘿,ㄐㄩㄝˊ,1000000
䙷,ㄉㄜˊ,1000000
䙷,˙ㄉㄜ
䙷,ㄉㄞˇ
䙷,ㄉㄟˇ
䛊,ㄓˋ,1000000
䛊,ㄕˋ
䛐,ㄘˊ,1000000
䛟,ㄐㄧㄚˊ,1000000
䝟,ㄧㄚˋ,1000000
䝨,ㄒㄧㄢˊ,1000000
䝨,ㄒㄧㄢˋ
䝲,ㄐㄧㄣˋ,1000000
䞓,ㄔㄥ,1000000
䟆,ㄅㄧˋ,1000000
䟫,ㄔㄥˊ,1000000
䠊,ㄈㄟˋ,1000000
䠞,ㄘㄨˋ,1000000
䠥,ㄅㄧㄝˊ,1000000
䠷,ㄊㄧㄠˇ,1000000
䡖,ㄑㄧㄥ,1000000
䤈,ㄒㄧ,1000000
䥈,ㄇㄨˇ,1000000
䥫,ㄊㄧㄝˇ,1000000
䦧,ㄒㄧˋ,1000000
䨦,ㄆㄤˊ,1000000
䨲,ㄋㄡˊ,1000000
䩦,ㄊㄧㄠˊ,1000000
䪢,ㄐㄧ,1000000
䫄,ㄔㄨㄚˋ,1000000
䫏,ㄑㄧ,1000000
䬠,ㄈㄟ,1000000
䬡,ㄓㄨˋ,1000000
䬪,ㄅㄛˊ,1000000
䬳,ㄅㄢˇ,1000000
䭫,ㄑㄧˇ,1000000
䭫,ㄐㄧ
䰀,ㄨㄛˇ,1000000
䰐,ㄌㄢˊ,1000000
䰖,ㄗㄨㄢˇ,1000000
䰖,ㄗㄢˇ
䰟,ㄏㄨㄣˊ,1000000
䰰,ㄖㄨˊ,1000000
䳘,ㄜˊ,1000000
䴸,ㄈㄨ,1000000
䶊,ㄋㄩˋ,1000000
䶌,ㄆㄠˋ,1000000
一,ㄧ,1000000
丁,ㄉㄧㄥ,1000000
丁,ㄓㄥ
丂,ㄎㄠˇ,1000000
七,ㄑㄧ,1000000
万,ㄨㄢˋ,1000000
万,ㄇㄛˋ
丈,ㄓㄤˋ,1000000
三,ㄙㄢ,1000000
三,ㄙㄚ
三,ㄙㄢˋ
上,ㄕㄤˋ,1000000
上,ㄕㄤˇ
下,ㄒㄧㄚˋ,1000000
丌,ㄐㄧ,1000000
不,ㄅㄨˋ,1000000
不,ㄈㄡ
不,ㄈㄡˇ
不,ㄈㄨ
丏,ㄇㄧㄢˇ,1000000
丐,ㄍㄞˋ,1000000
丑,ㄔㄡˇ,1000000
且,ㄑㄧㄝˇ,1000000
且,ㄐㄩ
丕,ㄆㄧ,1000000
世,ㄕˋ,1000000
丘,ㄑㄧㄡ,1000000
丙,ㄅㄧㄥˇ,1000000
丞,ㄔㄥˊ,1000000
丟,ㄉㄧㄡ,1000000
両,ㄌㄧㄤˇ,1000000
丢,ㄉㄧㄡ,1000000
丣,ㄧㄡˇ,1000000
两,ㄌㄧㄤˇ,1000000
並,ㄅㄧㄥˋ,1000000
並,ㄅㄤˋ
丨,ㄍㄨㄣˇ,1000000
丩,ㄐㄧㄡ,1000000
个,ㄍㄜˋ,1000000
个,˙ㄍㄜ
个,ㄍㄜˇ
丫,ㄧㄚ,1000000
中,ㄓㄨㄥ,1000000
中,ㄓㄨㄥˋ
丮,ㄐㄧˊ,1000000
丰,ㄈㄥ,1000000
丱,ㄍㄨㄢˋ,1000000
串,ㄔㄨㄢˋ,1000000
丳,ㄔㄢˋ,1000000
丶,ㄓㄨˇ,1000000
丸,ㄨㄢˊ,1000000
丹,ㄉㄢ,1000000
主,ㄓㄨˇ,1000000
丿,ㄆㄧㄝˇ,1000000
乂,ㄧˋ,1000000
乂,ㄞˋ
乃,ㄋㄞˇ,1000000
久,ㄐㄧㄡˇ,1000000
么,ㄧㄠ,1000000
义,ㄧˋ,1000000
之,ㄓ,1000000
乍,ㄓㄚˋ,1000000
乎,ㄏㄨ,1000000
乎,ㄏㄨˊ
乏,ㄈㄚˊ,1000000
乐,ㄌㄜˋ,1000000
乐,ㄌㄠˋ
乐,ㄧㄠˋ
乐,ㄩㄝˋ
乒,ㄆㄧㄥ,1000000
乓,ㄆㄤ,1000000
乔,ㄑㄧㄠˊ,1000000
乔,ㄐㄧㄠ
乖,ㄍㄨㄞ,1000000
乘,ㄔㄥˊ,1000000
乘,ㄕㄥˋ
乙,ㄧˇ,1000000
乜,ㄇㄧㄝ,1000000
乜,ㄋㄧㄝˋ
九,ㄐㄧㄡˇ,1000000
乞,ㄑㄧˇ,1000000
乞,ㄑㄧˋ
也,ㄧㄝˇ,1000000
乣,ㄉㄧㄡ,1000000
乩,ㄐㄧ,1000000
乱,ㄌㄨㄢˋ,1000000
乳,ㄖㄨˇ,1000000
乾,ㄑㄧㄢˊ,1000000
乾,ㄍㄢ
亂,ㄌㄨㄢˋ,1000000
亅,ㄐㄩㄝˊ,1000000
了,˙ㄌㄜ,1000000
了,ㄌㄧㄠˇ
予,ㄩˇ,1000000
予,ㄩˊ
争,ㄓㄥ,1000000
事,ㄕˋ,1000000
二,ㄦˋ,1000000
亍,ㄔㄨˋ,1000000
于,ㄩˊ,1000000
于,ㄒㄩ
亏,ㄒㄩ,1000000
亏,ㄩˊ
云,ㄩㄣˊ,1000000
互,ㄏㄨˋ,1000000
亓,ㄑㄧˊ,1000000
五,ㄨˇ,1000000
井,ㄐㄧㄥˇ,1000000
亘,ㄍㄣˋ,1000000
亘,ㄍㄥˋ
亙,ㄍㄣˋ,1000000
亙,ㄍㄥˋ
些,ㄒㄧㄝ,1000000
些,ㄙㄨㄛˋ
亜,ㄧㄚˋ,1000000
亜,ㄧㄚ
亜,ㄧㄚˇ
亝,ㄓㄞ,1000000
亞,ㄧㄚˋ,1000000
亞,ㄧㄚ
亞,ㄧㄚˇ
亟,ㄐㄧˊ,1000000
亟,ㄑㄧˋ
亠,ㄊㄡˊ,1000000
亡,ㄨㄤˊ,1000000
亡,ㄨˊ
亢,ㄎㄤˋ,1000000
亢,ㄍㄤ
交,ㄐㄧㄠ,1000000
亥,ㄏㄞˋ,1000000
亦,ㄧˋ,1000000
亨,ㄏㄥ,1000000
亨,ㄆㄥ
亨,ㄏㄥˊ
享,ㄒㄧㄤˇ,1000000
京,ㄐㄧㄥ,1000000
京,ㄩㄢˊ
亭,ㄊㄧㄥˊ,1000000
亮,ㄌㄧㄤˋ,1000000
亮,ㄌㄧㄤˊ
亯,ㄒㄧㄤˇ,1000000
亱,ㄧㄝˋ,1000000
亳,ㄅㄛˋ,1000000
亶,ㄉㄢˇ,1000000
亷,ㄌㄧㄢˊ,1000000
亹,ㄨㄟˇ,1000000
亹,ㄇㄣˊ
人,ㄖㄣˊ,1000000
什,ㄕㄣˊ,1000000
什,ㄕˊ
什,ㄕㄜˊ
仁,ㄖㄣˊ,1000000
仂,ㄌㄜˋ,1000000
仃,ㄉㄧㄥ,1000000
仄,ㄗㄜˋ,1000000
仅,ㄐㄧㄣˇ,1000000
仅,ㄐㄧㄣˋ
仆,ㄆㄨ,1000000
仆,ㄈㄨˋ
仇,ㄔㄡˊ,1000000
仇,ㄑㄧㄡˊ
仉,ㄓㄤˇ,1000000
今,ㄐㄧㄣ,1000000
介,ㄐㄧㄝˋ,1000000
仍,ㄖㄥˊ,1000000
从,ㄘㄨㄥˊ,1000000
从,ㄗㄨㄥ
从,ㄗㄨㄥˋ
从,ㄘㄨㄥ
仏,ㄈㄛˊ,1000000
仏,ㄅㄧˋ
仏,ㄈㄨˊ
仔,ㄗㄞˇ,1000000
仔,ㄗ
仔,ㄗˇ
仕,ㄕˋ,1000000
他,ㄊㄚ,1000000
他,ㄊㄨㄛ
仗,ㄓㄤˋ,1000000
付,ㄈㄨˋ,1000000
仙,ㄒㄧㄢ,1000000
仚,ㄒㄧㄢ,1000000
仝,ㄊㄨㄥˊ,1000000
仝,ㄊㄨㄥˋ
仞,ㄖㄣˋ,1000000
仟,ㄑㄧㄢ,1000000
仡,ㄧˋ,1000000
仡,ㄑㄧˋ
代,ㄉㄞˋ,1000000
令,ㄌㄧㄥˋ,1000000
以,ㄧˇ,1000000
仨,ㄙㄚ,1000000
仪,ㄧˊ,1000000
仰,ㄧㄤˇ,1000000
仲,ㄓㄨㄥˋ,1000000
仳,ㄆㄧˇ,1000000
仵,ㄨˇ,1000000
件,ㄐㄧㄢˋ,1000000
价,ㄐㄧㄚˋ,1000000
价,˙ㄍㄚ
价,ㄐㄧㄝˋ
任,ㄖㄣˋ,1000000
任,ㄖㄣˊ
份,ㄈㄣˋ,1000000
份,ㄅㄧㄣ
仿,ㄈㄤˇ,1000000
伀,ㄓㄨㄥ,1000000
企,ㄑㄧˋ,1000000
伃,ㄩˊ,1000000
伈,ㄒㄧㄣˇ,1000000
伉,ㄎㄤˋ,1000000
伊,ㄧ,1000000
伋,ㄐㄧˊ,1000000
伍,ㄨˇ,1000000
伎,ㄐㄧˋ,1000000
伏,ㄈㄨˊ,1000000
伐,ㄈㄚ,1000000
伐,ㄈㄚˊ
休,ㄒㄧㄡ,1000000
休,ㄒㄧㄡˇ
休,ㄒㄩˇ
伕,ㄈㄨ,1000000
众,ㄓㄨㄥˋ,1000000
优,ㄧㄡ,1000000
伙,ㄏㄨㄛˇ,1000000
会,ㄏㄨㄟˋ,1000000
会,ㄍㄨㄟˋ
会,ㄎㄨㄞˋ
会,ㄏㄨㄟˇ
伤,ㄕㄤ,1000000
伯,ㄅㄛˊ,1000000
伯,ㄅㄚˋ
伯,ㄅㄞˇ
估,ㄍㄨ,1000000
估,ㄍㄨˇ
估,ㄍㄨˋ
伱,ㄋㄧˇ,1000000
伴,ㄅㄢˋ,1000000
伶,ㄌㄧㄥˊ,1000000
伸,ㄕㄣ,1000000
伺,ㄘˋ,1000000
伺,ㄙˋ
似,ㄙˋ,1000000
伽,ㄑㄧㄝˊ,1000000
伽,ㄐㄧㄚ
伾,ㄆㄧ,1000000
佀,ㄙˋ,1000000
佁,ㄞˇ,1000000
佃,ㄉㄧㄢˋ,1000000
佃,ㄊㄧㄢˊ
但,ㄉㄢˋ,1000000
佇,ㄓㄨˋ,1000000
佈,ㄅㄨˋ,1000000
佉,ㄑㄩ,1000000
佊,ㄅㄧˇ,1000000
佌,ㄘˇ,1000000
位,ㄨㄟˋ,1000000
低,ㄉㄧ,1000000
住,ㄓㄨˋ,1000000
佐,ㄗㄨㄛˇ,1000000
佑,ㄧㄡˋ,1000000
佒,ㄧㄤ,1000000
体,ㄊㄧˇ,1000000
佔,ㄓㄢˋ,1000000
佔,ㄓㄢ
何,ㄏㄜˊ,1000000
佗,ㄊㄨㄛˊ,1000000
佗,ㄊㄚ
佗,ㄊㄨㄛ
佘,ㄕㄜˊ,1000000
余,ㄩˊ,1000000
余,ㄒㄩˊ
佚,ㄧˋ,1000000
佚,ㄉㄧㄝˊ
佛,ㄈㄨˊ,1000000
佛,ㄅㄧˋ
佛,ㄈㄛˊ
作,ㄗㄨㄛˋ,1000000
作,ㄗㄨㄛ
作,ㄗㄨㄛˊ
佝,ㄎㄡˋ,1000000
佞,ㄋㄧㄥˋ,1000000
佟,ㄊㄨㄥˊ,1000000
你,ㄋㄧˇ,1000000
佣,ㄩㄥˋ,1000000
佤,ㄨㄚˇ,1000000
佧,ㄎㄚˇ,1000000
佩,ㄆㄟˋ,1000000
佪,ㄏㄨㄞˊ,1000000
佪,ㄏㄨㄟˊ
佬,ㄌㄠˇ,1000000
佯,ㄧㄤˊ,1000000
佰,ㄅㄞˇ,1000000
佰,ㄅㄛˊ
佰,ㄇㄛˋ
佳,ㄐㄧㄚ,1000000
佴,ㄦˋ,1000000
併,ㄅㄧㄥˋ,1000000
佶,ㄐㄧˊ,1000000
佷,ㄏㄣˇ,1000000
佷,ㄏㄥˊ
佸,ㄏㄨㄛˊ,1000000
佹,ㄍㄨㄟˇ,1000000
佺,ㄑㄩㄢˊ,1000000
佻,ㄊㄧㄠ,1000000
佻,ㄊㄧㄠˊ
佼,ㄐㄧㄠˇ,1000000
佽,ㄘˋ,1000000
佾,ㄧˋ,1000000
使,ㄕˇ,1000000
使,ㄕˋ
侁,ㄕㄣ,1000000
侂,ㄊㄨㄛ,1000000
侃,ㄎㄢˇ,1000000
侄,ㄓˊ,1000000
來,ㄌㄞˊ,1000000
來,ㄌㄞˋ
侇,ㄧˊ,1000000
侈,ㄔˇ,1000000
侉,ㄎㄨㄚˇ,1000000
侊,ㄍㄨㄤ,1000000
例,ㄌㄧˋ,1000000
侍,ㄕˋ,1000000
侏,ㄓㄨ,1000000
侐,ㄒㄩˋ,1000000
侑,ㄧㄡˋ,1000000
侔,ㄇㄡˊ,1000000
侖,ㄌㄨㄣˊ,1000000
侗,ㄉㄨㄥˋ,1000000
侗,ㄊㄨㄥˊ
侘,ㄔㄚˋ,1000000
侚,ㄒㄩㄣˋ,1000000
供,ㄍㄨㄥ,1000000
供,ㄍㄨㄥˋ
侜,ㄓㄡ,1000000
依,ㄧ,1000000
侞,ㄖㄨˊ,1000000
侠,ㄒㄧㄚˊ,1000000
侠,ㄐㄧㄚˊ
侩,ㄎㄨㄞˋ,1000000
侭,ㄐㄧㄣˇ,1000000
侮,ㄨˇ,1000000
侯,ㄏㄡˊ,1000000
侲,ㄓㄣˋ,1000000
侵,ㄑㄧㄣ,1000000
侶,ㄌㄩˇ,1000000
侷,ㄐㄩˊ,1000000
侹,ㄊㄧㄥˇ,1000000
侻,ㄊㄨㄟˋ,1000000
侻,ㄊㄨㄛ
便,ㄅㄧㄢˋ,1000000
便,ㄆㄧㄢˊ
俁,ㄩˇ,1000000
係,ㄒㄧˋ,1000000
促,ㄘㄨˋ,1000000
俄,ㄜˊ,1000000
俅,ㄑㄧㄡˊ,1000000
俇,ㄨㄤˇ,1000000
俊,ㄐㄩㄣˋ,1000000
俍,ㄌㄧㄤˊ,1000000
俎,ㄗㄨˇ,1000000
俏,ㄑㄧㄠˋ,1000000
俐,ㄌㄧˋ,1000000
俑,ㄩㄥˇ,1000000
俔,ㄑㄧㄢˋ,1000000
俔,ㄒㄧㄢˋ
俗,ㄙㄨˊ,1000000
俘,ㄈㄨˊ,1000000
俚,ㄌㄧˇ,1000000
俛,ㄈㄨˇ,1000000
俛,ㄇㄧㄢˇ
俜,ㄆㄧㄥ,1000000
保,ㄅㄠˇ,1000000
俞,ㄩˊ,1000000
俞,ㄕㄨ
俞,ㄩˋ
俟,ㄑㄧˊ,1000000
俟,ㄙˋ
俠,ㄒㄧㄚˊ,1000000
俠,ㄐㄧㄚˊ
信,ㄒㄧㄣˋ,1000000
信,ㄕㄣ
俦,ㄔㄡˊ,1000000
修,ㄒㄧㄡ,1000000
俯,ㄈㄨˇ,1000000
俱,ㄐㄩˋ,1000000
俱,ㄐㄩ
俲,ㄒㄧㄠˋ,1000000
俳,ㄆㄞˊ,1000000
俴,ㄐㄧㄢˋ,1000000
俵,ㄅㄧㄠˇ,1000000
俶,ㄔㄨˋ,1000000
俶,ㄊㄧˋ
俸,ㄈㄥˋ,1000000
俺,ㄢˇ,1000000
俺,ㄧㄢˋ
俻,ㄅㄟˋ,1000000
俾,ㄅㄧˋ,1000000
俾,ㄅㄟ
倀,ㄔㄤ,1000000
倂,ㄅㄧㄥˋ,1000000
倅,ㄘㄨㄟˋ,1000000
倆,ㄌㄧㄚˇ,1000000
倆,ㄌㄧㄤˇ
倈,ㄌㄞˊ,1000000
倉,ㄘㄤ,1000000
個,ㄍㄜˋ,1000000
個,˙ㄍㄜ
個,ㄍㄜˇ
倌,ㄍㄨㄢ,1000000
倍,ㄅㄟˋ,1000000
倏,ㄕㄨˋ,1000000
倐,ㄕㄨˋ,1000000
們,˙ㄇㄣ,1000000
們,ㄇㄣˊ
倒,ㄉㄠˋ,1000000
倒,ㄉㄠˇ
倓,ㄊㄢˊ,1000000
倔,ㄐㄩㄝˊ,1000000
倔,ㄐㄩㄝˋ
倕,ㄔㄨㄟˊ,1000000
倖,ㄒㄧㄥˋ,1000000
倗,ㄆㄥˊ,1000000
倘,ㄊㄤˇ,1000000
倘,ㄔㄤˊ
候,ㄏㄡˋ,1000000
倚,ㄧˇ,1000000
倛,ㄑㄧ,1000000
倜,ㄊㄧˋ,1000000
倝,ㄍㄢˋ,1000000
倞,ㄐㄧㄥˋ,1000000
倞,ㄌㄧㄤˋ
借,ㄐㄧㄝˋ,1000000
倡,ㄔㄤˋ,1000000
倡,ㄔㄤ
倢,ㄐㄧㄝˊ,1000000
倣,ㄈㄤˇ,1000000
値,ㄓˊ,1000000
値,ㄓˋ
倥,ㄎㄨㄥ,1000000
倥,ㄎㄨㄥˇ
倦,ㄐㄩㄢˋ,1000000
倧,ㄗㄨㄥ,1000000
倨,ㄐㄩˋ,1000000
倩,ㄑㄧㄢˋ,1000000
倪,ㄋㄧˊ,1000000
倫,ㄌㄨㄣˊ,1000000
倬,ㄓㄨㄛˊ,1000000
倭,ㄨㄛ,1000000
倭,ㄨㄛˇ
倭,ㄨㄟ
倮,ㄌㄨㄛˇ,1000000
倳,ㄗˋ,1000000
值,ㄓˊ,1000000
值,ㄓˋ
偁,ㄔㄥ,1000000
偃,ㄧㄢˇ,1000000
假,ㄐㄧㄚˇ,1000000
假,ㄐㄧㄚˋ
偈,ㄐㄧˋ,1000000
偈,ㄐㄧㄝˊ
偉,ㄨㄟˇ,1000000
偊,ㄩˇ,1000000
偋,ㄅㄧㄥˋ,1000000
偌,ㄖㄨㄛˋ,1000000
偍,ㄊㄧˊ,1000000
偎,ㄨㄟ,1000000
偏,ㄆㄧㄢ,1000000
偓,ㄨㄛˋ,1000000
偕,ㄒㄧㄝˊ,1000000
偕,ㄐㄧㄝ
偘,ㄎㄢˇ,1000000
做,ㄗㄨㄛˋ,1000000
停,ㄊㄧㄥˊ,1000000
偝,ㄅㄟˋ,1000000
偟,ㄏㄨㄤˊ,1000000
偠,ㄧㄠˇ,1000000
偢,ㄔㄡˇ,1000000
健,ㄐㄧㄢˋ,1000000
偩,ㄈㄨˋ,1000000
偪,ㄅㄧ,1000000
偪,ㄈㄨˊ
偬,ㄗㄨㄥˇ,1000000
偭,ㄇㄧㄢˇ,1000000
偯,ㄧˇ,1000000
偰,ㄒㄧㄝˋ,1000000
偲,ㄙ,1000000
偲,ㄙㄞ
側,ㄘㄜˋ,1000000
側,ㄗㄜˋ
偵,ㄓㄣ,1000000
偶,ㄡˇ,1000000
偷,ㄊㄡ,1000000
偸,ㄊㄡ,1000000
偺,ㄗㄚˊ,1000000
偺,ㄗㄢˊ
偻,ㄌㄡˊ,1000000
偽,ㄨㄟˋ,1000000
傀,ㄍㄨㄟ,1000000
傀,ㄎㄨㄟˇ
傃,ㄙㄨˋ,1000000
傅,ㄈㄨˋ,1000000
傈,ㄌㄧˋ,1000000
傉,ㄋㄨˋ,1000000
傌,ㄇㄚˋ,1000000
傌,ㄇㄚˇ
傍,ㄅㄤˋ,1000000
傍,ㄅㄤ
傍,ㄆㄤˊ
傎,ㄉㄧㄢ,1000000
傑,ㄐㄧㄝˊ,1000000
傒,ㄒㄧ,1000000
傒,ㄒㄧˋ
傔,ㄑㄧㄢˋ,1000000
傕,ㄐㄩㄝˊ,1000000
傖,ㄘㄤ,1000000
傖,ㄔㄥˊ
傘,ㄙㄢˇ,1000000
備,ㄅㄟˋ,1000000
傚,ㄒㄧㄠˋ,1000000
傜,ㄧㄠˊ,1000000
傞,ㄙㄨㄛ,1000000
傢,ㄐㄧㄚ,1000000
傣,ㄉㄞˇ,1000000
催,ㄘㄨㄟ,1000000
傭,ㄩㄥ,1000000
傭,ㄩㄥˊ
傯,ㄗㄨㄥˇ,1000000
傱,ㄙㄨㄥˇ,1000000
傲,ㄠˋ,1000000
傳,ㄔㄨㄢˊ,1000000
傳,ㄓㄨㄢˋ
傴,ㄩˇ,1000000
債,ㄓㄞˋ,1000000
傷,ㄕㄤ,1000000
傺,ㄔˋ,1000000
傻,ㄕㄚˇ,1000000
傾,ㄑㄧㄥ,1000000
傾,ㄎㄥ
僂,ㄌㄡˊ,1000000
僃,ㄅㄟˋ,1000000
僄,ㄆㄧㄠˋ,1000000
僄,ㄆㄧㄠ
僅,ㄐㄧㄣˇ,1000000
僅,ㄐㄧㄣˋ
僆,ㄌㄧㄢˋ,1000000
僇,ㄌㄨˋ,1000000
僈,ㄇㄢˋ,1000000
僉,ㄑㄧㄢ,1000000
僊,ㄒㄧㄢ,1000000
僎,ㄓㄨㄢˋ,1000000
像,ㄒㄧㄤˋ,1000000
僑,ㄑㄧㄠˊ,1000000
僓,ㄊㄨㄟˇ,1000000
僔,ㄗㄨㄣˇ,1000000
僕,ㄆㄨˊ,1000000
僖,ㄒㄧ,1000000
僗,ㄌㄠˊ,1000000
僚,ㄌㄧㄠˊ,1000000
僛,ㄑㄧ,1000000
僝,ㄔㄢˊ,1000000
僞,ㄨㄟˋ,1000000
僣,ㄐㄧㄢˋ,1000000
僤,ㄉㄢˋ,1000000
僥,ㄐㄧㄠˇ,1000000
僥,ㄧㄠˊ
僦,ㄐㄧㄡˋ,1000000
僧,ㄙㄥ,1000000
僨,ㄈㄣˋ,1000000
僩,ㄒㄧㄢˋ,1000000
僬,ㄐㄧㄠ,1000000
僭,ㄐㄧㄢˋ,1000000
僮,ㄊㄨㄥˊ,1000000
僮,ㄓㄨㄤˋ
僰,ㄅㄛˊ,1000000
僱,ㄍㄨˋ,1000000
僵,ㄐㄧㄤ,1000000
僶,ㄇㄧㄣˇ,1000000
價,ㄐㄧㄚˋ,1000000
價,˙ㄍㄚ
僻,ㄆㄧˋ,1000000
僻,ㄅㄟˋ
僽,ㄓㄡˋ,1000000
僾,ㄞˋ,1000000
僿,ㄕˋ,1000000
儀,ㄧˊ,1000000
儁,ㄐㄩㄣˋ,1000000
儂,ㄋㄨㄥˊ,1000000
儃,ㄔㄢˊ,1000000
儃,ㄊㄢˇ
儃,ㄕㄢˋ
億,ㄧˋ,1000000
儆,ㄐㄧㄥˇ,1000000
儇,ㄒㄩㄢ,1000000
儈,ㄎㄨㄞˋ,1000000
儉,ㄐㄧㄢˇ,1000000
儉,ㄐㄧㄢˋ
儋,ㄉㄢ,1000000
儌,ㄐㄧㄠˇ,1000000
儍,ㄕㄚˇ,1000000
儐,ㄅㄧㄣ,1000000
儐,ㄅㄧㄣˋ
儒,ㄖㄨˊ,1000000
儓,ㄊㄞˊ,1000000
儔,ㄔㄡˊ,1000000
儕,ㄔㄞˊ,1000000
儗,ㄋㄧˇ,1000000
儘,ㄐㄧㄣˇ,1000000
儚,ㄇㄥˊ,1000000
儜,ㄋㄥˊ,1000000
儞,ㄋㄧˇ,1000000
償,ㄔㄤˊ,1000000
儡,ㄌㄟˇ,1000000
儤,ㄅㄠˋ,1000000
儥,ㄩˋ,1000000
儦,ㄅㄧㄠ,1000000
儧,ㄗㄢˇ,1000000
儩,ㄙˋ,1000000
優,ㄧㄡ,1000000
儭,ㄔㄣˋ,1000000
儱,ㄌㄨㄥˇ,1000000
儲,ㄔㄨˊ,1000000
儲,ㄔㄨˇ
儳,ㄔㄢˋ,1000000
儴,ㄖㄤˊ,1000000
儵,ㄕㄨˋ,1000000
儷,ㄌㄧˋ,1000000
儸,ㄌㄨㄛˊ,1000000
儹,ㄗㄢˇ,1000000
儺,ㄋㄨㄛˊ,1000000
儻,ㄊㄤˇ,1000000
儼,ㄧㄢˇ,1000000
儿,ㄖㄣˊ,1000000
兀,ㄨˋ,1000000
允,ㄩㄣˇ,1000000
元,ㄩㄢˊ,1000000
兄,ㄒㄩㄥ,1000000
充,ㄔㄨㄥ,1000000
兆,ㄓㄠˋ,1000000
兇,ㄒㄩㄥ,1000000
先,ㄒㄧㄢ,1000000
先,ㄒㄧㄢˋ
光,ㄍㄨㄤ,1000000
克,ㄎㄜˋ,1000000
兌,ㄉㄨㄟˋ,1000000
免,ㄇㄧㄢˇ,1000000
免,ㄨㄣˋ
兎,ㄊㄨˋ,1000000
兑,ㄉㄨㄟˋ,1000000
兒,ㄦˊ,1000000
兒,ㄋㄧˊ
兔,ㄊㄨˋ,1000000
兕,ㄙˋ,1000000
兗,ㄧㄢˇ,1000000
党,ㄉㄤˇ,1000000
兜,ㄉㄡ,1000000
兢,ㄐㄧㄥ,1000000
入,ㄖㄨˋ,1000000
入,ㄖˋ
入,ㄖㄨˇ
兦,ㄨㄤˊ,1000000
兦,ㄨˊ
內,ㄋㄟˋ,1000000
內,ㄋㄚˋ
全,ㄑㄩㄢˊ,1000000
兩,ㄌㄧㄤˇ,1000000
八,ㄅㄚ,1000000
公,ㄍㄨㄥ,1000000
六,ㄌㄧㄡˋ,1000000
六,ㄌㄨˋ
兮,ㄒㄧ,1000000
共,ㄍㄨㄥˋ,1000000
共,ㄍㄨㄥ
共,ㄍㄨㄥˇ
兵,ㄅㄧㄥ,1000000
其,ㄑㄧˊ,1000000
其,ㄐㄧ
其,ㄐㄧˋ
具,ㄐㄩˋ,1000000
典,ㄉㄧㄢˇ,1000000
兼,ㄐㄧㄢ,1000000
兾,ㄐㄧˋ,1000000
冀,ㄐㄧˋ,1000000
冂,ㄐㄩㄥ,1000000
冄,ㄖㄢˇ,1000000
内,ㄋㄟˋ,1000000
内,ㄋㄚˋ
冉,ㄖㄢˇ,1000000
冊,ㄘㄜˋ,1000000
冊,ㄔㄞˇ
册,ㄘㄜˋ,1000000
册,ㄔㄞˇ
再,ㄗㄞˋ,1000000
冏,ㄐㄩㄥˇ,1000000
冐,ㄇㄠˋ,1000000
冐,ㄇㄛˋ
冑,ㄓㄡˋ,1000000
冒,ㄇㄠˋ,1000000
冒,ㄇㄛˋ
冓,ㄍㄡˋ,1000000
冔,ㄒㄩˇ,1000000
冕,ㄇㄧㄢˇ,1000000
冖,ㄇㄧˋ,1000000
冗,ㄖㄨㄥˇ,1000000
冘,ㄧㄣˊ,1000000
冘,ㄧㄡˊ
冞,ㄇㄧˊ,1000000
冠,ㄍㄨㄢ,1000000
冠,ㄍㄨㄢˋ
冢,ㄓㄨㄥˇ,1000000
冣,ㄐㄩˋ,1000000
冣,ㄗㄨㄟˋ
冤,ㄩㄢ,1000000
冥,ㄇㄧㄥˊ,1000000
冪,ㄇㄧˋ,1000000
冫,ㄅㄧㄥ,1000000
冬,ㄉㄨㄥ,1000000
冰,ㄅㄧㄥ,1000000
冱,ㄏㄨˋ,1000000
冲,ㄔㄨㄥ,1000000
况,ㄎㄨㄤˋ,1000000
冶,ㄧㄝˇ,1000000
冷,ㄌㄥˇ,1000000
冼,ㄕㄥˇ,1000000
冼,ㄒㄧˇ
冼,ㄒㄧㄢˇ
冽,ㄌㄧㄝˋ,1000000
凂,ㄇㄟˇ,1000000
准,ㄓㄨㄣˇ,1000000
凇,ㄙㄨㄥ,1000000
凉,ㄌㄧㄤˊ,1000000
凉,ㄌㄧㄤˋ
凊,ㄐㄧㄥˋ,1000000
凋,ㄉㄧㄠ,1000000
凌,ㄌㄧㄥˊ,1000000
凍,ㄉㄨㄥˋ,1000000
减,ㄐㄧㄢˇ,1000000
凑,ㄘㄡˋ,1000000
凔,ㄔㄨㄤˋ,1000000
凘,ㄙ,1000000
凜,ㄌㄧㄣˇ,1000000
凝,ㄋㄧㄥˊ,1000000
凟,ㄉㄨˊ,1000000
几,ㄐㄧˇ,1000000
几,ㄐㄧ
凡,ㄈㄢˊ,1000000
凢,ㄈㄢˊ,1000000
凤,ㄈㄥˋ,1000000
凥,ㄐㄩ,1000000
凥,ㄐㄧ
処,ㄔㄨˇ,1000000
処,ㄔㄨˋ
凭,ㄆㄧㄥˊ,1000000
凰,ㄏㄨㄤˊ,1000000
凱,ㄎㄞˇ,1000000
凳,ㄉㄥˋ,1000000
凴,ㄆㄧㄥˊ,1000000
凵,ㄎㄢˇ,1000000
凶,ㄒㄩㄥ,1000000
凷,ㄎㄨㄞˋ,1000000
凸,ㄊㄨˊ,1000000
凸,ㄉㄧㄝˊ
凸,ㄊㄨ
凸,ㄍㄨˇ
凹,ㄠ,1000000
凹,ㄧㄠ
凹,ㄨㄚ
凹,ㄨㄚˋ
出,ㄔㄨ,1000000
函,ㄏㄢˊ,1000000
刀,ㄉㄠ,1000000
刁,ㄉㄧㄠ,1000000
刃,ㄖㄣˋ,1000000
刄,ㄖㄣˋ,1000000
分,ㄈㄣ,1000000
分,ㄈㄣˋ
切,ㄑㄧㄝˋ,1000000
切,ㄑㄧㄝ
刈,ㄧˋ,1000000
刉,ㄐㄧ,1000000
刊,ㄎㄢ,1000000
刌,ㄘㄨㄣˇ,1000000
刎,ㄨㄣˇ,1000000
刑,ㄒㄧㄥˊ,1000000
划,ㄏㄨㄚˊ,1000000
刓,ㄨㄢˊ,1000000
刖,ㄩㄝˋ,1000000
列,ㄌㄧㄝˋ,1000000
刘,ㄌㄧㄡˊ,1000000
刜,ㄈㄨˊ,1000000
初,ㄔㄨ,1000000
删,ㄕㄢ,1000000
判,ㄆㄢˋ,1000000
別,ㄅㄧㄝˊ,1000000
刦,ㄐㄧㄝˊ,1000000
刧,ㄐㄧㄝˊ,1000000
刨,ㄆㄠˊ,1000000
刨,ㄅㄠˋ
利,ㄌㄧˋ,1000000
刪,ㄕㄢ,1000000
别,ㄅㄧㄝˊ,1000000
刮,ㄍㄨㄚ,1000000
到,ㄉㄠˋ,1000000
刱,ㄔㄨㄤˋ,1000000
刲,ㄎㄨㄟ,1000000
刳,ㄎㄨ,1000000
刵,ㄦˋ,1000000
制,ㄓˋ,1000000
刷,ㄕㄨㄚ,1000000
刷,ㄕㄨㄚˋ
券,ㄑㄩㄢˋ,1000000
刹,ㄕㄚ,1000000
刹,ㄔㄚˋ
刺,ㄘˋ,1000000
刻,ㄎㄜˋ,1000000
刻,ㄎㄜ
刼,ㄐㄧㄝˊ,1000000
刾,ㄘˋ,1000000
剁,ㄉㄨㄛˋ,1000000
剃,ㄊㄧˋ,1000000
剄,ㄐㄧㄥˇ,1000000
則,ㄗㄜˊ,1000000
剉,ㄘㄨㄛˋ,1000000
削,ㄒㄩㄝˋ,1000000
削,ㄒㄧㄠ
剋,ㄎㄜˋ,1000000
剌,ㄌㄚˊ,1000000
剌,ㄌㄚˋ
前,ㄑㄧㄢˊ,1000000
剎,ㄕㄚ,1000000
剎,ㄔㄚˋ
剏,ㄔㄨㄤˋ,1000000
剏,ㄔㄨㄤ
剒,ㄘㄨㄛˋ,1000000
剔,ㄊㄧ,1000000
剕,ㄈㄟˋ,1000000
剖,ㄆㄡˇ,1000000
剖,ㄆㄡ
剗,ㄔㄢˇ,1000000
剗,ㄔㄢˋ
剙,ㄔㄨㄤˋ,1000000
剙,ㄔㄨㄤ
剚,ㄗˋ,1000000
剛,ㄍㄤ,1000000
剜,ㄨㄢ,1000000
剝,ㄅㄛ,1000000
剝,ㄅㄠ
剞,ㄐㄧ,1000000
剟,ㄉㄨㄛˊ,1000000
剠,ㄑㄧㄥˊ,1000000
剡,ㄕㄢˋ,1000000
剡,ㄧㄢˇ
剤,ㄐㄧˋ,1000000
剧,ㄐㄩˋ,1000000
剧,ㄐㄧˊ
剨,ㄏㄨㄛˋ,1000000
剩,ㄕㄥˋ,1000000
剪,ㄐㄧㄢˇ,1000000
剫,ㄉㄨㄛˊ,1000000
剭,ㄨ,1000000
剮,ㄍㄨㄚˇ,1000000
副,ㄈㄨˋ,1000000
副,ㄆㄧˋ
割,ㄍㄜ,1000000
剳,ㄓㄚˊ,1000000
剴,ㄎㄞˇ,1000000
創,ㄔㄨㄤˋ,1000000
創,ㄔㄨㄤ
剷,ㄔㄢˇ,1000000
剸,ㄊㄨㄢˊ,1000000
剸,ㄓㄨㄢ
剺,ㄌㄧˊ,1000000
剽,ㄆㄧㄠˋ,1000000
剿,ㄐㄧㄠˇ,1000000
劀,ㄍㄨㄚ,1000000
劁,ㄑㄧㄠˊ,1000000
劁,ㄑㄧㄠˋ
劂,ㄐㄩㄝˊ,1000000
劃,ㄏㄨㄚˋ,1000000
劃,ㄏㄨㄚˊ
劄,ㄓㄚˊ,1000000
劇,ㄐㄩˋ,1000000
劇,ㄐㄧˊ
劈,ㄆㄧ,1000000
劈,ㄆㄧˇ
劉,ㄌㄧㄡˊ,1000000
劊,ㄎㄨㄞˋ,1000000
劊,ㄍㄨㄟˋ
劌,ㄍㄨㄟˋ,1000000
劍,ㄐㄧㄢˋ,1000000
劐,ㄏㄨㄛ,1000000
劑,ㄐㄧˋ,1000000
劒,ㄐㄧㄢˋ,1000000
劓,ㄧˋ,1000000
劖,ㄔㄢˊ,1000000
劘,ㄇㄛˊ,1000000
劙,ㄌㄧˊ,1000000
力,ㄌㄧˋ,1000000
劝,ㄑㄩㄢˋ,1000000
办,ㄅㄢˋ,1000000
功,ㄍㄨㄥ,1000000
加,ㄐㄧㄚ,1000000
劣,ㄌㄧㄝˋ,1000000
劦,ㄒㄧㄝˊ,1000000
动,ㄉㄨㄥˋ,1000000
助,ㄓㄨˋ,1000000
努,ㄋㄨˇ,1000000
劫,ㄐㄧㄝˊ,1000000
劬,ㄑㄩˊ,1000000
劭,ㄕㄠˋ,1000000
励,ㄌㄧˋ,1000000
劳,ㄌㄠˊ,1000000
劳,ㄌㄠˋ
劵,ㄑㄩㄢˋ,1000000
効,ㄒㄧㄠˋ,1000000
劻,ㄎㄨㄤ,1000000
劼,ㄐㄧㄝˊ,1000000
劾,ㄏㄜˊ,1000000
势,ㄕˋ,1000000
勁,ㄐㄧㄣˋ,1000000
勁,ㄐㄧㄥˋ
勃,ㄅㄛˊ,1000000
勅,ㄔˋ,1000000
勇,ㄩㄥˇ,1000000
勉,ㄇㄧㄢˇ,1000000
勌,ㄐㄩㄢˋ,1000000
勍,ㄑㄧㄥˊ,1000000
勑,ㄌㄞˋ,1000000
勑,ㄔˋ
勒,ㄌㄟ,1000000
勒,ㄌㄜˋ
勔,ㄇㄧㄢˇ,1000000
動,ㄉㄨㄥˋ,1000000
勗,ㄒㄩˋ,1000000
勘,ㄎㄢ,1000000
勘,ㄎㄢˋ
務,ㄨˋ,1000000
勛,ㄒㄩㄣ,1000000
勝,ㄕㄥˋ,1000000
勝,ㄕㄥ
勞,ㄌㄠˊ,1000000
勞,ㄌㄠˋ
募,ㄇㄨˋ,1000000
勠,ㄌㄨˋ,1000000
勢,ㄕˋ,1000000
勣,ㄐㄧ,1000000
勤,ㄑㄧㄣˊ,1000000
勦,ㄔㄠ,1000000
勦,ㄐㄧㄠˇ
勩,ㄧˋ,1000000
勰,ㄒㄧㄝˊ,1000000
勱,ㄇㄞˋ,1000000
勳,ㄒㄩㄣ,1000000
勵,ㄌㄧˋ,1000000
勷,ㄖㄤˊ,1000000
勷,ㄒㄧㄤ
勸,ㄑㄩㄢˋ,1000000
勹,ㄅㄠ,1000000
勺,ㄕㄠˊ,1000000
勺,ㄓㄨㄛˊ
勺,ㄕㄨㄛˋ
勻,ㄩㄣˊ,1000000
勾,ㄍㄡ,1000000
勾,ㄍㄡˋ
勿,ㄨˋ,1000000
匀,ㄩㄣˊ,1000000
匃,ㄍㄞˋ,1000000
匄,ㄍㄞˋ,1000000
包,ㄅㄠ,1000000
匆,ㄘㄨㄥ,1000000
匈,ㄒㄩㄥ,1000000
匊,ㄐㄩˊ,1000000
匋,ㄊㄠˊ,1000000
匍,ㄆㄨˊ,1000000
匏,ㄆㄠˊ,1000000
匐,ㄈㄨˊ,1000000
匕,ㄅㄧˇ,1000000
化,ㄏㄨㄚˋ,1000000
化,ㄏㄨㄚ
北,ㄅㄟˇ,1000000
北,ㄅㄛˋ
北,ㄅㄟˋ
匙,˙ㄕ,1000000
匙,ㄔˊ
匚,ㄈㄤ,1000000
匜,ㄧˊ,1000000
匝,ㄗㄚ,1000000
匟,ㄎㄤˋ,1000000
匠,ㄐㄧㄤˋ,1000000
匡,ㄎㄨㄤ,1000000
匣,ㄒㄧㄚˊ,1000000
匪,ㄈㄟˇ,1000000
匭,ㄍㄨㄟˇ,1000000
匯,ㄏㄨㄟˋ,1000000
匱,ㄍㄨㄟˋ,1000000
匱,ㄎㄨㄟˋ
匴,ㄙㄨㄢˇ,1000000
匵,ㄉㄨˊ,1000000
匶,ㄐㄧㄡˋ,1000000
匸,ㄒㄧˋ,1000000
匹,ㄆㄧˇ,1000000
匹,ㄆㄧ
区,ㄑㄩ,1000000
区,ㄍㄡ
区,ㄡ
医,ㄧ,1000000
匼,ㄢˇ,1000000
匽,ㄧㄢˇ,1000000
匾,ㄅㄧㄢˇ,1000000
匿,ㄋㄧˋ,1000000
區,ㄑㄩ,1000000
區,ㄍㄡ
區,ㄡ
十,ㄕˊ,1000000
卂,ㄒㄩㄣˋ,1000000
千,ㄑㄧㄢ,1000000
卅,ㄙㄚˋ,1000000
升,ㄕㄥ,1000000
午,ㄨˇ,1000000
午,˙ㄏㄨㄛ
卉,ㄏㄨㄟˋ,1000000
半,ㄅㄢˋ,1000000
卋,ㄕˋ,1000000
卌,ㄒㄧˋ,1000000
卍,ㄨㄢˋ,1000000
卑,ㄅㄟ,1000000
卒,ㄗㄨˊ,1000000
卒,ㄘㄨˋ
卓,ㄓㄨㄛˊ,1000000
卓,ㄓㄨㄛ
協,ㄒㄧㄝˊ,1000000
单,ㄉㄢ,1000000
单,ㄔㄢˊ
单,ㄕㄢˋ
南,ㄋㄢˊ,1000000
南,ㄋㄚˊ
博,ㄅㄛˊ,1000000
卜,ㄅㄨˇ,1000000
卝,ㄍㄨㄢˋ,1000000
卞,ㄅㄧㄢˋ,1000000
占,ㄓㄢˋ,1000000
占,ㄓㄢ
卡,ㄎㄚˇ,1000000
卡,ㄑㄧㄚˇ
卣,ㄧㄡˇ,1000000
卦,ㄍㄨㄚˋ,1000000
卧,ㄨㄛˋ,1000000
卩,ㄐㄧㄝˊ,1000000
卬,ㄤˊ,1000000
卬,ㄧㄤˇ
卮,ㄓ,1000000
卯,ㄇㄠˇ,1000000
印,ㄧㄣˋ,1000000
危,ㄨㄟˊ,1000000
卲,ㄕㄠˋ,1000000
即,ㄐㄧˊ,1000000
却,ㄑㄩㄝˋ,1000000
卵,ㄌㄨㄢˇ,1000000
卷,ㄐㄩㄢˇ,1000000
卷,ㄐㄩㄢˋ
卷,ㄑㄩㄢˊ
卸,ㄒㄧㄝˋ,1000000
卹,ㄒㄩˋ,1000000
卺,ㄐㄧㄣˇ,1000000
卻,ㄑㄩㄝˋ,1000000
卼,ㄨˋ,1000000
卿,ㄑㄧㄥ,1000000
厀,ㄒㄧ,1000000
厂,ㄏㄢˇ,1000000
厄,ㄜˋ,1000000
历,ㄌㄧˋ,1000000
厉,ㄌㄧˋ,1000000
厉,ㄌㄞˋ
厊,ㄧㄚˇ,1000000
压,ㄧㄚ,1000000
厎,ㄓˇ,1000000
厎,˙ㄉㄜ
厎,ㄉㄧˇ
厏,ㄓㄚˇ,1000000
厓,ㄧㄞˊ,1000000
厔,ㄓˋ,1000000
厖,ㄆㄤˊ,1000000
厖,ㄇㄤˊ
厘,ㄌㄧˊ,1000000
厘,ㄒㄧ
厚,ㄏㄡˋ,1000000
厛,ㄊㄧㄥ,1000000
厜,ㄔㄨㄟˊ,1000000
厝,ㄘㄨㄛˋ,1000000
厞,ㄈㄟˋ,1000000
原,ㄩㄢˊ,1000000
原,ㄩㄢˋ
厠,ㄘㄜˋ,1000000
厠,ㄘˋ
厠,ㄙˋ
厤,ㄌㄧˋ,1000000
厥,ㄐㄩㄝˊ,1000000
厦,ㄕㄚˋ,1000000
厦,ㄒㄧㄚˋ
厨,ㄔㄨˊ,1000000
厩,ㄐㄧㄡˋ,1000000
厪,ㄐㄧㄣˇ,1000000
厪,ㄐㄧㄣˋ
厪,ㄑㄧㄣˊ
厭,ㄧㄢˋ,1000000
厭,ㄧㄢ
厮,ㄙ,1000000
厯,ㄌㄧˋ,1000000
厰,ㄔㄤˇ,1000000
厲,ㄌㄧˋ,1000000
厲,ㄌㄞˋ
厴,ㄧㄢˇ,1000000
厶,ㄙ,1000000
厹,ㄖㄡˊ,1000000
厹,ㄑㄧㄡˊ
厺,ㄑㄩˋ,1000000
去,ㄑㄩˋ,1000000
参,ㄘㄢ,1000000
参,ㄕㄣ
参,ㄘㄣ
参,ㄙㄢ
參,ㄘㄢ,1000000
參,ㄕㄣ
參,ㄘㄣ
參,ㄙㄢ
又,ㄧㄡˋ,1000000
叉,ㄔㄚ,1000000
叉,ㄔㄚˇ
叉,ㄔㄚˊ
及,ㄐㄧˊ,1000000
友,ㄧㄡˇ,1000000
双,ㄕㄨㄤ,1000000
双,ㄕㄨㄤˋ
反,ㄈㄢˇ,1000000
反,ㄈㄢ
反,ㄈㄢˋ
収,ㄕㄡ,1000000
叒,ㄖㄨㄛˋ,1000000
叔,ㄕㄨˊ,1000000
叕,ㄓㄨㄛˊ,1000000
取,ㄑㄩˇ,1000000
受,ㄕㄡˋ,1000000
叙,ㄒㄩˋ,1000000
叚,ㄐㄧㄚˇ,1000000
叚,ㄐㄧㄚˋ
叛,ㄆㄢˋ,1000000
叜,ㄙㄡˇ,1000000
叜,ㄙㄡ
叟,ㄙㄡˇ,1000000
叟,ㄙㄡ
叠,ㄉㄧㄝˊ,1000000
叡,ㄖㄨㄟˋ,1000000
叢,ㄘㄨㄥˊ,1000000
叢,ㄘㄨㄥ
口,ㄎㄡˇ,1000000
古,ㄍㄨˇ,1000000
句,ㄐㄩˋ,1000000
句,ㄍㄡ
句,ㄍㄡˋ
另,ㄌㄧㄥˋ,1000000
叨,ㄉㄠ,1000000
叨,ㄊㄠ
叩,ㄎㄡˋ,1000000
只,ㄓˇ,1000000
只,ㄓ
叫,ㄐㄧㄠˋ,1000000
召,ㄓㄠˋ,1000000
召,ㄕㄠˋ
叭,ㄅㄚ,1000000
叮,ㄉㄧㄥ,1000000
可,ㄎㄜˇ,1000000
可,ㄎㄜˋ
台,ㄊㄞˊ,1000000
台,ㄊㄞ
台,ㄧˊ
叱,ㄔˋ,1000000
史,ㄕˇ,1000000
右,ㄧㄡˋ,1000000
叴,ㄑㄧㄡˊ,1000000
叴,ㄖㄡˊ
叵,ㄆㄛˇ,1000000
叶,ㄒㄧㄝˊ,1000000
号,ㄏㄠˋ,1000000
号,ㄏㄠˊ
司,ㄙ,1000000
叼,ㄉㄧㄠ,1000000
吁,ㄒㄩ,1000000
吃,ㄔ,1000000
吃,ㄐㄧˊ
各,ㄍㄜˋ,1000000
吆,ㄧㄠ,1000000
合,ㄏㄜˊ,1000000
合,ㄍㄜˇ
吉,ㄐㄧˊ,1000000
吊,ㄉㄧㄠˋ,1000000
吋,ㄘㄨㄣˋ,1000000
同,ㄊㄨㄥˊ,1000000
同,ㄊㄨㄥˋ
名,ㄇㄧㄥˊ,1000000
后,ㄏㄡˋ,1000000
吏,ㄌㄧˋ,1000000
吐,ㄊㄨˇ,1000000
吐,ㄊㄨˋ
向,ㄒㄧㄤˋ,1000000
吒,ㄓㄚˋ,1000000
吓,ㄒㄧㄚˋ,1000000
吓,ㄏㄜˋ
吔,˙ㄧㄝ,1000000
君,ㄐㄩㄣ,1000000
吝,ㄌㄧㄣˋ,1000000
吞,ㄊㄨㄣ,1000000
吟,ㄧㄣˊ,1000000
吠,ㄈㄟˋ,1000000
吡,ㄅㄧˋ,1000000
吡,ㄅㄧˇ
吡,ㄆㄧˇ
否,ㄈㄡˇ,1000000
否,ㄆㄧˇ
吧,˙ㄅㄚ,1000000
吧,ㄅㄚ
吩,ㄈㄣ,1000000
吪,ㄜˊ,1000000
含,ㄏㄢˊ,1000000
含,ㄏㄢˋ
听,ㄊㄧㄥ,1000000
听,ㄊㄧㄥˋ
听,ㄧㄣˇ
吭,ㄎㄥ,1000000
吭,ㄏㄤˊ
吮,ㄕㄨㄣˇ,1000000
吰,ㄏㄨㄥˊ,1000000
吱,ㄓ,1000000
吳,ㄨˊ,1000000
吴,ㄨˊ,1000000
吵,ㄔㄠˇ,1000000
吶,ㄋㄚˋ,1000000
吷,ㄒㄩㄝˋ,1000000
吸,ㄒㄧ,1000000
吹,ㄔㄨㄟ,1000000
吹,ㄔㄨㄟˋ
吻,ㄨㄣˇ,1000000
吼,ㄏㄡˇ,1000000
吽,ㄏㄨㄥ,1000000
吽,ㄡˊ
吾,ㄨˊ,1000000
吾,ㄩˊ
呀,ㄧㄚ,1000000
呀,ㄒㄧㄚ
呂,ㄌㄩˇ,1000000
呃,ㄜˋ,1000000
呆,ㄉㄞ,1000000
呆,ㄞˊ
呈,ㄔㄥˊ,1000000
告,ㄍㄠˋ,1000000
告,ㄍㄨˋ
呌,ㄐㄧㄠˋ,1000000
呎,ㄔˇ,1000000
呑,ㄊㄨㄣ,1000000
呔,˙ㄊㄞ,1000000
呝,ㄜˋ,1000000
呢,˙ㄋㄜ,1000000
呢,ㄋㄧˊ
呥,ㄖㄢˊ,1000000
呦,ㄧㄡ,1000000
周,ㄓㄡ,1000000
呪,ㄓㄡˋ,1000000
呫,ㄔㄜˋ,1000000
呰,ㄗˇ,1000000
呱,ㄍㄨ,1000000
呱,ㄍㄨㄚ
呱,ㄨㄚ
呲,ㄘ,1000000
味,ㄨㄟˋ,1000000
呴,ㄒㄩˇ,1000000
呴,ㄏㄡ
呵,ㄏㄜ,1000000
呵,ㄛ
呶,ㄋㄠˊ,1000000
呷,ㄒㄧㄚˊ,1000000
呸,ㄆㄟ,1000000
呺,ㄒㄧㄠ,1000000
呺,ㄏㄠˊ
呻,ㄕㄣ,1000000
呼,ㄏㄨ,1000000
命,ㄇㄧㄥˋ,1000000
呾,ㄉㄚˊ,1000000
呿,ㄑㄩ,1000000
咀,ㄐㄩˇ,1000000
咂,ㄗㄚ,1000000
咄,ㄉㄨㄛˋ,1000000
咆,ㄆㄠˊ,1000000
咇,ㄅㄧㄝˊ,1000000
咇,ㄅㄧˇ
咇,ㄅㄧˋ
咈,ㄈㄨˊ,1000000
咊,ㄏㄜˊ,1000000
咊,˙ㄏㄨㄛ
咊,ㄏㄜˋ
咊,ㄏㄢˋ
咊,ㄏㄨˊ
咊,ㄏㄨㄛˋ
咋,ㄓㄚˋ,1000000
咋,ㄗㄜˊ
和,ㄏㄜˊ,1000000
和,˙ㄏㄨㄛ
和,ㄏㄜˋ
和,ㄏㄢˋ
和,ㄏㄨˊ
和,ㄏㄨㄛˋ
咍,ㄏㄞ,1000000
咎,ㄐㄧㄡˋ,1000000
咎,ㄍㄠ
咏,ㄩㄥˇ,1000000
咐,ㄈㄨˋ,1000000
咒,ㄓㄡˋ,1000000
咕,ㄍㄨ,1000000
咖,ㄎㄚ,1000000
咚,ㄉㄨㄥ,1000000
咡,ㄦˋ,1000000
咢,ㄜˋ,1000000
咤,ㄓㄚˋ,1000000
咥,ㄒㄧˋ,1000000
咥,ㄉㄧㄝˊ
咦,ㄧˊ,1000000
咧,ㄌㄧㄝˇ,1000000
咧,ㄌㄧㄝ
咧,ㄌㄧㄝˊ
咨,ㄗ,1000000
咩,ㄇㄧㄝ,1000000
咪,ㄇㄧ,1000000
咫,ㄓˇ,1000000
咬,ㄧㄠˇ,1000000
咬,ㄐㄧㄠ
咭,ㄐㄧ,1000000
咮,ㄓㄡˋ,1000000
咯,ㄍㄜ,1000000
咯,˙ㄌㄛ
咯,ㄌㄨㄛˋ
咯,ㄍㄜˊ
咯,ㄎㄚˇ
咱,ㄗㄢˊ,1000000
咱,ㄗㄚˊ
咲,ㄒㄧㄠˋ,1000000
咳,ㄎㄜˊ,1000000
咳,ㄎㄚˇ
咳,ㄏㄞ
咵,ㄎㄨㄚˇ,1000000
咷,ㄊㄠˊ,1000000
咸,ㄒㄧㄢˊ,1000000
咺,ㄒㄩㄢˇ,1000000
咻,ㄒㄧㄡ,1000000
咻,ㄒㄩˇ
咼,ㄎㄨㄞ,1000000
咽,ㄧㄢˋ,1000000
咽,ㄧㄝˋ
咽,ㄧㄢ
咿,ㄧ,1000000
哀,ㄞ,1000000
品,ㄆㄧㄣˇ,1000000
哂,ㄕㄣˇ,1000000
哃,ㄊㄨㄥˊ,1000000
哄,ㄏㄨㄥˇ,1000000
哄,ㄏㄨㄥ
哅,ㄒㄩㄥ,1000000
哆,ㄉㄨㄛ,1000000
哆,ㄔㄜˇ
哇,˙ㄨㄚ,1000000
哇,ㄨㄚ
哈,ㄏㄚ,1000000
哈,ㄎㄚ
哈,ㄏㄚˇ
哉,ㄗㄞ,1000000
响,ㄒㄧㄤˇ,1000000
哎,ㄞ,1000000
哏,ㄍㄣˊ,1000000
哏,ㄏㄣ
哖,ㄋㄧㄢˊ,1000000
員,ㄩㄢˊ,1000000
員,ㄩㄣˊ
員,ㄩㄣˋ
哤,ㄇㄤˊ,1000000
哥,ㄍㄜ,1000000
哦,ㄛˊ,1000000
哦,ㄜˊ
哧,ㄔ,1000000
哨,ㄕㄠˋ,1000000
哩,ㄌㄧ,1000000
哩,˙ㄌㄧ
哩,ㄌㄧˇ
哪,ㄋㄚˇ,1000000
哪,˙ㄋㄚ
哪,ㄋㄟˇ
哪,ㄋㄨㄛˊ
哫,ㄗㄨˊ,1000000
哭,ㄎㄨ,1000000
哮,ㄒㄧㄠ,1000000
哮,ㄒㄧㄠˋ
哰,ㄌㄠˊ,1000000
哱,ㄆㄛˋ,1000000
哲,ㄓㄜˊ,1000000
哳,ㄓㄚˊ,1000000
哶,ㄇㄧㄝ,1000000
哷,ㄌㄜˋ,1000000
哺,ㄅㄨˇ,1000000
哺,ㄅㄨˋ
哺,ㄆㄨˇ
哼,ㄏㄥ,1000000
哽,ㄍㄥˇ,1000000
哿,ㄎㄜˇ,1000000
哿,ㄍㄜˇ
唁,ㄧㄢˋ,1000000
唄,˙ㄅㄟ,1000000
唄,ㄅㄞˋ
唅,ㄏㄢ,1000000
唆,ㄙㄨㄛ,1000000
唇,ㄔㄨㄣˊ,1000000
唇,ㄓㄣ
唈,ㄧˋ,1000000
唈,ㄜˋ
唉,ㄞ,1000000
唏,ㄒㄧ,1000000
唐,ㄊㄤˊ,1000000
唓,ㄔㄜ,1000000
唔,ㄨˊ,1000000
唕,ㄗㄠˋ,1000000
唖,ㄧㄚˇ,1000000
唖,ㄜˋ
唖,ㄧㄚ
唗,ㄉㄡ,1000000
唘,ㄑㄧˇ,1000000
唚,ㄑㄧㄣˋ,1000000
唣,ㄗㄠˋ,1000000
唦,ㄕㄚ,1000000
唧,ㄐㄧ,1000000
唧,ㄐㄧˊ
唪,ㄈㄥˇ,1000000
唫,ㄧㄣˊ,1000000
唬,ㄏㄨˇ,1000000
售,ㄕㄡˋ,1000000
唯,ㄨㄟˊ,1000000
唯,ㄨㄟˇ
唱,ㄔㄤˋ,1000000
唲,ㄦˊ,1000000
唳,ㄌㄧˋ,1000000
唵,ㄢˇ,1000000
唶,ㄐㄧㄝˋ,1000000
唶,ㄐㄧˊ
唶,ㄗㄜˋ
唷,ㄧㄛ,1000000
唸,ㄋㄧㄢˋ,1000000
唼,ㄕㄚˋ,1000000
唼,ㄑㄧㄝˋ
唼,ㄗㄚ
唾,ㄊㄨㄛˋ,1000000
啀,ㄧㄞˊ,1000000
啁,ㄓㄡ,1000000
啁,ㄔㄠˊ
啃,ㄎㄣˇ,1000000
啃,ㄎㄣˋ
啄,ㄓㄨㄛˊ,1000000
啅,ㄓㄨㄛˊ,1000000
商,ㄕㄤ,1000000
啊,˙ㄚ,1000000
啊,ㄚ
啊,ㄛ
啍,ㄊㄨㄣ,1000000
啎,ㄨˇ,1000000
問,ㄨㄣˋ,1000000
啐,ㄘㄨㄟˋ,1000000
啐,˙ㄑ
啑,ㄕㄚˋ,1000000
啑,ㄐㄧㄝˊ
啓,ㄑㄧˇ,1000000
啔,ㄑㄧˇ,1000000
啕,ㄊㄠˊ,1000000
啖,ㄉㄢˋ,1000000
啗,ㄉㄢˋ,1000000
啚,ㄊㄨˊ,1000000
啜,ㄔㄨㄛˋ,1000000
啞,ㄧㄚˇ,1000000
啞,ㄜˋ
啞,ㄧㄚ
啟,ㄑㄧˇ,1000000
啡,ㄈㄟ,1000000
啢,ㄌㄧㄤˇ,1000000
啣,ㄒㄧㄢˊ,1000000
啤,ㄆㄧˊ,1000000
啥,ㄕㄚˊ,1000000
啦,˙ㄌㄚ,1000000
啦,ㄌㄚ
啪,ㄆㄚ,1000000
啪,ㄆㄧㄚ
啰,ㄌㄨㄛ,1000000
啰,ㄌㄨㄛˊ
啵,ㄅㄛ,1000000
啵,˙ㄅㄛ
啶,ㄉㄧㄥˋ,1000000
啷,ㄌㄤ,1000000
啻,ㄔˋ,1000000
啻,ㄊㄧˋ
啼,ㄊㄧˊ,1000000
啽,ㄢˊ,1000000
啾,ㄐㄧㄡ,1000000
喀,ㄎㄚ,1000000
喀,ㄎㄚˋ
喀,ㄎㄜˋ
喁,ㄩㄥˊ,1000000
喁,ㄩˊ
喂,ㄨㄟˋ,1000000
喃,ㄋㄢˊ,1000000
善,ㄕㄢˋ,1000000
喆,ㄓㄜˊ,1000000
喇,ㄌㄚˇ,1000000
喇,ㄌㄚ
喈,ㄐㄧㄝ,1000000
喉,ㄏㄡˊ,1000000
喊,ㄏㄢˇ,1000000
喋,ㄉㄧㄝˊ,1000000
喋,ㄓㄚˊ
喌,ㄓㄡ,1000000
喌,ㄓㄨˋ
喍,ㄔㄞˊ,1000000
喎,ㄎㄨㄞ,1000000
喏,ㄋㄨㄛˋ,1000000
喏,ㄖㄜˇ
喑,ㄧㄣ,1000000
喒,ㄗㄚˊ,1000000
喒,ㄗㄢˊ
喓,ㄧㄠ,1000000
喔,ㄛ,1000000
喔,ㄨ
喔,ㄨㄛˋ
喘,ㄔㄨㄢˇ,1000000
喙,ㄏㄨㄟˋ,1000000
喚,ㄏㄨㄢˋ,1000000
喜,ㄒㄧˇ,1000000
喝,ㄏㄜ,1000000
喝,ㄏㄜˋ
喝,ㄧㄝˋ
喞,ㄐㄧ,1000000
喞,ㄐㄧˊ
喟,ㄎㄨㄟˋ,1000000
喢,ㄕㄚˋ,1000000
喣,ㄒㄩˇ,1000000
喤,ㄏㄨㄤˊ,1000000
喦,ㄋㄧㄝˋ,1000000
喦,ㄐㄧˊ
喧,ㄒㄩㄢ,1000000
喨,ㄌㄧㄤˋ,1000000
喩,ㄩˋ,1000000
喪,ㄙㄤˋ,1000000
喪,ㄙㄤ
喫,ㄔ,1000000
喬,ㄑㄧㄠˊ,1000000
喬,ㄐㄧㄠ
喭,ㄧㄢˋ,1000000
單,ㄉㄢ,1000000
單,ㄔㄢˊ
單,ㄕㄢˋ
喱,ㄌㄧˇ,1000000
喲,ㄧㄠ,1000000
喳,ㄓㄚ,1000000
喳,ㄔㄚ
喵,ㄇㄧㄠ,1000000
喻,ㄩˋ,1000000
喽,ㄌㄡˊ,1000000
喽,˙ㄌㄡ
嗀,ㄏㄨㄛˋ,1000000
嗁,ㄊㄧˊ,1000000
嗃,ㄏㄜˋ,1000000
嗄,ㄚˊ,1000000
嗄,ㄕㄚˋ
嗅,ㄒㄧㄡˋ,1000000
嗆,ㄑㄧㄤ,1000000
嗆,ㄑㄧㄤˋ
嗇,ㄙㄜˋ,1000000
嗈,ㄩㄥ,1000000
嗉,ㄙㄨˋ,1000000
嗊,ㄏㄨㄥˇ,1000000
嗋,ㄒㄧㄝˊ,1000000
嗌,ㄞˋ,1000000
嗌,ㄧˋ
嗍,ㄕㄨㄛˋ,1000000
嗎,˙ㄇㄚ,1000000
嗎,ㄇㄚˇ
嗏,ㄔㄚ,1000000
嗐,ㄏㄞˋ,1000000
嗑,ㄏㄜˊ,1000000
嗑,ㄎㄜˋ
嗒,ㄉㄚ,1000000
嗒,ㄊㄚˋ
嗓,ㄙㄤˇ,1000000
嗔,ㄔㄣ,1000000
嗖,ㄙㄡ,1000000
嗚,ㄨ,1000000
嗛,ㄑㄧㄢˇ,1000000
嗛,ㄑㄧㄢ
嗛,ㄑㄧㄢˋ
嗛,ㄒㄧㄢˊ
嗜,ㄕˋ,1000000
嗝,ㄍㄜˊ,1000000
嗞,ㄗ,1000000
嗟,ㄐㄧㄝ,1000000
嗟,ㄐㄧㄝˋ
嗟,ㄐㄩㄝ
嗡,ㄨㄥ,1000000
嗢,ㄨㄚˋ,1000000
嗣,ㄙˋ,1000000
嗤,ㄔ,1000000
嗥,ㄏㄠˊ,1000000
嗦,ㄙㄨㄛ,1000000
嗨,ㄏㄞ,1000000
嗩,ㄙㄨㄛˇ,1000000
嗯,˙ㄣ,1000000
嗲,ㄉㄧㄝ,1000000
嗶,ㄅㄧˋ,1000000
嗷,ㄠˊ,1000000
嗹,ㄌㄧㄢˊ,1000000
嗻,ㄓㄜ,1000000
嗻,ㄓㄜˋ
嗼,ㄇㄛˋ,1000000
嗽,ㄙㄡˋ,1000000
嗾,ㄙㄡˇ,1000000
嗾,ㄗㄨˊ
嗿,ㄊㄢˇ,1000000
嘀,ㄉㄧˊ,1000000
嘁,ㄑㄧ,1000000
嘁,ㄗㄚˊ
嘆,ㄊㄢˋ,1000000
嘈,ㄘㄠˊ,1000000
嘉,ㄐㄧㄚ,1000000
嘌,ㄆㄧㄠ,1000000
嘍,ㄌㄡˊ,1000000
嘍,˙ㄌㄡ
嘎,ㄍㄚ,1000000
嘎,ㄍㄚˊ
嘏,ㄍㄨˇ,1000000
嘏,ㄐㄧㄚˇ
嘐,ㄒㄧㄠ,1000000
嘑,ㄏㄨ,1000000
嘑,ㄏㄨˋ
嘒,ㄏㄨㄟˋ,1000000
嘓,ㄍㄨㄛ,1000000
嘔,ㄡˇ,1000000
嘔,ㄒㄩ
嘔,ㄡ
嘔,ㄡˋ
嘕,ㄒㄧㄢ,1000000
嘖,ㄗㄜˊ,1000000
嘗,ㄔㄤˊ,1000000
嘚,ㄉㄜ,1000000
嘛,˙ㄇㄚ,1000000
嘛,ㄇㄚˊ
嘟,ㄉㄨ,1000000
嘧,ㄇㄧˋ,1000000
嘩,ㄏㄨㄚ,1000000
嘩,ㄏㄨㄚˊ
嘬,ㄔㄨㄞˋ,1000000
嘬,ㄗㄨㄛ
嘮,ㄌㄠˊ,1000000
嘯,ㄒㄧㄠˋ,1000000
嘰,ㄐㄧ,1000000
嘱,ㄓㄨˇ,1000000
嘲,ㄔㄠˊ,1000000
嘲,ㄓㄠ
嘴,ㄗㄨㄟˇ,1000000
嘵,ㄒㄧㄠ,1000000
嘶,ㄙ,1000000
嘷,ㄏㄠˊ,1000000
嘸,ㄨˇ,1000000
嘹,ㄌㄧㄠˊ,1000000
嘻,ㄒㄧ,1000000
嘽,ㄔㄢˇ,1000000
嘽,ㄊㄢ
嘿,ㄏㄟ,1000000
嘿,ㄇㄛˋ
噀,ㄒㄩㄣˋ,1000000
噀,ㄙㄨㄣˋ
噁,ㄜˇ,1000000
噂,ㄗㄨㄣˇ,1000000
噆,ㄗㄢˇ,1000000
噇,ㄔㄨㄤˊ,1000000
噉,ㄉㄢˋ,1000000
噌,ㄘㄥ,1000000
噌,ㄔㄥ
噌,ㄘㄥˇ
噍,ㄐㄧㄠˋ,1000000
噍,ㄐㄧㄡ
噍,ㄐㄧㄠ
噎,ㄧㄝ,1000000
噏,ㄒㄧ,1000000
噐,ㄑㄧˋ,1000000
噓,ㄒㄩ,1000000
噔,ㄉㄥ,1000000
噗,ㄆㄨ,1000000
噘,ㄐㄩㄝ,1000000
噙,ㄑㄧㄣˊ,1000000
噚,ㄒㄩㄣˊ,1000000
噞,ㄧㄢˇ,1000000
噠,ㄉㄚˊ,1000000
噠,ㄉㄚ
噢,ㄩˇ,1000000
噣,ㄓㄡˋ,1000000
噣,ㄓㄨㄛˊ
噤,ㄐㄧㄣˋ,1000000
噥,ㄋㄨㄥˊ,1000000
噦,ㄏㄨㄟˋ,1000000
噦,ㄩㄝ
器,ㄑㄧˋ,1000000
噩,ㄜˋ,1000000
噪,ㄗㄠˋ,1000000
噫,ㄧˋ,1000000
噫,ㄧ
噬,ㄕˋ,1000000
噭,ㄐㄧㄠˋ,1000000
噯,ㄞˇ,1000000
噯,ㄞˋ
噰,ㄩㄥ,1000000
噱,ㄐㄩㄝˊ,1000000
噱,ㄒㄩㄝ
噲,ㄎㄨㄞˋ,1000000
噴,ㄆㄣ,1000000
噴,ㄆㄣˋ
噴,ㄈㄣˋ
噶,ㄍㄚˊ,1000000
噶,ㄍㄜˊ
噸,ㄉㄨㄣˋ,1000000
噹,ㄉㄤ,1000000
噽,ㄆㄧˇ,1000000
嚀,ㄋㄧㄥˊ,1000000
嚃,ㄊㄚˋ,1000000
嚄,ㄏㄨㄛˋ,1000000
嚄,ㄛˇ
嚅,ㄖㄨˊ,1000000
嚆,ㄏㄠ,1000000
嚇,ㄒㄧㄚˋ,1000000
嚇,ㄏㄜˋ
嚌,ㄐㄧˋ,1000000
嚎,ㄏㄠˊ,1000000
嚏,ㄊㄧˋ,1000000
嚐,ㄔㄤˊ,1000000
嚕,ㄌㄨ,1000000
嚗,ㄅㄛ,1000000
嚘,ㄧㄡ,1000000
嚙,ㄋㄧㄝˋ,1000000
嚚,ㄧㄣˊ,1000000
嚜,˙ㄇㄜ,1000000
嚜,ㄇㄛˋ
嚥,ㄧㄢˋ,1000000
嚦,ㄌㄧˋ,1000000
嚧,ㄌㄨˊ,1000000
嚨,ㄌㄨㄥˊ,1000000
嚫,ㄔㄣˋ,1000000
嚬,ㄆㄧㄣˊ,1000000
嚭,ㄆㄧˇ,1000000
嚮,ㄒㄧㄤˋ,1000000
嚱,ㄒㄧ,1000000
嚲,ㄉㄨㄛˇ,1000000
嚳,ㄎㄨˋ,1000000
嚴,ㄧㄢˊ,1000000
嚵,ㄔㄢˋ,1000000
嚶,ㄧㄥ,1000000
嚷,ㄖㄤˇ,1000000
嚷,ㄖㄤ
嚻,ㄒㄧㄠ,1000000
嚼,ㄐㄩㄝˊ,1000000
嚼,ㄐㄧㄠˊ
嚼,ㄐㄧㄠˋ
嚾,ㄏㄨㄢ,1000000
囀,ㄓㄨㄢˇ,1000000
囁,ㄋㄧㄝˋ,1000000
囁,ㄓㄜˊ
囂,ㄒㄧㄠ,1000000
囃,ㄘㄚˋ,1000000
囅,ㄔㄢˇ,1000000
囈,ㄧˋ,1000000
囉,ㄌㄨㄛ,1000000
囉,ㄌㄨㄛˊ
囊,ㄋㄤˊ,1000000
囋,ㄗㄢˋ,1000000
囌,ㄙㄨ,1000000
囑,ㄓㄨˇ,1000000
囔,˙ㄋㄤ,1000000
囗,ㄨㄟˊ,1000000
囘,ㄏㄨㄟˊ,1000000
囙,ㄧㄣ,1000000
囚,ㄑㄧㄡˊ,1000000
四,ㄙˋ,1000000
囝,ㄐㄧㄢˇ,1000000
囝,ㄩㄝˋ
回,ㄏㄨㄟˊ,1000000
囟,ㄒㄧㄣˋ,1000000
因,ㄧㄣ,1000000
囡,ㄋㄢ,1000000
囤,ㄉㄨㄣˋ,1000000
囤,ㄊㄨㄣˊ
囧,ㄐㄩㄥˇ,1000000
囪,ㄘㄨㄥ,1000000
囪,ㄔㄨㄤ
囫,ㄏㄨˊ,1000000
囬,ㄏㄨㄟˊ,1000000
园,ㄩㄢˊ,1000000
囮,ㄜˊ,1000000
囮,ㄧㄡˊ
囯,ㄍㄨㄛˊ,1000000
困,ㄎㄨㄣˋ,1000000
囲,ㄨㄟˊ,1000000
囷,ㄐㄩㄣ,1000000
囹,ㄌㄧㄥˊ,1000000
固,ㄍㄨˋ,1000000
图,ㄊㄨˊ,1000000
囿,ㄧㄡˋ,1000000
圂,ㄏㄨㄣˋ,1000000
圂,ㄏㄨㄢˋ
圃,ㄆㄨˇ,1000000
圄,ㄩˇ,1000000
圅,ㄏㄢˊ,1000000
圇,ㄌㄨㄣˊ,1000000
圈,ㄑㄩㄢ,1000000
圈,ㄐㄩㄢ
圈,ㄐㄩㄢˋ
圈,ㄑㄩㄢˋ
圉,ㄩˇ,1000000
圊,ㄑㄧㄥ,1000000
國,ㄍㄨㄛˊ,1000000
圌,ㄔㄨㄟˊ,1000000
圍,ㄨㄟˊ,1000000
園,ㄩㄢˊ,1000000
圓,ㄩㄢˊ,1000000
圖,ㄊㄨˊ,1000000
團,ㄊㄨㄢˊ,1000000
圛,ㄧˋ,1000000
圜,ㄏㄨㄢˊ,1000000
圜,ㄩㄢˊ
土,ㄊㄨˇ,1000000
圠,ㄧㄚˋ,1000000
在,ㄗㄞˋ,1000000
圩,ㄩˊ,1000000
圩,ㄨㄟˊ
圬,ㄨ,1000000
圭,ㄍㄨㄟ,1000000
圮,ㄆㄧˇ,1000000
圯,ㄧˊ,1000000
地,ㄉㄧˋ,1000000
地,˙ㄉㄜ
圳,ㄓㄣˋ,1000000
圳,ㄔㄡˊ
圳,ㄗㄨㄣˋ
圻,ㄑㄧˊ,1000000
圻,ㄧㄣˊ
圾,ㄐㄧˊ,1000000
圾,ㄙㄜˋ
址,ㄓˇ,1000000
坁,ㄓˇ,1000000
坂,ㄅㄢˇ,1000000
坄,ㄧˋ,1000000
坆,ㄈㄣˊ,1000000
坆,ㄈㄣˋ
均,ㄐㄩㄣ,1000000
均,ㄩㄣˋ
坊,ㄈㄤ,1000000
坊,ㄈㄤˊ
坌,ㄅㄣˋ,1000000
坍,ㄊㄢ,1000000
坎,ㄎㄢˇ,1000000
坏,ㄏㄨㄞˋ,1000000
坏,ㄍㄨㄞˋ
坏,ㄆㄟˊ
坐,ㄗㄨㄛˋ,1000000
坑,ㄎㄥ,1000000
块,ㄎㄨㄞˋ,1000000
坛,ㄊㄢˊ,1000000
坡,ㄆㄛ,1000000
坣,ㄊㄤˊ,1000000
坤,ㄎㄨㄣ,1000000
坦,ㄊㄢˇ,1000000
坨,ㄊㄨㄛˊ,1000000
坩,ㄍㄢ,1000000
坪,ㄆㄧㄥˊ,1000000
坫,ㄉㄧㄢˋ,1000000
坯,ㄆㄟ,1000000
坯,ㄆㄧ
坰,ㄐㄩㄥ,1000000
坱,ㄧㄤˇ,1000000
坳,ㄠ,1000000
坳,ㄠˋ
坵,ㄑㄧㄡ,1000000
坶,ㄇㄨˇ,1000000
坶,ㄇㄨˋ
坷,ㄎㄜˇ,1000000
坻,ㄔˊ,1000000
坻,ㄉㄧˇ
坼,ㄔㄜˋ,1000000
坿,ㄈㄨˋ,1000000
垂,ㄔㄨㄟˊ,1000000
垃,ㄌㄜˋ,1000000
型,ㄒㄧㄥˊ,1000000
垌,ㄉㄨㄥˋ,1000000
垌,ㄊㄨㄥˊ
垍,ㄐㄧˋ,1000000
垓,ㄍㄞ,1000000
垔,ㄧㄣ,1000000
垕,ㄏㄡˋ,1000000
垗,ㄓㄠˋ,1000000
垚,ㄧㄠˊ,1000000
垛,ㄉㄨㄛˇ,1000000
垛,ㄉㄨㄛˋ
垝,ㄍㄨㄟˇ,1000000
垞,ㄔㄚˊ,1000000
垠,ㄧㄣˊ,1000000
垡,ㄈㄚˊ,1000000
垢,ㄍㄡˋ,1000000
垣,ㄩㄢˊ,1000000
垤,ㄉㄧㄝˊ,1000000
垮,ㄎㄨㄚˇ,1000000
垸,ㄏㄨㄢˊ,1000000
垺,ㄈㄨˊ,1000000
垻,ㄅㄚˋ,1000000
埂,ㄍㄥˇ,1000000
埃,ㄞ,1000000
埆,ㄑㄩㄝˋ,1000000
埋,ㄇㄞˊ,1000000
埋,ㄇㄢˊ
埌,ㄌㄤˋ,1000000
城,ㄔㄥˊ,1000000
埏,ㄕㄢ,1000000
埏,ㄧㄢˊ
埒,ㄌㄜˋ,1000000
埔,ㄆㄨˇ,1000000
埔,ㄅㄨˇ
埕,ㄔㄥˊ,1000000
埛,ㄐㄩㄥ,1000000
埜,ㄧㄝˇ,1000000
埝,ㄋㄧㄢˋ,1000000
域,ㄩˋ,1000000
埠,ㄅㄨˋ,1000000
埠,ㄈㄨˋ
埤,ㄆㄧˊ,1000000
埤,ㄅㄟ
埤,ㄅㄧˋ
埤,ㄆㄧˋ
埧,ㄐㄩˋ,1000000
埭,ㄉㄞˋ,1000000
埳,ㄎㄢˇ,1000000
埴,ㄓˊ,1000000
埵,ㄉㄨㄛˇ,1000000
埶,ㄧˋ,1000000
埶,ㄕˋ
執,ㄓˊ,1000000
埸,ㄧˋ,1000000
培,ㄆㄟˊ,1000000
培,ㄆㄡˇ
基,ㄐㄧ,1000000
埻,ㄓㄨㄣˇ,1000000
埼,ㄑㄧˊ,1000000
埽,ㄙㄠˋ,1000000
埽,ㄙㄠˇ
堀,ㄎㄨ,1000000
堁,ㄎㄜˇ,1000000
堂,ㄊㄤˊ,1000000
堃,ㄎㄨㄣ,1000000
堄,ㄋㄧˊ,1000000
堅,ㄐㄧㄢ,1000000
堆,ㄉㄨㄟ,1000000
堇,ㄐㄧㄣˇ,1000000
堇,ㄐㄧㄣˋ
堉,ㄩˋ,1000000
堊,ㄜˋ,1000000
堋,ㄆㄥˊ,1000000
堋,ㄅㄥˋ
堍,ㄊㄨˋ,1000000
堐,ㄞˊ,1000000
堕,ㄉㄨㄛˋ,1000000
堕,ㄏㄨㄟ
堙,ㄧㄣ,1000000
堝,ㄍㄨㄛ,1000000
堞,ㄉㄧㄝˊ,1000000
堠,ㄏㄡˋ,1000000
堡,ㄅㄠˇ,1000000
堡,ㄆㄨˋ
堤,ㄊㄧˊ,1000000
堤,ㄉㄧ
堥,ㄇㄠˊ,1000000
堥,ㄇㄡˊ
堦,ㄐㄧㄝ,1000000
堧,ㄖㄨㄢˊ,1000000
堩,ㄍㄥˋ,1000000
堪,ㄎㄢ,1000000
堮,ㄜˋ,1000000
堯,ㄧㄠˊ,1000000
堰,ㄧㄢˋ,1000000
報,ㄅㄠˋ,1000000
堲,ㄐㄧˊ,1000000
場,ㄔㄤˇ,1000000
場,ㄔㄤˊ
堵,ㄉㄨˇ,1000000
堶,ㄊㄨㄛˊ,1000000
堽,ㄍㄤ,1000000
塈,ㄐㄧˋ,1000000
塈,ㄒㄧˋ
塊,ㄎㄨㄞˋ,1000000
塋,ㄧㄥˊ,1000000
塌,ㄊㄚ,1000000
塍,ㄔㄥˊ,1000000
塏,ㄎㄞˇ,1000000
塑,ㄙㄨˋ,1000000
塒,ㄕˊ,1000000
塓,ㄇㄧˋ,1000000
塔,ㄊㄚˇ,1000000
塕,ㄨㄥˇ,1000000
塗,ㄊㄨˊ,1000000
塘,ㄊㄤˊ,1000000
塙,ㄑㄩㄝˋ,1000000
塚,ㄓㄨㄥˇ,1000000
塞,ㄙㄞ,1000000
塞,ㄙㄜˋ
塞,ㄙㄞˋ
塞,ㄙㄟ
塟,ㄗㄤˋ,1000000
塡,ㄊㄧㄢˊ,1000000
塢,ㄨˋ,1000000
塨,ㄍㄨㄥ,1000000
塩,ㄧㄢˊ,1000000
塩,ㄧㄢˋ
填,ㄊㄧㄢˊ,1000000
塭,ㄨㄣ,1000000
塲,ㄔㄤˊ,1000000
塲,ㄔㄤˇ
塵,ㄔㄣˊ,1000000
塹,ㄑㄧㄢˋ,1000000
塺,ㄇㄟˊ,1000000
塺,ㄇㄛˋ
塼,ㄓㄨㄢ,1000000
塽,ㄕㄨㄤˇ,1000000
塾,ㄕㄨˊ,1000000
塿,ㄌㄡˇ,1000000
墀,ㄔˊ,1000000
墁,ㄇㄢˋ,1000000
境,ㄐㄧㄥˋ,1000000
墅,ㄕㄨˋ,1000000
墆,ㄉㄧㄝˊ,1000000
墉,ㄩㄥ,1000000
墉,ㄩㄥˊ
墊,ㄉㄧㄢˋ,1000000
墍,ㄒㄧˋ,1000000
墍,ㄐㄧˋ
墐,ㄐㄧㄣˇ,1000000
墐,ㄐㄧㄣˋ
墓,ㄇㄨˋ,1000000
墘,ㄑㄧㄢˊ,1000000
墜,ㄓㄨㄟˋ,1000000
墝,ㄑㄧㄠ,1000000
增,ㄗㄥ,1000000
墟,ㄒㄩ,1000000
墠,ㄕㄢˋ,1000000
墡,ㄕㄢˋ,1000000
墣,ㄆㄨˊ,1000000
墦,ㄈㄢˊ,1000000
墨,ㄇㄛˋ,1000000
墩,ㄉㄨㄣ,1000000
墪,ㄉㄨㄣ,1000000
墮,ㄉㄨㄛˋ,1000000
墮,ㄏㄨㄟ
墯,ㄉㄨㄛˋ,1000000
墱,ㄉㄥˋ,1000000
墳,ㄈㄣˊ,1000000
墳,ㄈㄣˋ
墻,ㄑㄧㄤˊ,1000000
墼,ㄐㄧˊ,1000000
墾,ㄎㄣˇ,1000000
壁,ㄅㄧˋ,1000000
壄,ㄧㄝˇ,1000000
壅,ㄩㄥ,1000000
壅,ㄩㄥˇ
壇,ㄊㄢˊ,1000000
壈,ㄌㄢˇ,1000000
壎,ㄒㄩㄣ,1000000
壎,ㄒㄩㄢ
壑,ㄏㄨㄛˋ,1000000
壓,ㄧㄚ,1000000
壕,ㄏㄠˊ,1000000
壘,ㄌㄟˇ,1000000
壘,ㄌㄩˋ
壙,ㄎㄨㄤˋ,1000000
壚,ㄌㄨˊ,1000000
壜,ㄊㄢˊ,1000000
壝,ㄨㄟˇ,1000000
壞,ㄏㄨㄞˋ,1000000
壞,ㄍㄨㄞˋ
壟,ㄌㄨㄥˇ,1000000
壠,ㄌㄨㄥˇ,1000000
壢,ㄌㄧˋ,1000000
壤,ㄖㄤˇ,1000000
壩,ㄅㄚˋ,1000000
士,ㄕˋ,1000000
壬,ㄖㄣˊ,1000000
壮,ㄓㄨㄤˋ,1000000
壯,ㄓㄨㄤˋ,1000000
声,ㄕㄥ,1000000
壳,ㄎㄜˊ,1000000
壳,ㄑㄧㄠˋ
壳,ㄑㄩㄝˋ
壴,ㄓㄨˋ,1000000
壹,ㄧ,1000000
壺,ㄏㄨˊ,1000000
壻,ㄒㄩˋ,1000000
壼,ㄎㄨㄣˇ,1000000
壽,ㄕㄡˋ,1000000
夂,ㄓˇ,1000000
夃,ㄍㄨ,1000000
変,ㄅㄧㄢˋ,1000000
夊,ㄙㄨㄟ,1000000
夊,ㄘㄨㄟ
复,ㄈㄨˋ,1000000
复,ㄈㄡˋ
夏,ㄒㄧㄚˋ,1000000
夏,ㄐㄧㄚˇ
夔,ㄎㄨㄟˊ,1000000
夕,ㄒㄧˋ,1000000
外,ㄨㄞˋ,1000000
夙,ㄙㄨˋ,1000000
多,ㄉㄨㄛ,1000000
多,ㄉㄨㄛˊ
夜,ㄧㄝˋ,1000000
够,ㄍㄡˋ,1000000
夠,ㄍㄡˋ,1000000
夢,ㄇㄥˋ,1000000
夤,ㄧㄣˊ,1000000
夥,ㄏㄨㄛˇ,1000000
大,ㄉㄚˋ,1000000
大,ㄉㄞˋ
大,ㄊㄞˋ
夨,ㄗㄜˋ,1000000
天,ㄊㄧㄢ,1000000
太,ㄊㄞˋ,1000000
夫,ㄈㄨ,1000000
夫,ㄈㄨˊ
夬,ㄍㄨㄞˋ,1000000
夭,ㄧㄠ,1000000
夭,ㄠˇ
夭,ㄧㄠˇ
央,ㄧㄤ,1000000
夯,ㄏㄤ,1000000
失,ㄕ,1000000
夲,ㄊㄠ,1000000
头,ㄊㄡˊ,1000000
头,˙ㄊㄡ
夷,ㄧˊ,1000000
夸,ㄎㄨㄚ,1000000
夾,ㄐㄧㄚˊ,1000000
夾,ㄐㄧㄚ
夾,ㄐㄧㄚˋ
奄,ㄧㄢˇ,1000000
奄,ㄧㄢ
奅,ㄆㄠˋ,1000000
奇,ㄑㄧˊ,1000000
奇,ㄐㄧ
奈,ㄋㄞˋ,1000000
奉,ㄈㄥˋ,1000000
奌,ㄉㄧㄢˇ,1000000
奎,ㄎㄨㄟˊ,1000000
奏,ㄗㄡˋ,1000000
奐,ㄏㄨㄢˋ,1000000
契,ㄑㄧˋ,1000000
契,ㄑㄧㄝˋ
契,ㄒㄧㄝˋ
奓,ㄓㄚ,1000000
奓,ㄔˇ
奓,ㄕㄜ
奔,ㄅㄣ,1000000
奔,ㄅㄣˋ
奕,ㄧˋ,1000000
套,ㄊㄠˋ,1000000
奘,ㄗㄤˋ,1000000
奘,ㄓㄨㄤˇ
奚,ㄒㄧ,1000000
奠,ㄉㄧㄢˋ,1000000
奡,ㄠˋ,1000000
奢,ㄕㄜ,1000000
奧,ㄠˋ,1000000
奧,ㄩˋ
奩,ㄌㄧㄢˊ,1000000
奪,ㄉㄨㄛˊ,1000000
奫,ㄩㄣ,1000000
奬,ㄐㄧㄤˇ,1000000
奭,ㄕˋ,1000000
奮,ㄈㄣˋ,1000000
奰,ㄅㄟˋ,1000000
女,ㄋㄩˇ,1000000
女,ㄋㄩˋ
女,ㄖㄨˇ
奴,ㄋㄨˊ,1000000
奶,ㄋㄞˇ,1000000
奸,ㄐㄧㄢ,1000000
她,ㄊㄚ,1000000
奼,ㄔㄚˋ,1000000
好,ㄏㄠˇ,1000000
好,ㄏㄠˋ
妁,ㄕㄨㄛˋ,1000000
如,ㄖㄨˊ,1000000
妃,ㄈㄟ,1000000
妃,ㄆㄟˋ
妄,ㄨㄤˋ,1000000
妊,ㄖㄣˋ,1000000
妊,ㄖㄣˊ
妍,ㄧㄢˊ,1000000
妎,ㄒㄧˋ,1000000
妐,ㄓㄨㄥ,1000000
妒,ㄉㄨˋ,1000000
妓,ㄐㄧˋ,1000000
妖,ㄧㄠ,1000000
妗,ㄐㄧㄣˋ,1000000
妙,ㄇㄧㄠˋ,1000000
妝,ㄓㄨㄤ,1000000
妞,ㄋㄧㄡ,1000000
妢,ㄈㄣˊ,1000000
妣,ㄅㄧˇ,1000000
妤,ㄩˊ,1000000
妥,ㄊㄨㄛˇ,1000000
妨,ㄈㄤˊ,1000000
妨,ㄈㄤ
妬,ㄉㄨˋ,1000000
妮,ㄋㄧˊ,1000000
妯,ㄓㄡˊ,1000000
妯,ㄓㄨˊ
妲,ㄉㄚˊ,1000000
妳,ㄋㄧˇ,1000000
妳,ㄋㄞˇ
妸,ㄜ,1000000
妸,ㄜˇ
妹,ㄇㄟˋ,1000000
妺,ㄇㄛˋ,1000000
妻,ㄑㄧ,1000000
妻,ㄑㄧˋ
妾,ㄑㄧㄝˋ,1000000
姁,ㄒㄩˇ,1000000
姆,ㄇㄨˇ,1000000
姉,ㄗˇ,1000000
姉,ㄐㄧㄝˇ
姊,ㄗˇ,1000000
姊,ㄐㄧㄝˇ
始,ㄕˇ,1000000
始,ㄕˋ
姌,ㄖㄢˇ,1000000
姍,ㄕㄢ,1000000
姍,ㄒㄧㄢ
姏,ㄇㄢˊ,1000000
姐,ㄐㄧㄝˇ,1000000
姑,ㄍㄨ,1000000
姒,ㄙˋ,1000000
姓,ㄒㄧㄥˋ,1000000
委,ㄨㄟˇ,1000000
委,ㄨㄟ
姗,ㄕㄢ,1000000
姗,ㄒㄧㄢ
姘,ㄆㄧㄣ,1000000
姙,ㄖㄣˋ,1000000
姙,ㄖㄣˊ
姚,ㄧㄠˊ,1000000
姜,ㄐㄧㄤ,1000000
姝,ㄕㄨ,1000000
姞,ㄐㄧˊ,1000000
姣,ㄐㄧㄠˇ,1000000
姣,ㄐㄧㄠ
姤,ㄍㄡˋ,1000000
姥,ㄌㄠˇ,1000000
姥,ㄇㄨˇ
姦,ㄐㄧㄢ,1000000
姨,ㄧˊ,1000000
姪,ㄓˊ,1000000
姬,ㄐㄧ,1000000
姮,ㄏㄥˊ,1000000
姱,ㄎㄨㄚ,1000000
姸,ㄧㄢˊ,1000000
姹,ㄔㄚˋ,1000000
姺,ㄒㄧㄢˇ,1000000
姻,ㄧㄣ,1000000
姽,ㄍㄨㄟˇ,1000000
姿,ㄗ,1000000
娀,ㄙㄨㄥ,1000000
威,ㄨㄟ,1000000
娃,ㄨㄚˊ,1000000
娄,ㄌㄡˊ,1000000
娄,ㄌㄩˇ
娇,ㄐㄧㄠ,1000000
娈,ㄌㄨㄢˊ,1000000
娈,ㄌㄩㄢˇ
娉,ㄆㄧㄥ,1000000
娌,ㄌㄧˇ,1000000
娑,ㄙㄨㄛ,1000000
娓,ㄨㄟˇ,1000000
娖,ㄔㄨㄛˋ,1000000
娘,ㄋㄧㄤˊ,1000000
娙,ㄒㄧㄥˊ,1000000
娛,ㄩˊ,1000000
娜,ㄋㄚˋ,1000000
娜,ㄋㄨㄛˊ
娟,ㄐㄩㄢ,1000000
娠,ㄕㄣ,1000000
娠,ㄓㄣˋ
娣,ㄉㄧˋ,1000000
娥,ㄜˊ,1000000
娩,ㄇㄧㄢˇ,1000000
娩,ㄨㄢˇ
娭,ㄒㄧ,1000000
娱,ㄩˊ,1000000
娶,ㄑㄩˇ,1000000
娶,ㄑㄩˋ
娸,ㄑㄧ,1000000
娼,ㄔㄤ,1000000
娿,ㄜ,1000000
娿,ㄜˇ
婀,ㄜ,1000000
婀,ㄜˇ
婁,ㄌㄡˊ,1000000
婁,ㄌㄩˇ
婆,ㄆㄛˊ,1000000
婉,ㄨㄢˇ,1000000
婊,ㄅㄧㄠˇ,1000000
婐,ㄜˇ,1000000
婑,ㄨㄛˇ,1000000
婓,ㄈㄟ,1000000
婕,ㄐㄧㄝˊ,1000000
婗,ㄋㄧˊ,1000000
婚,ㄏㄨㄣ,1000000
婞,ㄒㄧㄥˋ,1000000
婠,ㄨㄢ,1000000
婢,ㄅㄧˋ,1000000
婢,ㄅㄟˋ
婣,ㄧㄣ,1000000
婥,ㄔㄨㄛˋ,1000000
婦,ㄈㄨˋ,1000000
婧,ㄐㄧㄥˋ,1000000
婪,ㄌㄢˊ,1000000
婬,ㄧㄣˊ,1000000
婭,ㄧㄚˋ,1000000
婷,ㄊㄧㄥˊ,1000000
婺,ㄨˋ,1000000
婼,ㄔㄨㄛˋ,1000000
婼,ㄖㄨㄛˋ
婿,ㄒㄩˋ,1000000
媍,ㄈㄨˋ,1000000
媐,ㄒㄧ,1000000
媒,ㄇㄟˊ,1000000
媔,ㄇㄧㄢˊ,1000000
媔,ㄇㄧㄢˇ
媕,ㄢ,1000000
媕,ㄧㄢˇ
媖,ㄧㄥ,1000000
媚,ㄇㄟˋ,1000000
媛,ㄩㄢˋ,1000000
媛,ㄩㄢˊ
媞,ㄊㄧˊ,1000000
媟,ㄒㄧㄝˋ,1000000
媠,ㄊㄨㄛˇ,1000000
媠,ㄉㄨㄛˋ
媢,ㄇㄠˋ,1000000
媥,ㄆㄧㄢ,1000000
媦,ㄨㄟˋ,1000000
媧,ㄨㄚ,1000000
媬,ㄅㄠˇ,1000000
媮,ㄊㄡ,1000000
媮,ㄩˊ
媯,ㄍㄨㄟ,1000000
媱,ㄧㄠˊ,1000000
媲,ㄆㄧˋ,1000000
媳,ㄒㄧˊ,1000000
媵,ㄧㄥˋ,1000000
媸,ㄔ,1000000
媺,ㄇㄟˇ,1000000
媻,ㄆㄢˊ,1000000
媼,ㄠˇ,1000000
媽,ㄇㄚ,1000000
媾,ㄍㄡˋ,1000000
媿,ㄎㄨㄟˋ,1000000
嫁,ㄐㄧㄚˋ,1000000
嫂,ㄙㄠˇ,1000000
嫄,ㄩㄢˊ,1000000
嫇,ㄇㄧㄥˊ,1000000
嫇,ㄇㄥˊ
嫈,ㄧㄥ,1000000
嫉,ㄐㄧˊ,1000000
嫋,ㄋㄧㄠˇ,1000000
嫌,ㄒㄧㄢˊ,1000000
嫏,ㄌㄤˊ,1000000
嫕,ㄧˋ,1000000
嫖,ㄆㄧㄠˊ,1000000
嫖,ㄆㄧㄠ
嫗,ㄩˋ,1000000
嫘,ㄌㄟˊ,1000000
嫚,ㄇㄢˋ,1000000
嫛,ㄧ,1000000
嫜,ㄓㄤ,1000000
嫟,ㄋㄧˋ,1000000
嫠,ㄌㄧˊ,1000000
嫡,ㄉㄧˊ,1000000
嫣,ㄧㄢ,1000000
嫥,ㄓㄨㄢ,1000000
嫦,ㄔㄤˊ,1000000
嫩,ㄋㄣˋ,1000000
嫪,ㄌㄠˋ,1000000
嫫,ㄇㄛˊ,1000000
嫭,ㄏㄨˋ,1000000
嫮,ㄏㄨˋ,1000000
嫳,ㄆㄧㄝˋ,1000000
嫵,ㄨˇ,1000000
嫶,ㄑㄧㄠˊ,1000000
嫺,ㄒㄧㄢˊ,1000000
嫻,ㄒㄧㄢˊ,1000000
嫽,ㄌㄧㄠˊ,1000000
嫿,ㄏㄨㄚˋ,1000000
嬀,ㄍㄨㄟ,1000000
嬃,ㄒㄩ,1000000
嬈,ㄖㄠˊ,1000000
嬈,ㄖㄠˇ
嬈,ㄧㄠˇ
嬉,ㄒㄧ,1000000
嬋,ㄔㄢˊ,1000000
嬌,ㄐㄧㄠ,1000000
嬖,ㄅㄧˋ,1000000
嬗,ㄕㄢˋ,1000000
嬙,ㄑㄧㄤˊ,1000000
嬛,ㄏㄨㄢˊ,1000000
嬛,ㄑㄩㄥˊ
嬛,ㄒㄩㄢ
嬝,ㄋㄧㄠˇ,1000000
嬡,ㄞˋ,1000000
嬤,ㄇㄚ,1000000
嬥,ㄊㄧㄠˇ,1000000
嬪,ㄆㄧㄣˊ,1000000
嬬,ㄖㄨˊ,1000000
嬭,ㄋㄞˇ,1000000
嬯,ㄊㄞˊ,1000000
嬰,ㄧㄥ,1000000
嬲,ㄋㄧㄠˇ,1000000
嬴,ㄧㄥˊ,1000000
嬸,ㄕㄣˇ,1000000
嬽,ㄩㄢ,1000000
嬿,ㄧㄢˋ,1000000
孀,ㄕㄨㄤ,1000000
孃,ㄋㄧㄤˊ,1000000
孅,ㄒㄧㄢ,1000000
孌,ㄌㄨㄢˊ,1000000
孌,ㄌㄩㄢˇ
子,˙ㄗ,1000000
子,ㄗˇ
孑,ㄐㄧㄝˊ,1000000
孓,ㄐㄩㄝˊ,1000000
孔,ㄎㄨㄥˇ,1000000
孕,ㄩㄣˋ,1000000
孖,ㄗ,1000000
字,ㄗˋ,1000000
存,ㄘㄨㄣˊ,1000000
孙,ㄙㄨㄣ,1000000
孙,ㄒㄩㄣˋ
孙,ㄙㄨㄣˋ
孚,ㄈㄨˊ,1000000
孚,ㄈㄨ
孛,ㄅㄟˋ,1000000
孛,ㄅㄛˊ
孜,ㄗ,1000000
孝,ㄒㄧㄠˋ,1000000
孟,ㄇㄥˋ,1000000
孢,ㄅㄠ,1000000
季,ㄐㄧˋ,1000000
孤,ㄍㄨ,1000000
孥,ㄋㄨˊ,1000000
孩,ㄏㄞˊ,1000000
孪,ㄌㄨㄢˊ,1000000
孪,ㄌㄩㄢˊ
孫,ㄙㄨㄣ,1000000
孫,ㄒㄩㄣˋ
孫,ㄙㄨㄣˋ
孬,ㄋㄠ,1000000
孰,ㄕㄨˊ,1000000
孱,ㄘㄢˋ,1000000
孱,ㄔㄢˊ
孳,ㄗ,1000000
孳,ㄗˋ
孴,ㄋㄧˇ,1000000
孵,ㄈㄨ,1000000
學,ㄒㄩㄝˊ,1000000
孺,ㄖㄨˊ,1000000
孼,ㄋㄧㄝˋ,1000000
孽,ㄋㄧㄝˋ,1000000
孿,ㄌㄨㄢˊ,1000000
孿,ㄌㄩㄢˊ
宀,ㄇㄧㄢˊ,1000000
宁,ㄓㄨˋ,1000000
宂,ㄖㄨㄥˇ,1000000
它,ㄊㄚ,1000000
它,ㄊㄨㄛ
它,ㄊㄨㄛˊ
宄,ㄍㄨㄟˇ,1000000
宅,ㄓㄞˊ,1000000
宅,ㄓㄜˋ
宇,ㄩˇ,1000000
守,ㄕㄡˇ,1000000
守,ㄕㄡˋ
安,ㄢ,1000000
宋,ㄙㄨㄥˋ,1000000
完,ㄨㄢˊ,1000000
宎,ㄧㄠˇ,1000000
宏,ㄏㄨㄥˊ,1000000
宓,ㄇㄧˋ,1000000
宓,ㄈㄨˊ
宕,ㄉㄤˋ,1000000
宗,ㄗㄨㄥ,1000000
官,ㄍㄨㄢ,1000000
宙,ㄓㄡˋ,1000000
定,ㄉㄧㄥˋ,1000000
宛,ㄨㄢˇ,1000000
宛,ㄩㄢ
宜,ㄧˊ,1000000
宝,ㄅㄠˇ,1000000
实,ㄕˊ,1000000
客,ㄎㄜˋ,1000000
宣,ㄒㄩㄢ,1000000
室,ㄕˋ,1000000
宥,ㄧㄡˋ,1000000
宦,ㄏㄨㄢˋ,1000000
宧,ㄧˊ,1000000
宬,ㄔㄥˊ,1000000
宮,ㄍㄨㄥ,1000000
宰,ㄗㄞˇ,1000000
害,ㄏㄞˋ,1000000
害,ㄏㄜˊ
宴,ㄧㄢˋ,1000000
宵,ㄒㄧㄠ,1000000
家,ㄐㄧㄚ,1000000
家,ㄍㄨ
宸,ㄔㄣˊ,1000000
容,ㄖㄨㄥˊ,1000000
宼,ㄎㄡˋ,1000000
宾,ㄅㄧㄣ,1000000
宾,ㄅㄧㄣˋ
宿,ㄙㄨˋ,1000000
宿,ㄒㄧㄡˇ
宿,ㄒㄧㄡˋ
寀,ㄘㄞˇ,1000000
寁,ㄗㄢˇ,1000000
寂,ㄐㄧˊ,1000000
寃,ㄩㄢ,1000000
寄,ㄐㄧˋ,1000000
寅,ㄧㄣˊ,1000000
密,ㄇㄧˋ,1000000
寇,ㄎㄡˋ,1000000
富,ㄈㄨˋ,1000000
寎,ㄅㄧㄥˋ,1000000
寐,ㄇㄟˋ,1000000
寒,ㄏㄢˊ,1000000
寓,ㄩˋ,1000000
寔,ㄕˊ,1000000
寕,ㄋㄧㄥˊ,1000000
寕,ㄋㄧㄥˋ
寖,ㄐㄧㄣˋ,1000000
寗,ㄋㄧㄥˊ,1000000
寗,ㄋㄧㄥˋ
寘,ㄓˋ,1000000
寜,ㄋㄧㄥˊ,1000000
寜,ㄋㄧㄥˋ
寞,ㄇㄛˋ,1000000
察,ㄔㄚˊ,1000000
寡,ㄍㄨㄚˇ,1000000
寢,ㄑㄧㄣˇ,1000000
寤,ㄨˋ,1000000
寥,ㄌㄧㄠˊ,1000000
實,ㄕˊ,1000000
寧,ㄋㄧㄥˊ,1000000
寧,ㄋㄧㄥˋ
寨,ㄓㄞˋ,1000000
審,ㄕㄣˇ,1000000
寫,ㄒㄧㄝˇ,1000000
寫,ㄒㄧㄝˋ
寬,ㄎㄨㄢ,1000000
寮,ㄌㄧㄠˊ,1000000
寯,ㄐㄩㄣˋ,1000000
寰,ㄏㄨㄢˊ,1000000
寱,ㄧˋ,1000000
寳,ㄅㄠˇ,1000000
寵,ㄔㄨㄥˇ,1000000
寶,ㄅㄠˇ,1000000
寸,ㄘㄨㄣˋ,1000000
对,ㄉㄨㄟˋ,1000000
寺,ㄙˋ,1000000
寿,ㄕㄡˋ,1000000
尀,ㄆㄛˇ,1000000
封,ㄈㄥ,1000000
尃,ㄈㄨ,1000000
射,ㄕㄜˋ,1000000
射,ㄕˊ
射,ㄧˋ
射,ㄧㄝˋ
尅,ㄎㄜˋ,1000000
將,ㄐㄧㄤ,1000000
將,ㄐㄧㄤˋ
將,ㄑㄧㄤ
專,ㄓㄨㄢ,1000000
尉,ㄨㄟˋ,1000000
尉,ㄩˋ
尊,ㄗㄨㄣ,1000000
尋,ㄒㄩㄣˊ,1000000
尋,ㄒㄧㄣˊ
尌,ㄕㄨˋ,1000000
對,ㄉㄨㄟˋ,1000000
導,ㄉㄠˇ,1000000
導,ㄉㄠˋ
小,ㄒㄧㄠˇ,1000000
少,ㄕㄠˇ,1000000
少,ㄕㄠˋ
尔,ㄦˇ,1000000
尖,ㄐㄧㄢ,1000000
尚,ㄕㄤˋ,1000000
尝,ㄔㄤˊ,1000000
尟,ㄒㄧㄢˇ,1000000
尠,ㄒㄧㄢˇ,1000000
尢,ㄨㄤ,1000000
尤,ㄧㄡˊ,1000000
尥,ㄌㄧㄠˋ,1000000
尨,ㄇㄤˊ,1000000
尨,ㄆㄤˊ
尨,ㄇㄥˊ
尩,ㄨㄤ,1000000
尪,ㄨㄤ,1000000
尬,ㄍㄚˋ,1000000
尬,ㄐㄧㄝˋ
尰,ㄓㄨㄥˇ,1000000
尰,ㄔㄨㄥˋ
就,ㄐㄧㄡˋ,1000000
尲,ㄍㄢ,1000000
尲,ㄐㄧㄢ
尶,ㄍㄢ,1000000
尶,ㄐㄧㄢ
尷,ㄍㄢ,1000000
尷,ㄐㄧㄢ
尸,ㄕ,1000000
尹,ㄧㄣˇ,1000000
尺,ㄔˇ,1000000
尺,ㄔˊ
尺,ㄔㄜˇ
尻,ㄎㄠ,1000000
尼,ㄋㄧˊ,1000000
尽,ㄐㄧㄣˋ,1000000
尾,ㄨㄟˇ,1000000
尾,ㄧˇ
尿,ㄋㄧㄠˋ,1000000
局,ㄐㄩˊ,1000000
屁,ㄆㄧˋ,1000000
屄,ㄅㄧ,1000000
居,ㄐㄩ,1000000
居,ㄐㄧ
屆,ㄐㄧㄝˋ,1000000
屈,ㄑㄩ,1000000
届,ㄐㄧㄝˋ,1000000
屋,ㄨ,1000000
屌,ㄉㄧㄠˇ,1000000
屍,ㄕ,1000000
屎,ㄕˇ,1000000
屎,ㄒㄧ
屏,ㄆㄧㄥˊ,1000000
屏,ㄅㄧㄥ
屏,ㄅㄧㄥˇ
屐,ㄐㄧ,1000000
屑,ㄒㄧㄝˋ,1000000
展,ㄓㄢˇ,1000000
屘,ㄇㄢ,1000000
屙,ㄜ,1000000
屛,ㄆㄧㄥˊ,1000000
屛,ㄅㄧㄥ
屛,ㄅㄧㄥˇ
屜,ㄊㄧˋ,1000000
屝,ㄈㄟˋ,1000000
属,ㄕㄨˇ,1000000
属,ㄓㄨˇ
屠,ㄊㄨˊ,1000000
屠,ㄔㄨˊ
屡,ㄌㄩˇ,1000000
屢,ㄌㄩˇ,1000000
屣,ㄒㄧˇ,1000000
層,ㄘㄥˊ,1000000
履,ㄌㄩˇ,1000000
屧,ㄒㄧㄝˋ,1000000
屨,ㄐㄩˋ,1000000
屩,ㄐㄩㄝˊ,1000000
屬,ㄕㄨˇ,1000000
屬,ㄓㄨˇ
屭,ㄒㄧˋ,1000000
屮,ㄔㄜˋ,1000000
屯,ㄊㄨㄣˊ,1000000
屯,ㄓㄨㄣ
屯,ㄔㄨㄣˊ
山,ㄕㄢ,1000000
屴,ㄌㄧˋ,1000000
屵,ㄜˋ,1000000
屹,ㄧˋ,1000000
屺,ㄑㄧˇ,1000000
屼,ㄨˋ,1000000
岁,ㄙㄨㄟˋ,1000000
岅,ㄅㄢˇ,1000000
岈,ㄒㄧㄚ,1000000
岋,ㄜˋ,1000000
岌,ㄐㄧˊ,1000000
岏,ㄨㄢˊ,1000000
岐,ㄑㄧˊ,1000000
岑,ㄘㄣˊ,1000000
岒,ㄑㄧㄢˊ,1000000
岔,ㄔㄚˋ,1000000
岔,ㄔㄚˊ
岝,ㄗㄜˊ,1000000
岡,ㄍㄤ,1000000
岡,ㄍㄤˇ
岢,ㄎㄜˇ,1000000
岣,ㄍㄡˇ,1000000
岧,ㄊㄧㄠˊ,1000000
岩,ㄧㄢˊ,1000000
岪,ㄈㄨˊ,1000000
岫,ㄒㄧㄡˋ,1000000
岬,ㄐㄧㄚˇ,1000000
岮,ㄊㄨㄛˊ,1000000
岱,ㄉㄞˋ,1000000
岳,ㄩㄝˋ,1000000
岵,ㄏㄨˋ,1000000
岷,ㄇㄧㄣˊ,1000000
岸,ㄢˋ,1000000
岹,ㄊㄧㄠˊ,1000000
峉,ㄜ,1000000
峋,ㄒㄩㄣˊ,1000000
峌,ㄉㄧㄝˊ,1000000
峒,ㄉㄨㄥˋ,1000000
峒,ㄊㄨㄥˊ
峙,ㄓˋ,1000000
峚,ㄇㄧˋ,1000000
峝,ㄊㄨㄥˊ,1000000
峝,ㄉㄨㄥˋ
峦,ㄌㄨㄢˊ,1000000
峨,ㄜˊ,1000000
峩,ㄜˊ,1000000
峪,ㄩˋ,1000000
峭,ㄑㄧㄠˋ,1000000
峯,ㄈㄥ,1000000
峰,ㄈㄥ,1000000
峱,ㄋㄠˊ,1000000
峴,ㄒㄧㄢˋ,1000000
島,ㄉㄠˇ,1000000
峻,ㄐㄩㄣˋ,1000000
峽,ㄒㄧㄚˊ,1000000
峿,ㄨˊ,1000000
崁,ㄎㄢˇ,1000000
崆,ㄎㄨㄥ,1000000
崇,ㄔㄨㄥˊ,1000000
崍,ㄌㄞˊ,1000000
崎,ㄑㄧˊ,1000000
崐,ㄎㄨㄣ,1000000
崑,ㄎㄨㄣ,1000000
崒,ㄗㄨˊ,1000000
崓,ㄍㄨˋ,1000000
崔,ㄘㄨㄟ,1000000
崖,ㄧㄞˊ,1000000
崗,ㄍㄤˇ,1000000
崗,ㄍㄤ
崘,ㄌㄨㄣˊ,1000000
崙,ㄌㄨㄣˊ,1000000
崚,ㄌㄥˊ,1000000
崛,ㄐㄩㄝˊ,1000000
崞,ㄍㄨㄛ,1000000
崟,ㄧㄣˊ,1000000
崡,ㄏㄢˊ,1000000
崢,ㄓㄥ,1000000
崢,ㄔㄥˊ
崤,ㄧㄠˊ,1000000
崦,ㄧㄢ,1000000
崧,ㄙㄨㄥ,1000000
崩,ㄅㄥ,1000000
崮,ㄍㄨˋ,1000000
崱,ㄗㄜˋ,1000000
崴,ㄨㄟ,1000000
崽,ㄗㄞˇ,1000000
崿,ㄜˋ,1000000
嵁,ㄎㄢ,1000000
嵂,ㄌㄩˋ,1000000
嵇,ㄐㄧ,1000000
嵊,ㄕㄥˋ,1000000
嵋,ㄇㄟˊ,1000000
嵌,ㄑㄧㄢˋ,1000000
嵌,ㄎㄢˇ
嵌,ㄑㄧㄢ
嵎,ㄩˊ,1000000
嵐,ㄌㄢˊ,1000000
嵒,ㄧㄢˊ,1000000
嵞,ㄊㄨˊ,1000000
嵩,ㄙㄨㄥ,1000000
嵫,ㄗ,1000000
嵬,ㄨㄟˊ,1000000
嵯,ㄘㄨㄛˊ,1000000
嵲,ㄋㄧㄝˋ,1000000
嵷,ㄗㄨㄥ,1000000
嵸,ㄗㄨㄥ,1000000
嵽,ㄉㄧㄝˊ,1000000
嵾,ㄘㄣ,1000000
嶀,ㄊㄨ,1000000
嶁,ㄌㄡˇ,1000000
嶂,ㄓㄤˋ,1000000
嶃,ㄓㄢˇ,1000000
嶃,ㄔㄢˊ
嶄,ㄓㄢˇ,1000000
嶄,ㄔㄢˊ
嶇,ㄑㄩ,1000000
嶊,ㄗㄨㄟˇ,1000000
嶍,ㄒㄧˊ,1000000
嶒,ㄘㄥˊ,1000000
嶓,ㄅㄛ,1000000
嶔,ㄑㄧㄣ,1000000
嶕,ㄐㄧㄠ,1000000
嶗,ㄌㄠˊ,1000000
嶙,ㄌㄧㄣˊ,1000000
嶝,ㄉㄥˋ,1000000
嶞,ㄉㄨㄛˋ,1000000
嶟,ㄗㄨㄣ,1000000
嶠,ㄐㄧㄠˋ,1000000
嶡,ㄍㄨㄟˋ,1000000
嶡,ㄐㄩㄝˊ
嶢,ㄧㄠˊ,1000000
嶧,ㄧˋ,1000000
嶪,ㄧㄝˋ,1000000
嶮,ㄒㄧㄢˇ,1000000
嶰,ㄒㄧㄝˋ,1000000
嶴,ㄠˋ,1000000
嶷,ㄧˊ,1000000
嶷,ㄋㄧˋ
嶸,ㄖㄨㄥˊ,1000000
嶸,ㄏㄨㄥˊ
嶺,ㄌㄧㄥˇ,1000000
嶼,ㄩˇ,1000000
嶽,ㄩㄝˋ,1000000
嶾,ㄧㄣˇ,1000000
巃,ㄌㄨㄥˊ,1000000
巇,ㄒㄧ,1000000
巉,ㄔㄢˊ,1000000
巋,ㄎㄨㄟ,1000000
巍,ㄨㄟˊ,1000000
巑,ㄘㄨㄢˊ,1000000
巒,ㄌㄨㄢˊ,1000000
巔,ㄉㄧㄢ,1000000
巖,ㄧㄢˊ,1000000
巘,ㄧㄢˇ,1000000
巛,ㄔㄨㄢ,1000000
巜,ㄍㄨㄞˋ,1000000
巜,ㄎㄨㄞˋ
川,ㄔㄨㄢ,1000000
州,ㄓㄡ,1000000
巡,ㄒㄩㄣˊ,1000000
巢,ㄔㄠˊ,1000000
工,ㄍㄨㄥ,1000000
左,ㄗㄨㄛˇ,1000000
巧,ㄑㄧㄠˇ,1000000
巨,ㄐㄩˋ,1000000
巫,ㄨ,1000000
巫,ㄨˊ
差,ㄔㄚˋ,1000000
差,ㄔㄚ
差,ㄔㄞ
差,ㄔㄞˋ
差,ㄘ
差,ㄘㄨㄛ
己,ㄐㄧˇ,1000000
已,ㄧˇ,1000000
巳,ㄙˋ,1000000
巴,ㄅㄚ,1000000
巵,ㄓ,1000000
巷,ㄒㄧㄤˋ,1000000
巹,ㄐㄧㄣˇ,1000000
巽,ㄒㄩㄣˋ,1000000
巽,ㄙㄨㄣˋ
巾,ㄐㄧㄣ,1000000
巿,ㄈㄨˊ,1000000
帀,ㄗㄚ,1000000
市,ㄕˋ,1000000
布,ㄅㄨˋ,1000000
帆,ㄈㄢ,1000000
帆,ㄈㄢˊ
师,ㄕ,1000000
帊,ㄆㄚˋ,1000000
希,ㄒㄧ,1000000
帑,ㄊㄤˇ,1000000
帑,ㄋㄨˊ
帒,ㄓˇ,1000000
帔,ㄆㄟˋ,1000000
帕,ㄆㄚˋ,1000000
帖,ㄊㄧㄝ,1000000
帖,ㄊㄧㄝˇ
帖,ㄊㄧㄝˋ
帗,ㄈㄨˊ,1000000
帘,ㄌㄧㄢˊ,1000000
帙,ㄓˋ,1000000
帚,ㄓㄡˇ,1000000
帛,ㄅㄛˊ,1000000
帝,ㄉㄧˋ,1000000
帟,ㄧˋ,1000000
帡,ㄆㄧㄥˊ,1000000
帢,ㄑㄧㄚˋ,1000000
帣,ㄐㄩㄢˇ,1000000
帣,ㄐㄩㄢˋ
帤,ㄖㄨˊ,1000000
帥,ㄕㄨㄞˋ,1000000
帥,ㄕㄨㄛˋ
帨,ㄕㄨㄟˋ,1000000
帩,ㄑㄧㄠˋ,1000000
師,ㄕ,1000000
帬,ㄑㄩㄣˊ,1000000
席,ㄒㄧˊ,1000000
帮,ㄅㄤ,1000000
帲,ㄆㄧㄥˊ,1000000
帳,ㄓㄤˋ,1000000
帴,ㄐㄧㄢˇ,1000000
帴,ㄘㄢˊ
帶,ㄉㄞˋ,1000000
帷,ㄨㄟˊ,1000000
常,ㄔㄤˊ,1000000
帽,ㄇㄠˋ,1000000
幀,ㄓㄥˋ,1000000
幂,ㄇㄧˋ,1000000
幃,ㄨㄟˊ,1000000
幄,ㄨㄛˋ,1000000
幅,ㄈㄨˊ,1000000
幅,ㄅㄧ
幇,ㄅㄤ,1000000
幋,ㄆㄢˊ,1000000
幌,ㄏㄨㄤˇ,1000000
幎,ㄇㄧˋ,1000000
幐,ㄊㄥˊ,1000000
幔,ㄇㄢˋ,1000000
幕,ㄇㄨˋ,1000000
幕,ㄇㄛˋ
幗,ㄍㄨㄛˊ,1000000
幘,ㄗㄜˊ,1000000
幛,ㄓㄤˋ,1000000
幝,ㄔㄢˇ,1000000
幞,ㄆㄨˊ,1000000
幟,ㄓˋ,1000000
幠,ㄏㄨ,1000000
幡,ㄈㄢ,1000000
幢,ㄔㄨㄤˊ,1000000
幢,ㄓㄨㄤˋ
幣,ㄅㄧˋ,1000000
幦,ㄇㄧˋ,1000000
幨,ㄔㄢ,1000000
幩,ㄈㄣˊ,1000000
幪,ㄇㄥˊ,1000000
幪,ㄇㄥˇ
幫,ㄅㄤ,1000000
幬,ㄔㄡˊ,1000000
幬,ㄉㄠˋ
幭,ㄇㄧㄝˋ,1000000
幮,ㄔㄨˊ,1000000
幰,ㄒㄧㄢˇ,1000000
干,ㄍㄢ,1000000
平,ㄆㄧㄥˊ,1000000
平,ㄆㄧㄢˊ
年,ㄋㄧㄢˊ,1000000
幵,ㄐㄧㄢ,1000000
并,ㄅㄧㄥˋ,1000000
并,ㄅㄧㄥ
幷,ㄅㄧㄥˋ,1000000
幷,ㄅㄧㄥ
幸,ㄒㄧㄥˋ,1000000
幹,ㄍㄢˋ,1000000
幹,ㄏㄢˊ
幺,ㄧㄠ,1000000
幻,ㄏㄨㄢˋ,1000000
幼,ㄧㄡˋ,1000000
幽,ㄧㄡ,1000000
幾,ㄐㄧˇ,1000000
幾,ㄐㄧ
广,ㄧㄢˇ,1000000
庀,ㄆㄧˇ,1000000
庂,ㄗㄜˋ,1000000
庄,ㄓㄨㄤ,1000000
庅,ㄇㄛˊ,1000000
庅,˙ㄇㄚ
庅,˙ㄇㄜ
庅,ㄇㄚˊ
庇,ㄅㄧˋ,1000000
庉,ㄉㄨㄣˋ,1000000
庉,ㄊㄨㄣˊ
床,ㄔㄨㄤˊ,1000000
庋,ㄐㄧˇ,1000000
庋,ㄍㄨㄟˇ
庌,ㄧㄚˇ,1000000
序,ㄒㄩˋ,1000000
庐,ㄌㄨˊ,1000000
应,ㄧㄥ,1000000
应,ㄧㄥˋ
底,ㄉㄧˇ,1000000
底,˙ㄉㄜ
庖,ㄆㄠˊ,1000000
店,ㄉㄧㄢˋ,1000000
庙,ㄇㄧㄠˋ,1000000
庚,ㄍㄥ,1000000
府,ㄈㄨˇ,1000000
庠,ㄒㄧㄤˊ,1000000
庢,ㄓˋ,1000000
庣,ㄊㄧㄠ,1000000
庤,ㄓˋ,1000000
庥,ㄒㄧㄡ,1000000
度,ㄉㄨˋ,1000000
度,ㄉㄨㄛˋ
座,ㄗㄨㄛˋ,1000000
庪,ㄍㄨㄟˇ,1000000
庫,ㄎㄨˋ,1000000
庫,ㄕㄜˋ
庬,ㄇㄤˊ,1000000
庬,ㄆㄤˊ
庬,ㄇㄥˇ
庭,ㄊㄧㄥˊ,1000000
庮,ㄧㄡˇ,1000000
庳,ㄅㄧˋ,1000000
庳,ㄅㄟ
庵,ㄢ,1000000
庶,ㄕㄨˋ,1000000
康,ㄎㄤ,1000000
庸,ㄩㄥ,1000000
庸,ㄩㄥˊ
庹,ㄊㄨㄛˇ,1000000
庻,ㄕㄨˋ,1000000
庾,ㄩˇ,1000000
庿,ㄇㄧㄠˋ,1000000
廁,ㄘㄜˋ,1000000
廁,ㄘˋ
廁,ㄙˋ
廂,ㄒㄧㄤ,1000000
廄,ㄐㄧㄡˋ,1000000
廈,ㄕㄚˋ,1000000
廈,ㄒㄧㄚˋ
廉,ㄌㄧㄢˊ,1000000
廊,ㄌㄤˊ,1000000
廋,ㄙㄡ,1000000
廌,ㄓˋ,1000000
廎,ㄑㄧㄥˇ,1000000
廏,ㄐㄧㄡˋ,1000000
廐,ㄐㄧㄡˋ,1000000
廑,ㄐㄧㄣˇ,1000000
廑,ㄐㄧㄣˋ
廑,ㄑㄧㄣˊ
廒,ㄠˊ,1000000
廓,ㄎㄨㄛˋ,1000000
廔,ㄌㄡˊ,1000000
廕,ㄧㄣˋ,1000000
廖,ㄌㄧㄠˋ,1000000
廙,ㄧˋ,1000000
廚,ㄔㄨˊ,1000000
廛,ㄔㄢˊ,1000000
廜,ㄊㄨ,1000000
廝,ㄙ,1000000
廞,ㄑㄧㄣ,1000000
廟,ㄇㄧㄠˋ,1000000
廠,ㄔㄤˇ,1000000
廡,ㄨˇ,1000000
廢,ㄈㄟˋ,1000000
廣,ㄍㄨㄤˇ,1000000
廥,ㄎㄨㄞˋ,1000000
廦,ㄅㄧˋ,1000000
廧,ㄑㄧㄤˊ,1000000
廨,ㄒㄧㄝˋ,1000000
廨,ㄐㄧㄝˋ
廩,ㄌㄧㄣˇ,1000000
廬,ㄌㄨˊ,1000000
廱,ㄩㄥ,1000000
廳,ㄊㄧㄥ,1000000
廴,ㄧㄣˇ,1000000
廵,ㄒㄩㄣˊ,1000000
延,ㄧㄢˊ,1000000
廷,ㄊㄧㄥˊ,1000000
廸,ㄉㄧˊ,1000000
廹,ㄆㄛˋ,1000000
建,ㄐㄧㄢˋ,1000000
廻,ㄏㄨㄟˊ,1000000
廼,ㄋㄞˇ,1000000
廾,ㄍㄨㄥˇ,1000000
廾,ㄋㄧㄢˋ
廿,ㄋㄧㄢˋ,1000000
开,ㄐㄧㄢ,1000000
弁,ㄅㄧㄢˋ,1000000
弁,ㄆㄢˊ
弃,ㄑㄧˋ,1000000
弄,ㄋㄨㄥˋ,1000000
弄,ㄌㄨㄥˋ
弅,ㄈㄣˋ,1000000
弅,ㄈㄣˊ
弆,ㄐㄩˇ,1000000
弇,ㄧㄢˇ,1000000
弈,ㄧˋ,1000000
弊,ㄅㄧˋ,1000000
弋,ㄧˋ,1000000
弌,ㄧ,1000000
弍,ㄦˋ,1000000
弎,ㄙㄢ,1000000
弎,ㄙㄚ
弎,ㄙㄢˋ
式,ㄕˋ,1000000
弒,ㄕˋ,1000000
弓,ㄍㄨㄥ,1000000
弔,ㄉㄧㄠˋ,1000000
引,ㄧㄣˇ,1000000
弗,ㄈㄨˊ,1000000
弘,ㄏㄨㄥˊ,1000000
弛,ㄕˇ,1000000
弛,ㄔˊ
弝,ㄅㄚˋ,1000000
弟,ㄉㄧˋ,1000000
弟,ㄊㄧˋ
弢,ㄊㄠ,1000000
弣,ㄈㄨˇ,1000000
弤,ㄉㄧˇ,1000000
弦,ㄒㄧㄢˊ,1000000
弧,ㄏㄨˊ,1000000
弨,ㄔㄠ,1000000
弩,ㄋㄨˇ,1000000
弭,ㄇㄧˇ,1000000
弮,ㄑㄩㄢ,1000000
弯,ㄨㄢ,1000000
弰,ㄕㄠ,1000000
弱,ㄖㄨㄛˋ,1000000
張,ㄓㄤ,1000000
張,ㄓㄤˋ
弶,ㄐㄧㄤˋ,1000000
強,ㄑㄧㄤˊ,1000000
強,ㄐㄧㄤˋ
強,ㄑㄧㄤˇ
弸,ㄆㄥˊ,1000000
弸,ㄅㄥ
弹,ㄉㄢˋ,1000000
弹,ㄊㄢˊ
强,ㄑㄧㄤˊ,1000000
强,ㄐㄧㄤˋ
强,ㄑㄧㄤˇ
弻,ㄅㄧˋ,1000000
弼,ㄅㄧˋ,1000000
彀,ㄍㄡˋ,1000000
彂,ㄈㄚ,1000000
彃,ㄅㄧˋ,1000000
彄,ㄎㄡ,1000000
彆,ㄅㄧㄝˋ,1000000
彈,ㄉㄢˋ,1000000
彈,ㄊㄢˊ
彉,ㄎㄨㄛˋ,1000000
彊,ㄑㄧㄤˊ,1000000
彊,ㄐㄧㄤˋ
彊,ㄑㄧㄤˇ
彋,ㄏㄨㄥˊ,1000000
彌,ㄇㄧˊ,1000000
彍,ㄎㄨㄛˋ,1000000
彎,ㄨㄢ,1000000
彏,ㄐㄩㄝˊ,1000000
彐,ㄐㄧˋ,1000000
彑,ㄐㄧˋ,1000000
归,ㄍㄨㄟ,1000000
归,ㄎㄨㄟˋ
当,ㄉㄤ,1000000
当,ㄉㄤˇ
当,ㄉㄤˋ
彔,ㄌㄨˋ,1000000
彖,ㄊㄨㄢˋ,1000000
彗,ㄏㄨㄟˋ,1000000
彘,ㄓˋ,1000000
彙,ㄏㄨㄟˋ,1000000
彚,ㄏㄨㄟˋ,1000000
彛,ㄧˊ,1000000
彞,ㄧˊ,1000000
彠,ㄏㄨㄛˋ,1000000
彠,ㄨㄛˋ
彡,ㄕㄢ,1000000
形,ㄒㄧㄥˊ,1000000
彤,ㄊㄨㄥˊ,1000000
彥,ㄧㄢˋ,1000000
彦,ㄧㄢˋ,1000000
彧,ㄩˋ,1000000
彩,ㄘㄞˇ,1000000
彪,ㄅㄧㄠ,1000000
彫,ㄉㄧㄠ,1000000
彬,ㄅㄧㄣ,1000000
彭,ㄆㄥˊ,1000000
彯,ㄆㄧㄠ,1000000
彰,ㄓㄤ,1000000
影,ㄧㄥˇ,1000000
彳,ㄔˋ,1000000
彴,ㄓㄨㄛˊ,1000000
彴,ㄅㄛˊ
彷,ㄆㄤˊ,1000000
彷,ㄈㄤˇ
役,ㄧˋ,1000000
彼,ㄅㄧˇ,1000000
彿,ㄈㄨˊ,1000000
往,ㄨㄤˇ,1000000
征,ㄓㄥ,1000000
徂,ㄘㄨˊ,1000000
徃,ㄨㄤˇ,1000000
待,ㄉㄞˋ,1000000
待,ㄉㄞ
徇,ㄒㄩㄣˋ,1000000
徇,ㄒㄩㄣˊ
很,ㄏㄣˇ,1000000
徉,ㄧㄤˊ,1000000
徊,ㄏㄨㄞˊ,1000000
徊,ㄏㄨㄟˊ
律,ㄌㄩˋ,1000000
後,ㄏㄡˋ,1000000
徐,ㄒㄩˊ,1000000
徑,ㄐㄧㄥˋ,1000000
徒,ㄊㄨˊ,1000000
従,ㄘㄨㄥˊ,1000000
従,ㄗㄨㄥ
従,ㄗㄨㄥˋ
従,ㄘㄨㄥ
得,˙ㄉㄜ,1000000
得,ㄉㄜˊ
得,ㄉㄞˇ
得,ㄉㄟˇ
徘,ㄆㄞˊ,1000000
徙,ㄒㄧˇ,1000000
徛,ㄐㄧˋ,1000000
徜,ㄔㄤˊ,1000000
從,ㄘㄨㄥˊ,1000000
從,ㄗㄨㄥ
從,ㄗㄨㄥˋ
從,ㄘㄨㄥ
徠,ㄌㄞˊ,1000000
徠,ㄌㄞˋ
御,ㄩˋ,1000000
御,ㄧㄚˋ
徥,ㄕˋ,1000000
徧,ㄅㄧㄢˋ,1000000
徧,ㄆㄧㄢˋ
徨,ㄏㄨㄤˊ,1000000
復,ㄈㄨˋ,1000000
復,ㄈㄡˋ
循,ㄒㄩㄣˊ,1000000
徬,ㄆㄤˊ,1000000
徬,ㄅㄤˋ
徭,ㄧㄠˊ,1000000
微,ㄨㄟˊ,1000000
微,ㄨㄟ
徯,ㄒㄧ,1000000
徵,ㄓㄥ,1000000
徵,ㄓˇ
德,ㄉㄜˊ,1000000
徹,ㄔㄜˋ,1000000
徼,ㄐㄧㄠˇ,1000000
徼,ㄐㄧㄠ
徼,ㄐㄧㄠˋ
徼,ㄧㄠ
徽,ㄏㄨㄟ,1000000
心,ㄒㄧㄣ,1000000
必,ㄅㄧˋ,1000000
忉,ㄉㄠ,1000000
忌,ㄐㄧˋ,1000000
忍,ㄖㄣˇ,1000000
忐,ㄊㄢˇ,1000000
忑,ㄊㄜˋ,1000000
忒,ㄊㄜˋ,1000000
忕,ㄕˋ,1000000
忕,ㄊㄞˋ
忖,ㄘㄨㄣˇ,1000000
志,ㄓˋ,1000000
忘,ㄨㄤˋ,1000000
忘,ㄨㄤˊ
忙,ㄇㄤˊ,1000000
忝,ㄊㄧㄢˇ,1000000
忞,ㄇㄧㄣˊ,1000000
忠,ㄓㄨㄥ,1000000
忡,ㄔㄨㄥ,1000000
忣,ㄐㄧˊ,1000000
忤,ㄨˇ,1000000
忨,ㄨㄢˋ,1000000
忩,ㄘㄨㄥ,1000000
忪,ㄙㄨㄥ,1000000
忪,ㄓㄨㄥ
快,ㄎㄨㄞˋ,1000000
忭,ㄅㄧㄢˋ,1000000
忮,ㄓˋ,1000000
忱,ㄔㄣˊ,1000000
忲,ㄊㄞˋ,1000000
忲,ㄕˋ
忳,ㄊㄨㄣˊ,1000000
念,ㄋㄧㄢˋ,1000000
忷,ㄒㄩㄥ,1000000
忸,ㄋㄧㄡˇ,1000000
忺,ㄒㄧㄢ,1000000
忻,ㄒㄧㄣ,1000000
忼,ㄎㄤ,1000000
忼,ㄎㄤˇ
忽,ㄏㄨ,1000000
忿,ㄈㄣˋ,1000000
怀,ㄏㄨㄞˊ,1000000
怊,ㄔㄠ,1000000
怍,ㄗㄨㄛˋ,1000000
怎,ㄗㄣˇ,1000000
怎,ㄗㄜˇ
怏,ㄧㄤˋ,1000000
怐,ㄎㄡˋ,1000000
怒,ㄋㄨˋ,1000000
怓,ㄋㄠˊ,1000000
怔,ㄓㄥ,1000000
怔,ㄌㄥˋ
怕,ㄆㄚˋ,1000000
怖,ㄅㄨˋ,1000000
怗,ㄊㄧㄝ,1000000
怗,ㄓㄢ
怙,ㄏㄨˋ,1000000
怚,ㄐㄩˋ,1000000
怛,ㄉㄚˊ,1000000
怜,ㄌㄧㄢˊ,1000000
思,ㄙ,1000000
思,ㄙˋ
思,ㄙㄞ
怠,ㄉㄞˋ,1000000
怡,ㄧˊ,1000000
怢,ㄊㄨˊ,1000000
急,ㄐㄧˊ,1000000
怦,ㄆㄥ,1000000
性,ㄒㄧㄥˋ,1000000
怨,ㄩㄢˋ,1000000
怨,ㄩㄢ
怩,ㄋㄧˊ,1000000
怪,ㄍㄨㄞˋ,1000000
怫,ㄈㄨˊ,1000000
怫,ㄅㄟˋ
怫,ㄈㄟˋ
怬,ㄙˋ,1000000
怭,ㄅㄧˋ,1000000
怮,ㄧㄡ,1000000
怯,ㄑㄧㄝˋ,1000000
怯,ㄑㄩㄝˋ
怱,ㄘㄨㄥ,1000000
怲,ㄅㄧㄥˇ,1000000
怵,ㄔㄨˋ,1000000
怹,ㄊㄢ,1000000
恁,ㄖㄣˋ,1000000
恁,ㄋㄧㄣˊ
恂,ㄒㄩㄣˊ,1000000
恃,ㄕˋ,1000000
恆,ㄏㄥˊ,1000000
恇,ㄎㄨㄤ,1000000
恉,ㄓˇ,1000000
恋,ㄌㄧㄢˋ,1000000
恌,ㄊㄧㄠ,1000000
恍,ㄏㄨㄤˇ,1000000
恐,ㄎㄨㄥˇ,1000000
恑,ㄍㄨㄟˇ,1000000
恒,ㄏㄥˊ,1000000
恓,ㄒㄧ,1000000
恔,ㄒㄧㄠˋ,1000000
恕,ㄕㄨˋ,1000000
恙,ㄧㄤˋ,1000000
恚,ㄏㄨㄟˋ,1000000
恝,ㄐㄧㄚˊ,1000000
恟,ㄒㄩㄥ,1000000
恠,ㄍㄨㄞˋ,1000000
恢,ㄏㄨㄟ,1000000
恣,ㄗˋ,1000000
恣,ㄗ
恣,ㄘ
恤,ㄒㄩˋ,1000000
恥,ㄔˇ,1000000
恧,ㄋㄩˋ,1000000
恨,ㄏㄣˋ,1000000
恩,ㄣ,1000000
恪,ㄎㄜˋ,1000000
恪,ㄑㄩㄝˋ
恫,ㄉㄨㄥˋ,1000000
恫,ㄊㄨㄥ
恬,ㄊㄧㄢˊ,1000000
恭,ㄍㄨㄥ,1000000
息,ㄒㄧˊ,1000000
恰,ㄑㄧㄚˋ,1000000
恲,ㄆㄥ,1000000
恼,ㄋㄠˇ,1000000
恿,ㄩㄥˇ,1000000
悁,ㄐㄩㄢˋ,1000000
悁,ㄐㄩㄢ
悃,ㄎㄨㄣˇ,1000000
悄,ㄑㄧㄠˇ,1000000
悅,ㄩㄝˋ,1000000
悇,ㄊㄨˊ,1000000
悉,ㄒㄧ,1000000
悌,ㄊㄧˋ,1000000
悍,ㄏㄢˋ,1000000
悒,ㄧˋ,1000000
悔,ㄏㄨㄟˇ,1000000
悕,ㄒㄧ,1000000
悖,ㄅㄟˋ,1000000
悖,ㄅㄛˊ
悗,ㄇㄢˊ,1000000
悗,ㄇㄣˇ
悚,ㄙㄨㄥˇ,1000000
悛,ㄑㄩㄢ,1000000
悝,ㄎㄨㄟ,1000000
悞,ㄨˋ,1000000
悟,ㄨˋ,1000000
悠,ㄧㄡ,1000000
悢,ㄌㄧㄤˋ,1000000
患,ㄏㄨㄢˋ,1000000
悤,ㄘㄨㄥ,1000000
您,ㄋㄧㄣˊ,1000000
悪,ㄜˋ,1000000
悪,ㄜˇ
悪,ㄨ
悪,ㄨˋ
悰,ㄘㄨㄥˊ,1000000
悱,ㄈㄟˇ,1000000
悲,ㄅㄟ,1000000
悴,ㄘㄨㄟˋ,1000000
悵,ㄔㄤˋ,1000000
悶,ㄇㄣˋ,1000000
悶,ㄇㄣ
悷,ㄌㄧˋ,1000000
悸,ㄐㄧˋ,1000000
悻,ㄒㄧㄥˋ,1000000
悼,ㄉㄠˋ,1000000
悽,ㄑㄧ,1000000
悾,ㄎㄨㄥ,1000000
悾,ㄎㄨㄥˇ
惄,ㄋㄧˋ,1000000
情,ㄑㄧㄥˊ,1000000
惆,ㄔㄡˊ,1000000
惇,ㄉㄨㄣ,1000000
惋,ㄨㄢˋ,1000000
惌,ㄩㄢ,1000000
惎,ㄐㄧˋ,1000000
惏,ㄌㄢˊ,1000000
惏,ㄌㄧㄣˊ
惑,ㄏㄨㄛˋ,1000000
惓,ㄑㄩㄢˊ,1000000
惔,ㄊㄢˊ,1000000
惕,ㄊㄧˋ,1000000
惖,ㄊㄧˋ,1000000
惘,ㄨㄤˇ,1000000
惙,ㄔㄨㄛˋ,1000000
惚,ㄏㄨ,1000000
惛,ㄏㄨㄣ,1000000
惛,ㄇㄣˋ
惜,ㄒㄧˊ,1000000
惝,ㄔㄤˇ,1000000
惝,ㄊㄤˇ
惟,ㄨㄟˊ,1000000
惠,ㄏㄨㄟˋ,1000000
惡,ㄜˋ,1000000
惡,ㄜˇ
惡,ㄨ
惡,ㄨˋ
惢,ㄙㄨㄛˇ,1000000
惦,ㄉㄧㄢˋ,1000000
惧,ㄐㄩˋ,1000000
惩,ㄔㄥˊ,1000000
惪,ㄉㄜˊ,1000000
惰,ㄉㄨㄛˋ,1000000
惱,ㄋㄠˇ,1000000
惲,ㄩㄣˋ,1000000
想,ㄒㄧㄤˇ,1000000
惴,ㄓㄨㄟˋ,1000000
惵,ㄉㄧㄝˊ,1000000
惶,ㄏㄨㄤˊ,1000000
惸,ㄑㄩㄥˊ,1000000
惹,ㄖㄜˇ,1000000
惺,ㄒㄧㄥ,1000000
惺,ㄒㄧㄥˇ
惻,ㄘㄜˋ,1000000
惼,ㄅㄧㄢˇ,1000000
惽,ㄇㄣˋ,1000000
惽,ㄏㄨㄣ
惾,ㄗㄨㄥ,1000000
愀,ㄑㄧㄠˇ,1000000
愀,ㄐㄧㄡˇ
愁,ㄔㄡˊ,1000000
愆,ㄑㄧㄢ,1000000
愈,ㄩˋ,1000000
愉,ㄩˊ,1000000
愊,ㄅㄧˋ,1000000
愍,ㄇㄧㄣˇ,1000000
愎,ㄅㄧˋ,1000000
意,ㄧˋ,1000000
愐,ㄇㄧㄢˇ,1000000
愒,ㄎㄞˋ,1000000
愒,ㄑㄧˋ
愓,ㄕㄤ,1000000
愔,ㄧㄣ,1000000
愕,ㄜˋ,1000000
愖,ㄔㄣˊ,1000000
愖,ㄉㄢ
愙,ㄎㄜˋ,1000000
愙,ㄑㄩㄝˋ
愚,ㄩˊ,1000000
愛,ㄞˋ,1000000
愜,ㄑㄧㄝˋ,1000000
愞,ㄋㄨㄛˋ,1000000
感,ㄍㄢˇ,1000000
感,ㄏㄢˋ
愠,ㄩㄣˋ,1000000
愡,ㄗㄨㄥˇ,1000000
愣,ㄌㄥˋ,1000000
愣,ㄌㄥ
愧,ㄎㄨㄟˋ,1000000
愨,ㄑㄩㄝˋ,1000000
愫,ㄙㄨˋ,1000000
愬,ㄙㄨˋ,1000000
愮,ㄧㄠˊ,1000000
愯,ㄙㄨㄥˇ,1000000
愴,ㄔㄨㄤˋ,1000000
愷,ㄎㄞˇ,1000000
愼,ㄕㄣˋ,1000000
愾,ㄎㄞˋ,1000000
愾,ㄒㄧˋ
愿,ㄩㄢˋ,1000000
慁,ㄏㄨㄣˋ,1000000
慄,ㄌㄧˋ,1000000
慅,ㄙㄠ,1000000
慅,ㄘㄠˇ
慆,ㄊㄠ,1000000
慇,ㄧㄣ,1000000
慈,ㄘˊ,1000000
慉,ㄒㄩˋ,1000000
慊,ㄑㄧㄢˋ,1000000
慊,ㄑㄧㄝˋ
態,ㄊㄞˋ,1000000
慌,ㄏㄨㄤ,1000000
慌,˙ㄏㄨㄤ
慍,ㄩㄣˋ,1000000
慎,ㄕㄣˋ,1000000
慓,ㄆㄧㄠˋ,1000000
慕,ㄇㄨˋ,1000000
慘,ㄘㄢˇ,1000000
慙,ㄘㄢˊ,1000000
慚,ㄘㄢˊ,1000000
慝,ㄊㄜˋ,1000000
慞,ㄓㄤ,1000000
慟,ㄊㄨㄥˋ,1000000
慠,ㄠˋ,1000000
慢,ㄇㄢˋ,1000000
慣,ㄍㄨㄢˋ,1000000
慥,ㄗㄠˋ,1000000
慥,ㄘㄠˋ
慧,ㄏㄨㄟˋ,1000000
慨,ㄎㄞˇ,1000000
慨,ㄎㄞˋ
慫,ㄙㄨㄥˇ,1000000
慬,ㄑㄧㄣˊ,1000000
慮,ㄌㄩˋ,1000000
慰,ㄨㄟˋ,1000000
慱,ㄊㄨㄢˊ,1000000
慲,ㄇㄢˊ,1000000
慳,ㄑㄧㄢ,1000000
慴,ㄓㄜˊ,1000000
慵,ㄩㄥ,1000000
慵,ㄩㄥˊ
慶,ㄑㄧㄥˋ,1000000
慷,ㄎㄤ,1000000
慷,ㄎㄤˇ
慺,ㄌㄡˊ,1000000
慺,ㄌㄩˇ
慼,ㄑㄧ,1000000
慽,ㄑㄧ,1000000
慾,ㄩˋ,1000000
憀,ㄌㄧㄠˊ,1000000
憁,ㄗㄨㄥˇ,1000000
憂,ㄧㄡ,1000000
憃,ㄔㄨㄥ,1000000
憇,ㄑㄧˋ,1000000
憊,ㄅㄟˋ,1000000
憋,ㄅㄧㄝ,1000000
憍,ㄐㄧㄠ,1000000
憍,ㄑㄧㄠˊ
憎,ㄗㄥ,1000000
憐,ㄌㄧㄢˊ,1000000
憑,ㄆㄧㄥˊ,1000000
憒,ㄎㄨㄟˋ,1000000
憔,ㄑㄧㄠˊ,1000000
憖,ㄧㄣˋ,1000000
憗,ㄧㄣˋ,1000000
憙,ㄒㄧˇ,1000000
憚,ㄉㄢˋ,1000000
憛,ㄊㄢˊ,1000000
憝,ㄉㄨㄟˋ,1000000
憟,ㄙㄨˋ,1000000
憤,ㄈㄣˋ,1000000
憧,ㄔㄨㄥ,1000000
憨,ㄏㄢ,1000000
憩,ㄑㄧˋ,1000000
憪,ㄒㄧㄢˊ,1000000
憪,ㄒㄧㄢˋ
憫,ㄇㄧㄣˇ,1000000
憬,ㄐㄧㄥˇ,1000000
憮,ㄨˇ,1000000
憯,ㄘㄢˇ,1000000
憱,ㄘㄨˋ,1000000
憲,ㄒㄧㄢˋ,1000000
憶,ㄧˋ,1000000
憸,ㄒㄧㄢ,1000000
憹,ㄋㄠˊ,1000000
憹,ㄋㄨㄥˊ
憺,ㄉㄢˋ,1000000
憾,ㄏㄢˋ,1000000
懁,ㄒㄩㄢ,1000000
懂,ㄉㄨㄥˇ,1000000
懃,ㄑㄧㄣˊ,1000000
懅,ㄐㄩˋ,1000000
懆,ㄘㄠˇ,1000000
懇,ㄎㄣˇ,1000000
懈,ㄒㄧㄝˋ,1000000
應,ㄧㄥ,1000000
應,ㄧㄥˋ
懊,ㄠˋ,1000000
懋,ㄇㄠˋ,1000000
懋,ㄇㄡˋ
懌,ㄧˋ,1000000
懍,ㄌㄧㄣˇ,1000000
懕,ㄧㄢ,1000000
懘,ㄔˋ,1000000
懜,ㄇㄥˇ,1000000
懜,ㄇㄥˊ
懞,ㄇㄥˊ,1000000
懞,ㄇㄥˇ
懟,ㄉㄨㄟˋ,1000000
懠,ㄑㄧˊ,1000000
懣,ㄇㄣˋ,1000000
懤,ㄔㄡˊ,1000000
懥,ㄓˋ,1000000
懦,ㄋㄨㄛˋ,1000000
懨,ㄧㄢ,1000000
懪,ㄅㄛˊ,1000000
懫,ㄓˋ,1000000
懭,ㄎㄨㄤˇ,1000000
懮,ㄧㄡˇ,1000000
懰,ㄌㄧㄡˊ,1000000
懲,ㄔㄥˊ,1000000
懵,ㄇㄥˇ,1000000
懵,ㄇㄥˊ
懶,ㄌㄢˇ,1000000
懷,ㄏㄨㄞˊ,1000000
懸,ㄒㄩㄢˊ,1000000
懹,ㄖㄤˋ,1000000
懺,ㄔㄢˋ,1000000
懻,ㄐㄧˋ,1000000
懼,ㄐㄩˋ,1000000
懽,ㄏㄨㄢ,1000000
懾,ㄓㄜˊ,1000000
懾,ㄕㄜˋ
懿,ㄧˋ,1000000
戀,ㄌㄧㄢˋ,1000000
戁,ㄋㄢˇ,1000000
戃,ㄊㄤˇ,1000000
戄,ㄐㄩㄝˊ,1000000
戅,ㄍㄤˋ,1000000
戅,ㄓㄨㄤˋ
戇,ㄓㄨㄤˋ,1000000
戇,ㄍㄤˋ
戈,ㄍㄜ,1000000
戉,ㄩㄝˋ,1000000
戊,ㄨˋ,1000000
戌,ㄒㄩ,1000000
戍,ㄕㄨˋ,1000000
戎,ㄖㄨㄥˊ,1000000
戏,ㄒㄧˋ,1000000
戏,ㄏㄨ
戏,ㄏㄨㄟ
成,ㄔㄥˊ,1000000
我,ㄨㄛˇ,1000000
我,ㄜˇ
戒,ㄐㄧㄝˋ,1000000
戔,ㄐㄧㄢ,1000000
戕,ㄑㄧㄤˊ,1000000
或,ㄏㄨㄛˋ,1000000
战,ㄓㄢˋ,1000000
戚,ㄑㄧ,1000000
戚,ㄘㄨˋ
戛,ㄐㄧㄚˊ,1000000
戞,ㄐㄧㄚˊ,1000000
戟,ㄐㄧˇ,1000000
戡,ㄎㄢ,1000000
戢,ㄐㄧˊ,1000000
戣,ㄎㄨㄟˊ,1000000
戤,ㄍㄞˋ,1000000
戥,ㄉㄥˇ,1000000
戧,ㄑㄧㄤ,1000000
戧,ㄑㄧㄤˋ
戩,ㄐㄧㄢˇ,1000000
截,ㄐㄧㄝˊ,1000000
戭,ㄧㄢˇ,1000000
戭,ㄧㄣˇ
戮,ㄌㄨˋ,1000000
戰,ㄓㄢˋ,1000000
戱,ㄒㄧˋ,1000000
戱,ㄏㄨ
戱,ㄏㄨㄟ
戲,ㄒㄧˋ,1000000
戲,ㄏㄨ
戲,ㄏㄨㄟ
戳,ㄔㄨㄛ,1000000
戴,ㄉㄞˋ,1000000
戶,ㄏㄨˋ,1000000
户,ㄏㄨˋ,1000000
戹,ㄜˋ,1000000
戼,ㄇㄠˇ,1000000
戽,ㄏㄨˋ,1000000
戾,ㄌㄧˋ,1000000
房,ㄈㄤˊ,1000000
所,ㄙㄨㄛˇ,1000000
扁,ㄅㄧㄢˇ,1000000
扁,ㄆㄧㄢ
扂,ㄉㄧㄢˋ,1000000
扃,ㄐㄩㄥ,1000000
扃,ㄐㄩㄥˇ
扅,ㄧˊ,1000000
扆,ㄧˇ,1000000
扇,ㄕㄢˋ,1000000
扇,ㄕㄢ
扈,ㄏㄨˋ,1000000
扉,ㄈㄟ,1000000
扊,ㄧㄢˇ,1000000
手,ㄕㄡˇ,1000000
才,ㄘㄞˊ,1000000
扎,ㄓㄚ,1000000
扎,ㄓㄚˇ
扎,ㄓㄚˊ
扐,ㄌㄜˋ,1000000
扑,ㄆㄨ,1000000
扒,ㄅㄚ,1000000
扒,ㄆㄚˊ
打,ㄉㄚˇ,1000000
打,ㄉㄚˊ
扔,ㄖㄥ,1000000
扔,ㄖㄥˇ
扔,ㄖㄥˊ
扔,ㄖㄥˋ
托,ㄊㄨㄛ,1000000
扛,ㄎㄤˊ,1000000
扛,ㄍㄤ
扞,ㄏㄢˋ,1000000
扠,ㄔㄚ,1000000
扠,ㄓㄚˇ
扢,ㄒㄧˋ,1000000
扣,ㄎㄡˋ,1000000
扤,ㄨˋ,1000000
扦,ㄑㄧㄢ,1000000
执,ㄓˊ,1000000
扭,ㄋㄧㄡˇ,1000000
扮,ㄅㄢˋ,1000000
扯,ㄔㄜˇ,1000000
扱,ㄒㄧ,1000000
扳,ㄅㄢ,1000000
扳,ㄆㄢ
扵,ㄩˊ,1000000
扵,ㄨ
扶,ㄈㄨˊ,1000000
批,ㄆㄧ,1000000
扺,ㄓˇ,1000000
扼,ㄜˋ,1000000
找,ㄓㄠˇ,1000000
承,ㄔㄥˊ,1000000
技,ㄐㄧˋ,1000000
抃,ㄅㄧㄢˋ,1000000
抄,ㄔㄠ,1000000
抆,ㄨㄣˋ,1000000
抇,ㄏㄨˊ,1000000
抉,ㄐㄩㄝˊ,1000000
把,ㄅㄚˇ,1000000
把,ㄅㄚˋ
把,ㄅㄞˇ
抌,ㄉㄢˇ,1000000
抌,ㄓㄣˇ
抏,ㄨㄢˊ,1000000
抑,ㄧˋ,1000000
抒,ㄕㄨ,1000000
抓,ㄓㄨㄚ,1000000
抓,ㄓㄠ
抓,ㄔㄨㄚˇ
抔,ㄆㄡˊ,1000000
投,ㄊㄡˊ,1000000
抖,ㄉㄡˇ,1000000
抗,ㄎㄤˋ,1000000
折,ㄓㄜˊ,1000000
折,ㄓㄜ
折,ㄕㄜˊ
抛,ㄆㄠ,1000000
抝,ㄠˇ,1000000
抝,ㄋㄧㄡˋ
抝,ㄠˋ
抝,ㄩˋ
报,ㄅㄠˋ,1000000
抨,ㄆㄥ,1000000
披,ㄆㄧ,1000000
披,ㄆㄟ
抬,ㄊㄞˊ,1000000
抱,ㄅㄠˋ,1000000
抴,ㄧㄝˋ,1000000
抵,ㄉㄧˇ,1000000
抵,ㄓˇ
抶,ㄔˋ,1000000
抹,ㄇㄛˇ,1000000
抹,ㄇㄛˋ
抻,ㄕㄣˋ,1000000
抻,ㄔㄣ
押,ㄧㄚ,1000000
押,ㄧㄚˊ
抽,ㄔㄡ,1000000
抿,ㄇㄧㄣˇ,1000000
拂,ㄈㄨˊ,1000000
拂,ㄅㄧˋ
拄,ㄓㄨˇ,1000000
担,ㄉㄢ,1000000
担,ㄉㄢˋ
拆,ㄔㄞ,1000000
拆,ㄔㄜˋ
拇,ㄇㄨˇ,1000000
拈,ㄋㄧㄢˊ,1000000
拈,ㄉㄧㄢ
拈,ㄋㄧㄢˇ
拉,ㄌㄚ,1000000
拊,ㄈㄨˇ,1000000
拋,ㄆㄠ,1000000
拌,ㄅㄢˋ,1000000
拌,ㄆㄢˋ
拍,ㄆㄞ,1000000
拍,ㄅㄛˊ
拍,ㄆㄚ
拍,ㄆㄛˋ
拎,ㄌㄧㄥ,1000000
拏,ㄋㄚˊ,1000000
拐,ㄍㄨㄞˇ,1000000
拑,ㄑㄧㄢˊ,1000000
拒,ㄐㄩˋ,1000000
拓,ㄊㄨㄛˋ,1000000
拓,ㄊㄚˋ
拔,ㄅㄚˊ,1000000
拖,ㄊㄨㄛ,1000000
拗,ㄠˇ,1000000
拗,ㄋㄧㄡˋ
拗,ㄠˋ
拗,ㄩˋ
拘,ㄐㄩ,1000000
拙,ㄓㄨㄛˊ,1000000
拚,ㄆㄢˋ,1000000
招,ㄓㄠ,1000000
招,ㄑㄧㄠˊ
招,ㄕㄠˊ
拜,ㄅㄞˋ,1000000
拫,ㄏㄣˊ,1000000
括,ㄍㄨㄚ,1000000
括,ㄎㄨㄛˋ
拭,ㄕˋ,1000000
拮,ㄐㄧㄝˊ,1000000
拯,ㄓㄥˇ,1000000
拱,ㄍㄨㄥˇ,1000000
拲,ㄍㄨㄥˇ,1000000
拳,ㄑㄩㄢˊ,1000000
拴,ㄕㄨㄢ,1000000
拶,ㄗㄚˊ,1000000
拶,ㄗㄢˇ
拷,ㄎㄠˇ,1000000
拼,ㄆㄧㄣ,1000000
拽,ㄓㄨㄞ,1000000
拽,ㄓㄨㄞˋ
拽,ㄧㄝˋ
拾,ㄕˊ,1000000
拾,ㄕ
拾,ㄕㄜˋ
拿,ㄋㄚˊ,1000000
持,ㄔˊ,1000000
挂,ㄍㄨㄚˋ,1000000
挃,ㄓˊ,1000000
指,ㄓˇ,1000000
挈,ㄑㄧㄝˋ,1000000
按,ㄢˋ,1000000
挋,ㄓㄣˋ,1000000
挌,ㄍㄜˊ,1000000
挐,ㄖㄨˊ,1000000
挐,ㄋㄚˊ
挑,ㄊㄧㄠ,1000000
挑,ㄊㄧㄠˇ
挓,ㄓㄚ,1000000
挖,ㄨㄚ,1000000
挖,ㄨㄚˊ
挛,ㄌㄧㄢˋ,1000000
挛,ㄌㄩㄢˊ
挟,ㄒㄧㄝˊ,1000000
挟,ㄐㄧㄚˊ
挟,ㄒㄧㄚˊ
挡,ㄉㄤˇ,1000000
挨,ㄞ,1000000
挨,ㄞˊ
挪,ㄋㄨㄛˊ,1000000
挫,ㄘㄨㄛˋ,1000000
挬,ㄅㄛˊ,1000000
振,ㄓㄣˋ,1000000
振,ㄓㄣ
挱,˙ㄕㄚ,1000000
挱,˙ㄙㄚ
挱,ㄙㄨㄛ
挲,ㄙㄨㄛ,1000000
挲,˙ㄕㄚ
挲,˙ㄙㄚ
挴,ㄇㄟˇ,1000000
挶,ㄐㄩˊ,1000000
挹,ㄧˋ,1000000
挺,ㄊㄧㄥˇ,1000000
挼,ㄋㄨㄛˊ,1000000
挼,ㄏㄨㄟ
挽,ㄨㄢˇ,1000000
挾,ㄒㄧㄝˊ,1000000
挾,ㄐㄧㄚˊ
挾,ㄒㄧㄚˊ
捂,ㄨˇ,1000000
捃,ㄐㄩㄣˋ,1000000
捄,ㄐㄧㄡˋ,1000000
捅,ㄊㄨㄥˇ,1000000
捆,ㄎㄨㄣˇ,1000000
捉,ㄓㄨㄛ,1000000
捊,ㄆㄡˊ,1000000
捋,ㄌㄩˇ,1000000
捋,ㄌㄜˋ
捋,ㄌㄨㄛ
捌,ㄅㄚ,1000000
捍,ㄏㄢˋ,1000000
捎,ㄕㄠ,1000000
捎,ㄕㄠˋ
捏,ㄋㄧㄝ,1000000
捐,ㄐㄩㄢ,1000000
捔,ㄐㄩㄝˊ,1000000
捔,ㄓㄨㄛˊ
捕,ㄅㄨˇ,1000000
捕,ㄅㄨˋ
捘,ㄗㄨㄣˋ,1000000
捧,ㄆㄥˇ,1000000
捨,ㄕㄜˇ,1000000
捩,ㄌㄧㄝˋ,1000000
捩,ㄌㄧˋ
捫,ㄇㄣˊ,1000000
捭,ㄅㄞˇ,1000000
捭,ㄅㄛˋ
据,ㄐㄩˋ,1000000
据,ㄐㄩ
捯,ㄉㄠˊ,1000000
捱,ㄞˊ,1000000
捲,ㄐㄩㄢˇ,1000000
捴,ㄗㄨㄥˇ,1000000
捵,ㄔㄣ,1000000
捶,ㄔㄨㄟˊ,1000000
捷,ㄐㄧㄝˊ,1000000
捺,ㄋㄚˋ,1000000
捻,ㄋㄧㄢˇ,1000000
捻,ㄋㄧㄝ
捽,ㄗㄨㄛˊ,1000000
捽,ㄗㄨˊ
掀,ㄒㄧㄢ,1000000
掁,ㄔㄥˊ,1000000
掂,ㄉㄧㄢ,1000000
掃,ㄙㄠˇ,1000000
掃,ㄙㄠˋ
掄,ㄌㄨㄣ,1000000
掄,ㄌㄨㄣˊ
掆,ㄍㄤ,1000000
掇,ㄉㄨㄛˊ,1000000
掇,ㄉㄨㄛ
授,ㄕㄡˋ,1000000
掉,ㄉㄧㄠˋ,1000000
掊,ㄆㄡˊ,1000000
掊,ㄆㄡˇ
掌,ㄓㄤˇ,1000000
掎,ㄐㄧˇ,1000000
掏,ㄊㄠ,1000000
掐,ㄑㄧㄚ,1000000
排,ㄆㄞˊ,1000000
排,ㄆㄞˇ
掔,ㄑㄧㄢ,1000000
掖,ㄧㄝ,1000000
掖,ㄧˋ
掖,ㄧㄝˋ
掗,ㄧㄚˋ,1000000
掗,ㄧㄚˇ
掘,ㄐㄩㄝˊ,1000000
掙,ㄓㄥ,1000000
掙,ㄓㄥˋ
掛,ㄍㄨㄚˋ,1000000
掞,ㄕㄢˋ,1000000
掞,ㄧㄢˋ
掠,ㄌㄩㄝˋ,1000000
採,ㄘㄞˇ,1000000
探,ㄊㄢˋ,1000000
探,ㄊㄢ
掣,ㄔㄜˋ,1000000
掤,ㄅㄧㄥ,1000000
接,ㄐㄧㄝ,1000000
控,ㄎㄨㄥˋ,1000000
推,ㄊㄨㄟ,1000000
掩,ㄧㄢˇ,1000000
措,ㄘㄨㄛˋ,1000000
掫,ㄗㄡ,1000000
掬,ㄐㄩˊ,1000000
掭,ㄊㄧㄢˋ,1000000
掮,ㄑㄧㄢˊ,1000000
掯,ㄎㄣˋ,1000000
掰,ㄅㄞ,1000000
掱,ㄕㄡˇ,1000000
掷,ㄓˊ,1000000
掾,ㄩㄢˋ,1000000
掿,ㄋㄨㄛˋ,1000000
揀,ㄐㄧㄢˇ,1000000
揃,ㄐㄧㄢˇ,1000000
揄,ㄩˊ,1000000
揄,ㄧㄠˊ
揄,ㄧㄡˊ
揅,ㄧㄢˊ,1000000
揆,ㄎㄨㄟˊ,1000000
揆,ㄎㄨㄟˇ
揉,ㄖㄡˊ,1000000
揊,ㄅㄧˋ,1000000
揍,ㄗㄡˋ,1000000
揎,ㄒㄩㄢ,1000000
描,ㄇㄧㄠˊ,1000000
提,ㄊㄧˊ,1000000
提,ㄉㄧ
提,ㄕˊ
揑,ㄋㄧㄝ,1000000
插,ㄔㄚ,1000000
揔,ㄗㄨㄥˇ,1000000
揕,ㄓㄣˋ,1000000
揖,ㄧ,1000000
揖,ㄐㄧˊ
揚,ㄧㄤˊ,1000000
換,ㄏㄨㄢˋ,1000000
揜,ㄧㄢˇ,1000000
揞,ㄢˇ,1000000
揟,ㄒㄩ,1000000
揠,ㄧㄚˋ,1000000
握,ㄨㄛˋ,1000000
揢,ㄎㄜˊ,1000000
揣,ㄔㄨㄞˇ,1000000
揩,ㄎㄞ,1000000
揪,ㄐㄧㄡ,1000000
揫,ㄐㄧㄡ,1000000
揭,ㄐㄧㄝ,1000000
揭,ㄑㄧˋ
揮,ㄏㄨㄟ,1000000
揱,ㄒㄧㄠ,1000000
揲,ㄕㄜˊ,1000000
揳,ㄒㄧㄝ,1000000
援,ㄩㄢˊ,1000000
揵,ㄑㄧㄢˊ,1000000
揵,ㄐㄧㄢˋ
揶,ㄧㄝˊ,1000000
揷,ㄔㄚ,1000000
揸,ㄓㄚ,1000000
揹,ㄅㄟ,1000000
搆,ㄍㄡˋ,1000000
搉,ㄑㄩㄝˋ,1000000
搊,ㄔㄡ,1000000
搋,ㄔㄨㄞ,1000000
搌,ㄓㄢˇ,1000000
損,ㄙㄨㄣˇ,1000000
搎,ㄙㄨㄣ,1000000
搏,ㄅㄛˊ,1000000
搐,ㄔㄨˋ,1000000
搐,ㄔㄡ
搓,ㄘㄨㄛ,1000000
搔,ㄙㄠ,1000000
搕,ㄎㄜ,1000000
搖,ㄧㄠˊ,1000000
搗,ㄉㄠˇ,1000000
搘,ㄓ,1000000
搛,ㄐㄧㄢ,1000000
搜,ㄙㄡ,1000000
搞,ㄍㄠˇ,1000000
搠,ㄕㄨㄛˋ,1000000
搡,ㄙㄤˇ,1000000
搢,ㄐㄧㄣˋ,1000000
搤,ㄜˋ,1000000
搥,ㄔㄨㄟˊ,1000000
搦,ㄋㄨㄛˋ,1000000
搧,ㄕㄢ,1000000
搨,ㄊㄚˋ,1000000
搨,ㄊㄚ
搪,ㄊㄤˊ,1000000
搫,ㄆㄢˊ,1000000
搫,ㄆㄛˊ
搬,ㄅㄢ,1000000
搭,ㄉㄚ,1000000
搯,ㄊㄠ,1000000
搰,ㄏㄨˊ,1000000
搳,ㄏㄨㄚˊ,1000000
搳,ㄒㄧㄚˊ
搴,ㄑㄧㄢ,1000000
搵,ㄨㄣˋ,1000000
搶,ㄑㄧㄤˇ,1000000
搶,ㄑㄧㄤ
搶,ㄔㄨㄤˇ
搷,ㄊㄧㄢˊ,1000000
携,ㄒㄧㄝˊ,1000000
携,ㄒㄧ
搽,ㄔㄚˊ,1000000
搽,ㄘㄚ
搾,ㄓㄚˋ,1000000
搿,ㄍㄜˊ,1000000
摀,ㄨˇ,1000000
摁,ㄣˋ,1000000
摆,ㄅㄞˇ,1000000
摈,ㄅㄧㄣˋ,1000000
摊,ㄊㄢ,1000000
摋,ㄙㄚˋ,1000000
摋,ㄕㄚ
摎,ㄐㄧㄡ,1000000
摐,ㄔㄨㄤ,1000000
摑,ㄍㄨㄛˊ,1000000
摒,ㄅㄧㄥˋ,1000000
摓,ㄈㄥˊ,1000000
摔,ㄕㄨㄞ,1000000
摘,ㄓㄞ,1000000
摘,ㄊㄧˋ
摛,ㄔ,1000000
摜,ㄍㄨㄢˋ,1000000
摝,ㄌㄨˋ,1000000
摟,ㄌㄡˇ,1000000
摟,ㄌㄡ
摟,ㄌㄡˊ
摠,ㄗㄨㄥˇ,1000000
摣,ㄓㄚ,1000000
摦,ㄏㄨㄚˋ,1000000
摧,ㄘㄨㄟ,1000000
摩,ㄇㄛˊ,1000000
摩,ㄇㄚ
摭,ㄓˊ,1000000
摯,ㄓˋ,1000000
摰,ㄋㄧㄝˋ,1000000
摲,ㄕㄢˋ,1000000
摳,ㄎㄡ,1000000
摴,ㄕㄨ,1000000
摵,ㄕㄜˋ,1000000
摶,ㄊㄨㄢˊ,1000000
摸,ㄇㄛ,1000000
摸,ㄇㄛˊ
摸,ㄇㄠ
摹,ㄇㄛˊ,1000000
摺,ㄓㄜˊ,1000000
摺,ㄓㄜˇ
摻,ㄘㄢˋ,1000000
摻,ㄔㄢ
摻,ㄕㄢ
摻,ㄕㄢˇ
摽,ㄅㄧㄠ,1000000
摽,ㄅㄧㄠˋ
摽,ㄆㄧㄠˇ
撂,ㄌㄧㄠˋ,1000000
撅,ㄐㄩㄝ,1000000
撆,ㄆㄧㄝ,1000000
撆,ㄆㄧㄝˇ
撇,ㄆㄧㄝ,1000000
撇,ㄆㄧㄝˇ
撈,ㄌㄠ,1000000
撈,ㄌㄠˊ
撋,ㄖㄨㄢˊ,1000000
撏,ㄒㄩㄣˊ,1000000
撐,ㄔㄥ,1000000
撑,ㄔㄥ,1000000
撒,ㄙㄚ,1000000
撒,ㄙㄚˇ
撓,ㄋㄠˊ,1000000
撕,ㄙ,1000000
撕,ㄒㄧ
撖,ㄍㄢˇ,1000000
撙,ㄗㄨㄣˇ,1000000
撚,ㄋㄧㄢˇ,1000000
撜,ㄓㄥˇ,1000000
撜,ㄔㄥˊ
撝,ㄏㄨㄟ,1000000
撞,ㄓㄨㄤˋ,1000000
撞,ㄔㄨㄤˊ
撟,ㄐㄧㄠˇ,1000000
撟,ㄐㄧㄠˋ
撢,ㄉㄢˇ,1000000
撢,ㄊㄢˋ
撣,ㄉㄢˇ,1000000
撣,ㄕㄢˋ
撤,ㄔㄜˋ,1000000
撥,ㄅㄛ,1000000
撦,ㄔㄜˇ,1000000
撧,ㄐㄩㄝ,1000000
撩,ㄌㄧㄠ,1000000
撩,ㄌㄧㄠˊ
撫,ㄈㄨˇ,1000000
撬,ㄑㄧㄠ,1000000
撬,ㄑㄧㄠˋ
播,ㄅㄛˋ,1000000
撮,ㄘㄨㄛ,1000000
撮,ㄗㄨㄛˇ
撮,ㄗㄨㄛˊ
撮,ㄗㄨㄟˋ
撮,ㄘㄨㄛˋ
撰,ㄓㄨㄢˋ,1000000
撲,ㄆㄨ,1000000
撳,ㄑㄧㄣˋ,1000000
撻,ㄊㄚˋ,1000000
撼,ㄏㄢˋ,1000000
撽,ㄑㄧㄠˋ,1000000
撾,ㄓㄨㄚ,1000000
撿,ㄐㄧㄢˇ,1000000
擀,ㄍㄢˇ,1000000
擁,ㄩㄥˇ,1000000
擁,ㄩㄥ
擂,ㄌㄟˊ,1000000
擂,ㄌㄟˋ
擄,ㄌㄨˇ,1000000
擄,ㄌㄨㄛˇ
擅,ㄕㄢˋ,1000000
擇,ㄗㄜˊ,1000000
擇,ㄓㄞˊ
擉,ㄔㄨˋ,1000000
擊,ㄐㄧˊ,1000000
擋,ㄉㄤˇ,1000000
操,ㄘㄠ,1000000
操,ㄘㄠˋ
擎,ㄑㄧㄥˊ,1000000
擐,ㄏㄨㄢˋ,1000000
擒,ㄑㄧㄣˊ,1000000
擔,ㄉㄢ,1000000
擔,ㄉㄢˋ
擕,ㄒㄧㄝˊ,1000000
擕,ㄒㄧ
擗,ㄆㄧˋ,1000000
擘,ㄅㄛˋ,1000000
據,ㄐㄩˋ,1000000
擠,ㄐㄧˇ,1000000
擡,ㄊㄞˊ,1000000
擢,ㄓㄨㄛˊ,1000000
擣,ㄉㄠˇ,1000000
擤,ㄒㄧㄥˇ,1000000
擦,ㄘㄚ,1000000
擧,ㄐㄩˇ,1000000
擨,ㄧㄝˊ,1000000
擩,ㄖㄨˋ,1000000
擪,ㄧㄝˋ,1000000
擫,ㄧㄝˋ,1000000
擬,ㄋㄧˇ,1000000
擭,ㄏㄨㄛˋ,1000000
擯,ㄅㄧㄣˋ,1000000
擰,ㄋㄧㄥˊ,1000000
擰,ㄋㄧㄥˇ
擰,ㄋㄧㄥˋ
擱,ㄍㄜ,1000000
擲,ㄓˊ,1000000
擴,ㄎㄨㄛˋ,1000000
擷,ㄐㄧㄝˊ,1000000
擷,ㄒㄧㄝˊ
擺,ㄅㄞˇ,1000000
擻,ㄙㄡˇ,1000000
擻,ㄙㄡˋ
擾,ㄖㄠˇ,1000000
擿,ㄓˊ,1000000
擿,ㄊㄧˋ
攀,ㄆㄢ,1000000
攂,ㄌㄟˋ,1000000
攂,ㄌㄟˊ
攄,ㄕㄨ,1000000
攆,ㄋㄧㄢˇ,1000000
攈,ㄐㄩㄣˋ,1000000
攉,ㄏㄨㄛˋ,1000000
攏,ㄌㄨㄥˇ,1000000
攔,ㄌㄢˊ,1000000
攕,ㄒㄧㄢ,1000000
攖,ㄧㄥ,1000000
攘,ㄖㄤˇ,1000000
攘,ㄖㄤˊ
攙,ㄔㄢ,1000000
攛,ㄘㄨㄢ,1000000
攜,ㄒㄧㄝˊ,1000000
攜,ㄒㄧ
攝,ㄕㄜˋ,1000000
攝,ㄋㄧㄝˋ
攞,ㄌㄨㄛ,1000000
攟,ㄐㄩㄣˋ,1000000
攠,ㄇㄧˊ,1000000
攢,ㄗㄢˇ,1000000
攢,ㄘㄨㄢˊ
攣,ㄌㄩㄢˊ,1000000
攣,ㄌㄧㄢˋ
攤,ㄊㄢ,1000000
攥,ㄗㄨㄢˋ,1000000
攦,ㄌㄧˋ,1000000
攧,ㄉㄧㄢ,1000000
攩,ㄉㄤˇ,1000000
攪,ㄐㄧㄠˇ,1000000
攪,ㄍㄠˇ
攫,ㄐㄩㄝˊ,1000000
攬,ㄌㄢˇ,1000000
攭,ㄌㄧˋ,1000000
攭,ㄌㄨㄛˇ
攮,ㄋㄤˇ,1000000
支,ㄓ,1000000
攲,ㄑㄧ,1000000
攴,ㄆㄨ,1000000
攵,ㄨㄣˊ,1000000
攵,ㄨㄣˋ
收,ㄕㄡ,1000000
攷,ㄎㄠˇ,1000000
攸,ㄧㄡ,1000000
改,ㄍㄞˇ,1000000
攻,ㄍㄨㄥ,1000000
放,ㄈㄤˋ,1000000
放,ㄈㄤˇ
政,ㄓㄥˋ,1000000
敁,ㄉㄧㄢ,1000000
故,ㄍㄨˋ,1000000
效,ㄒㄧㄠˋ,1000000
敉,ㄇㄧˇ,1000000
敍,ㄒㄩˋ,1000000
敎,ㄐㄧㄠˋ,1000000
敎,ㄐㄧㄠ
敏,ㄇㄧㄣˇ,1000000
救,ㄐㄧㄡˋ,1000000
敓,ㄉㄨㄛˊ,1000000
敔,ㄩˇ,1000000
敕,ㄔˋ,1000000
敖,ㄠˊ,1000000
敖,ㄠˋ
敗,ㄅㄞˋ,1000000
敘,ㄒㄩˋ,1000000
教,ㄐㄧㄠˋ,1000000
教,ㄐㄧㄠ
敜,ㄋㄧㄝˋ,1000000
敝,ㄅㄧˋ,1000000
敞,ㄔㄤˇ,1000000
敢,ㄍㄢˇ,1000000
散,ㄙㄢˋ,1000000
散,ㄙㄢˇ
敦,ㄉㄨㄣ,1000000
敦,ㄉㄨㄟ
敦,ㄉㄨㄟˋ
敦,ㄉㄨㄣˋ
敪,ㄉㄨㄛˊ,1000000
敫,ㄐㄧㄠˋ,1000000
敬,ㄐㄧㄥˋ,1000000
数,ㄕㄨˋ,1000000
数,ㄕㄨˇ
数,ㄕㄨㄛˋ
数,ㄘㄨˋ
数,ㄙㄨˋ
敲,ㄑㄧㄠ,1000000
敳,ㄞˊ,1000000
整,ㄓㄥˇ,1000000
敵,ㄉㄧˊ,1000000
敶,ㄓㄣˋ,1000000
敶,ㄔㄣˊ
敷,ㄈㄨ,1000000
數,ㄕㄨˋ,1000000
數,ㄕㄨˇ
數,ㄕㄨㄛˋ
數,ㄘㄨˋ
數,ㄙㄨˋ
敹,ㄌㄧㄠˊ,1000000
敺,ㄑㄩ,1000000
敺,ㄡ
敻,ㄒㄩㄥˋ,1000000
斀,ㄓㄨㄛˊ,1000000
斁,ㄧˋ,1000000
斁,ㄉㄨˋ
斂,ㄌㄧㄢˋ,1000000
斃,ㄅㄧˋ,1000000
斄,ㄌㄧˊ,1000000
斅,ㄒㄩㄝˊ,1000000
文,ㄨㄣˊ,1000000
文,ㄨㄣˋ
斈,ㄒㄩㄝˊ,1000000
斉,ㄑㄧˊ,1000000
斉,ㄐㄧˋ
斉,ㄓㄞ
斉,ㄗ
斋,ㄓㄞ,1000000
斌,ㄅㄧㄣ,1000000
斍,ㄐㄩㄝˊ,1000000
斍,ㄐㄧㄠˋ
斐,ㄈㄟˇ,1000000
斐,ㄈㄟ
斑,ㄅㄢ,1000000
斒,ㄅㄢ,1000000
斕,ㄌㄢˊ,1000000
斖,ㄨㄟˇ,1000000
斗,ㄉㄡˇ,1000000
料,ㄌㄧㄠˋ,1000000
斚,ㄐㄧㄚˇ,1000000
斛,ㄏㄨˊ,1000000
斜,ㄒㄧㄝˊ,1000000
斜,ㄒㄧㄚˊ
斜,ㄧㄝˊ
斝,ㄐㄧㄚˇ,1000000
斟,ㄓㄣ,1000000
斠,ㄐㄧㄠˋ,1000000
斡,ㄨㄛˋ,1000000
斡,ㄍㄨㄢˇ
斤,ㄐㄧㄣ,1000000
斥,ㄔˋ,1000000
斧,ㄈㄨˇ,1000000
斨,ㄑㄧㄤ,1000000
斫,ㄓㄨㄛˊ,1000000
斬,ㄓㄢˇ,1000000
断,ㄉㄨㄢˋ,1000000
斮,ㄓㄨㄛˊ,1000000
斯,ㄙ,1000000
新,ㄒㄧㄣ,1000000
斲,ㄓㄨㄛˊ,1000000
斵,ㄓㄨㄛˊ,1000000
斶,ㄔㄨˋ,1000000
斷,ㄉㄨㄢˋ,1000000
斸,ㄓㄨˊ,1000000
方,ㄈㄤ,1000000
於,ㄩˊ,1000000
於,ㄨ
施,ㄕ,1000000
施,ㄧˊ
施,ㄧˋ
斾,ㄆㄟˋ,1000000
斿,ㄧㄡˊ,1000000
旁,ㄆㄤˊ,1000000
旁,ㄅㄤˋ
旂,ㄑㄧˊ,1000000
旃,ㄓㄢ,1000000
旄,ㄇㄠˊ,1000000
旄,ㄇㄠˋ
旅,ㄌㄩˇ,1000000
旆,ㄆㄟˋ,1000000
旊,ㄈㄤˇ,1000000
旋,ㄒㄩㄢˊ,1000000
旋,ㄒㄩㄢˋ
旌,ㄐㄧㄥ,1000000
旍,ㄐㄧㄥ,1000000
旎,ㄋㄧˇ,1000000
族,ㄗㄨˊ,1000000
旐,ㄓㄠˋ,1000000
旒,ㄌㄧㄡˊ,1000000
旓,ㄕㄠ,1000000
旖,ㄧˇ,1000000
旗,ㄑㄧˊ,1000000
旛,ㄈㄢ,1000000
旜,ㄓㄢ,1000000
旝,ㄎㄨㄞˋ,1000000
旞,ㄙㄨㄟˋ,1000000
旟,ㄩˊ,1000000
无,ㄨˊ,1000000
无,ㄇㄛˊ
旡,ㄐㄧˋ,1000000
既,ㄐㄧˋ,1000000
旣,ㄐㄧˋ,1000000
旤,ㄏㄨㄛˋ,1000000
日,ㄖˋ,1000000
日,ㄇㄧˋ
旦,ㄉㄢˋ,1000000
旨,ㄓˇ,1000000
早,ㄗㄠˇ,1000000
旬,ㄒㄩㄣˊ,1000000
旭,ㄒㄩˋ,1000000
旮,ㄍㄚ,1000000
旯,ㄌㄚˊ,1000000
旰,ㄍㄢˋ,1000000
旱,ㄏㄢˋ,1000000
旴,ㄒㄩ,1000000
时,ㄕˊ,1000000
旷,ㄎㄨㄤˋ,1000000
旹,ㄕˊ,1000000
旺,ㄨㄤˋ,1000000
旻,ㄇㄧㄣˊ,1000000
旼,ㄇㄧㄣˊ,1000000
旾,ㄔㄨㄣ,1000000
昀,ㄩㄣˊ,1000000
昂,ㄤˊ,1000000
昃,ㄗㄜˋ,1000000
昄,ㄅㄢˇ,1000000
昆,ㄎㄨㄣ,1000000
昇,ㄕㄥ,1000000
昉,ㄈㄤˇ,1000000
昊,ㄏㄠˋ,1000000
昌,ㄔㄤ,1000000
明,ㄇㄧㄥˊ,1000000
昏,ㄏㄨㄣ,1000000
昒,ㄏㄨ,1000000
易,ㄧˋ,1000000
昔,ㄒㄧˊ,1000000
昔,ㄘㄨㄛˋ
昕,ㄒㄧㄣ,1000000
昚,ㄕㄣˋ,1000000
昜,ㄧㄤˊ,1000000
昝,ㄗㄢˇ,1000000
昞,ㄅㄧㄥˇ,1000000
星,ㄒㄧㄥ,1000000
映,ㄧㄥˋ,1000000
昡,ㄒㄩㄢˋ,1000000
春,ㄔㄨㄣ,1000000
昧,ㄇㄟˋ,1000000
昨,ㄗㄨㄛˊ,1000000
昫,ㄒㄩˇ,1000000
昬,ㄏㄨㄣ,1000000
昭,ㄓㄠ,1000000
是,ㄕˋ,1000000
昰,ㄕˋ,1000000
昱,ㄩˋ,1000000
昳,ㄉㄧㄝˊ,1000000
昳,ㄧˋ
昴,ㄇㄠˇ,1000000
昵,ㄋㄧˋ,1000000
昶,ㄔㄤˇ,1000000
昺,ㄅㄧㄥˇ,1000000
昼,ㄓㄡˋ,1000000
晁,ㄔㄠˊ,1000000
時,ㄕˊ,1000000
晃,ㄏㄨㄤˇ,1000000
晃,ㄏㄨㄤˋ
晅,ㄒㄩㄢ,1000000
晈,ㄐㄧㄠˇ,1000000
晉,ㄐㄧㄣˋ,1000000
晋,ㄐㄧㄣˋ,1000000
晌,ㄕㄤˇ,1000000
晏,ㄧㄢˋ,1000000
晒,ㄕㄞˋ,1000000
晙,ㄐㄩㄣˋ,1000000
晚,ㄨㄢˇ,1000000
晛,ㄒㄧㄢˋ,1000000
晜,ㄎㄨㄣ,1000000
晝,ㄓㄡˋ,1000000
晞,ㄒㄧ,1000000
晟,ㄕㄥˋ,1000000
晟,ㄔㄥˊ
晡,ㄅㄨ,1000000
晢,ㄓㄜˊ,1000000
晤,ㄨˋ,1000000
晦,ㄏㄨㄟˋ,1000000
晧,ㄏㄠˋ,1000000
晨,ㄔㄣˊ,1000000
晬,ㄗㄨㄟˋ,1000000
普,ㄆㄨˇ,1000000
景,ㄐㄧㄥˇ,1000000
景,ㄧㄥˇ
晰,ㄒㄧ,1000000
晳,ㄒㄧ,1000000
晴,ㄑㄧㄥˊ,1000000
晶,ㄐㄧㄥ,1000000
晷,ㄍㄨㄟˇ,1000000
智,ㄓˋ,1000000
晻,ㄢˇ,1000000
晻,ㄢˋ
晻,ㄧㄢˇ
晼,ㄨㄢˇ,1000000
晾,ㄌㄧㄤˋ,1000000
暄,ㄒㄩㄢ,1000000
暇,ㄒㄧㄚˊ,1000000
暇,ㄒㄧㄚˋ
暈,ㄩㄣ,1000000
暈,ㄧㄣˋ
暈,ㄩㄣˋ
暉,ㄏㄨㄟ,1000000
暋,ㄇㄧㄣˇ,1000000
暌,ㄎㄨㄟˊ,1000000
暍,ㄏㄜˋ,1000000
暍,ㄧㄝˋ
暎,ㄧㄥˋ,1000000
暐,ㄨㄟˇ,1000000
暑,ㄕㄨˇ,1000000
暖,ㄋㄨㄢˇ,1000000
暖,ㄒㄩㄢ
暗,ㄢˋ,1000000
暘,ㄧㄤˊ,1000000
暝,ㄇㄧㄥˊ,1000000
暝,ㄇㄧㄥˋ
暠,ㄍㄠˇ,1000000
暡,ㄨㄥˇ,1000000
暢,ㄔㄤˋ,1000000
暨,ㄐㄧˋ,1000000
暫,ㄗㄢˋ,1000000
暫,ㄓㄢˋ
暭,ㄏㄠˋ,1000000
暮,ㄇㄨˋ,1000000
暱,ㄋㄧˋ,1000000
暴,ㄅㄠˋ,1000000
暴,ㄆㄨˋ
暵,ㄏㄢˋ,1000000
暹,ㄒㄧㄢ,1000000
暾,ㄊㄨㄣ,1000000
曀,ㄧˋ,1000000
曄,ㄧㄝˋ,1000000
曅,ㄧㄝˋ,1000000
曆,ㄌㄧˋ,1000000
曇,ㄊㄢˊ,1000000
曈,ㄊㄨㄥˊ,1000000
曉,ㄒㄧㄠˇ,1000000
曌,ㄓㄠˋ,1000000
曏,ㄒㄧㄤˋ,1000000
曖,ㄞˋ,1000000
曙,ㄕㄨˋ,1000000
曚,ㄇㄥˊ,1000000
曛,ㄒㄩㄣ,1000000
曜,ㄧㄠˋ,1000000
曜,ㄩㄝˋ
曝,ㄆㄨˋ,1000000
曠,ㄎㄨㄤˋ,1000000
曡,ㄉㄧㄝˊ,1000000
曦,ㄒㄧ,1000000
曨,ㄌㄨㄥˊ,1000000
曩,ㄋㄤˇ,1000000
曬,ㄕㄞˋ,1000000
曭,ㄊㄤˇ,1000000
曰,ㄩㄝ,1000000
曲,ㄑㄩ,1000000
曲,ㄑㄩˇ
曳,ㄧㄝˋ,1000000
曳,ㄧˋ
更,ㄍㄥˋ,1000000
更,ㄍㄥ
更,ㄐㄧㄥ
曶,ㄏㄨ,1000000
曷,ㄏㄜˊ,1000000
書,ㄕㄨ,1000000
曹,ㄘㄠˊ,1000000
曼,ㄇㄢˋ,1000000
曼,ㄨㄢˋ
曾,ㄘㄥˊ,1000000
曾,ㄗㄥ
替,ㄊㄧˋ,1000000
最,ㄗㄨㄟˋ,1000000
會,ㄏㄨㄟˋ,1000000
會,ㄍㄨㄟˋ
會,ㄎㄨㄞˋ
會,ㄏㄨㄟˇ
朅,ㄑㄧㄝˋ,1000000
月,ㄩㄝˋ,1000000
有,ㄧㄡˇ,1000000
有,ㄧㄡˋ
朋,ㄆㄥˊ,1000000
服,ㄈㄨˊ,1000000
朏,ㄈㄟˇ,1000000
朒,ㄋㄩˋ,1000000
朓,ㄊㄧㄠˇ,1000000
朓,ㄊㄧㄠˋ
朔,ㄕㄨㄛˋ,1000000
朕,ㄓㄣˋ,1000000
朗,ㄌㄤˇ,1000000
朘,ㄐㄩㄢ,1000000
朙,ㄇㄧㄥˊ,1000000
望,ㄨㄤˋ,1000000
朝,ㄔㄠˊ,1000000
朝,ㄓㄠ
朞,ㄐㄧ,1000000
朞,ㄑㄧ
朞,ㄑㄧˊ
期,ㄑㄧˊ,1000000
期,ㄐㄧ
期,ㄑㄧ
朣,ㄊㄨㄥˊ,1000000
朦,ㄇㄥˊ,1000000
朧,ㄌㄨㄥˊ,1000000
木,ㄇㄨˋ,1000000
未,ㄨㄟˋ,1000000
末,ㄇㄛˋ,1000000
本,ㄅㄣˇ,1000000
札,ㄓㄚˊ,1000000
朮,ㄓㄨˊ,1000000
术,ㄓㄨˊ,1000000
朱,ㄓㄨ,1000000
朱,ㄕㄨˊ
朴,ㄆㄨˊ,1000000
朴,ㄆㄛˋ
朴,ㄆㄧㄠˊ
朵,ㄉㄨㄛˇ,1000000
朶,ㄉㄨㄛˇ,1000000
朹,ㄑㄧㄡˊ,1000000
机,ㄐㄧ,1000000
机,ㄐㄧˇ
朻,ㄐㄧㄡ,1000000
朽,ㄒㄧㄡˇ,1000000
朾,ㄊㄧㄥ,1000000
朿,ㄘˋ,1000000
权,ㄑㄩㄢˊ,1000000
杅,ㄩˊ,1000000
杆,ㄍㄢ,1000000
杇,ㄨ,1000000
杈,ㄔㄚ,1000000
杈,ㄔㄚˋ
杉,ㄕㄢ,1000000
杉,ㄕㄚ
杌,ㄨˋ,1000000
李,ㄌㄧˇ,1000000
杏,ㄒㄧㄥˋ,1000000
材,ㄘㄞˊ,1000000
村,ㄘㄨㄣ,1000000
杓,ㄅㄧㄠ,1000000
杓,ㄕㄠˊ
杕,ㄉㄧˋ,1000000
杕,ㄉㄨㄛˋ
杖,ㄓㄤˋ,1000000
杗,ㄇㄤˊ,1000000
杘,ㄔ,1000000
杙,ㄧˋ,1000000
杜,ㄉㄨˋ,1000000
杞,ㄑㄧˇ,1000000
束,ㄕㄨˋ,1000000
杠,ㄍㄤ,1000000
杠,ㄍㄤˋ
杪,ㄇㄧㄠˇ,1000000
杬,ㄩㄢˊ,1000000
杬,ㄨㄢˋ
杭,ㄏㄤˊ,1000000
杯,ㄅㄟ,1000000
杰,ㄐㄧㄝˊ,1000000
東,ㄉㄨㄥ,1000000
杲,ㄍㄠˇ,1000000
杳,ㄧㄠˇ,1000000
杴,ㄒㄧㄢ,1000000
杵,ㄔㄨˇ,1000000
杶,ㄔㄨㄣ,1000000
杷,ㄆㄚˊ,1000000
杷,˙ㄅㄚ
杷,˙ㄆㄚ
杻,ㄔㄡˇ,1000000
杻,ㄋㄧㄡˇ
杼,ㄓㄨˋ,1000000
松,ㄙㄨㄥ,1000000
板,ㄅㄢˇ,1000000
构,ㄍㄡ,1000000
枇,ㄆㄧˊ,1000000
枉,ㄨㄤˇ,1000000
枊,ㄤˋ,1000000
枋,ㄈㄤ,1000000
枌,ㄈㄣˊ,1000000
枏,ㄋㄢˊ,1000000
析,ㄒㄧ,1000000
枑,ㄏㄨˋ,1000000
枒,ㄧㄚˊ,1000000
枓,ㄓㄨˇ,1000000
枓,ㄉㄡˇ
枕,ㄓㄣˇ,1000000
枕,ㄓㄣˋ
林,ㄌㄧㄣˊ,1000000
枘,ㄖㄨㄟˋ,1000000
枚,ㄇㄟˊ,1000000
果,ㄍㄨㄛˇ,1000000
枝,ㄓ,1000000
枝,ㄑㄧˊ
枟,ㄊㄢˊ,1000000
枯,ㄎㄨ,1000000
枰,ㄆㄧㄥˊ,1000000
枱,ㄊㄞˊ,1000000
枲,ㄒㄧˇ,1000000
枳,ㄓˇ,1000000
枳,ㄐㄧˇ
枴,ㄍㄨㄞˇ,1000000
枵,ㄒㄧㄠ,1000000
架,ㄐㄧㄚˋ,1000000
枷,ㄐㄧㄚ,1000000
枸,ㄍㄡˇ,1000000
枸,ㄍㄡ
枸,ㄐㄩˇ
枹,ㄅㄠ,1000000
枹,ㄈㄨ
枹,ㄈㄨˊ
枻,ㄧˋ,1000000
柁,ㄉㄨㄛˋ,1000000
柄,ㄅㄧㄥˇ,1000000
柄,ㄅㄧㄥˋ
柅,ㄋㄧˇ,1000000
柈,ㄆㄢˊ,1000000
柈,ㄆㄢˋ
柎,ㄈㄨ,1000000
柏,ㄅㄞˇ,1000000
柏,ㄅㄛˊ
某,ㄇㄡˇ,1000000
柑,ㄍㄢ,1000000
柑,ㄑㄧㄢˊ
柒,ㄑㄧ,1000000
染,ㄖㄢˇ,1000000
柔,ㄖㄡˊ,1000000
柘,ㄓㄜˋ,1000000
柙,ㄒㄧㄚˊ,1000000
柚,ㄧㄡˋ,1000000
柜,ㄍㄨㄟˋ,1000000
柜,ㄐㄩˇ
柝,ㄊㄨㄛˋ,1000000
柞,ㄗㄨㄛˋ,1000000
柞,ㄗㄜˊ
柟,ㄋㄢˊ,1000000
柢,ㄉㄧˇ,1000000
柣,ㄓˊ,1000000
柣,ㄉㄧㄝˊ
查,ㄔㄚˊ,1000000
查,ㄓㄚ
柧,ㄍㄨ,1000000
柩,ㄐㄧㄡˋ,1000000
柬,ㄐㄧㄢˇ,1000000
柮,ㄉㄨㄛˋ,1000000
柯,ㄎㄜ,1000000
柰,ㄋㄞˋ,1000000
柱,ㄓㄨˋ,1000000
柲,ㄅㄧˋ,1000000
柳,ㄌㄧㄡˇ,1000000
柴,ㄔㄞˊ,1000000
柴,ㄓㄞˋ
柵,ㄓㄚˋ,1000000
柵,ㄕㄢˋ
柶,ㄙˋ,1000000
柷,ㄔㄨˋ,1000000
柷,ㄓㄨˋ
柹,ㄕˋ,1000000
柿,ㄕˋ,1000000
栀,ㄓ,1000000
栁,ㄌㄧㄡˇ,1000000
栅,ㄓㄚˋ,1000000
栅,ㄕㄢˋ
标,ㄅㄧㄠ,1000000
标,ㄆㄧㄠˇ
栒,ㄒㄩㄣˊ,1000000
栓,ㄕㄨㄢ,1000000
栔,ㄑㄧˋ,1000000
栖,ㄑㄧ,1000000
栖,ㄒㄧ
栗,ㄌㄧˋ,1000000
栘,ㄧˊ,1000000
栙,ㄒㄧㄤˊ,1000000
栝,ㄍㄨㄚ,1000000
栞,ㄎㄢ,1000000
栟,ㄅㄧㄥ,1000000
栟,ㄆㄧㄥˊ
校,ㄒㄧㄠˋ,1000000
校,ㄐㄧㄠˋ
栢,ㄅㄞˇ,1000000
栢,ㄅㄛˊ
栩,ㄒㄩˇ,1000000
株,ㄓㄨ,1000000
栭,ㄦˊ,1000000
栱,ㄍㄨㄥˇ,1000000
栲,ㄎㄠˇ,1000000
栳,ㄌㄠˇ,1000000
栴,ㄓㄢ,1000000
栵,ㄌㄧˋ,1000000
核,ㄏㄜˊ,1000000
根,ㄍㄣ,1000000
栻,ㄕˋ,1000000
格,ㄍㄜˊ,1000000
栽,ㄗㄞ,1000000
栾,ㄌㄨㄢˊ,1000000
桀,ㄐㄧㄝˊ,1000000
桁,ㄏㄥˊ,1000000
桁,ㄏㄤˊ
桁,ㄏㄤˋ
桂,ㄍㄨㄟˋ,1000000
桃,ㄊㄠˊ,1000000
桄,ㄍㄨㄤ,1000000
桄,ㄍㄨㄤˋ
桅,ㄨㄟˊ,1000000
框,ㄎㄨㄤ,1000000
案,ㄢˋ,1000000
桉,ㄢˋ,1000000
桋,ㄧˊ,1000000
桌,ㄓㄨㄛ,1000000
桎,ㄓˋ,1000000
桐,ㄊㄨㄥˊ,1000000
桑,ㄙㄤ,1000000
桓,ㄏㄨㄢˊ,1000000
桔,ㄐㄩˊ,1000000
桔,ㄐㄧㄝˊ
桚,ㄗㄢˇ,1000000
桚,ㄗㄚˊ
桫,ㄙㄨㄛ,1000000
桮,ㄅㄟ,1000000
桯,ㄊㄧㄥ,1000000
桯,ㄧㄥˊ
桲,ㄅㄛˊ,1000000
桴,ㄈㄨˊ,1000000
桵,ㄖㄨㄟˇ,1000000
桶,ㄊㄨㄥˇ,1000000
桷,ㄐㄩㄝˊ,1000000
桹,ㄌㄤˊ,1000000
桺,ㄌㄧㄡˇ,1000000
桼,ㄑㄧ,1000000
桿,ㄍㄢˇ,1000000
梁,ㄌㄧㄤˊ,1000000
梃,ㄊㄧㄥˇ,1000000
梅,ㄇㄟˊ,1000000
梆,ㄅㄤ,1000000
梏,ㄍㄨˋ,1000000
梐,ㄅㄧˋ,1000000
梒,ㄏㄢˊ,1000000
梓,ㄗˇ,1000000
梔,ㄓ,1000000
梗,ㄍㄥˇ,1000000
梜,ㄐㄧㄚˊ,1000000
梜,ㄐㄧㄝˊ
條,ㄊㄧㄠˊ,1000000
梟,ㄒㄧㄠ,1000000
梠,ㄌㄩˇ,1000000
梡,ㄎㄨㄢˇ,1000000
梢,ㄕㄠ,1000000
梣,ㄔㄣˊ,1000000
梦,ㄇㄥˋ,1000000
梧,ㄨˊ,1000000
梧,ㄨˋ
梨,ㄌㄧˊ,1000000
梩,ㄌㄧˊ,1000000
梭,ㄙㄨㄛ,1000000
梮,ㄐㄩˊ,1000000
梯,ㄊㄧ,1000000
械,ㄒㄧㄝˋ,1000000
械,ㄐㄧㄝˋ
梱,ㄎㄨㄣˇ,1000000
梲,ㄓㄨㄛˊ,1000000
梲,ㄊㄨㄛ
梳,ㄕㄨ,1000000
梵,ㄈㄢˋ,1000000
梹,ㄅㄧㄣ,1000000
梹,ㄅㄧㄥ
棃,ㄌㄧˊ,1000000
棄,ㄑㄧˋ,1000000
棉,ㄇㄧㄢˊ,1000000
棊,ㄑㄧˊ,1000000
棊,ㄐㄧ
棋,ㄑㄧˊ,1000000
棋,ㄐㄧ
棍,ㄍㄨㄣˋ,1000000
棐,ㄈㄟˇ,1000000
棑,ㄈㄟˇ,1000000
棒,ㄅㄤˋ,1000000
棓,ㄅㄤˋ,1000000
棓,ㄆㄡˇ
棕,ㄗㄨㄥ,1000000
棖,ㄔㄥˊ,1000000
棗,ㄗㄠˇ,1000000
棘,ㄐㄧˊ,1000000
棚,ㄆㄥˊ,1000000
棜,ㄩˋ,1000000
棟,ㄉㄨㄥˋ,1000000
棠,ㄊㄤˊ,1000000
棣,ㄉㄧˋ,1000000
棣,ㄊㄧˋ
棧,ㄓㄢˋ,1000000
棨,ㄑㄧˇ,1000000
棫,ㄩˋ,1000000
棬,ㄑㄩㄢ,1000000
森,ㄙㄣ,1000000
棰,ㄔㄨㄟˊ,1000000
棱,ㄌㄥˊ,1000000
棲,ㄑㄧ,1000000
棲,ㄒㄧ
棵,ㄎㄜ,1000000
棶,ㄌㄞˊ,1000000
棷,ㄗㄡ,1000000
棸,ㄗㄡ,1000000
棹,ㄓㄠˋ,1000000
棹,ㄓㄨㄛ
棺,ㄍㄨㄢ,1000000
棻,ㄈㄣ,1000000
棼,ㄈㄣˊ,1000000
棽,ㄕㄣ,1000000
椀,ㄨㄢˇ,1000000
椄,ㄐㄧㄝ,1000000
椅,ㄧˇ,1000000
椅,ㄧ
椇,ㄐㄩˇ,1000000
椈,ㄐㄩˊ,1000000
椌,ㄑㄧㄤ,1000000
植,ㄓˊ,1000000
椎,ㄓㄨㄟ,1000000
椎,ㄔㄨㄟˊ
椏,ㄧㄚ,1000000
椐,ㄐㄩ,1000000
椑,ㄅㄟ,1000000
椑,ㄆㄧˊ
椒,ㄐㄧㄠ,1000000
椓,ㄓㄨㄛˊ,1000000
椔,ㄗ,1000000
椘,ㄔㄨˇ,1000000
椪,ㄆㄥˋ,1000000
椰,ㄧㄝˊ,1000000
椳,ㄨㄟ,1000000
椶,ㄗㄨㄥ,1000000
椷,ㄐㄧㄢ,1000000
椸,ㄧˊ,1000000
椹,ㄕㄣˋ,1000000
椹,ㄓㄣ
椽,ㄔㄨㄢˊ,1000000
椿,ㄔㄨㄣ,1000000
楂,ㄓㄚ,1000000
楂,ㄔㄚˊ
楄,ㄆㄧㄢˊ,1000000
楄,ㄅㄧㄢ
楅,ㄈㄨˊ,1000000
楅,ㄅㄧˋ
楈,ㄒㄩ,1000000
楊,ㄧㄤˊ,1000000
楎,ㄏㄨㄣˊ,1000000
楓,ㄈㄥ,1000000
楔,ㄒㄧㄝˋ,1000000
楔,ㄒㄧㄝ
楖,ㄐㄧㄝˊ,1000000
楖,ㄐㄧˊ
楗,ㄐㄩㄢˋ,1000000
楙,ㄇㄠˋ,1000000
楙,ㄇㄡˋ
楚,ㄔㄨˇ,1000000
楛,ㄏㄨˋ,1000000
楛,ㄎㄨˇ
楝,ㄌㄧㄢˋ,1000000
楞,ㄌㄥˊ,1000000
楞,ㄌㄥˋ
楠,ㄋㄢˊ,1000000
楢,ㄧㄡˊ,1000000
楣,ㄇㄟˊ,1000000
楥,ㄒㄩㄢˋ,1000000
楦,ㄒㄩㄢˋ,1000000
楨,ㄓㄣ,1000000
楩,ㄆㄧㄢˊ,1000000
楪,ㄉㄧㄝˊ,1000000
楫,ㄐㄧˊ,1000000
楬,ㄐㄧㄝˊ,1000000
楬,ㄑㄧㄚˋ
業,ㄧㄝˋ,1000000
業,ㄋㄧㄝˋ
楮,ㄔㄨˇ,1000000
楯,ㄕㄨㄣˇ,1000000
楰,ㄩˊ,1000000
楱,ㄘㄡˋ,1000000
楳,ㄇㄟˊ,1000000
極,ㄐㄧˊ,1000000
楶,ㄐㄧㄝˊ,1000000
楷,ㄎㄞˇ,1000000
楸,ㄑㄧㄡ,1000000
楹,ㄧㄥˊ,1000000
楼,ㄌㄡˊ,1000000
概,ㄍㄞˋ,1000000
榆,ㄩˊ,1000000
榑,ㄈㄨˊ,1000000
榔,ㄌㄤˊ,1000000
榕,ㄖㄨㄥˊ,1000000
榖,ㄍㄨˇ,1000000
榘,ㄐㄩˇ,1000000
榛,ㄓㄣ,1000000
榜,ㄅㄤˇ,1000000
榜,ㄅㄥˋ
榣,ㄧㄠˊ,1000000
榤,ㄐㄧㄝˊ,1000000
榦,ㄍㄢˋ,1000000
榦,ㄏㄢˊ
榧,ㄈㄟˇ,1000000
榨,ㄓㄚˋ,1000000
榫,ㄙㄨㄣˇ,1000000
榭,ㄒㄧㄝˋ,1000000
榮,ㄖㄨㄥˊ,1000000
榰,ㄓ,1000000
榱,ㄘㄨㄟ,1000000
榴,ㄌㄧㄡˊ,1000000
榶,ㄊㄤˊ,1000000
榷,ㄑㄩㄝˋ,1000000
榻,ㄊㄚˋ,1000000
榼,ㄎㄜˋ,1000000
榾,ㄍㄨˇ,1000000
榿,ㄑㄧ,1000000
槀,ㄍㄠˇ,1000000
槁,ㄍㄠˇ,1000000
槃,ㄆㄢˊ,1000000
槅,ㄍㄜˊ,1000000
槊,ㄕㄨㄛˋ,1000000
構,ㄍㄡˋ,1000000
槌,ㄔㄨㄟˊ,1000000
槍,ㄑㄧㄤ,1000000
槍,ㄔㄥ
槎,ㄔㄚˊ,1000000
槐,ㄏㄨㄞˊ,1000000
槑,ㄇㄟˊ,1000000
槓,ㄍㄤˋ,1000000
槔,ㄍㄠ,1000000
槕,ㄓㄨㄛ,1000000
槖,ㄊㄨㄛˊ,1000000
槤,ㄌㄧㄢˊ,1000000
槥,ㄏㄨㄟˋ,1000000
槧,ㄑㄧㄢˋ,1000000
槨,ㄍㄨㄛˇ,1000000
槩,ㄍㄞˋ,1000000
槪,ㄍㄞˋ,1000000
槬,ㄏㄨㄚˋ,1000000
槭,ㄘㄨˋ,1000000
槮,ㄙㄣ,1000000
槮,ㄙㄢˇ
槱,ㄧㄡˇ,1000000
槲,ㄏㄨˊ,1000000
槳,ㄐㄧㄤˇ,1000000
槹,ㄍㄠ,1000000
槻,ㄍㄨㄟ,1000000
槼,ㄍㄨㄟ,1000000
槽,ㄘㄠˊ,1000000
槿,ㄐㄧㄣˇ,1000000
樀,ㄉㄧˊ,1000000
樁,ㄓㄨㄤ,1000000
樂,ㄌㄜˋ,1000000
樂,ㄌㄠˋ
樂,ㄧㄠˋ
樂,ㄩㄝˋ
樅,ㄘㄨㄥ,1000000
樊,ㄈㄢˊ,1000000
樐,ㄌㄨˇ,1000000
樑,ㄌㄧㄤˊ,1000000
樓,ㄌㄡˊ,1000000
樔,ㄔㄠˊ,1000000
樕,ㄙㄨˋ,1000000
樗,ㄕㄨ,1000000
標,ㄅㄧㄠ,1000000
標,ㄆㄧㄠˇ
樛,ㄐㄧㄡ,1000000
樝,ㄓㄚ,1000000
樞,ㄕㄨ,1000000
樟,ㄓㄤ,1000000
樠,ㄇㄢˊ,1000000
模,ㄇㄛˊ,1000000
模,ㄇㄨˊ
樣,ㄧㄤˋ,1000000
樣,ㄒㄧㄤˋ
樨,ㄒㄧ,1000000
樨,ㄒㄩ
樲,ㄦˋ,1000000
樴,ㄓˊ,1000000
樵,ㄑㄧㄠˊ,1000000
樷,ㄘㄨㄥˊ,1000000
樷,ㄘㄨㄥ
樸,ㄆㄨˊ,1000000
樹,ㄕㄨˋ,1000000
樺,ㄏㄨㄚˋ,1000000
樽,ㄗㄨㄣ,1000000
樾,ㄩㄝˋ,1000000
樿,ㄕㄢˋ,1000000
樿,ㄓㄢˇ
橄,ㄍㄢˇ,1000000
橇,ㄑㄧㄠ,1000000
橈,ㄋㄠˊ,1000000
橋,ㄑㄧㄠˊ,1000000
橐,ㄊㄨㄛˊ,1000000
橑,ㄌㄠˇ,1000000
橕,ㄔㄥ,1000000
橘,ㄐㄩˊ,1000000
橙,ㄔㄥˊ,1000000
橚,ㄙㄨˋ,1000000
橛,ㄐㄩㄝˊ,1000000
橜,ㄐㄩㄝˊ,1000000
機,ㄐㄧ,1000000
橡,ㄒㄧㄤˋ,1000000
橢,ㄊㄨㄛˇ,1000000
橤,ㄖㄨㄟˇ,1000000
橦,ㄊㄨㄥˊ,1000000
橦,ㄔㄨㄤˊ
橦,ㄔㄨㄥ
橧,ㄗㄥ,1000000
橪,ㄖㄢˇ,1000000
橫,ㄏㄥˊ,1000000
橫,ㄏㄥˋ
橿,ㄐㄧㄤ,1000000
檀,ㄊㄢˊ,1000000
檃,ㄧㄣˇ,1000000
檄,ㄒㄧˊ,1000000
檇,ㄗㄨㄟˋ,1000000
檉,ㄔㄥ,1000000
檍,ㄧˋ,1000000
檎,ㄑㄧㄣˊ,1000000
檐,ㄧㄢˊ,1000000
檑,ㄌㄟˊ,1000000
檔,ㄉㄤˇ,1000000
檔,ㄉㄤˋ
檕,ㄐㄧˋ,1000000
檖,ㄙㄨㄟˋ,1000000
檛,ㄓㄨㄚ,1000000
檜,ㄎㄨㄞˋ,1000000
檜,ㄍㄨㄟˋ
檝,ㄐㄧˊ,1000000
檞,ㄐㄧㄝˇ,1000000
檟,ㄐㄧㄚˇ,1000000
檠,ㄑㄧㄥˊ,1000000
檢,ㄐㄧㄢˇ,1000000
檣,ㄑㄧㄤˊ,1000000
檥,ㄧˇ,1000000
檬,ㄇㄥˊ,1000000
檮,ㄊㄠˊ,1000000
檯,ㄊㄞˊ,1000000
檳,ㄅㄧㄣ,1000000
檳,ㄅㄧㄥ
檸,ㄋㄧㄥˊ,1000000
檻,ㄎㄢˇ,1000000
檻,ㄐㄧㄢˋ
檽,ㄋㄡˋ,1000000
檿,ㄧㄢˇ,1000000
櫂,ㄓㄠˋ,1000000
櫃,ㄍㄨㄟˋ,1000000
櫆,ㄎㄨㄟˊ,1000000
櫈,ㄉㄥˋ,1000000
櫋,ㄇㄧㄢˊ,1000000
櫌,ㄧㄡ,1000000
櫓,ㄌㄨˇ,1000000
櫚,ㄌㄩˊ,1000000
櫛,ㄐㄧㄝˊ,1000000
櫜,ㄍㄠ,1000000
櫝,ㄉㄨˊ,1000000
櫞,ㄩㄢˊ,1000000
櫟,ㄌㄧˋ,1000000
櫥,ㄔㄨˊ,1000000
櫧,ㄓㄨ,1000000
櫨,ㄌㄨˊ,1000000
櫪,ㄌㄧˋ,1000000
櫫,ㄓㄨ,1000000
櫬,ㄔㄣˋ,1000000
櫰,ㄏㄨㄞˊ,1000000
櫱,ㄋㄧㄝˋ,1000000
櫳,ㄌㄨㄥˊ,1000000
櫸,ㄐㄩˇ,1000000
櫺,ㄌㄧㄥˊ,1000000
櫻,ㄧㄥ,1000000
櫼,ㄐㄧㄢ,1000000
欂,ㄅㄛˊ,1000000
欃,ㄔㄢˊ,1000000
欄,ㄌㄢˊ,1000000
欇,ㄕㄜˋ,1000000
權,ㄑㄩㄢˊ,1000000
欐,ㄌㄧˋ,1000000
欑,ㄘㄨㄢˊ,1000000
欒,ㄌㄨㄢˊ,1000000
欖,ㄌㄢˇ,1000000
欙,ㄌㄟˇ,1000000
欝,ㄩˋ,1000000
欞,ㄌㄧㄥˊ,1000000
欠,ㄑㄧㄢˋ,1000000
次,ㄘˋ,1000000
次,ㄗ
欢,ㄏㄨㄢ,1000000
欣,ㄒㄧㄣ,1000000
欤,ㄩˊ,1000000
欥,ㄩˋ,1000000
欨,ㄒㄩ,1000000
欬,ㄎㄞˋ,1000000
欬,ㄎㄜˊ
欭,ㄧㄣ,1000000
欲,ㄩˋ,1000000
欵,ㄎㄨㄢˇ,1000000
欶,ㄕㄨㄛˋ,1000000
欶,ㄙㄡˋ
欷,ㄒㄧ,1000000
欸,ㄞˇ,1000000
欸,ㄞ
欸,ㄟˋ
欹,ㄧ,1000000
欺,ㄑㄧ,1000000
欻,ㄔㄨㄚ,1000000
欻,ㄏㄨ
欻,ㄒㄩˋ
欽,ㄑㄧㄣ,1000000
款,ㄎㄨㄢˇ,1000000
欿,ㄎㄢˇ,1000000
歀,ㄎㄨㄢˇ,1000000
歂,ㄔㄨㄢˊ,1000000
歂,ㄔㄨㄢˇ
歃,ㄕㄚˋ,1000000
歆,ㄒㄧㄣ,1000000
歇,ㄒㄧㄝ,1000000
歈,ㄩˊ,1000000
歉,ㄑㄧㄢˋ,1000000
歊,ㄒㄧㄠ,1000000
歋,ㄧㄝˊ,1000000
歌,ㄍㄜ,1000000
歍,ㄨ,1000000
歎,ㄊㄢˋ,1000000
歐,ㄡ,1000000
歐,ㄡˇ
歑,ㄏㄨ,1000000
歔,ㄒㄩ,1000000
歕,ㄆㄣ,1000000
歕,ㄆㄣˋ
歗,ㄒㄧㄠˋ,1000000
歘,ㄔㄨㄚ,1000000
歘,ㄏㄨ
歘,ㄒㄩˋ
歙,ㄕㄜˋ,1000000
歙,ㄒㄧˋ
歛,ㄌㄧㄢˋ,1000000
歜,ㄔㄨˋ,1000000
歟,ㄩˊ,1000000
歠,ㄔㄨㄛˋ,1000000
歡,ㄏㄨㄢ,1000000
止,ㄓˇ,1000000
正,ㄓㄥˋ,1000000
正,ㄓㄥ
此,ㄘˇ,1000000
步,ㄅㄨˋ,1000000
武,ㄨˇ,1000000
歧,ㄑㄧˊ,1000000
歪,ㄨㄞ,1000000
歪,ㄨㄞˇ
歫,ㄐㄩˋ,1000000
歭,ㄔˊ,1000000
歱,ㄓㄨㄥˇ,1000000
歲,ㄙㄨㄟˋ,1000000
歷,ㄌㄧˋ,1000000
歸,ㄍㄨㄟ,1000000
歸,ㄎㄨㄟˋ
歹,ㄉㄞˇ,1000000
歹,ㄜˋ
歺,ㄜˋ,1000000
歺,ㄉㄞˇ
死,ㄙˇ,1000000
歾,ㄇㄛˋ,1000000
歿,ㄇㄛˋ,1000000
殀,ㄧㄠˇ,1000000
殂,ㄘㄨˊ,1000000
殃,ㄧㄤ,1000000
殄,ㄊㄧㄢˇ,1000000
殆,ㄉㄞˋ,1000000
殈,ㄒㄩˋ,1000000
殉,ㄒㄩㄣˋ,1000000
殊,ㄕㄨ,1000000
殍,ㄆㄧㄠˇ,1000000
殑,ㄑㄧㄥˊ,1000000
殖,ㄓˊ,1000000
殗,ㄧㄝˋ,1000000
殘,ㄘㄢˊ,1000000
殙,ㄏㄨㄣ,1000000
殛,ㄐㄧˊ,1000000
殜,ㄧㄝˋ,1000000
殞,ㄩㄣˇ,1000000
殟,ㄨㄚˋ,1000000
殠,ㄔㄡˋ,1000000
殠,ㄒㄧㄡˋ
殡,ㄅㄧㄣˋ,1000000
殢,ㄊㄧˋ,1000000
殣,ㄐㄧㄣˇ,1000000
殣,ㄐㄧㄣˋ
殤,ㄕㄤ,1000000
殥,ㄧㄣˊ,1000000
殪,ㄧˋ,1000000
殫,ㄉㄢ,1000000
殭,ㄐㄧㄤ,1000000
殮,ㄌㄧㄢˋ,1000000
殯,ㄅㄧㄣˋ,1000000
殰,ㄉㄨˊ,1000000
殲,ㄐㄧㄢ,1000000
殳,ㄕㄨ,1000000
段,ㄉㄨㄢˋ,1000000
殷,ㄧㄣ,1000000
殷,ㄧㄢ
殷,ㄧㄣˇ
殹,ㄧ,1000000
殺,ㄕㄚ,1000000
殺,ㄕㄚˋ
殺,ㄕㄞˋ
殼,ㄎㄜˊ,1000000
殼,ㄑㄧㄠˋ
殼,ㄑㄩㄝˋ
殽,ㄧㄠˊ,1000000
殿,ㄉㄧㄢˋ,1000000
毀,ㄏㄨㄟˇ,1000000
毄,ㄐㄧˊ,1000000
毅,ㄧˋ,1000000
毆,ㄡ,1000000
毈,ㄉㄨㄢˋ,1000000
毉,ㄧ,1000000
毋,ㄨˊ,1000000
毌,ㄍㄨㄢˋ,1000000
母,ㄇㄨˇ,1000000
每,ㄇㄟˇ,1000000
毐,ㄞˇ,1000000
毒,ㄉㄨˊ,1000000
毓,ㄩˋ,1000000
比,ㄅㄧˇ,1000000
比,ㄅㄧˋ
比,ㄆㄧˊ
毖,ㄅㄧˋ,1000000
毗,ㄆㄧˊ,1000000
毘,ㄆㄧˊ,1000000
毚,ㄔㄢˊ,1000000
毛,ㄇㄠˊ,1000000
毡,ㄓㄢ,1000000
毣,ㄇㄠˋ,1000000
毧,ㄖㄨㄥˊ,1000000
毨,ㄒㄧㄢˇ,1000000
毫,ㄏㄠˊ,1000000
毬,ㄑㄧㄡˊ,1000000
毯,ㄊㄢˇ,1000000
毰,ㄆㄟˊ,1000000
毲,ㄉㄨㄛˊ,1000000
毳,ㄘㄨㄟˋ,1000000
毷,ㄇㄠˋ,1000000
毸,ㄙㄞ,1000000
毹,ㄩˊ,1000000
毹,ㄕㄨ
毽,ㄐㄧㄢˋ,1000000
毾,ㄊㄚˋ,1000000
毿,ㄙㄢ,1000000
氀,ㄌㄩˊ,1000000
氁,ㄇㄨˊ,1000000
氂,ㄌㄧˊ,1000000
氂,ㄇㄠˊ
氃,ㄊㄨㄥˊ,1000000
氄,ㄖㄨㄥˇ,1000000
氅,ㄔㄤˇ,1000000
氈,ㄓㄢ,1000000
氉,ㄗㄠˋ,1000000
氊,ㄓㄢ,1000000
氋,ㄇㄥˊ,1000000
氍,ㄑㄩˊ,1000000
氏,ㄕˋ,1000000
氏,ㄓ
氐,ㄉㄧ,1000000
氐,ㄉㄧˇ
民,ㄇㄧㄣˊ,1000000
氓,ㄇㄤˊ,1000000
氓,ㄇㄥˊ
气,ㄑㄧˋ,1000000
氕,ㄆㄧㄝ,1000000
氖,ㄋㄞˇ,1000000
氘,ㄉㄠ,1000000
氙,ㄒㄧㄢ,1000000
氚,ㄔㄨㄢ,1000000
氛,ㄈㄣ,1000000
氟,ㄈㄨˊ,1000000
氠,ㄕㄣ,1000000
氡,ㄉㄨㄥ,1000000
氣,ㄑㄧˋ,1000000
氤,ㄧㄣ,1000000
氥,ㄒㄧ,1000000
氦,ㄏㄞˋ,1000000
氧,ㄧㄤˇ,1000000
氨,ㄢ,1000000
氪,ㄎㄜˋ,1000000
氫,ㄑㄧㄥ,1000000
氬,ㄧㄚˇ,1000000
氮,ㄉㄢˋ,1000000
氯,ㄌㄩˋ,1000000
氯,ㄌㄨˋ
氰,ㄑㄧㄥ,1000000
氳,ㄩㄣ,1000000
水,ㄕㄨㄟˇ,1000000
氷,ㄅㄧㄥ,1000000
永,ㄩㄥˇ,1000000
氾,ㄈㄢˋ,1000000
氾,ㄈㄢˊ
氿,ㄍㄨㄟˇ,1000000
汀,ㄊㄧㄥ,1000000
汁,ㄓ,1000000
求,ㄑㄧㄡˊ,1000000
汃,ㄅㄧㄣ,1000000
汃,ㄆㄚˋ
汆,ㄘㄨㄢ,1000000
汆,ㄊㄨㄣˇ
汊,ㄔㄚˋ,1000000
汋,ㄓㄨㄛˊ,1000000
汍,ㄨㄢˊ,1000000
汎,ㄈㄢˋ,1000000
汏,ㄉㄞˋ,1000000
汐,ㄒㄧˋ,1000000
汒,ㄇㄤˊ,1000000
汔,ㄑㄧˋ,1000000
汕,ㄕㄢˋ,1000000
汗,ㄏㄢˋ,1000000
汗,ㄏㄢˊ
汙,ㄨ,1000000
汙,ㄨˋ
汙,ㄨㄚ
汙,ㄩ
汙,ㄩˊ
汚,ㄨ,1000000
汚,ㄨˋ
汚,ㄨㄚ
汚,ㄩ
汚,ㄩˊ
汛,ㄒㄩㄣˋ,1000000
汜,ㄙˋ,1000000
汝,ㄖㄨˇ,1000000
汞,ㄍㄨㄥˇ,1000000
江,ㄐㄧㄤ,1000000
池,ㄔˊ,1000000
汧,ㄑㄧㄢ,1000000
汨,ㄇㄧˋ,1000000
汩,ㄍㄨˇ,1000000
汩,ㄩˋ
汪,ㄨㄤ,1000000
汭,ㄖㄨㄟˋ,1000000
汰,ㄊㄞˋ,1000000
汲,ㄐㄧˊ,1000000
汴,ㄅㄧㄢˋ,1000000
汶,ㄨㄣˋ,1000000
汸,ㄆㄤ,1000000
汹,ㄒㄩㄥ,1000000
決,ㄐㄩㄝˊ,1000000
汽,ㄑㄧˋ,1000000
汾,ㄈㄣˊ,1000000
沁,ㄑㄧㄣˋ,1000000
沂,ㄧˊ,1000000
沃,ㄨㄛˋ,1000000
沃,ㄨˋ
沄,ㄩㄣˊ,1000000
沅,ㄩㄢˊ,1000000
沆,ㄏㄤˋ,1000000
沆,ㄏㄤˊ
沇,ㄧㄢˇ,1000000
沈,ㄕㄣˇ,1000000
沈,ㄔㄣˊ
沉,ㄔㄣˊ,1000000
沋,ㄧㄡˊ,1000000
沌,ㄉㄨㄣˋ,1000000
沍,ㄏㄨˋ,1000000
沏,ㄑㄧ,1000000
沏,ㄑㄩ
沐,ㄇㄨˋ,1000000
沒,ㄇㄟˊ,1000000
沒,ㄇㄛˋ
沓,ㄊㄚˋ,1000000
沔,ㄇㄧㄢˇ,1000000
沕,ㄨˋ,1000000
沖,ㄔㄨㄥ,1000000
沘,ㄅㄧˇ,1000000
沙,ㄕㄚ,1000000
沚,ㄓˇ,1000000
沛,ㄆㄟˋ,1000000
没,ㄇㄟˊ,1000000
没,ㄇㄛˋ
沪,ㄏㄨˋ,1000000
沫,ㄇㄛˋ,1000000
沬,ㄇㄟˋ,1000000
沭,ㄕㄨˋ,1000000
沮,ㄐㄩˇ,1000000
沮,ㄐㄩ
沮,ㄐㄩˋ
沱,ㄊㄨㄛˊ,1000000
河,ㄏㄜˊ,1000000
沴,ㄌㄧˋ,1000000
沷,ㄈㄨˊ,1000000
沸,ㄈㄟˋ,1000000
沸,ㄈㄨˊ
油,ㄧㄡˊ,1000000
治,ㄓˋ,1000000
治,ㄔˊ
沼,ㄓㄠˇ,1000000
沽,ㄍㄨ,1000000
沾,ㄓㄢ,1000000
沿,ㄧㄢˊ,1000000
沿,ㄧㄢˋ
況,ㄎㄨㄤˋ,1000000
泂,ㄐㄩㄥˇ,1000000
泄,ㄒㄧㄝˋ,1000000
泄,ㄧˋ
泅,ㄑㄧㄡˊ,1000000
泆,ㄧˋ,1000000
泉,ㄑㄩㄢˊ,1000000
泊,ㄅㄛˊ,1000000
泊,ㄆㄛˋ
泌,ㄇㄧˋ,1000000
泌,ㄅㄧˋ
泐,ㄌㄜˋ,1000000
泓,ㄏㄨㄥˊ,1000000
泔,ㄍㄢ,1000000
法,ㄈㄚˇ,1000000
法,ㄈㄚ
法,ㄈㄚˊ
泖,ㄇㄠˇ,1000000
泗,ㄙˋ,1000000
泙,ㄆㄥ,1000000
泚,ㄘˇ,1000000
泛,ㄈㄢˋ,1000000
泛,ㄈㄥˇ
泜,ㄔˊ,1000000
泝,ㄙㄨˋ,1000000
泠,ㄌㄧㄥˊ,1000000
泡,ㄆㄠˋ,1000000
泡,ㄆㄠ
波,ㄅㄛ,1000000
波,ㄆㄛ
泣,ㄑㄧˋ,1000000
泥,ㄋㄧˊ,1000000
泥,ㄋㄧˋ
注,ㄓㄨˋ,1000000
泪,ㄌㄟˋ,1000000
泫,ㄒㄩㄢˋ,1000000
泬,ㄒㄩㄝˋ,1000000
泭,ㄈㄨˊ,1000000
泮,ㄆㄢˋ,1000000
泯,ㄇㄧㄣˇ,1000000
泰,ㄊㄞˋ,1000000
泱,ㄧㄤ,1000000
泲,ㄐㄧˇ,1000000
泳,ㄩㄥˇ,1000000
泵,ㄅㄥˋ,1000000
洄,ㄏㄨㄟˊ,1000000
洊,ㄐㄧㄢˋ,1000000
洋,ㄧㄤˊ,1000000
洌,ㄌㄧㄝˋ,1000000
洎,ㄐㄧˋ,1000000
洏,ㄦˊ,1000000
洑,ㄈㄨˊ,1000000
洒,ㄙㄚˇ,1000000
洒,ㄒㄧˇ
洒,ㄒㄧㄢˇ
洒,ㄘㄨㄟˇ
洗,ㄒㄧˇ,1000000
洗,ㄒㄧㄢˇ
洙,ㄓㄨ,1000000
洙,ㄕㄨ
洚,ㄐㄧㄤˋ,1000000
洛,ㄌㄨㄛˋ,1000000
洞,ㄉㄨㄥˋ,1000000
洞,ㄊㄨㄥˊ
洟,ㄧˊ,1000000
津,ㄐㄧㄣ,1000000
洧,ㄨㄟˇ,1000000
洨,ㄒㄧㄠˊ,1000000
洩,ㄒㄧㄝˋ,1000000
洩,ㄧˋ
洪,ㄏㄨㄥˊ,1000000
洫,ㄒㄩˋ,1000000
洭,ㄎㄨㄤ,1000000
洮,ㄊㄠˊ,1000000
洮,ㄧㄠˊ
洱,ㄦˇ,1000000
洲,ㄓㄡ,1000000
洳,ㄖㄨˋ,1000000
洴,ㄆㄧㄥˊ,1000000
洵,ㄒㄩㄣˊ,1000000
洶,ㄒㄩㄥ,1000000
洸,ㄍㄨㄤ,1000000
洸,ㄏㄨㄤˇ
洹,ㄏㄨㄢˊ,1000000
洺,ㄇㄧㄥˊ,1000000
活,ㄏㄨㄛˊ,1000000
洼,ㄨㄚ,1000000
洼,ㄍㄨㄟ
洽,ㄑㄧㄚˋ,1000000
洽,ㄒㄧㄚˊ
派,ㄆㄞˋ,1000000
洿,ㄨ,1000000
流,ㄌㄧㄡˊ,1000000
浄,ㄐㄧㄥˋ,1000000
浅,ㄑㄧㄢˇ,1000000
浅,ㄐㄧㄢ
浙,ㄓㄜˋ,1000000
浚,ㄐㄩㄣˋ,1000000
浜,ㄅㄧㄣ,1000000
浞,ㄓㄨㄛˊ,1000000
浠,ㄒㄧ,1000000
浡,ㄅㄛˊ,1000000
浣,ㄏㄨㄢˇ,1000000
浣,ㄨㄢˇ
浥,ㄧˋ,1000000
浦,ㄆㄨˇ,1000000
浩,ㄏㄠˋ,1000000
浪,ㄌㄤˋ,1000000
浪,ㄌㄤˊ
浬,ㄌㄧˇ,1000000
浬,ㄌㄧˊ
浮,ㄈㄨˊ,1000000
浮,ㄈㄡˊ
浯,ㄨˊ,1000000
浴,ㄩˋ,1000000
海,ㄏㄞˇ,1000000
浸,ㄐㄧㄣˋ,1000000
浸,ㄐㄧㄣ
浹,ㄐㄧㄚˊ,1000000
浼,ㄇㄟˇ,1000000
涂,ㄊㄨˊ,1000000
涅,ㄋㄧㄝˋ,1000000
涇,ㄐㄧㄥ,1000000
消,ㄒㄧㄠ,1000000
涉,ㄕㄜˋ,1000000
涌,ㄩㄥˇ,1000000
涎,ㄒㄧㄢˊ,1000000
涎,ㄧㄢˋ
涑,ㄙㄨˋ,1000000
涒,ㄊㄨㄣ,1000000
涒,ㄐㄩㄣ
涒,ㄩㄣ
涓,ㄐㄩㄢ,1000000
涔,ㄘㄣˊ,1000000
涕,ㄊㄧˋ,1000000
涖,ㄌㄧˋ,1000000
涗,ㄕㄨㄟˋ,1000000
涘,ㄙˋ,1000000
涛,ㄊㄠ,1000000
涛,ㄊㄠˊ
涪,ㄈㄨˊ,1000000
涫,ㄍㄨㄢˋ,1000000
涮,ㄕㄨㄢˋ,1000000
涯,ㄧㄚˊ,1000000
液,ㄧㄝˋ,1000000
液,ㄧˋ
涳,ㄎㄨㄥ,1000000
涴,ㄨㄛˋ,1000000
涵,ㄏㄢˊ,1000000
涷,ㄉㄨㄥˋ,1000000
涷,ㄉㄨㄥ
涸,ㄏㄜˊ,1000000
涸,ㄏㄠˋ
涼,ㄌㄧㄤˊ,1000000
涼,ㄌㄧㄤˋ
涾,ㄊㄚˋ,1000000
涿,ㄓㄨㄛˊ,1000000
涿,ㄓㄨㄛ
淂,ㄉㄜˊ,1000000
淂,˙ㄉㄜ
淂,ㄉㄞˇ
淂,ㄉㄟˇ
淄,ㄗ,1000000
淅,ㄒㄧ,1000000
淆,ㄧㄠˊ,1000000
淇,ㄑㄧˊ,1000000
淈,ㄍㄨˇ,1000000
淋,ㄌㄧㄣˊ,1000000
淌,ㄊㄤˇ,1000000
淑,ㄕㄨˊ,1000000
淒,ㄑㄧ,1000000
淖,ㄋㄠˋ,1000000
淘,ㄊㄠˊ,1000000
淙,ㄘㄨㄥˊ,1000000
淚,ㄌㄟˋ,1000000
淜,ㄆㄥ,1000000
淝,ㄈㄟˊ,1000000
淞,ㄙㄨㄥ,1000000
淟,ㄊㄧㄢˇ,1000000
淠,ㄆㄧˋ,1000000
淠,ㄆㄟˋ
淡,ㄉㄢˋ,1000000
淢,ㄩˋ,1000000
淢,ㄒㄩˋ
淤,ㄩ,1000000
淥,ㄌㄨˋ,1000000
淦,ㄍㄢˋ,1000000
淨,ㄐㄧㄥˋ,1000000
淩,ㄌㄧㄥˊ,1000000
淪,ㄌㄨㄣˊ,1000000
淫,ㄧㄣˊ,1000000
淬,ㄘㄨㄟˋ,1000000
淮,ㄏㄨㄞˊ,1000000
淯,ㄩˋ,1000000
淰,ㄋㄧㄢˇ,1000000
淰,ㄕㄣˇ
深,ㄕㄣ,1000000
淳,ㄔㄨㄣˊ,1000000
淴,ㄏㄨ,1000000
淵,ㄩㄢ,1000000
淶,ㄌㄞˊ,1000000
混,ㄏㄨㄣˋ,1000000
混,ㄍㄨㄣˇ
混,ㄎㄨㄣ
混,ㄏㄨㄣˇ
混,ㄏㄨㄣˊ
淹,ㄧㄢ,1000000
淹,ㄧㄢˋ
淺,ㄑㄧㄢˇ,1000000
淺,ㄐㄧㄢ
添,ㄊㄧㄢ,1000000
淼,ㄇㄧㄠˇ,1000000
渃,ㄖㄨㄛˋ,1000000
清,ㄑㄧㄥ,1000000
済,ㄐㄧˋ,1000000
済,ㄐㄧˇ
渊,ㄩㄢ,1000000
渙,ㄏㄨㄢˋ,1000000
渚,ㄓㄨˇ,1000000
減,ㄐㄧㄢˇ,1000000
渜,ㄋㄨㄢˇ,1000000
渝,ㄩˊ,1000000
渟,ㄊㄧㄥˊ,1000000
渠,ㄑㄩˊ,1000000
渡,ㄉㄨˋ,1000000
渢,ㄈㄥˊ,1000000
渣,ㄓㄚ,1000000
渣,ㄓㄚˇ
渤,ㄅㄛˊ,1000000
渥,ㄨㄛˋ,1000000
渦,ㄨㄛ,1000000
渦,ㄍㄨㄛ
渨,ㄨㄟ,1000000
温,ㄨㄣ,1000000
渫,ㄒㄧㄝˋ,1000000
測,ㄘㄜˋ,1000000
渭,ㄨㄟˋ,1000000
港,ㄍㄤˇ,1000000
渰,ㄧㄢˇ,1000000
渲,ㄒㄩㄢˋ,1000000
渳,ㄇㄧˇ,1000000
渴,ㄎㄜˇ,1000000
渴,ㄏㄜˊ
渴,ㄐㄧㄝˊ
游,ㄧㄡˊ,1000000
渹,ㄏㄨㄥ,1000000
渺,ㄇㄧㄠˇ,1000000
渼,ㄇㄟˇ,1000000
渾,ㄏㄨㄣˊ,1000000
渾,ㄍㄨㄣˇ
渾,ㄏㄨㄣˋ
湀,ㄍㄨㄟˇ,1000000
湃,ㄆㄞˋ,1000000
湄,ㄇㄟˊ,1000000
湅,ㄌㄧㄢˋ,1000000
湉,ㄊㄧㄢˊ,1000000
湊,ㄘㄡˋ,1000000
湌,ㄘㄢ,1000000
湍,ㄊㄨㄢ,1000000
湎,ㄇㄧㄢˇ,1000000
湏,ㄒㄩ,1000000
湑,ㄒㄩˇ,1000000
湓,ㄆㄣˊ,1000000
湔,ㄐㄧㄢ,1000000
湖,ㄏㄨˊ,1000000
湘,ㄒㄧㄤ,1000000
湛,ㄓㄢˋ,1000000
湛,ㄉㄢ
湜,ㄕˊ,1000000
湝,ㄐㄧㄝ,1000000
湞,ㄓㄣ,1000000
湟,ㄏㄨㄤˊ,1000000
湠,ㄊㄢˋ,1000000
湢,ㄅㄧˋ,1000000
湣,ㄇㄧㄣˇ,1000000
湧,ㄩㄥˇ,1000000
湨,ㄐㄩˊ,1000000
湩,ㄉㄨㄥˋ,1000000
湫,ㄐㄧㄠˇ,1000000
湮,ㄧㄣ,1000000
湮,ㄧㄢ
湯,ㄊㄤ,1000000
湯,ㄕㄤ
湱,ㄏㄨㄛˋ,1000000
湲,ㄩㄢˊ,1000000
湻,ㄔㄨㄣˊ,1000000
湼,ㄋㄧㄝˋ,1000000
湾,ㄨㄢ,1000000
溈,ㄍㄨㄟ,1000000
溉,ㄍㄞˋ,1000000
溏,ㄊㄤˊ,1000000
源,ㄩㄢˊ,1000000
溔,ㄧㄠˇ,1000000
準,ㄓㄨㄣˇ,1000000
溘,ㄎㄜˋ,1000000
溚,ㄉㄚˊ,1000000
溜,ㄌㄧㄡ,1000000
溜,ㄌㄧㄡˋ
溝,ㄍㄡ,1000000
溞,ㄙㄠ,1000000
溟,ㄇㄧㄥˊ,1000000
溠,ㄓㄚˋ,1000000
溢,ㄧˋ,1000000
溥,ㄆㄨˇ,1000000
溦,ㄨㄟ,1000000
溧,ㄌㄧˋ,1000000
溪,ㄒㄧ,1000000
溪,ㄑㄧ
溫,ㄨㄣ,1000000
溯,ㄙㄨˋ,1000000
溰,ㄧ,1000000
溱,ㄓㄣ,1000000
溲,ㄙㄡ,1000000
溴,ㄒㄧㄡˋ,1000000
溶,ㄖㄨㄥˊ,1000000
溷,ㄏㄨㄣˋ,1000000
溺,ㄋㄧˋ,1000000
溺,ㄋㄧㄠˋ
溼,ㄕ,1000000
溽,ㄖㄨˋ,1000000
滀,ㄔㄨˋ,1000000
滁,ㄔㄨˊ,1000000
滂,ㄆㄤ,1000000
滃,ㄨㄥˇ,1000000
滄,ㄘㄤ,1000000
滅,ㄇㄧㄝˋ,1000000
滇,ㄉㄧㄢ,1000000
滈,ㄏㄠˋ,1000000
滉,ㄏㄨㄤˇ,1000000
滋,ㄗ,1000000
滌,ㄉㄧˊ,1000000
滎,ㄒㄧㄥˊ,1000000
滎,ㄧㄥˊ
滏,ㄈㄨˇ,1000000
滑,ㄏㄨㄚˊ,1000000
滑,ㄍㄨˇ
滓,ㄗˇ,1000000
滔,ㄊㄠ,1000000
滕,ㄊㄥˊ,1000000
滙,ㄏㄨㄟˋ,1000000
滚,ㄍㄨㄣˇ,1000000
滦,ㄌㄨㄢˊ,1000000
滨,ㄅㄧㄣ,1000000
滩,ㄊㄢ,1000000
滫,ㄒㄧㄡˇ,1000000
滬,ㄏㄨˋ,1000000
滮,ㄅㄧㄠ,1000000
滯,ㄓˋ,1000000
滲,ㄕㄣˋ,1000000
滴,ㄉㄧ,1000000
滵,ㄇㄧˋ,1000000
滷,ㄌㄨˇ,1000000
滸,ㄏㄨˇ,1000000
滹,ㄏㄨ,1000000
滺,ㄧㄡ,1000000
滻,ㄔㄢˇ,1000000
滾,ㄍㄨㄣˇ,1000000
滿,ㄇㄢˇ,1000000
漁,ㄩˊ,1000000
漂,ㄆㄧㄠ,1000000
漂,ㄆㄧㄠˇ
漂,ㄆㄧㄠˋ
漅,ㄔㄠˊ,1000000
漆,ㄑㄧ,1000000
漆,ㄑㄩˋ
漈,ㄐㄧˋ,1000000
漉,ㄌㄨˋ,1000000
漊,ㄌㄡˊ,1000000
漏,ㄌㄡˋ,1000000
漓,ㄌㄧˊ,1000000
演,ㄧㄢˇ,1000000
漕,ㄘㄠˊ,1000000
漕,ㄗㄠˋ
漘,ㄔㄨㄣˊ,1000000
漙,ㄊㄨㄢˊ,1000000
漚,ㄡ,1000000
漚,ㄡˋ
漠,ㄇㄛˋ,1000000
漢,ㄏㄢˋ,1000000
漣,ㄌㄧㄢˊ,1000000
漦,ㄌㄧˊ,1000000
漩,ㄒㄩㄢˊ,1000000
漩,ㄒㄩㄢˋ
漪,ㄧ,1000000
漫,ㄇㄢˋ,1000000
漫,ㄇㄢˊ
漬,ㄗˋ,1000000
漭,ㄇㄤˇ,1000000
漯,ㄌㄨㄛˋ,1000000
漯,ㄊㄚˋ
漰,ㄆㄥ,1000000
漱,ㄕㄨˋ,1000000
漱,ㄙㄡˋ
漲,ㄓㄤˇ,1000000
漲,ㄓㄤˋ
漳,ㄓㄤ,1000000
漵,ㄒㄩˋ,1000000
漶,ㄏㄨㄢˋ,1000000
漷,ㄎㄨㄛˋ,1000000
漸,ㄐㄧㄢˋ,1000000
漸,ㄐㄧㄢ
漻,ㄌㄧㄠˊ,1000000
漼,ㄘㄨㄟˇ,1000000
漾,ㄧㄤˋ,1000000
漿,ㄐㄧㄤ,1000000
潀,ㄓㄨㄥ,1000000
潁,ㄧㄥˇ,1000000
潎,ㄆㄧˋ,1000000
潎,ㄆㄧㄝ
潏,ㄐㄩㄝˊ,1000000
潑,ㄆㄛ,1000000
潔,ㄐㄧㄝˊ,1000000
潘,ㄆㄢ,1000000
潙,ㄍㄨㄟ,1000000
潚,ㄒㄧㄠ,1000000
潛,ㄑㄧㄢˊ,1000000
潝,ㄒㄧˋ,1000000
潞,ㄌㄨˋ,1000000
潟,ㄒㄧˋ,1000000
潠,ㄙㄨㄣˋ,1000000
潠,ㄒㄩㄣˋ
潢,ㄏㄨㄤˊ,1000000
潤,ㄖㄨㄣˋ,1000000
潦,ㄌㄠˇ,1000000
潦,ㄌㄠˋ
潦,ㄌㄧㄠˊ
潬,ㄉㄢˋ,1000000
潬,ㄊㄢ
潭,ㄊㄢˊ,1000000
潮,ㄔㄠˊ,1000000
潯,ㄒㄩㄣˊ,1000000
潰,ㄎㄨㄟˋ,1000000
潰,ㄏㄨㄟˋ
潲,ㄕㄠˋ,1000000
潸,ㄕㄢ,1000000
潺,ㄔㄢˊ,1000000
潼,ㄊㄨㄥˊ,1000000
潾,ㄌㄧㄣˊ,1000000
澀,ㄙㄜˋ,1000000
澁,ㄙㄜˋ,1000000
澂,ㄔㄥˊ,1000000
澄,ㄔㄥˊ,1000000
澄,ㄉㄥˋ
澆,ㄐㄧㄠ,1000000
澇,ㄌㄠˋ,1000000
澈,ㄔㄜˋ,1000000
澉,ㄍㄢˇ,1000000
澌,ㄙ,1000000
澍,ㄕㄨˋ,1000000
澎,ㄆㄥ,1000000
澎,ㄆㄥˊ
澐,ㄩㄣˊ,1000000
澒,ㄏㄨㄥˋ,1000000
澓,ㄈㄨˊ,1000000
澔,ㄏㄠˋ,1000000
澗,ㄐㄧㄢˋ,1000000
澟,ㄌㄧㄣˇ,1000000
澠,ㄇㄧㄣˇ,1000000
澠,ㄕㄥˊ
澡,ㄗㄠˇ,1000000
澣,ㄏㄨㄢˇ,1000000
澣,ㄨㄢˇ
澤,ㄗㄜˊ,1000000
澥,ㄒㄧㄝˋ,1000000
澦,ㄩˋ,1000000
澧,ㄌㄧˇ,1000000
澨,ㄕˋ,1000000
澩,ㄒㄩㄝˊ,1000000
澩,ㄒㄧㄠˋ
澭,ㄩㄥ,1000000
澮,ㄎㄨㄞˋ,1000000
澱,ㄉㄧㄢˋ,1000000
澳,ㄠˋ,1000000
澳,ㄩˋ
澴,ㄏㄨㄢˊ,1000000
澶,ㄔㄢˊ,1000000
澹,ㄉㄢˋ,1000000
澹,ㄊㄢˊ
澼,ㄆㄧˋ,1000000
激,ㄐㄧ,1000000
濁,ㄓㄨㄛˊ,1000000
濂,ㄌㄧㄢˊ,1000000
濃,ㄋㄨㄥˊ,1000000
濆,ㄈㄣˊ,1000000
濆,ㄆㄣ
濇,ㄙㄜˋ,1000000
濈,ㄐㄧˊ,1000000
濊,ㄏㄨㄟˋ,1000000
濊,ㄏㄨㄛˋ
濊,ㄨㄟˋ
濌,ㄊㄚˋ,1000000
濔,ㄇㄧˇ,1000000
濕,ㄕ,1000000
濕,ㄒㄧˊ
濘,ㄋㄧㄥˋ,1000000
濛,ㄇㄥˊ,1000000
濜,ㄐㄧㄣˋ,1000000
濞,ㄆㄧˋ,1000000
濟,ㄐㄧˋ,1000000
濟,ㄐㄧˇ
濠,ㄏㄠˊ,1000000
濡,ㄖㄨˊ,1000000
濤,ㄊㄠˊ,1000000
濤,ㄊㄠ
濩,ㄏㄨㄛˋ,1000000
濫,ㄌㄢˋ,1000000
濬,ㄐㄩㄣˋ,1000000
濮,ㄆㄨˊ,1000000
濯,ㄓㄨㄛˊ,1000000
濰,ㄨㄟˊ,1000000
濱,ㄅㄧㄣ,1000000
濵,ㄅㄧㄣ,1000000
濶,ㄎㄨㄛˋ,1000000
濺,ㄐㄧㄢˋ,1000000
濼,ㄌㄨㄛˋ,1000000
濼,ㄅㄛˊ
濼,ㄆㄛˋ
濾,ㄌㄩˋ,1000000
瀁,ㄧㄤˋ,1000000
瀁,ㄧㄤˇ
瀄,ㄐㄧㄝˊ,1000000
瀅,ㄧㄥˊ,1000000
瀆,ㄉㄨˊ,1000000
瀇,ㄨㄤˇ,1000000
瀉,ㄒㄧㄝˋ,1000000
瀋,ㄕㄣˇ,1000000
瀌,ㄅㄧㄠ,1000000
瀍,ㄔㄢˊ,1000000
瀏,ㄌㄧㄡˊ,1000000
瀑,ㄆㄨˋ,1000000
瀑,ㄅㄠˋ
瀕,ㄅㄧㄣ,1000000
瀕,ㄆㄧㄣˊ
瀘,ㄌㄨˊ,1000000
瀚,ㄏㄢˋ,1000000
瀛,ㄧㄥˊ,1000000
瀝,ㄌㄧˋ,1000000
瀟,ㄒㄧㄠ,1000000
瀠,ㄧㄥˊ,1000000
瀡,ㄙㄨㄟˇ,1000000
瀣,ㄒㄧㄝˋ,1000000
瀦,ㄓㄨ,1000000
瀧,ㄌㄨㄥˊ,1000000
瀧,ㄕㄨㄤ
瀨,ㄌㄞˋ,1000000
瀯,ㄧㄥˊ,1000000
瀰,ㄇㄧˊ,1000000
瀰,ㄇㄧˇ
瀲,ㄌㄧㄢˋ,1000000
瀳,ㄐㄧㄢˋ,1000000
瀵,ㄈㄣˋ,1000000
瀸,ㄐㄧㄢ,1000000
瀹,ㄩㄝˋ,1000000
瀹,ㄧㄠˋ
瀺,ㄔㄢˊ,1000000
瀼,ㄖㄤˊ,1000000
瀼,ㄖㄤˋ
瀽,ㄐㄧㄢˇ,1000000
瀾,ㄌㄢˊ,1000000
瀾,ㄌㄢˋ
瀿,ㄈㄢˊ,1000000
灂,ㄓㄨㄛˊ,1000000
灂,ㄐㄧㄠˋ
灃,ㄈㄥ,1000000
灄,ㄕㄜˋ,1000000
灉,ㄩㄥ,1000000
灊,ㄑㄧㄢˊ,1000000
灋,ㄈㄚˇ,1000000
灋,ㄈㄚ
灋,ㄈㄚˊ
灌,ㄍㄨㄢˋ,1000000
灑,ㄙㄚˇ,1000000
灕,ㄌㄧˊ,1000000
灖,ㄇㄧˇ,1000000
灘,ㄊㄢ,1000000
灛,ㄔㄢˇ,1000000
灝,ㄏㄠˋ,1000000
灞,ㄅㄚˋ,1000000
灣,ㄨㄢ,1000000
灤,ㄌㄨㄢˊ,1000000
灧,ㄧㄢˋ,1000000
灨,ㄍㄢˋ,1000000
灩,ㄧㄢˋ,1000000
火,ㄏㄨㄛˇ,1000000
灯,ㄉㄥ,1000000
灰,ㄏㄨㄟ,1000000
灶,ㄗㄠˋ,1000000
灸,ㄐㄧㄡˇ,1000000
灺,ㄒㄧㄝˋ,1000000
灺,ㄉㄨㄛˋ
灼,ㄓㄨㄛˊ,1000000
災,ㄗㄞ,1000000
灾,ㄗㄞ,1000000
炅,ㄐㄩㄥˇ,1000000
炅,ㄍㄨㄟˋ
炉,ㄌㄨˊ,1000000
炊,ㄔㄨㄟ,1000000
炊,ㄔㄨㄟˋ
炎,ㄧㄢˊ,1000000
炒,ㄔㄠˇ,1000000
炔,ㄍㄨㄟˋ,1000000
炔,ㄑㄩㄝ
炕,ㄎㄤˋ,1000000
炘,ㄒㄧㄣ,1000000
炙,ㄓˋ,1000000
炤,ㄓㄠˋ,1000000
炫,ㄒㄩㄢˋ,1000000
炬,ㄐㄩˋ,1000000
炭,ㄊㄢˋ,1000000
炮,ㄆㄠˋ,1000000
炮,ㄅㄠ
炮,ㄆㄠˊ
炯,ㄐㄩㄥˇ,1000000
炰,ㄆㄠˊ,1000000
炱,ㄊㄞˊ,1000000
炳,ㄅㄧㄥˇ,1000000
炷,ㄓㄨˋ,1000000
炸,ㄓㄚˋ,1000000
炸,ㄓㄚˊ
点,ㄉㄧㄢˇ,1000000
為,ㄨㄟˋ,1000000
為,ㄨㄟˊ
烈,ㄌㄧㄝˋ,1000000
烊,ㄧㄤˊ,1000000
烋,ㄒㄧㄠ,1000000
烏,ㄨ,1000000
烕,ㄒㄩㄝˋ,1000000
烖,ㄗㄞ,1000000
烘,ㄏㄨㄥ,1000000
烙,ㄌㄠˋ,1000000
烙,ㄌㄨㄛˋ
烛,ㄓㄨˊ,1000000
烜,ㄒㄩㄢˇ,1000000
烝,ㄓㄥ,1000000
烟,ㄧㄢ,1000000
烤,ㄎㄠˇ,1000000
烩,ㄏㄨㄟˋ,1000000
烬,ㄐㄧㄣˋ,1000000
热,ㄖㄜˋ,1000000
烯,ㄒㄧ,1000000
烱,ㄐㄩㄥˇ,1000000
烴,ㄊㄧㄥ,1000000
烷,ㄨㄢˊ,1000000
烹,ㄆㄥ,1000000
烺,ㄌㄤˇ,1000000
烽,ㄈㄥ,1000000
焄,ㄒㄩㄣ,1000000
焉,ㄧㄢ,1000000
焊,ㄏㄢˋ,1000000
焌,ㄐㄩㄣˋ,1000000
焐,ㄨˋ,1000000
焗,ㄐㄩˊ,1000000
焙,ㄅㄟˋ,1000000
焚,ㄈㄣˊ,1000000
焚,ㄈㄣˋ
焜,ㄎㄨㄣ,1000000
焞,ㄔㄨㄣˊ,1000000
焠,ㄘㄨㄟˋ,1000000
無,ㄨˊ,1000000
無,ㄇㄛˊ
焦,ㄐㄧㄠ,1000000
焮,ㄒㄧㄣˋ,1000000
焯,ㄓㄨㄛˊ,1000000
焰,ㄧㄢˋ,1000000
焱,ㄧㄢˋ,1000000
然,ㄖㄢˊ,1000000
焿,ㄍㄥ,1000000
煁,ㄔㄣˊ,1000000
煅,ㄉㄨㄢˋ,1000000
煆,ㄒㄧㄚˋ,1000000
煇,ㄏㄨㄟ,1000000
煉,ㄌㄧㄢˋ,1000000
煌,ㄏㄨㄤˊ,1000000
煎,ㄐㄧㄢ,1000000
煏,ㄅㄧˋ,1000000
煑,ㄓㄨˇ,1000000
煒,ㄨㄟˇ,1000000
煖,ㄋㄨㄢˇ,1000000
煖,ㄒㄩㄢ
煙,ㄧㄢ,1000000
煜,ㄩˋ,1000000
煞,ㄕㄚ,1000000
煞,ㄕㄚˋ
煠,ㄓㄚˊ,1000000
煠,ㄧㄝˋ
煢,ㄑㄩㄥˊ,1000000
煣,ㄖㄡˊ,1000000
煤,ㄇㄟˊ,1000000
煥,ㄏㄨㄢˋ,1000000
煦,ㄒㄩˇ,1000000
照,ㄓㄠˋ,1000000
煨,ㄨㄟ,1000000
煩,ㄈㄢˊ,1000000
煬,ㄧㄤˊ,1000000
煬,ㄧㄤˋ
煮,ㄓㄨˇ,1000000
煲,ㄅㄠ,1000000
煻,ㄊㄤˊ,1000000
煽,ㄕㄢ,1000000
熄,ㄒㄧˊ,1000000
熅,ㄩㄣˋ,1000000
熅,ㄩㄣˊ
熇,ㄏㄜˋ,1000000
熇,ㄎㄠˇ
熇,ㄏㄨˋ
熊,ㄒㄩㄥˊ,1000000
熏,ㄒㄩㄣ,1000000
熏,ㄒㄩㄣˋ
熒,ㄧㄥˊ,1000000
熔,ㄖㄨㄥˊ,1000000
熗,ㄑㄧㄤˋ,1000000
熙,ㄒㄧ,1000000
熙,ㄧˊ
熛,ㄅㄧㄠ,1000000
熟,ㄕㄨˊ,1000000
熟,ㄕㄡˊ
熠,ㄧˋ,1000000
熨,ㄩㄣˋ,1000000
熨,ㄩˋ
熬,ㄠˊ,1000000
熬,ㄠ
熯,ㄏㄢˋ,1000000
熰,ㄡ,1000000
熱,ㄖㄜˋ,1000000
熲,ㄐㄩㄥˇ,1000000
熸,ㄐㄧㄢ,1000000
熹,ㄒㄧ,1000000
熺,ㄒㄧ,1000000
熾,ㄔˋ,1000000
燀,ㄔㄢˇ,1000000
燁,ㄧㄝˋ,1000000
燂,ㄑㄧㄢˊ,1000000
燃,ㄖㄢˊ,1000000
燄,ㄧㄢˋ,1000000
燈,ㄉㄥ,1000000
燉,ㄉㄨㄣˋ,1000000
燉,ㄉㄨㄣ
燊,ㄕㄣ,1000000
燋,ㄐㄧㄠ,1000000
燎,ㄌㄧㄠˊ,1000000
燎,ㄌㄧㄠˇ
燎,ㄌㄧㄠˋ
燐,ㄌㄧㄣˊ,1000000
燒,ㄕㄠ,1000000
燔,ㄈㄢˊ,1000000
燕,ㄧㄢˋ,1000000
燕,ㄧㄢ
燖,ㄒㄩㄣˊ,1000000
燙,ㄊㄤˋ,1000000
燜,ㄇㄣˋ,1000000
燜,ㄇㄣ
營,ㄧㄥˊ,1000000
燠,ㄩˋ,1000000
燠,ㄠˋ
燡,ㄧˋ,1000000
燥,ㄗㄠˋ,1000000
燥,ㄙㄠˋ
燦,ㄘㄢˋ,1000000
燧,ㄙㄨㄟˋ,1000000
燬,ㄏㄨㄟˇ,1000000
燭,ㄓㄨˊ,1000000
燮,ㄒㄧㄝˋ,1000000
燴,ㄏㄨㄟˋ,1000000
燹,ㄒㄧㄢˇ,1000000
燻,ㄒㄩㄣ,1000000
燼,ㄐㄧㄣˋ,1000000
燾,ㄊㄠˊ,1000000
燾,ㄉㄠˋ
燿,ㄧㄠˋ,1000000
燿,ㄩㄝˋ
爁,ㄌㄢˋ,1000000
爁,ㄌㄢˇ
爂,ㄅㄧㄠ,1000000
爆,ㄅㄠˋ,1000000
爆,ㄅㄛˊ
爇,ㄖㄨㄛˋ,1000000
爇,ㄖㄜˋ
爊,ㄠˊ,1000000
爍,ㄕㄨㄛˋ,1000000
爐,ㄌㄨˊ,1000000
爓,ㄧㄢˋ,1000000
爗,ㄧㄝˋ,1000000
爚,ㄩㄝˋ,1000000
爚,ㄧㄠˋ
爛,ㄌㄢˋ,1000000
爝,ㄐㄩㄝˊ,1000000
爟,ㄍㄨㄢˋ,1000000
爢,ㄇㄧˊ,1000000
爣,ㄊㄤˇ,1000000
爨,ㄘㄨㄢˋ,1000000
爪,ㄓㄠˇ,1000000
爪,ㄓㄨㄚˇ
爬,ㄆㄚˊ,1000000
爭,ㄓㄥ,1000000
爰,ㄩㄢˊ,1000000
爲,ㄨㄟˋ,1000000
爲,ㄨㄟˊ
爵,ㄐㄩㄝˊ,1000000
父,ㄈㄨˋ,1000000
父,ㄈㄨˇ
爸,ㄅㄚˋ,1000000
爹,ㄉㄧㄝ,1000000
爺,ㄧㄝˊ,1000000
爻,ㄧㄠˊ,1000000
爻,ㄒㄧㄠˊ
爽,ㄕㄨㄤˇ,1000000
爾,ㄦˇ,1000000
爿,ㄑㄧㄤˊ,1000000
爿,ㄅㄢˋ
牀,ㄔㄨㄤˊ,1000000
牁,ㄍㄜ,1000000
牂,ㄗㄤ,1000000
牄,ㄑㄧㄤ,1000000
牆,ㄑㄧㄤˊ,1000000
片,ㄆㄧㄢˋ,1000000
片,ㄆㄧㄢ
版,ㄅㄢˇ,1000000
牉,ㄆㄢˋ,1000000
牋,ㄐㄧㄢ,1000000
牌,ㄆㄞˊ,1000000
牎,ㄔㄨㄤ,1000000
牒,ㄉㄧㄝˊ,1000000
牓,ㄅㄤˇ,1000000
牕,ㄔㄨㄤ,1000000
牖,ㄧㄡˇ,1000000
牘,ㄉㄨˊ,1000000
牙,ㄧㄚˊ,1000000
牚,ㄔㄥ,1000000
牛,ㄋㄧㄡˊ,1000000
牝,ㄆㄧㄣˋ,1000000
牟,ㄇㄡˊ,1000000
牠,ㄊㄚ,1000000
牠,ㄊㄨㄛ
牡,ㄇㄨˇ,1000000
牡,ㄇㄡˇ
牢,ㄌㄠˊ,1000000
牣,ㄖㄣˋ,1000000
牧,ㄇㄨˋ,1000000
物,ㄨˋ,1000000
牬,ㄅㄟˋ,1000000
牮,ㄐㄧㄢˋ,1000000
牯,ㄍㄨˇ,1000000
牲,ㄕㄥ,1000000
牴,ㄉㄧˇ,1000000
牷,ㄑㄩㄢˊ,1000000
牸,ㄗˋ,1000000
特,ㄊㄜˋ,1000000
牻,ㄇㄤˊ,1000000
牼,ㄎㄥ,1000000
牽,ㄑㄧㄢ,1000000
牾,ㄨˇ,1000000
牿,ㄍㄨˋ,1000000
犀,ㄒㄧ,1000000
犁,ㄌㄧˊ,1000000
犂,ㄌㄧˊ,1000000
犄,ㄐㄧ,1000000
犅,ㄍㄤ,1000000
犆,ㄓˊ,1000000
犇,ㄅㄣ,1000000
犇,ㄅㄣˋ
犉,ㄖㄨㄣˊ,1000000
犍,ㄐㄧㄢ,1000000
犍,ㄑㄧㄢˊ
犎,ㄈㄥ,1000000
犒,ㄎㄠˋ,1000000
犕,ㄅㄟˋ,1000000
犖,ㄌㄨㄛˋ,1000000
犗,ㄐㄧㄝˋ,1000000
犘,ㄇㄚˊ,1000000
犛,ㄌㄧˊ,1000000
犛,ㄇㄠˊ
犢,ㄉㄨˊ,1000000
犦,ㄅㄠˋ,1000000
犧,ㄒㄧ,1000000
犨,ㄔㄡ,1000000
犫,ㄔㄡ,1000000
犬,ㄑㄩㄢˇ,1000000
犮,ㄅㄛˊ,1000000
犯,ㄈㄢˋ,1000000
犰,ㄑㄧㄡˊ,1000000
犴,ㄢˋ,1000000
犴,ㄏㄢˋ
犵,ㄑㄧˋ,1000000
犹,ㄧㄡˊ,1000000
犺,ㄎㄤˋ,1000000
犼,ㄏㄡˇ,1000000
犽,ㄧㄚˊ,1000000
犿,ㄈㄢ,1000000
狀,ㄓㄨㄤˋ,1000000
狁,ㄩㄣˇ,1000000
狂,ㄎㄨㄤˊ,1000000
狃,ㄋㄧㄡˇ,1000000
狄,ㄉㄧˊ,1000000
狉,ㄆㄧ,1000000
狋,ㄧˊ,1000000
狌,ㄕㄥ,1000000
狌,ㄒㄧㄥ
狎,ㄒㄧㄚˊ,1000000
狐,ㄏㄨˊ,1000000
狒,ㄈㄟˋ,1000000
狖,ㄧㄡˋ,1000000
狗,ㄍㄡˇ,1000000
狙,ㄐㄩ,1000000
狟,ㄏㄨㄢˊ,1000000
狠,ㄏㄣˇ,1000000
狡,ㄐㄧㄠˇ,1000000
狢,ㄏㄜˊ,1000000
狢,ㄇㄛˋ
狢,ㄏㄠˊ
狧,ㄊㄚˋ,1000000
狨,ㄖㄨㄥˊ,1000000
狩,ㄕㄡˋ,1000000
狫,ㄌㄠˇ,1000000
独,ㄉㄨˊ,1000000
狯,ㄎㄨㄞˋ,1000000
狳,ㄩˊ,1000000
狴,ㄅㄧˋ,1000000
狶,ㄒㄧ,1000000
狷,ㄐㄩㄢˋ,1000000
狸,ㄌㄧˊ,1000000
狹,ㄒㄧㄚˊ,1000000
狺,ㄧㄣˊ,1000000
狻,ㄙㄨㄢ,1000000
狼,ㄌㄤˊ,1000000
狽,ㄅㄟˋ,1000000
猀,ㄕㄚ,1000000
猁,ㄌㄧˋ,1000000
猇,ㄒㄧㄠ,1000000
猊,ㄋㄧˊ,1000000
猋,ㄅㄧㄠ,1000000
猍,ㄌㄞˊ,1000000
猒,ㄧㄢˋ,1000000
猓,ㄍㄨㄛˇ,1000000
猕,ㄇㄧˊ,1000000
猖,ㄔㄤ,1000000
猗,ㄧ,1000000
猗,ㄜˇ
猗,ㄧˇ
猘,ㄓˋ,1000000
猙,ㄓㄥ,1000000
猛,ㄇㄥˇ,1000000
猜,ㄘㄞ,1000000
猝,ㄘㄨˋ,1000000
猞,ㄕㄜˋ,1000000
猢,ㄏㄨˊ,1000000
猥,ㄨㄟˇ,1000000
猧,ㄨㄛ,1000000
猨,ㄩㄢˊ,1000000
猩,ㄒㄧㄥ,1000000
猪,ㄓㄨ,1000000
猫,ㄇㄠ,1000000
猬,ㄨㄟˋ,1000000
献,ㄒㄧㄢˋ,1000000
猯,ㄊㄨㄢ,1000000
猰,ㄧㄚˋ,1000000
猱,ㄋㄠˊ,1000000
猲,ㄒㄧㄝ,1000000
猲,ㄏㄜˋ
猳,ㄐㄧㄚ,1000000
猴,ㄏㄡˊ,1000000
猵,ㄅㄧㄢ,1000000
猵,ㄆㄧㄢˋ
猶,ㄧㄡˊ,1000000
猷,ㄧㄡˊ,1000000
猺,ㄧㄠˊ,1000000
猻,ㄙㄨㄣ,1000000
猼,ㄅㄛˊ,1000000
猼,ㄆㄠˊ
猾,ㄏㄨㄚˊ,1000000
猿,ㄩㄢˊ,1000000
獃,ㄉㄞ,1000000
獃,ㄞˊ
獄,ㄩˋ,1000000
獅,ㄕ,1000000
獉,ㄓㄣ,1000000
獋,ㄏㄠˊ,1000000
獌,ㄇㄢˋ,1000000
獌,ㄨㄢˋ
獍,ㄐㄧㄥˋ,1000000
獎,ㄐㄧㄤˇ,1000000
獏,ㄇㄨˊ,1000000
獐,ㄓㄤ,1000000
獑,ㄔㄢˊ,1000000
獒,ㄠˊ,1000000
獕,ㄘㄨㄟ,1000000
獗,ㄐㄩㄝˊ,1000000
獝,ㄒㄩˋ,1000000
獠,ㄌㄧㄠˊ,1000000
獡,ㄕㄨㄛˋ,1000000
獨,ㄉㄨˊ,1000000
獪,ㄎㄨㄞˋ,1000000
獫,ㄒㄧㄢˇ,1000000
獬,ㄒㄧㄝˋ,1000000
獮,ㄒㄧㄢˇ,1000000
獯,ㄒㄩㄣ,1000000
獰,ㄋㄧㄥˊ,1000000
獲,ㄏㄨㄛˋ,1000000
獲,ㄏㄨㄞˊ
獵,ㄌㄧㄝˋ,1000000
獶,ㄋㄠˊ,1000000
獷,ㄍㄨㄤˇ,1000000
獸,ㄕㄡˋ,1000000
獺,ㄊㄚˋ,1000000
獺,ㄊㄚˇ
獻,ㄒㄧㄢˋ,1000000
獼,ㄇㄧˊ,1000000
獾,ㄏㄨㄢ,1000000
玀,ㄌㄨㄛˊ,1000000
玁,ㄒㄧㄢˇ,1000000
玃,ㄐㄩㄝˊ,1000000
玄,ㄒㄩㄢˊ,1000000
玅,ㄇㄧㄠˋ,1000000
率,ㄌㄩˋ,1000000
率,ㄕㄨㄛˋ
率,ㄕㄨㄞˋ
玈,ㄌㄨˊ,1000000
玉,ㄩˋ,1000000
王,ㄨㄤˊ,1000000
王,ㄨㄤˋ
王,ㄩˋ
玍,ㄍㄚˇ,1000000
玎,ㄉㄧㄥ,1000000
玓,ㄉㄧˋ,1000000
玕,ㄍㄢ,1000000
玖,ㄐㄧㄡˇ,1000000
玗,ㄩˊ,1000000
玟,ㄨㄣˊ,1000000
玟,ㄇㄧㄣˊ
玠,ㄐㄧㄝˋ,1000000
玢,ㄅㄧㄣ,1000000
玤,ㄅㄤˋ,1000000
玥,ㄩㄝˋ,1000000
玦,ㄐㄩㄝˊ,1000000
玨,ㄐㄩㄝˊ,1000000
玩,ㄨㄢˊ,1000000
玩,ㄨㄢˋ
玫,ㄇㄟˊ,1000000
玭,ㄆㄧㄣˊ,1000000
玭,ㄆㄧˊ
玭,ㄆㄧㄢˊ
环,ㄏㄨㄢˊ,1000000
玲,ㄌㄧㄥˊ,1000000
玳,ㄉㄞˋ,1000000
玷,ㄉㄧㄢˋ,1000000
玻,ㄅㄛ,1000000
玼,ㄘˇ,1000000
珀,ㄆㄛˋ,1000000
珂,ㄎㄜ,1000000
珈,ㄐㄧㄚ,1000000
珉,ㄇㄧㄣˊ,1000000
珊,ㄕㄢ,1000000
珌,ㄅㄧˋ,1000000
珍,ㄓㄣ,1000000
珎,ㄓㄣ,1000000
珏,ㄐㄩㄝˊ,1000000
珐,ㄈㄚˋ,1000000
珓,ㄐㄧㄠˋ,1000000
珙,ㄍㄨㄥˇ,1000000
珞,ㄌㄨㄛˋ,1000000
珠,ㄓㄨ,1000000
珡,ㄑㄧㄣˊ,1000000
珣,ㄒㄩㄣˊ,1000000
珥,ㄦˇ,1000000
珧,ㄧㄠˊ,1000000
珩,ㄏㄥˊ,1000000
珪,ㄍㄨㄟ,1000000
班,ㄅㄢ,1000000
珮,ㄆㄟˋ,1000000
珵,ㄔㄥˊ,1000000
珽,ㄊㄧㄥˇ,1000000
現,ㄒㄧㄢˋ,1000000
琀,ㄏㄢˋ,1000000
球,ㄑㄧㄡˊ,1000000
琅,ㄌㄤˊ,1000000
理,ㄌㄧˇ,1000000
琇,ㄒㄧㄡˋ,1000000
琉,ㄌㄧㄡˊ,1000000
琊,ㄧㄝˊ,1000000
琍,ㄌㄧˋ,1000000
琖,ㄓㄢˇ,1000000
琚,ㄐㄩ,1000000
琛,ㄔㄣ,1000000
琢,ㄓㄨㄛˊ,1000000
琤,ㄔㄥ,1000000
琥,ㄏㄨˇ,1000000
琦,ㄑㄧˊ,1000000
琨,ㄎㄨㄣ,1000000
琪,ㄑㄧˊ,1000000
琫,ㄅㄥˇ,1000000
琬,ㄨㄢˇ,1000000
琭,ㄌㄨˋ,1000000
琮,ㄘㄨㄥˊ,1000000
琯,ㄍㄨㄢˇ,1000000
琰,ㄧㄢˇ,1000000
琱,ㄉㄧㄠ,1000000
琲,ㄅㄟˋ,1000000
琳,ㄌㄧㄣˊ,1000000
琴,ㄑㄧㄣˊ,1000000
琵,ㄆㄧˊ,1000000
琶,ㄆㄚˊ,1000000
琶,˙ㄅㄚ
琶,˙ㄆㄚ
琹,ㄑㄧㄣˊ,1000000
琺,ㄈㄚˋ,1000000
琼,ㄑㄩㄥˊ,1000000
琿,ㄏㄨㄣˊ,1000000
瑀,ㄩˇ,1000000
瑁,ㄇㄠˋ,1000000
瑁,ㄇㄟˋ
瑄,ㄒㄩㄢ,1000000
瑇,ㄉㄞˋ,1000000
瑉,ㄇㄧㄣˊ,1000000
瑊,ㄓㄣ,1000000
瑋,ㄨㄟˇ,1000000
瑑,ㄓㄨㄢˋ,1000000
瑒,ㄔㄤˋ,1000000
瑒,ㄧㄤˊ
瑕,ㄒㄧㄚˊ,1000000
瑗,ㄩㄢˋ,1000000
瑙,ㄋㄠˇ,1000000
瑚,ㄏㄨˊ,1000000
瑛,ㄧㄥ,1000000
瑜,ㄩˊ,1000000
瑞,ㄖㄨㄟˋ,1000000
瑟,ㄙㄜˋ,1000000
瑢,ㄖㄨㄥˊ,1000000
瑣,ㄙㄨㄛˇ,1000000
瑤,ㄧㄠˊ,1000000
瑩,ㄧㄥˊ,1000000
瑪,ㄇㄚˇ,1000000
瑯,ㄌㄤˊ,1000000
瑰,ㄍㄨㄟ,1000000
瑱,ㄊㄧㄢˋ,1000000
瑲,ㄑㄧㄤ,1000000
瑳,ㄘㄨㄛ,1000000
瑳,ㄘㄨㄛˇ
瑽,ㄘㄨㄥ,1000000
瑾,ㄐㄧㄣˇ,1000000
瑾,ㄐㄧㄣˋ
瑿,ㄧ,1000000
璀,ㄘㄨㄟˇ,1000000
璁,ㄘㄨㄥ,1000000
璃,ㄌㄧˊ,1000000
璅,ㄙㄨㄛˇ,1000000
璆,ㄑㄧㄡˊ,1000000
璇,ㄒㄩㄢˊ,1000000
璈,ㄠˊ,1000000
璉,ㄌㄧㄢˇ,1000000
璉,ㄌㄧㄢˊ
璊,ㄇㄣˊ,1000000
璋,ㄓㄤ,1000000
璐,ㄌㄨˋ,1000000
璘,ㄌㄧㄣˊ,1000000
璚,ㄑㄩㄥˊ,1000000
璜,ㄏㄨㄤˊ,1000000
璞,ㄆㄨˊ,1000000
璟,ㄐㄧㄥˇ,1000000
璠,ㄈㄢˊ,1000000
璣,ㄐㄧ,1000000
璦,ㄞˋ,1000000
璧,ㄅㄧˋ,1000000
璨,ㄘㄢˋ,1000000
璩,ㄑㄩˊ,1000000
璪,ㄗㄠˇ,1000000
璫,ㄉㄤ,1000000
環,ㄏㄨㄢˊ,1000000
璱,ㄙㄜˋ,1000000
璲,ㄙㄨㄟˋ,1000000
璵,ㄩˊ,1000000
璺,ㄨㄣˋ,1000000
璽,ㄒㄧˇ,1000000
璿,ㄒㄩㄢˊ,1000000
瓀,ㄖㄨㄢˇ,1000000
瓅,ㄌㄧˋ,1000000
瓈,ㄌㄧˊ,1000000
瓊,ㄑㄩㄥˊ,1000000
瓌,ㄍㄨㄟ,1000000
瓏,ㄌㄨㄥˊ,1000000
瓓,ㄌㄢˊ,1000000
瓔,ㄧㄥ,1000000
瓖,ㄒㄧㄤ,1000000
瓘,ㄍㄨㄢˋ,1000000
瓚,ㄗㄢˋ,1000000
瓛,ㄏㄨㄢˊ,1000000
瓜,ㄍㄨㄚ,1000000
瓝,ㄅㄛˊ,1000000
瓞,ㄉㄧㄝˊ,1000000
瓟,ㄅㄛˊ,1000000
瓟,ㄆㄠˊ
瓠,ㄏㄨˋ,1000000
瓢,ㄆㄧㄠˊ,1000000
瓣,ㄅㄢˋ,1000000
瓤,ㄖㄤˊ,1000000
瓦,ㄨㄚˇ,1000000
瓦,ㄨㄚˋ
瓫,ㄆㄣˊ,1000000
瓬,ㄈㄤˇ,1000000
瓮,ㄨㄥˋ,1000000
瓴,ㄌㄧㄥˊ,1000000
瓶,ㄆㄧㄥˊ,1000000
瓷,ㄘˊ,1000000
瓻,ㄔ,1000000
瓽,ㄉㄤˋ,1000000
瓽,ㄉㄤˇ
瓾,ㄇㄥˇ,1000000
瓿,ㄆㄡˇ,1000000
甁,ㄆㄧㄥˊ,1000000
甃,ㄓㄡˋ,1000000
甄,ㄓㄣ,1000000
甆,ㄘˊ,1000000
甋,ㄉㄧˊ,1000000
甌,ㄡ,1000000
甍,ㄇㄥˊ,1000000
甎,ㄓㄨㄢ,1000000
甑,ㄗㄥˋ,1000000
甒,ㄨˇ,1000000
甓,ㄆㄧˋ,1000000
甔,ㄉㄢ,1000000
甔,ㄉㄢˋ
甕,ㄨㄥˋ,1000000
甖,ㄧㄥ,1000000
甗,ㄧㄢˇ,1000000
甘,ㄍㄢ,1000000
甚,ㄕㄣˋ,1000000
甚,ㄕㄜˊ
甚,ㄕㄣˊ
甛,ㄊㄧㄢˊ,1000000
甜,ㄊㄧㄢˊ,1000000
甞,ㄔㄤˊ,1000000
生,ㄕㄥ,1000000
甡,ㄕㄣ,1000000
產,ㄔㄢˇ,1000000
甤,ㄖㄨㄟˊ,1000000
甥,ㄕㄥ,1000000
甦,ㄙㄨ,1000000
用,ㄩㄥˋ,1000000
甩,ㄕㄨㄞˇ,1000000
甪,ㄌㄨˋ,1000000
甫,ㄈㄨˇ,1000000
甬,ㄩㄥˇ,1000000
甭,ㄅㄥˊ,1000000
甯,ㄋㄧㄥˊ,1000000
甯,ㄋㄧㄥˋ
田,ㄊㄧㄢˊ,1000000
由,ㄧㄡˊ,1000000
甲,ㄐㄧㄚˇ,1000000
甲,ㄐㄧㄚˋ
申,ㄕㄣ,1000000
电,ㄉㄧㄢˋ,1000000
男,ㄋㄢˊ,1000000
甸,ㄉㄧㄢˋ,1000000
甸,ㄊㄧㄢˊ
甹,ㄆㄧㄥ,1000000
町,ㄊㄧㄥˇ,1000000
町,ㄉㄧㄥ
画,ㄏㄨㄚˋ,1000000
甽,ㄑㄩㄢˇ,1000000
甾,ㄗㄞ,1000000
甾,ㄗ
甿,ㄇㄥˊ,1000000
畀,ㄅㄧˋ,1000000
畄,ㄌㄧㄡˊ,1000000
畆,ㄇㄨˇ,1000000
畆,ㄇㄡˇ
畇,ㄩㄣˊ,1000000
畋,ㄊㄧㄢˊ,1000000
界,ㄐㄧㄝˋ,1000000
畎,ㄑㄩㄢˇ,1000000
畏,ㄨㄟˋ,1000000
畔,ㄆㄢˋ,1000000
留,ㄌㄧㄡˊ,1000000
畚,ㄅㄣˇ,1000000
畛,ㄓㄣˇ,1000000
畜,ㄔㄨˋ,1000000
畜,ㄒㄩˋ
畝,ㄇㄨˇ,1000000
畝,ㄇㄡˇ
畟,ㄘㄜˋ,1000000
畢,ㄅㄧˋ,1000000
畤,ㄓˋ,1000000
略,ㄌㄩㄝˋ,1000000
畦,ㄑㄧˊ,1000000
畦,ㄒㄧ
畧,ㄌㄩㄝˋ,1000000
番,ㄈㄢ,1000000
番,ㄆㄛˊ
番,ㄆㄢ
畫,ㄏㄨㄚˋ,1000000
畬,ㄕㄜ,1000000
畬,ㄩˊ
畮,ㄇㄨˇ,1000000
畮,ㄇㄡˇ
畯,ㄐㄩㄣˋ,1000000
異,ㄧˋ,1000000
畱,ㄌㄧㄡˊ,1000000
當,ㄉㄤ,1000000
當,ㄉㄤˇ
當,ㄉㄤˋ
畷,ㄓㄨㄛˊ,1000000
畸,ㄐㄧ,1000000
畹,ㄨㄢˇ,1000000
畺,ㄐㄧㄤ,1000000
畽,ㄊㄨㄢˇ,1000000
畿,ㄐㄧ,1000000
畿,ㄑㄧˊ
疁,ㄌㄧㄡˊ,1000000
疃,ㄊㄨㄢˇ,1000000
疆,ㄐㄧㄤ,1000000
疇,ㄔㄡˊ,1000000
疊,ㄉㄧㄝˊ,1000000
疋,ㄆㄧˇ,1000000
疋,ㄕㄨ
疋,ㄧㄚˇ
疎,ㄕㄨ,1000000
疎,ㄕㄨˋ
疎,ㄙㄨ
疏,ㄕㄨ,1000000
疏,ㄕㄨˋ
疏,ㄙㄨ
疐,ㄓˋ,1000000
疑,ㄧˊ,1000000
疒,ㄔㄨㄤˊ,1000000
疔,ㄉㄧㄥ,1000000
疙,ㄍㄜ,1000000
疚,ㄐㄧㄡˋ,1000000
疝,ㄕㄢˋ,1000000
疢,ㄔㄣˋ,1000000
疣,ㄧㄡˊ,1000000
疤,ㄅㄚ,1000000
疥,ㄐㄧㄝˋ,1000000
疧,ㄓ,1000000
疫,ㄧˋ,1000000
疰,ㄓㄨˋ,1000000
疱,ㄆㄠˋ,1000000
疲,ㄆㄧˊ,1000000
疳,ㄍㄢ,1000000
疴,ㄎㄜ,1000000
疴,ㄜ
疵,ㄘ,1000000
疵,ㄘˊ
疸,ㄉㄢˇ,1000000
疹,ㄓㄣˇ,1000000
疻,ㄓˇ,1000000
疼,ㄊㄥˊ,1000000
疽,ㄐㄩ,1000000
疾,ㄐㄧˊ,1000000
疿,ㄈㄟˋ,1000000
痀,ㄐㄩ,1000000
痁,ㄉㄧㄢˋ,1000000
痂,ㄐㄧㄚ,1000000
痃,ㄒㄧㄢˊ,1000000
痄,ㄓㄚˋ,1000000
病,ㄅㄧㄥˋ,1000000
痆,ㄋㄧㄝˋ,1000000
症,ㄓㄥˋ,1000000
痊,ㄑㄩㄢˊ,1000000
痌,ㄊㄨㄥ,1000000
痍,ㄧˊ,1000000
痎,ㄐㄧㄝ,1000000
痏,ㄨㄟˇ,1000000
痒,ㄧㄤˇ,1000000
痒,ㄧㄤˊ
痔,ㄓˋ,1000000
痕,ㄏㄣˊ,1000000
痗,ㄇㄟˋ,1000000
痘,ㄉㄡˋ,1000000
痙,ㄐㄧㄥˋ,1000000
痛,ㄊㄨㄥˋ,1000000
痝,ㄇㄤˊ,1000000
痞,ㄆㄧˇ,1000000
痠,ㄙㄨㄢ,1000000
痡,ㄆㄨ,1000000
痢,ㄌㄧˋ,1000000
痣,ㄓˋ,1000000
痤,ㄘㄨㄛˊ,1000000
痦,ㄨˋ,1000000
痧,ㄕㄚ,1000000
痯,ㄍㄨㄢˇ,1000000
痰,ㄊㄢˊ,1000000
痱,ㄈㄟˋ,1000000
痲,ㄇㄚˊ,1000000
痳,ㄌㄧㄣˊ,1000000
痴,ㄔ,1000000
痴,ㄔˊ
痶,ㄉㄧㄢˇ,1000000
痹,ㄅㄧˋ,1000000
痺,ㄅㄧˋ,1000000
痻,ㄇㄧㄣˊ,1000000
痼,ㄍㄨˋ,1000000
痾,ㄜ,1000000
痾,ㄎㄜ
痿,ㄨㄟˇ,1000000
瘀,ㄩ,1000000
瘁,ㄘㄨㄟˋ,1000000
瘂,ㄧㄚˇ,1000000
瘂,ㄜˋ
瘂,ㄧㄚ
瘃,ㄓㄨˊ,1000000
瘇,ㄓㄨㄥˇ,1000000
瘇,ㄔㄨㄥˋ
瘈,ㄐㄧˋ,1000000
瘈,ㄑㄧˋ
瘈,ㄓˋ
瘉,ㄩˋ,1000000
瘊,ㄏㄡˊ,1000000
瘋,ㄈㄥ,1000000
瘌,ㄌㄚˋ,1000000
瘌,˙ㄌㄚ
瘍,ㄧㄤˊ,1000000
瘏,ㄊㄨˊ,1000000
瘐,ㄩˇ,1000000
瘓,ㄏㄨㄢˋ,1000000
瘕,ㄐㄧㄚˇ,1000000
瘖,ㄧㄣ,1000000
瘘,ㄌㄡˋ,1000000
瘘,ㄌㄩˊ
瘙,ㄙㄠ,1000000
瘛,ㄐㄧˋ,1000000
瘛,ㄑㄧˋ
瘛,ㄓˋ
瘜,ㄒㄧˊ,1000000
瘝,ㄍㄨㄢ,1000000
瘞,ㄧˋ,1000000
瘟,ㄨㄣ,1000000
瘠,ㄐㄧˊ,1000000
瘡,ㄔㄨㄤ,1000000
瘢,ㄅㄢ,1000000
瘣,ㄏㄨㄟˋ,1000000
瘤,ㄌㄧㄡˊ,1000000
瘥,ㄔㄞˋ,1000000
瘥,ㄘㄨㄛˊ
瘦,ㄕㄡˋ,1000000
瘧,ㄋㄩㄝˋ,1000000
瘨,ㄉㄧㄢ,1000000
瘩,˙ㄉㄚ,1000000
瘩,ㄉㄚˊ
瘭,ㄅㄧㄠ,1000000
瘯,ㄘㄨˋ,1000000
瘰,ㄌㄨㄛˇ,1000000
瘱,ㄧˋ,1000000
瘲,ㄗㄨㄥˋ,1000000
瘳,ㄔㄡ,1000000
瘴,ㄓㄤˋ,1000000
瘵,ㄓㄞˋ,1000000
瘸,ㄑㄩㄝˊ,1000000
瘺,ㄌㄡˋ,1000000
瘻,ㄌㄡˋ,1000000
瘻,ㄌㄩˊ
瘼,ㄇㄛˋ,1000000
療,ㄌㄧㄠˊ,1000000
癃,ㄌㄨㄥˊ,1000000
癆,ㄌㄠˊ,1000000
癇,ㄒㄧㄢˊ,1000000
癈,ㄈㄟˋ,1000000
癉,ㄉㄢ,1000000
癉,ㄉㄢˋ
癌,ㄧㄢˊ,1000000
癌,ㄞˊ
癑,ㄋㄨㄥˊ,1000000
癒,ㄩˋ,1000000
癔,ㄧˋ,1000000
癖,ㄆㄧˇ,1000000
癖,ㄆㄧˋ
癘,ㄌㄧˋ,1000000
癙,ㄕㄨˇ,1000000
癜,ㄉㄧㄢˋ,1000000
癟,ㄅㄧㄝˇ,1000000
癠,ㄐㄧˋ,1000000
癡,ㄔ,1000000
癡,ㄔˊ
癢,ㄧㄤˇ,1000000
癤,ㄐㄧㄝˊ,1000000
癤,ㄐㄧㄝ
癥,ㄓㄥ,1000000
癩,ㄌㄞˋ,1000000
癬,ㄒㄩㄢˇ,1000000
癬,ㄒㄧㄢˇ
癭,ㄧㄥˇ,1000000
癮,ㄧㄣˇ,1000000
癯,ㄑㄩˊ,1000000
癰,ㄩㄥ,1000000
癱,ㄊㄢ,1000000
癲,ㄉㄧㄢ,1000000
癶,ㄅㄛ,1000000
癸,ㄍㄨㄟˇ,1000000
癹,ㄆㄛ,1000000
登,ㄉㄥ,1000000
發,ㄈㄚ,1000000
白,ㄅㄞˊ,1000000
白,ㄅㄛˊ
百,ㄅㄞˇ,1000000
百,ㄅㄛˊ
皀,ㄒㄧㄤ,1000000
皁,ㄗㄠˋ,1000000
皂,ㄗㄠˋ,1000000
皃,ㄇㄠˋ,1000000
的,˙ㄉㄜ,1000000
的,ㄉㄧˊ
的,ㄉㄧˋ
皆,ㄐㄧㄝ,1000000
皇,ㄏㄨㄤˊ,1000000
皈,ㄍㄨㄟ,1000000
皋,ㄍㄠ,1000000
皎,ㄐㄧㄠˇ,1000000
皐,ㄍㄠ,1000000
皓,ㄏㄠˋ,1000000
皕,ㄅㄧˋ,1000000
皖,ㄨㄢˇ,1000000
皖,ㄏㄨㄢˇ
皙,ㄒㄧ,1000000
皚,ㄞˊ,1000000
皜,ㄏㄠˋ,1000000
皞,ㄏㄠˋ,1000000
皤,ㄆㄛˊ,1000000
皥,ㄏㄠˋ,1000000
皦,ㄐㄧㄠˇ,1000000
皫,ㄆㄧㄠˇ,1000000
皭,ㄐㄧㄠˋ,1000000
皮,ㄆㄧˊ,1000000
皯,ㄍㄢˇ,1000000
皰,ㄆㄠˋ,1000000
皱,ㄓㄡˋ,1000000
皴,ㄘㄨㄣ,1000000
皶,ㄓㄚ,1000000
皷,ㄍㄨˇ,1000000
皸,ㄐㄩㄣ,1000000
皺,ㄓㄡˋ,1000000
皻,ㄓㄚ,1000000
皽,ㄓㄢˇ,1000000
皿,ㄇㄧㄣˇ,1000000
皿,ㄇㄧㄥˇ
盂,ㄩˊ,1000000
盃,ㄅㄟ,1000000
盅,ㄓㄨㄥ,1000000
盆,ㄆㄣˊ,1000000
盇,ㄏㄜˊ,1000000
盈,ㄧㄥˊ,1000000
盉,ㄏㄜˊ,1000000
益,ㄧˋ,1000000
益,ㄧˊ
盋,ㄅㄛ,1000000
盌,ㄨㄢˇ,1000000
盍,ㄏㄜˊ,1000000
盎,ㄤˋ,1000000
盒,ㄏㄜˊ,1000000
盔,ㄎㄨㄟ,1000000
盖,ㄍㄞˋ,1000000
盖,ㄍㄜˇ
盖,ㄏㄜˊ
盛,ㄕㄥˋ,1000000
盛,ㄔㄥˊ
盜,ㄉㄠˋ,1000000
盝,ㄌㄨˋ,1000000
盞,ㄓㄢˇ,1000000
盟,ㄇㄥˊ,1000000
盟,ㄇㄥˋ
盡,ㄐㄧㄣˋ,1000000
監,ㄐㄧㄢ,1000000
監,ㄐㄧㄢˋ
盤,ㄆㄢˊ,1000000
盥,ㄍㄨㄢˋ,1000000
盦,ㄢ,1000000
盧,ㄌㄨˊ,1000000
盩,ㄓㄡ,1000000
盪,ㄉㄤˋ,1000000
盬,ㄍㄨˇ,1000000
盭,ㄌㄧˋ,1000000
目,ㄇㄨˋ,1000000
盯,ㄉㄧㄥ,1000000
盱,ㄒㄩ,1000000
盲,ㄇㄤˊ,1000000
盳,ㄇㄤˊ,1000000
直,ㄓˊ,1000000
相,ㄒㄧㄤ,1000000
相,ㄒㄧㄤˋ
盹,ㄉㄨㄣˇ,1000000
盻,ㄒㄧˋ,1000000
盼,ㄆㄢˋ,1000000
盾,ㄉㄨㄣˋ,1000000
盾,ㄕㄨㄣˇ
眀,ㄇㄧㄥˊ,1000000
省,ㄕㄥˇ,1000000
省,ㄒㄧㄥˇ
眄,ㄇㄧㄢˇ,1000000
眇,ㄇㄧㄠˇ,1000000
眈,ㄉㄢ,1000000
眉,ㄇㄟˊ,1000000
眊,ㄇㄠˋ,1000000
看,ㄎㄢˋ,1000000
看,ㄎㄢ
眎,ㄕˋ,1000000
眕,ㄓㄣˇ,1000000
眙,ㄧˊ,1000000
眙,ㄔˋ
眚,ㄕㄥˇ,1000000
眛,ㄇㄟˋ,1000000
眝,ㄓㄨˋ,1000000
眞,ㄓㄣ,1000000
真,ㄓㄣ,1000000
眠,ㄇㄧㄢˊ,1000000
眡,ㄕˋ,1000000
眢,ㄩㄢ,1000000
眥,ㄗˋ,1000000
眦,ㄗˋ,1000000
眨,ㄓㄚˇ,1000000
眩,ㄒㄩㄢˋ,1000000
眭,ㄙㄨㄟ,1000000
眯,ㄇㄧ,1000000
眯,ㄇㄧˇ
眲,ㄋㄜˋ,1000000
眴,ㄒㄩㄢˋ,1000000
眵,ㄔ,1000000
眶,ㄎㄨㄤ,1000000
眷,ㄐㄩㄢˋ,1000000
眸,ㄇㄡˊ,1000000
眹,ㄓㄣˋ,1000000
眺,ㄊㄧㄠˋ,1000000
眼,ㄧㄢˇ,1000000
眽,ㄇㄛˋ,1000000
眽,ㄇㄞˋ
眾,ㄓㄨㄥˋ,1000000
睂,ㄇㄟˊ,1000000
睃,ㄐㄩㄣˋ,1000000
睄,ㄑㄧㄠˊ,1000000
睅,ㄏㄢˋ,1000000
睆,ㄏㄨㄢˇ,1000000
睇,ㄉㄧˋ,1000000
睊,ㄐㄩㄢˋ,1000000
睋,ㄜˊ,1000000
睍,ㄒㄧㄢˋ,1000000
睎,ㄒㄧ,1000000
睏,ㄎㄨㄣˋ,1000000
睒,ㄕㄢˇ,1000000
睗,ㄕˋ,1000000
睘,ㄑㄩㄥˊ,1000000
睚,ㄧㄚˊ,1000000
睚,ㄧㄞˊ
睛,ㄐㄧㄥ,1000000
睜,ㄓㄥ,1000000
睞,ㄌㄞˋ,1000000
睟,ㄙㄨㄟˋ,1000000
睠,ㄐㄩㄢˋ,1000000
睡,ㄕㄨㄟˋ,1000000
睢,ㄙㄨㄟ,1000000
督,ㄉㄨ,1000000
睥,ㄅㄧˋ,1000000
睦,ㄇㄨˋ,1000000
睨,ㄋㄧˋ,1000000
睩,ㄌㄨˋ,1000000
睪,ㄧˋ,1000000
睪,ㄍㄠ
睫,ㄐㄧㄝˊ,1000000
睬,ㄘㄞˇ,1000000
睮,ㄩˊ,1000000
睹,ㄉㄨˇ,1000000
睺,ㄏㄡˊ,1000000
睽,ㄎㄨㄟˊ,1000000
睾,ㄍㄠ,1000000
睿,ㄖㄨㄟˋ,1000000
瞀,ㄇㄠˋ,1000000
瞀,ㄇㄡˋ
瞂,ㄈㄚ,1000000
瞄,ㄇㄧㄠˊ,1000000
瞅,ㄔㄡˇ,1000000
瞇,ㄇㄧ,1000000
瞋,ㄔㄣ,1000000
瞌,ㄎㄜ,1000000
瞍,ㄙㄡˇ,1000000
瞎,ㄒㄧㄚ,1000000
瞏,ㄑㄩㄥˊ,1000000
瞑,ㄇㄧㄥˊ,1000000
瞑,ㄇㄧㄢˊ
瞑,ㄇㄧㄢˋ
瞑,ㄇㄧㄥˇ
瞖,ㄧˋ,1000000
瞘,ㄎㄡ,1000000
瞚,ㄕㄨㄣˋ,1000000
瞞,ㄇㄢˊ,1000000
瞟,ㄆㄧㄠˇ,1000000
瞠,ㄔㄥ,1000000
瞢,ㄇㄥˊ,1000000
瞤,ㄕㄨㄣˋ,1000000
瞥,ㄆㄧㄝ,1000000
瞧,ㄑㄧㄠˊ,1000000
瞪,ㄉㄥˋ,1000000
瞫,ㄕㄣˇ,1000000
瞬,ㄕㄨㄣˋ,1000000
瞭,ㄌㄧㄠˇ,1000000
瞭,ㄌㄧㄠˋ
瞰,ㄎㄢˋ,1000000
瞳,ㄊㄨㄥˊ,1000000
瞵,ㄌㄧㄣˊ,1000000
瞶,ㄍㄨㄟˋ,1000000
瞶,ㄎㄨㄟˋ
瞷,ㄐㄧㄢˋ,1000000
瞻,ㄓㄢ,1000000
瞼,ㄐㄧㄢˇ,1000000
瞽,ㄍㄨˇ,1000000
瞿,ㄑㄩ,1000000
瞿,ㄐㄩˋ
瞿,ㄑㄩˊ
矁,ㄔㄡˇ,1000000
矇,ㄇㄥˊ,1000000
矇,ㄇㄥ
矉,ㄆㄧㄣˊ,1000000
矊,ㄇㄧㄢˊ,1000000
矊,ㄇㄧㄢˇ
矍,ㄐㄩㄝˊ,1000000
矎,ㄒㄩㄢ,1000000
矎,ㄒㄩㄢˋ
矐,ㄏㄨㄛˋ,1000000
矓,ㄌㄨㄥˊ,1000000
矔,ㄍㄨㄢˋ,1000000
矕,ㄇㄢˇ,1000000
矕,ㄇㄢˊ
矗,ㄔㄨˋ,1000000
矘,ㄊㄤˇ,1000000
矚,ㄓㄨˇ,1000000
矛,ㄇㄠˊ,1000000
矜,ㄐㄧㄣ,1000000
矜,ㄍㄨㄢ
矜,ㄑㄧㄣˊ
矞,ㄩˋ,1000000
矟,ㄕㄨㄛˋ,1000000
矢,ㄕˇ,1000000
矣,ㄧˇ,1000000
知,ㄓ,1000000
知,ㄓˋ
矦,ㄏㄡˊ,1000000
矧,ㄕㄣˇ,1000000
矩,ㄐㄩˇ,1000000
矫,ㄐㄧㄠˇ,1000000
矬,ㄘㄨㄛˊ,1000000
短,ㄉㄨㄢˇ,1000000
矮,ㄞˇ,1000000
矯,ㄐㄧㄠˇ,1000000
矰,ㄗㄥ,1000000
矱,ㄏㄨㄛˋ,1000000
矱,ㄨㄛˋ
矲,ㄅㄚˋ,1000000
石,ㄕˊ,1000000
石,ㄉㄢˋ
矸,ㄍㄢ,1000000
矻,ㄎㄨˋ,1000000
矼,ㄑㄧㄤ,1000000
矼,ㄐㄧㄤ
矽,ㄒㄧˋ,1000000
砂,ㄕㄚ,1000000
砈,ㄜˋ,1000000
砉,ㄏㄨㄛˋ,1000000
砌,ㄑㄧˋ,1000000
砌,ㄑㄧㄝˋ
砍,ㄎㄢˇ,1000000
砐,ㄜˋ,1000000
砑,ㄧㄚˋ,1000000
砒,ㄆㄧ,1000000
研,ㄧㄢˊ,1000000
研,ㄧㄢˋ
砝,ㄈㄚˇ,1000000
砟,ㄓㄚˇ,1000000
砟,ㄓㄚˋ
砠,ㄐㄩ,1000000
砢,ㄎㄜ,1000000
砢,ㄌㄨㄛˇ
砣,ㄊㄨㄛˊ,1000000
砥,ㄉㄧˇ,1000000
砦,ㄓㄞˋ,1000000
砧,ㄓㄣ,1000000
砫,ㄓㄨˋ,1000000
砫,ㄓㄨˇ
砭,ㄅㄧㄢ,1000000
砮,ㄋㄨˇ,1000000
砰,ㄆㄥ,1000000
砲,ㄆㄠˋ,1000000
破,ㄆㄛˋ,1000000
砵,ㄅㄛ,1000000
砷,ㄕㄣ,1000000
砸,ㄗㄚˊ,1000000
硃,ㄓㄨ,1000000
硅,ㄍㄨㄟ,1000000
硇,ㄋㄠˊ,1000000
硉,ㄌㄨˋ,1000000
硌,ㄍㄜˋ,1000000
硌,ㄌㄨㄛˋ
硎,ㄒㄧㄥˊ,1000000
硏,ㄧㄢˊ,1000000
硏,ㄧㄢˋ
硒,ㄒㄧ,1000000
硜,ㄎㄥ,1000000
硝,ㄒㄧㄠ,1000000
硤,ㄒㄧㄚˊ,1000000
硥,ㄇㄤˇ,1000000
硨,ㄔㄜ,1000000
硪,ㄜˊ,1000000
硪,ㄜˇ
硫,ㄌㄧㄡˊ,1000000
硬,ㄧㄥˋ,1000000
硭,ㄇㄤˊ,1000000
确,ㄑㄩㄝˋ,1000000
硯,ㄧㄢˋ,1000000
硶,ㄔㄣˇ,1000000
硼,ㄆㄥˊ,1000000
硼,ㄆㄥ
碁,ㄑㄧˊ,1000000
碁,ㄐㄧ
碆,ㄅㄛ,1000000
碆,ㄆㄛˊ
碇,ㄉㄧㄥˋ,1000000
碉,ㄉㄧㄠ,1000000
碌,ㄌㄨˋ,1000000
碍,ㄞˋ,1000000
碎,ㄙㄨㄟˋ,1000000
碏,ㄑㄩㄝˋ,1000000
碑,ㄅㄟ,1000000
碓,ㄉㄨㄟˋ,1000000
碔,ㄨˇ,1000000
碕,ㄑㄧˊ,1000000
碗,ㄨㄢˇ,1000000
碘,ㄉㄧㄢˇ,1000000
碚,ㄅㄟˋ,1000000
碞,ㄧㄢˊ,1000000
碟,ㄉㄧㄝˊ,1000000
碡,ㄉㄨˊ,1000000
碣,ㄐㄧㄝˊ,1000000
碥,ㄅㄧㄢˇ,1000000
碧,ㄅㄧˋ,1000000
碩,ㄕㄨㄛˋ,1000000
碩,ㄕˊ
碪,ㄓㄣ,1000000
碪,ㄎㄢˋ
碫,ㄉㄨㄢˋ,1000000
碭,ㄉㄤˋ,1000000
碯,ㄋㄠˇ,1000000
碰,ㄆㄥˋ,1000000
碱,ㄐㄧㄢˇ,1000000
碲,ㄉㄧˋ,1000000
碳,ㄊㄢˋ,1000000
碴,ㄔㄚˊ,1000000
確,ㄑㄩㄝˋ,1000000
碻,ㄑㄩㄝˋ,1000000
碼,ㄇㄚˇ,1000000
碾,ㄋㄧㄢˇ,1000000
磁,ㄘˊ,1000000
磅,ㄅㄤˋ,1000000
磅,ㄅㄥˋ
磅,ㄆㄤ
磈,ㄎㄨㄟˇ,1000000
磉,ㄙㄤˇ,1000000
磊,ㄌㄟˇ,1000000
磋,ㄘㄨㄛ,1000000
磌,ㄊㄧㄢˊ,1000000
磎,ㄒㄧ,1000000
磎,ㄑㄧ
磏,ㄌㄧㄢˊ,1000000
磐,ㄆㄢˊ,1000000
磑,ㄨㄟˋ,1000000
磑,ㄞˊ
磔,ㄓㄜˊ,1000000
磕,ㄎㄜ,1000000
磚,ㄓㄨㄢ,1000000
磞,ㄆㄥ,1000000
磠,ㄌㄨˇ,1000000
磣,ㄔㄣˇ,1000000
磧,ㄑㄧˋ,1000000
磨,ㄇㄛˊ,1000000
磨,ㄇㄛˋ
磪,ㄘㄨㄟ,1000000
磬,ㄑㄧㄥˋ,1000000
磯,ㄐㄧ,1000000
磲,ㄑㄩˊ,1000000
磴,ㄉㄥˋ,1000000
磶,ㄒㄧˋ,1000000
磷,ㄌㄧㄣˊ,1000000
磺,ㄏㄨㄤˊ,1000000
磻,ㄆㄢˊ,1000000
磼,ㄗㄚˊ,1000000
磽,ㄑㄧㄠ,1000000
磾,ㄉㄧ,1000000
礁,ㄐㄧㄠ,1000000
礄,ㄑㄧㄠˊ,1000000
礉,ㄏㄜˊ,1000000
礌,ㄌㄟˋ,1000000
礎,ㄔㄨˇ,1000000
礓,ㄐㄧㄤ,1000000
礙,ㄞˋ,1000000
礛,ㄐㄧㄢ,1000000
礛,ㄌㄢˊ
礞,ㄇㄥˊ,1000000
礤,ㄘㄚˇ,1000000
礦,ㄎㄨㄤˋ,1000000
礦,ㄍㄨㄥˇ
礧,ㄌㄟˇ,1000000
礧,ㄌㄟˋ
礨,ㄌㄟˇ,1000000
礩,ㄓˊ,1000000
礪,ㄌㄧˋ,1000000
礫,ㄌㄧˋ,1000000
礬,ㄈㄢˊ,1000000
礮,ㄆㄠˋ,1000000
礱,ㄌㄨㄥˊ,1000000
礴,ㄅㄛˊ,1000000
示,ㄕˋ,1000000
示,ㄑㄧˊ
礼,ㄌㄧˇ,1000000
礽,ㄖㄥˊ,1000000
社,ㄕㄜˋ,1000000
礿,ㄩㄝˋ,1000000
祀,ㄙˋ,1000000
祁,ㄑㄧˊ,1000000
祂,ㄊㄚ,1000000
祅,ㄧㄠ,1000000
祆,ㄒㄧㄢ,1000000
祇,ㄑㄧˊ,1000000
祇,ㄓ
祈,ㄑㄧˊ,1000000
祉,ㄓˇ,1000000
祊,ㄅㄥ,1000000
祏,ㄕˊ,1000000
祐,ㄧㄡˋ,1000000
祓,ㄈㄨˊ,1000000
祔,ㄈㄨˋ,1000000
祕,ㄇㄧˋ,1000000
祕,ㄅㄧˋ
祖,ㄗㄨˇ,1000000
祗,ㄓ,1000000
祚,ㄗㄨㄛˋ,1000000
祛,ㄑㄩ,1000000
祜,ㄏㄨˋ,1000000
祝,ㄓㄨˋ,1000000
神,ㄕㄣˊ,1000000
祟,ㄙㄨㄟˋ,1000000
祠,ㄘˊ,1000000
祡,ㄔㄞˊ,1000000
祢,ㄇㄧˊ,1000000
祢,ㄋㄧˇ
祥,ㄒㄧㄤˊ,1000000
祧,ㄊㄧㄠ,1000000
票,ㄆㄧㄠˋ,1000000
票,ㄆㄧㄠ
祫,ㄒㄧㄚˊ,1000000
祭,ㄐㄧˋ,1000000
祭,ㄓㄞˋ
祲,ㄐㄧㄣ,1000000
祷,ㄉㄠˇ,1000000
祺,ㄑㄧˊ,1000000
祼,ㄍㄨㄢˋ,1000000
祿,ㄌㄨˋ,1000000
禀,ㄅㄧㄥˇ,1000000
禀,ㄅㄧㄣ
禀,ㄌㄧㄣˇ
禁,ㄐㄧㄣˋ,1000000
禁,ㄐㄧㄣ
禊,ㄒㄧˋ,1000000
禋,ㄧㄣ,1000000
禍,ㄏㄨㄛˋ,1000000
禎,ㄓㄣ,1000000
福,ㄈㄨˊ,1000000
禓,ㄧㄤˊ,1000000
禔,ㄊㄧˊ,1000000
禕,ㄧ,1000000
禖,ㄇㄟˊ,1000000
禘,ㄉㄧˋ,1000000
禚,ㄓㄨㄛˊ,1000000
禛,ㄓㄣ,1000000
禜,ㄩㄥˋ,1000000
禡,ㄇㄚˋ,1000000
禦,ㄩˋ,1000000
禧,ㄒㄧ,1000000
禧,ㄒㄧˇ
禨,ㄐㄧ,1000000
禩,ㄙˋ,1000000
禪,ㄔㄢˊ,1000000
禪,ㄕㄢˋ
禫,ㄊㄢˇ,1000000
禬,ㄍㄨㄟˋ,1000000
禮,ㄌㄧˇ,1000000
禰,ㄇㄧˊ,1000000
禰,ㄋㄧˇ
禱,ㄉㄠˇ,1000000
禳,ㄖㄤˊ,1000000
禴,ㄩㄝˋ,1000000
禷,ㄌㄟˋ,1000000
禸,ㄖㄡˊ,1000000
禹,ㄩˇ,1000000
禺,ㄩˊ,1000000
禺,ㄩˋ
禼,ㄒㄧㄝˋ,1000000
禽,ㄑㄧㄣˊ,1000000
禾,ㄏㄜˊ,1000000
禿,ㄊㄨ,1000000
秀,ㄒㄧㄡˋ,1000000
私,ㄙ,1000000
秃,ㄊㄨ,1000000
秆,ㄍㄢˇ,1000000
秈,ㄒㄧㄢ,1000000
秉,ㄅㄧㄥˇ,1000000
秊,ㄋㄧㄢˊ,1000000
秋,ㄑㄧㄡ,1000000
秌,ㄑㄧㄡ,1000000
种,ㄓㄨㄥˇ,1000000
种,ㄓㄨㄥˋ
种,ㄔㄨㄥˊ
秎,ㄈㄣˋ,1000000
秎,ㄈㄣˊ
秏,ㄏㄠˋ,1000000
科,ㄎㄜ,1000000
秒,ㄇㄧㄠˇ,1000000
秔,ㄐㄧㄥ,1000000
秔,ㄍㄥ
秕,ㄅㄧˇ,1000000
秖,ㄓ,1000000
秘,ㄇㄧˋ,1000000
秘,ㄅㄧˋ
租,ㄗㄨ,1000000
秠,ㄆㄧ,1000000
秣,ㄇㄛˋ,1000000
秤,ㄔㄥˋ,1000000
秤,ㄆㄧㄥˊ
秦,ㄑㄧㄣˊ,1000000
秧,ㄧㄤ,1000000
秩,ㄓˋ,1000000
秫,ㄕㄨˊ,1000000
秬,ㄐㄩˋ,1000000
秭,ㄗˇ,1000000
称,ㄔㄥ,1000000
称,ㄔㄣˋ
称,ㄔㄥˋ
秸,ㄐㄧㄝ,1000000
移,ㄧˊ,1000000
稀,ㄒㄧ,1000000
稂,ㄌㄤˊ,1000000
稃,ㄈㄨ,1000000
稅,ㄕㄨㄟˋ,1000000
稈,ㄍㄢˇ,1000000
稉,ㄐㄧㄥ,1000000
稉,ㄍㄥ
稊,ㄊㄧˊ,1000000
程,ㄔㄥˊ,1000000
稌,ㄊㄨˊ,1000000
稍,ㄕㄠ,1000000
稍,ㄕㄠˋ
稑,ㄌㄨˋ,1000000
稔,ㄖㄣˇ,1000000
稗,ㄅㄞˋ,1000000
稘,ㄐㄧ,1000000
稙,ㄓˊ,1000000
稚,ㄓˋ,1000000
稛,ㄎㄨㄣˇ,1000000
稜,ㄌㄥˊ,1000000
稞,ㄎㄜ,1000000
稟,ㄅㄧㄥˇ,1000000
稟,ㄅㄧㄣ
稟,ㄌㄧㄣˇ
稠,ㄔㄡˊ,1000000
稨,ㄅㄧㄢˇ,1000000
稬,ㄋㄨㄛˋ,1000000
稭,ㄐㄧㄝ,1000000
種,ㄓㄨㄥˇ,1000000
種,ㄓㄨㄥˋ
稰,ㄒㄩ,1000000
稱,ㄔㄥ,1000000
稱,ㄔㄣˋ
稱,ㄔㄥˋ
稳,ㄨㄣˇ,1000000
稷,ㄐㄧˋ,1000000
稹,ㄓㄣˇ,1000000
稻,ㄉㄠˋ,1000000
稼,ㄐㄧㄚˋ,1000000
稽,ㄐㄧ,1000000
稽,ㄑㄧˇ
稾,ㄍㄠˇ,1000000
稿,ㄍㄠˇ,1000000
穀,ㄍㄨˇ,1000000
穄,ㄐㄧˋ,1000000
穅,ㄎㄤ,1000000
穆,ㄇㄨˋ,1000000
穈,ㄇㄣˊ,1000000
穊,ㄐㄧˋ,1000000
穋,ㄌㄨˋ,1000000
穌,ㄙㄨ,1000000
積,ㄐㄧ,1000000
穎,ㄧㄥˇ,1000000
穗,ㄙㄨㄟˋ,1000000
穛,ㄓㄨㄛˊ,1000000
穜,ㄊㄨㄥˊ,1000000
穟,ㄙㄨㄟˋ,1000000
穠,ㄋㄨㄥˊ,1000000
穡,ㄙㄜˋ,1000000
穢,ㄏㄨㄟˋ,1000000
穢,ㄨㄟˋ
穤,ㄋㄨㄛˋ,1000000
穧,ㄐㄧˋ,1000000
穩,ㄨㄣˇ,1000000
穫,ㄏㄨㄛˋ,1000000
穫,ㄏㄨˋ
穮,ㄅㄧㄠ,1000000
穰,ㄖㄤˊ,1000000
穰,ㄖㄤˇ
穴,ㄒㄩㄝˋ,1000000
穴,ㄒㄩㄝˊ
究,ㄐㄧㄡˋ,1000000
究,ㄐㄧㄡ
穷,ㄑㄩㄥˊ,1000000
穸,ㄒㄧˋ,1000000
穹,ㄑㄩㄥ,1000000
穹,ㄑㄩㄥˊ
空,ㄎㄨㄥ,1000000
空,ㄎㄨㄥˋ
穽,ㄐㄧㄥˇ,1000000
穾,ㄧㄠˇ,1000000
穿,ㄔㄨㄢ,1000000
窀,ㄓㄨㄣ,1000000
突,ㄊㄨˊ,1000000
窃,ㄑㄧㄝˋ,1000000
窄,ㄓㄞˇ,1000000
窄,ㄗㄜˊ
窅,ㄧㄠˇ,1000000
窆,ㄅㄧㄢˇ,1000000
窈,ㄧㄠˇ,1000000
窊,ㄨㄚ,1000000
窋,ㄓㄨˊ,1000000
窐,ㄍㄨㄟ,1000000
窐,ㄨㄚ
窒,ㄓˋ,1000000
窓,ㄔㄨㄤ,1000000
窔,ㄧㄠˇ,1000000
窕,ㄊㄧㄠˇ,1000000
窖,ㄐㄧㄠˋ,1000000
窗,ㄔㄨㄤ,1000000
窘,ㄐㄩㄥˇ,1000000
窘,ㄐㄩㄣˇ
窞,ㄉㄢˋ,1000000
窟,ㄎㄨ,1000000
窠,ㄎㄜ,1000000
窣,ㄙㄨˋ,1000000
窨,ㄒㄩㄣ,1000000
窨,ㄧㄣˋ
窩,ㄨㄛ,1000000
窪,ㄨㄚ,1000000
窬,ㄩˊ,1000000
窮,ㄑㄩㄥˊ,1000000
窯,ㄧㄠˊ,1000000
窰,ㄧㄠˊ,1000000
窳,ㄩˇ,1000000
窵,ㄉㄧㄠˋ,1000000
窶,ㄐㄩˋ,1000000
窶,ㄌㄡˊ
窸,ㄒㄧ,1000000
窺,ㄎㄨㄟ,1000000
窻,ㄔㄨㄤ,1000000
窾,ㄎㄨㄢˇ,1000000
窿,ㄌㄨㄥˊ,1000000
竁,ㄘㄨㄟˋ,1000000
竄,ㄘㄨㄢˋ,1000000
竅,ㄑㄧㄠˋ,1000000
竇,ㄉㄡˋ,1000000
竈,ㄗㄠˋ,1000000
竊,ㄑㄧㄝˋ,1000000
立,ㄌㄧˋ,1000000
竑,ㄏㄨㄥˊ,1000000
竒,ㄑㄧˊ,1000000
竒,ㄐㄧ
竘,ㄐㄩˇ,1000000
站,ㄓㄢˋ,1000000
竚,ㄓㄨˋ,1000000
竝,ㄅㄧㄥˋ,1000000
竝,ㄅㄤˋ
竟,ㄐㄧㄥˋ,1000000
章,ㄓㄤ,1000000
竢,ㄙˋ,1000000
竢,ㄑㄧˊ
竣,ㄐㄩㄣˋ,1000000
童,ㄊㄨㄥˊ,1000000
竦,ㄙㄨㄥˇ,1000000
竪,ㄕㄨˋ,1000000
竫,ㄐㄧㄥˋ,1000000
竭,ㄐㄧㄝˊ,1000000
端,ㄉㄨㄢ,1000000
竱,ㄓㄨㄢˇ,1000000
競,ㄐㄧㄥˋ,1000000
竷,ㄎㄢˇ,1000000
竹,ㄓㄨˊ,1000000
竺,ㄓㄨˊ,1000000
竽,ㄩˊ,1000000
竾,ㄔˊ,1000000
竿,ㄍㄢ,1000000
笄,ㄐㄧ,1000000
笅,ㄒㄧㄠˊ,1000000
笆,ㄅㄚ,1000000
笈,ㄐㄧˊ,1000000
笊,ㄓㄠˋ,1000000
笋,ㄙㄨㄣˇ,1000000
笏,ㄏㄨˋ,1000000
笐,ㄍㄤ,1000000
笑,ㄒㄧㄠˋ,1000000
笔,ㄅㄧˇ,1000000
笘,ㄕㄢ,1000000
笙,ㄕㄥ,1000000
笛,ㄉㄧˊ,1000000
笞,ㄔ,1000000
笠,ㄌㄧˋ,1000000
笢,ㄇㄧㄣˇ,1000000
笤,ㄊㄧㄠˊ,1000000
笥,ㄙˋ,1000000
符,ㄈㄨˊ,1000000
笨,ㄅㄣˋ,1000000
笫,ㄗˇ,1000000
第,ㄉㄧˋ,1000000
笭,ㄌㄧㄥˊ,1000000
笮,ㄗㄜˊ,1000000
笮,ㄓㄚˋ
笯,ㄋㄨˊ,1000000
笱,ㄍㄡˇ,1000000
笲,ㄈㄢˊ,1000000
笳,ㄐㄧㄚ,1000000
笴,ㄍㄜˇ,1000000
笵,ㄈㄢˋ,1000000
笸,ㄆㄛˇ,1000000
筅,ㄒㄧㄢˇ,1000000
筆,ㄅㄧˇ,1000000
筇,ㄑㄩㄥˊ,1000000
筈,ㄍㄨㄚ,1000000
等,ㄉㄥˇ,1000000
筊,ㄐㄧㄠˇ,1000000
筋,ㄐㄧㄣ,1000000
筌,ㄑㄩㄢˊ,1000000
筍,ㄙㄨㄣˇ,1000000
筏,ㄈㄚˊ,1000000
筐,ㄎㄨㄤ,1000000
筑,ㄓㄨˊ,1000000
筒,ㄊㄨㄥˇ,1000000
筓,ㄐㄧ,1000000
答,ㄉㄚˊ,1000000
答,ㄉㄚ
策,ㄘㄜˋ,1000000
筞,ㄘㄜˋ,1000000
筠,ㄩㄣˊ,1000000
筢,ㄆㄚˊ,1000000
筤,ㄌㄤˊ,1000000
筥,ㄐㄩˇ,1000000
筦,ㄍㄨㄢˇ,1000000
筧,ㄐㄧㄢˇ,1000000
筭,ㄙㄨㄢˋ,1000000
筮,ㄕˋ,1000000
筯,ㄓㄨˋ,1000000
筰,ㄗㄨㄛˊ,1000000
筱,ㄒㄧㄠˇ,1000000
筲,ㄕㄠ,1000000
筳,ㄊㄧㄥˊ,1000000
筴,ㄘㄜˋ,1000000
筵,ㄧㄢˊ,1000000
筷,ㄎㄨㄞˋ,1000000
箄,ㄆㄞˊ,1000000
箄,ㄅㄟ
箅,ㄅㄧˋ,1000000
箇,ㄍㄜˋ,1000000
箇,˙ㄍㄜ
箇,ㄍㄜˇ
箋,ㄐㄧㄢ,1000000
箍,ㄍㄨ,1000000
箏,ㄓㄥ,1000000
箐,ㄐㄧㄥ,1000000
箐,ㄑㄧㄢˋ
箑,ㄕㄚˋ,1000000
箑,ㄐㄧㄝˊ
箒,ㄓㄡˇ,1000000
箔,ㄅㄛˊ,1000000
箕,ㄐㄧ,1000000
算,ㄙㄨㄢˋ,1000000
箘,ㄐㄩㄣˋ,1000000
箙,ㄈㄨˊ,1000000
箜,ㄎㄨㄥ,1000000
箝,ㄑㄧㄢˊ,1000000
箠,ㄔㄨㄟˊ,1000000
管,ㄍㄨㄢˇ,1000000
箩,ㄌㄨㄛˊ,1000000
箬,ㄖㄨㄛˋ,1000000
箭,ㄐㄧㄢˋ,1000000
箯,ㄅㄧㄢ,1000000
箱,ㄒㄧㄤ,1000000
箴,ㄓㄣ,1000000
箸,ㄓㄨˋ,1000000
箾,ㄕㄨㄛˋ,1000000
節,ㄐㄧㄝˊ,1000000
篁,ㄏㄨㄤˊ,1000000
範,ㄈㄢˋ,1000000
篆,ㄓㄨㄢˋ,1000000
篇,ㄆㄧㄢ,1000000
築,ㄓㄨˊ,1000000
篋,ㄑㄧㄝˋ,1000000
篌,ㄏㄡˊ,1000000
篓,ㄌㄡˇ,1000000
篔,ㄩㄣˊ,1000000
篘,ㄔㄡ,1000000
篙,ㄍㄠ,1000000
篚,ㄈㄟˇ,1000000
篛,ㄖㄨㄛˋ,1000000
篝,ㄍㄡ,1000000
篠,ㄒㄧㄠˇ,1000000
篡,ㄘㄨㄢˋ,1000000
篣,ㄆㄥˊ,1000000
篣,ㄆㄤˊ
篤,ㄉㄨˇ,1000000
篥,ㄌㄧˋ,1000000
篦,ㄅㄧˋ,1000000
篨,ㄔㄨˊ,1000000
篩,ㄕㄞ,1000000
篪,ㄔˊ,1000000
篰,ㄅㄨˋ,1000000
篱,ㄌㄧˊ,1000000
篲,ㄏㄨㄟˋ,1000000
篳,ㄅㄧˋ,1000000
篷,ㄆㄥˊ,1000000
篸,ㄘㄣ,1000000
篸,ㄗㄢ
篸,ㄗㄢˋ
篹,ㄓㄨㄢˋ,1000000
篹,ㄗㄨㄢˇ
篹,ㄙㄨㄢˇ
篺,ㄆㄞˊ,1000000
篻,ㄆㄧㄠˇ,1000000
篼,ㄉㄡ,1000000
篽,ㄩˋ,1000000
篾,ㄇㄧㄝˋ,1000000
篿,ㄊㄨㄢˊ,1000000
篿,ㄓㄨㄢ
簀,ㄗㄜˊ,1000000
簃,ㄧˊ,1000000
簆,ㄎㄡˋ,1000000
簇,ㄘㄨˋ,1000000
簉,ㄗㄠˋ,1000000
簉,ㄔㄡˋ
簋,ㄍㄨㄟˇ,1000000
簌,ㄙㄨˋ,1000000
簍,ㄌㄡˇ,1000000
簎,ㄘㄜˋ,1000000
簏,ㄌㄨˋ,1000000
簑,ㄙㄨㄛ,1000000
簘,ㄒㄧㄠ,1000000
簙,ㄅㄛˊ,1000000
簜,ㄉㄤˋ,1000000
簞,ㄉㄢ,1000000
簟,ㄉㄧㄢˋ,1000000
簠,ㄈㄨˇ,1000000
簡,ㄐㄧㄢˇ,1000000
簣,ㄎㄨㄟˋ,1000000
簦,ㄉㄥ,1000000
簧,ㄏㄨㄤˊ,1000000
簨,ㄙㄨㄣˇ,1000000
簪,ㄗㄢ,1000000
簪,ㄗㄣ
簫,ㄒㄧㄠ,1000000
簬,ㄉㄨˋ,1000000
簭,ㄕˋ,1000000
簰,ㄆㄞˊ,1000000
簳,ㄍㄢˇ,1000000
簷,ㄧㄢˊ,1000000
簸,ㄅㄛˇ,1000000
簸,ㄅㄛˋ
簹,ㄉㄤ,1000000
簺,ㄙㄞˋ,1000000
簽,ㄑㄧㄢ,1000000
簾,ㄌㄧㄢˊ,1000000
簿,ㄅㄨˋ,1000000
簿,ㄅㄛˊ
籀,ㄓㄡˋ,1000000
籃,ㄌㄢˊ,1000000
籉,ㄊㄞˊ,1000000
籊,ㄊㄧˋ,1000000
籋,ㄋㄧㄝˋ,1000000
籌,ㄔㄡˊ,1000000
籍,ㄐㄧˊ,1000000
籐,ㄊㄥˊ,1000000
籑,ㄓㄨㄢˋ,1000000
籒,ㄓㄡˋ,1000000
籓,ㄈㄢ,1000000
籔,ㄙㄡˇ,1000000
籔,ㄕㄨˋ
籖,ㄑㄧㄢ,1000000
籙,ㄌㄨˋ,1000000
籛,ㄐㄧㄢ,1000000
籜,ㄊㄨㄛˋ,1000000
籝,ㄧㄥˊ,1000000
籞,ㄩˋ,1000000
籟,ㄌㄞˋ,1000000
籠,ㄌㄨㄥˊ,1000000
籠,ㄌㄨㄥˇ
籣,ㄌㄢˊ,1000000
籤,ㄑㄧㄢ,1000000
籥,ㄩㄝˋ,1000000
籧,ㄑㄩˊ,1000000
籧,ㄐㄩˇ
籩,ㄅㄧㄢ,1000000
籪,ㄉㄨㄢˋ,1000000
籬,ㄌㄧˊ,1000000
籮,ㄌㄨㄛˊ,1000000
籯,ㄧㄥˊ,1000000
籰,ㄩㄝˋ,1000000
籲,ㄩˋ,1000000
米,ㄇㄧˇ,1000000
籴,ㄉㄧˊ,1000000
籸,ㄕㄣ,1000000
籹,ㄋㄩˇ,1000000
籹,ㄓㄨㄤ
籺,ㄒㄧˋ,1000000
籽,ㄗˇ,1000000
粃,ㄅㄧˇ,1000000
粄,ㄅㄢˇ,1000000
粉,ㄈㄣˇ,1000000
粑,ㄅㄚ,1000000
粒,ㄌㄧˋ,1000000
粔,ㄐㄩˋ,1000000
粕,ㄆㄛˋ,1000000
粗,ㄘㄨ,1000000
粘,ㄋㄧㄢˊ,1000000
粛,ㄙㄨˋ,1000000
粜,ㄊㄧㄠˋ,1000000
粞,ㄒㄧ,1000000
粟,ㄙㄨˋ,1000000
粢,ㄗ,1000000
粥,ㄓㄡ,1000000
粥,ㄓㄨˋ
粥,ㄩˋ
粧,ㄓㄨㄤ,1000000
粮,ㄌㄧㄤˊ,1000000
粰,ㄈㄨ,1000000
粱,ㄌㄧㄤˊ,1000000
粲,ㄘㄢˋ,1000000
粳,ㄐㄧㄥ,1000000
粳,ㄍㄥ
粵,ㄩㄝˋ,1000000
粹,ㄘㄨㄟˋ,1000000
粺,ㄅㄞˋ,1000000
粻,ㄓㄤ,1000000
粼,ㄌㄧㄣˊ,1000000
粽,ㄗㄨㄥˋ,1000000
粽,ㄓㄨㄥˋ
精,ㄐㄧㄥ,1000000
粿,ㄍㄨㄛˇ,1000000
糅,ㄖㄡˇ,1000000
糇,ㄏㄡˊ,1000000
糈,ㄒㄩˇ,1000000
糉,ㄗㄨㄥˋ,1000000
糉,ㄓㄨㄥˋ
糊,ㄏㄨˊ,1000000
糊,ㄏㄨ
糊,ㄏㄨˋ
糌,ㄗㄢˊ,1000000
糍,ㄘˊ,1000000
糒,ㄅㄟˋ,1000000
糕,ㄍㄠ,1000000
糖,ㄊㄤˊ,1000000
糗,ㄑㄧㄡˇ,1000000
糙,ㄘㄠ,1000000
糙,ㄘㄠˋ
糜,ㄇㄧˊ,1000000
糜,ㄇㄟˊ
糝,ㄙㄢˇ,1000000
糞,ㄈㄣˋ,1000000
糟,ㄗㄠ,1000000
糠,ㄎㄤ,1000000
糡,ㄐㄧㄤˋ,1000000
糢,ㄇㄛˊ,1000000
糧,ㄌㄧㄤˊ,1000000
糨,ㄐㄧㄤˋ,1000000
糪,ㄅㄛˊ,1000000
糬,ㄕㄨˇ,1000000
糯,ㄋㄨㄛˋ,1000000
糰,ㄊㄨㄢˊ,1000000
糱,ㄋㄧㄝˋ,1000000
糲,ㄌㄧˋ,1000000
糴,ㄉㄧˊ,1000000
糵,ㄋㄧㄝˋ,1000000
糶,ㄊㄧㄠˋ,1000000
糸,ㄇㄧˋ,1000000
糸,ㄙ
系,ㄒㄧˋ,1000000
糾,ㄐㄧㄡ,1000000
糾,ㄐㄧㄡˇ
紀,ㄐㄧˋ,1000000
紀,ㄐㄧˇ
紂,ㄓㄡˋ,1000000
紃,ㄒㄩㄣˊ,1000000
約,ㄩㄝ,1000000
紅,ㄏㄨㄥˊ,1000000
紅,ㄍㄨㄥ
紆,ㄩ,1000000
紇,ㄏㄜˊ,1000000
紇,ㄍㄜ
紈,ㄨㄢˊ,1000000
紉,ㄖㄣˋ,1000000
紊,ㄨㄣˋ,1000000
紋,ㄨㄣˊ,1000000
納,ㄋㄚˋ,1000000
紐,ㄋㄧㄡˇ,1000000
紑,ㄈㄡ,1000000
紒,ㄐㄧˋ,1000000
紓,ㄕㄨ,1000000
純,ㄔㄨㄣˊ,1000000
純,ㄓㄨㄣˇ
紕,ㄆㄧ,1000000
紕,ㄆㄧˊ
紖,ㄓㄣˋ,1000000
紗,ㄕㄚ,1000000
紘,ㄏㄨㄥˊ,1000000
紙,ㄓˇ,1000000
級,ㄐㄧˊ,1000000
紛,ㄈㄣ,1000000
紜,ㄩㄣˊ,1000000
紝,ㄖㄣˋ,1000000
紝,ㄖㄣˊ
紞,ㄉㄢˇ,1000000
紟,ㄐㄧㄣ,1000000
素,ㄙㄨˋ,1000000
紡,ㄈㄤˇ,1000000
索,ㄙㄨㄛˇ,1000000
索,ㄙㄨㄛˊ
紥,ㄗㄚ,1000000
紥,ㄓㄚˊ
紩,ㄓˋ,1000000
紫,ㄗˇ,1000000
紬,ㄔㄡˊ,1000000
紬,ㄔㄡ
紮,ㄗㄚ,1000000
紮,ㄓㄚˊ
累,ㄌㄟˋ,1000000
累,ㄌㄟˇ
累,ㄌㄟˊ
細,ㄒㄧˋ,1000000
紱,ㄈㄨˊ,1000000
紲,ㄒㄧㄝˋ,1000000
紳,ㄕㄣ,1000000
紵,ㄓㄨˋ,1000000
紸,ㄓㄨˋ,1000000
紹,ㄕㄠˋ,1000000
紺,ㄍㄢˋ,1000000
紼,ㄈㄨˊ,1000000
紽,ㄊㄨㄛˊ,1000000
紾,ㄓㄣˇ,1000000
紿,ㄉㄞˋ,1000000
絀,ㄔㄨˋ,1000000
絁,ㄕ,1000000
終,ㄓㄨㄥ,1000000
絃,ㄒㄧㄢˊ,1000000
組,ㄗㄨˇ,1000000
絅,ㄐㄩㄥˇ,1000000
絆,ㄅㄢˋ,1000000
絇,ㄑㄩˊ,1000000
絍,ㄖㄣˋ,1000000
絍,ㄖㄣˊ
絎,ㄏㄥˋ,1000000
絏,ㄒㄧㄝˋ,1000000
結,ㄐㄧㄝˊ,1000000
結,ㄐㄧㄝ
絓,ㄍㄨㄚˋ,1000000
絕,ㄐㄩㄝˊ,1000000
絖,ㄎㄨㄤˋ,1000000
絚,ㄍㄥ,1000000
絛,ㄊㄠ,1000000
絜,ㄐㄧㄝˊ,1000000
絜,ㄒㄧㄝˊ
絝,ㄎㄨˋ,1000000
絞,ㄐㄧㄠˇ,1000000
絡,ㄌㄨㄛˋ,1000000
絡,ㄌㄠˋ
絢,ㄒㄩㄢˋ,1000000
絣,ㄅㄥ,1000000
給,ㄍㄟˇ,1000000
給,ㄐㄧˇ
絨,ㄖㄨㄥˊ,1000000
絪,ㄧㄣ,1000000
絮,ㄒㄩˋ,1000000
絰,ㄉㄧㄝˊ,1000000
統,ㄊㄨㄥˇ,1000000
絲,ㄙ,1000000
絳,ㄐㄧㄤˋ,1000000
絵,ㄏㄨㄟˋ,1000000
絹,ㄐㄩㄢˋ,1000000
絺,ㄔ,1000000
絻,ㄨㄣˋ,1000000
絿,ㄑㄧㄡˊ,1000000
綀,ㄕㄨ,1000000
綁,ㄅㄤˇ,1000000
綃,ㄒㄧㄠ,1000000
綅,ㄒㄧㄢ,1000000
綆,ㄍㄥˇ,1000000
綈,ㄊㄧˊ,1000000
綉,ㄒㄧㄡˋ,1000000
綌,ㄒㄧˋ,1000000
綍,ㄈㄨˊ,1000000
綎,ㄊㄧㄥ,1000000
綏,ㄙㄨㄟ,1000000
綏,ㄙㄨㄟˊ
綑,ㄎㄨㄣˇ,1000000
經,ㄐㄧㄥ,1000000
綖,ㄧㄢˊ,1000000
継,ㄐㄧˋ,1000000
綜,ㄗㄨㄥˋ,1000000
綝,ㄔㄣ,1000000
綝,ㄌㄧㄣˊ
綞,ㄉㄨㄛˇ,1000000
綟,ㄌㄧˋ,1000000
綠,ㄌㄩˋ,1000000
綠,ㄌㄨˋ
綢,ㄔㄡˊ,1000000
綣,ㄑㄩㄢˇ,1000000
綦,ㄑㄧˊ,1000000
綪,ㄑㄧㄢˋ,1000000
綫,ㄒㄧㄢˋ,1000000
綬,ㄕㄡˋ,1000000
維,ㄨㄟˊ,1000000
綮,ㄑㄧˇ,1000000
綮,ㄑㄧㄥˋ
綯,ㄊㄠˊ,1000000
綰,ㄨㄢˇ,1000000
綱,ㄍㄤ,1000000
網,ㄨㄤˇ,1000000
綳,ㄅㄥ,1000000
綳,ㄅㄥˇ
綳,ㄅㄥˋ
綴,ㄓㄨㄟˋ,1000000
綵,ㄘㄞˇ,1000000
綷,ㄘㄨㄟˋ,1000000
綸,ㄌㄨㄣˊ,1000000
綸,ㄍㄨㄢ
綹,ㄌㄧㄡˇ,1000000
綺,ㄑㄧˇ,1000000
綻,ㄓㄢˋ,1000000
綼,ㄅㄧˋ,1000000
綽,ㄔㄨㄛˋ,1000000
綾,ㄌㄧㄥˊ,1000000
綿,ㄇㄧㄢˊ,1000000
緄,ㄍㄨㄣˇ,1000000
緅,ㄗㄡ,1000000
緆,ㄒㄧˋ,1000000
緇,ㄗ,1000000
緉,ㄌㄧㄤˇ,1000000
緊,ㄐㄧㄣˇ,1000000
緋,ㄈㄟ,1000000
緌,ㄖㄨㄟˊ,1000000
緍,ㄇㄧㄣˊ,1000000
緎,ㄩˋ,1000000
総,ㄗㄨㄥˇ,1000000
緐,ㄈㄢˊ,1000000
緐,ㄆㄛˊ
緑,ㄌㄩˋ,1000000
緑,ㄌㄨˋ
緒,ㄒㄩˋ,1000000
緗,ㄒㄧㄤ,1000000
緘,ㄐㄧㄢ,1000000
緙,ㄎㄜˋ,1000000
線,ㄒㄧㄢˋ,1000000
緜,ㄇㄧㄢˊ,1000000
緝,ㄑㄧˋ,1000000
緝,ㄑㄧ
緞,ㄉㄨㄢˋ,1000000
締,ㄉㄧˋ,1000000
緡,ㄇㄧㄣˊ,1000000
緣,ㄩㄢˊ,1000000
緣,ㄩㄢˋ
緤,ㄒㄧㄝˋ,1000000
緥,ㄅㄠˇ,1000000
緦,ㄙ,1000000
緧,ㄑㄧㄡ,1000000
編,ㄅㄧㄢ,1000000
緩,ㄏㄨㄢˇ,1000000
緪,ㄍㄥ,1000000
緫,ㄘㄨㄥ,1000000
緫,ㄗㄨㄥˇ
緫,ㄗㄨㄥ
緬,ㄇㄧㄢˇ,1000000
緯,ㄨㄟˇ,1000000
緱,ㄍㄡ,1000000
緲,ㄇㄧㄠˇ,1000000
練,ㄌㄧㄢˋ,1000000
緶,ㄅㄧㄢˋ,1000000
緶,ㄆㄧㄢˊ
緹,ㄊㄧˊ,1000000
緺,ㄍㄨㄚ,1000000
緻,ㄓˋ,1000000
緾,ㄔㄢˊ,1000000
縁,ㄩㄢˊ,1000000
縁,ㄩㄢˋ
縈,ㄧㄥˊ,1000000
縉,ㄐㄧㄣˋ,1000000
縊,ㄧˋ,1000000
縋,ㄓㄨㄟˋ,1000000
縏,ㄆㄢˊ,1000000
縐,ㄓㄡˋ,1000000
縑,ㄐㄧㄢ,1000000
縓,ㄑㄩㄢˊ,1000000
縕,ㄩㄣˋ,1000000
縕,ㄩㄣ
縗,ㄘㄨㄟ,1000000
縛,ㄈㄨˊ,1000000
縝,ㄓㄣˇ,1000000
縞,ㄍㄠˇ,1000000
縟,ㄖㄨˋ,1000000
縠,ㄏㄨˊ,1000000
縢,ㄊㄥˊ,1000000
縣,ㄒㄧㄢˋ,1000000
縣,ㄒㄩㄢˊ
縧,ㄊㄠ,1000000
縩,ㄘㄞˋ,1000000
縪,ㄅㄧˋ,1000000
縫,ㄈㄥˋ,1000000
縫,ㄈㄥˊ
縭,ㄌㄧˊ,1000000
縮,ㄙㄨㄛ,1000000
縮,ㄙㄨˋ
縰,ㄕˇ,1000000
縱,ㄗㄨㄥˋ,1000000
縱,ㄗㄨㄥ
縱,ㄗㄨㄥˇ
縲,ㄌㄟˊ,1000000
縳,ㄓㄨㄢˋ,1000000
縳,ㄔㄨㄢˊ
縴,ㄑㄧㄢˋ,1000000
縵,ㄇㄢˋ,1000000
縶,ㄓˊ,1000000
縷,ㄌㄩˇ,1000000
縹,ㄆㄧㄠˇ,1000000
縹,ㄆㄧㄠˋ
縻,ㄇㄧˊ,1000000
總,ㄗㄨㄥˇ,1000000
績,ㄐㄧ,1000000
縿,ㄕㄢ,1000000
繁,ㄈㄢˊ,1000000
繁,ㄆㄛˊ
繃,ㄅㄥ,1000000
繃,ㄅㄥˇ
繃,ㄅㄥˋ
繄,ㄧ,1000000
繅,ㄙㄠ,1000000
繆,ㄇㄡˊ,1000000
繆,ㄇㄧㄠˋ
繆,ㄇㄧㄡˋ
繆,ㄇㄨˋ
繆,ㄌㄧㄠˊ
繇,ㄧㄠˊ,1000000
繇,ㄓㄡˋ
繇,ㄧㄡˊ
繈,ㄑㄧㄤˇ,1000000
繍,ㄒㄧㄡˋ,1000000
繐,ㄙㄨㄟˋ,1000000
繑,ㄑㄧㄠ,1000000
繒,ㄗㄥ,1000000
繒,ㄗㄥˋ
織,ㄓ,1000000
繕,ㄕㄢˋ,1000000
繖,ㄙㄢˇ,1000000
繘,ㄩˋ,1000000
繙,ㄈㄢ,1000000
繚,ㄌㄧㄠˊ,1000000
繜,ㄗㄨㄣ,1000000
繜,ㄗㄨㄣˇ
繞,ㄖㄠˋ,1000000
繟,ㄔㄢˇ,1000000
繠,ㄖㄨㄟˇ,1000000
繡,ㄒㄧㄡˋ,1000000
繢,ㄏㄨㄟˋ,1000000
繣,ㄏㄨㄚˋ,1000000
繦,ㄑㄧㄤˇ,1000000
繨,˙ㄉㄚ,1000000
繨,ㄉㄚˊ
繩,ㄕㄥˊ,1000000
繪,ㄏㄨㄟˋ,1000000
繫,ㄒㄧˋ,1000000
繫,ㄐㄧˋ
繭,ㄐㄧㄢˇ,1000000
繮,ㄐㄧㄤ,1000000
繮,ㄍㄤ
繯,ㄏㄨㄢˊ,1000000
繯,ㄏㄨㄢˋ
繰,ㄗㄠˇ,1000000
繰,ㄙㄠ
繳,ㄐㄧㄠˇ,1000000
繳,ㄓㄨㄛˊ
繴,ㄅㄧˋ,1000000
繵,ㄉㄢˋ,1000000
繵,ㄔㄢˊ
繶,ㄧˋ,1000000
繸,ㄙㄨㄟˋ,1000000
繹,ㄧˋ,1000000
繻,ㄒㄩ,1000000
繻,ㄖㄨˊ
繼,ㄐㄧˋ,1000000
繽,ㄅㄧㄣ,1000000
繾,ㄑㄧㄢˇ,1000000
纀,ㄆㄨˊ,1000000
纁,ㄒㄩㄣ,1000000
纂,ㄗㄨㄢˇ,1000000
纆,ㄇㄛˋ,1000000
纇,ㄌㄟˋ,1000000
纈,ㄒㄧㄝˊ,1000000
纊,ㄎㄨㄤˋ,1000000
纋,ㄧㄡ,1000000
續,ㄒㄩˋ,1000000
纍,ㄌㄟˊ,1000000
纎,ㄒㄧㄢ,1000000
纏,ㄔㄢˊ,1000000
纑,ㄌㄨˊ,1000000
纒,ㄔㄢˊ,1000000
纓,ㄧㄥ,1000000
纔,ㄘㄞˊ,1000000
纕,ㄒㄧㄤ,1000000
纖,ㄒㄧㄢ,1000000
纘,ㄗㄨㄢˇ,1000000
纚,ㄕˇ,1000000
纛,ㄉㄠˋ,1000000
纛,ㄉㄨˊ
纜,ㄌㄢˇ,1000000
缶,ㄈㄡˇ,1000000
缸,ㄍㄤ,1000000
缹,ㄈㄡˇ,1000000
缺,ㄑㄩㄝ,1000000
缽,ㄅㄛ,1000000
缾,ㄆㄧㄥˊ,1000000
缿,ㄒㄧㄤˋ,1000000
罃,ㄧㄥ,1000000
罄,ㄑㄧㄥˋ,1000000
罅,ㄒㄧㄚˋ,1000000
罇,ㄗㄨㄣ,1000000
罈,ㄊㄢˊ,1000000
罋,ㄨㄥˋ,1000000
罌,ㄧㄥ,1000000
罍,ㄌㄟˊ,1000000
罎,ㄊㄢˊ,1000000
罏,ㄌㄨˊ,1000000
罐,ㄍㄨㄢˋ,1000000
网,ㄨㄤˇ,1000000
罔,ㄨㄤˇ,1000000
罕,ㄏㄢˇ,1000000
罗,ㄌㄨㄛˊ,1000000
罘,ㄈㄨˊ,1000000
罘,ㄈㄡˊ
罛,ㄍㄨ,1000000
罜,ㄓㄨˋ,1000000
罝,ㄐㄩ,1000000
罞,ㄇㄥˊ,1000000
罟,ㄍㄨˇ,1000000
罠,ㄇㄧㄣˊ,1000000
罡,ㄍㄤ,1000000
罢,ㄅㄚˋ,1000000
罢,˙ㄅㄚ
罢,ㄆㄧˊ
罣,ㄍㄨㄚˋ,1000000
罥,ㄐㄩㄢˋ,1000000
罦,ㄈㄨˊ,1000000
罨,ㄧㄢˇ,1000000
罩,ㄓㄠˋ,1000000
罪,ㄗㄨㄟˋ,1000000
罫,ㄍㄨㄚˋ,1000000
罫,ㄏㄨㄚˋ
罬,ㄓㄨㄛˊ,1000000
罭,ㄩˋ,1000000
置,ㄓˋ,1000000
罰,ㄈㄚˊ,1000000
罱,ㄌㄢˇ,1000000
署,ㄕㄨˇ,1000000
署,ㄕㄨˋ
罳,ㄙ,1000000
罵,ㄇㄚˋ,1000000
罶,ㄌㄧㄡˇ,1000000
罷,ㄅㄚˋ,1000000
罷,˙ㄅㄚ
罷,ㄆㄧˊ
罸,ㄈㄚˊ,1000000
罹,ㄌㄧˊ,1000000
罺,ㄔㄠ,1000000
罻,ㄨㄟˋ,1000000
罽,ㄐㄧˋ,1000000
罾,ㄗㄥ,1000000
罾,ㄗㄥˋ
罿,ㄊㄨㄥˊ,1000000
罿,ㄔㄨㄥ
羅,ㄌㄨㄛˊ,1000000
羆,ㄆㄧˊ,1000000
羇,ㄐㄧ,1000000
羈,ㄐㄧ,1000000
羉,ㄌㄨㄢˊ,1000000
羊,ㄧㄤˊ,1000000
羊,ㄒㄧㄤˊ
羋,ㄇㄧˇ,1000000
羋,ㄇㄧㄝ
羌,ㄑㄧㄤ,1000000
美,ㄇㄟˇ,1000000
羑,ㄧㄡˇ,1000000
羓,ㄅㄚ,1000000
羔,ㄍㄠ,1000000
羕,ㄧㄤˋ,1000000
羖,ㄍㄨˇ,1000000
羗,ㄑㄧㄤ,1000000
羙,ㄇㄟˇ,1000000
羚,ㄌㄧㄥˊ,1000000
羜,ㄓㄨˋ,1000000
羝,ㄉㄧ,1000000
羞,ㄒㄧㄡ,1000000
羢,ㄖㄨㄥˊ,1000000
羣,ㄑㄩㄣˊ,1000000
群,ㄑㄩㄣˊ,1000000
羥,ㄑㄧㄤˇ,1000000
羥,ㄎㄥ
羧,ㄗㄨㄟ,1000000
羧,ㄙㄨㄛ
羨,ㄒㄧㄢˋ,1000000
義,ㄧˋ,1000000
羭,ㄩˊ,1000000
羯,ㄐㄧㄝˊ,1000000
羰,ㄊㄢˋ,1000000
羱,ㄩㄢˊ,1000000
羲,ㄒㄧ,1000000
羳,ㄈㄢˊ,1000000
羴,ㄕㄢ,1000000
羵,ㄈㄣˊ,1000000
羶,ㄕㄢ,1000000
羸,ㄌㄟˊ,1000000
羹,ㄍㄥ,1000000
羹,ㄌㄤˊ
羼,ㄔㄢˋ,1000000
羽,ㄩˇ,1000000
羿,ㄧˋ,1000000
翀,ㄔㄨㄥ,1000000
翁,ㄨㄥ,1000000
翂,ㄈㄣ,1000000
翃,ㄏㄨㄥˊ,1000000
翄,ㄔˋ,1000000
翅,ㄔˋ,1000000
翊,ㄧˋ,1000000
翌,ㄧˋ,1000000
翎,ㄌㄧㄥˊ,1000000
習,ㄒㄧˊ,1000000
翔,ㄒㄧㄤˊ,1000000
翕,ㄒㄧˋ,1000000
翛,ㄒㄧㄠ,1000000
翛,ㄕㄨˋ
翜,ㄕㄚˋ,1000000
翟,ㄉㄧˊ,1000000
翟,ㄓㄞˊ
翠,ㄘㄨㄟˋ,1000000
翡,ㄈㄟˇ,1000000
翢,ㄉㄠˋ,1000000
翢,ㄓㄡ
翣,ㄕㄚˋ,1000000
翥,ㄓㄨˋ,1000000
翦,ㄐㄧㄢˇ,1000000
翨,ㄕˋ,1000000
翩,ㄆㄧㄢ,1000000
翫,ㄨㄢˋ,1000000
翬,ㄏㄨㄟ,1000000
翮,ㄏㄜˊ,1000000
翮,ㄍㄜˊ
翯,ㄏㄜˋ,1000000
翰,ㄏㄢˋ,1000000
翱,ㄠˊ,1000000
翲,ㄆㄧㄠ,1000000
翳,ㄧˋ,1000000
翳,ㄧ
翶,ㄠˊ,1000000
翹,ㄑㄧㄠˋ,1000000
翹,ㄑㄧㄠˊ
翻,ㄈㄢ,1000000
翼,ㄧˋ,1000000
翽,ㄏㄨㄟˋ,1000000
翾,ㄒㄩㄢ,1000000
翿,ㄉㄠˋ,1000000
翿,ㄊㄠˊ
耀,ㄧㄠˋ,1000000
耀,ㄩㄝˋ
老,ㄌㄠˇ,1000000
考,ㄎㄠˇ,1000000
耄,ㄇㄠˋ,1000000
者,ㄓㄜˇ,1000000
耆,ㄑㄧˊ,1000000
耇,ㄍㄡˇ,1000000
耈,ㄍㄡˇ,1000000
耉,ㄍㄡˇ,1000000
耋,ㄉㄧㄝˊ,1000000
而,ㄦˊ,1000000
耍,ㄕㄨㄚˇ,1000000
耎,ㄖㄨㄢˇ,1000000
耏,ㄦˊ,1000000
耐,ㄋㄞˋ,1000000
耑,ㄉㄨㄢ,1000000
耑,ㄓㄨㄢ
耒,ㄌㄟˇ,1000000
耔,ㄗˇ,1000000
耕,ㄍㄥ,1000000
耕,ㄐㄧㄥ
耖,ㄔㄠˋ,1000000
耗,ㄏㄠˋ,1000000
耘,ㄩㄣˊ,1000000
耙,ㄆㄚˊ,1000000
耙,ㄅㄚˋ
耜,ㄙˋ,1000000
耞,ㄐㄧㄚ,1000000
耡,ㄔㄨˊ,1000000
耤,ㄐㄧˊ,1000000
耤,ㄐㄧㄝˋ
耦,ㄡˇ,1000000
耨,ㄋㄡˋ,1000000
耬,ㄌㄡˊ,1000000
耯,ㄏㄨㄛˋ,1000000
耯,ㄏㄨˋ
耰,ㄧㄡ,1000000
耳,ㄦˇ,1000000
耵,ㄉㄧㄥˇ,1000000
耵,ㄊㄧㄥ
耶,ㄧㄝˊ,1000000
耶,ㄧㄝ
耷,ㄉㄚ,1000000
耻,ㄔˇ,1000000
耼,ㄉㄢ,1000000
耽,ㄉㄢ,1000000
耾,ㄏㄨㄥˊ,1000000
耿,ㄍㄥˇ,1000000
聀,ㄓˊ,1000000
聃,ㄉㄢ,1000000
聆,ㄌㄧㄥˊ,1000000
聊,ㄌㄧㄠˊ,1000000
职,ㄓˊ,1000000
聐,ㄧㄚˋ,1000000
聒,ㄍㄨㄚ,1000000
联,ㄌㄧㄢˊ,1000000
聖,ㄕㄥˋ,1000000
聘,ㄆㄧㄣˋ,1000000
聘,ㄆㄧㄥˋ
聚,ㄐㄩˋ,1000000
聝,ㄍㄨㄛˊ,1000000
聞,ㄨㄣˊ,1000000
聞,ㄨㄣˋ
聮,ㄌㄧㄢˊ,1000000
聯,ㄌㄧㄢˊ,1000000
聰,ㄘㄨㄥ,1000000
聱,ㄠˊ,1000000
聲,ㄕㄥ,1000000
聳,ㄙㄨㄥˇ,1000000
聵,ㄎㄨㄟˋ,1000000
聶,ㄋㄧㄝˋ,1000000
職,ㄓˊ,1000000
聹,ㄋㄧㄥˊ,1000000
聼,ㄊㄧㄥ,1000000
聼,ㄊㄧㄥˋ
聽,ㄊㄧㄥ,1000000
聽,ㄊㄧㄥˋ
聾,ㄌㄨㄥˊ,1000000
聿,ㄩˋ,1000000
肄,ㄧˋ,1000000
肅,ㄙㄨˋ,1000000
肆,ㄙˋ,1000000
肇,ㄓㄠˋ,1000000
肉,ㄖㄡˋ,1000000
肉,ㄖㄨˋ
肊,ㄧˋ,1000000
肋,ㄌㄜˋ,1000000
肋,ㄌㄟˋ
肌,ㄐㄧ,1000000
肎,ㄎㄣˇ,1000000
肎,ㄎㄥˇ
肏,ㄘㄠˋ,1000000
肐,ㄍㄜ,1000000
肓,ㄏㄨㄤ,1000000
肕,ㄖㄣˋ,1000000
肖,ㄒㄧㄠˋ,1000000
肘,ㄓㄡˇ,1000000
肚,ㄉㄨˋ,1000000
肚,ㄉㄨˇ
肛,ㄍㄤ,1000000
肜,ㄖㄨㄥˊ,1000000
肝,ㄍㄢ,1000000
股,ㄍㄨˇ,1000000
肢,ㄓ,1000000
肥,ㄈㄟˊ,1000000
肩,ㄐㄧㄢ,1000000
肪,ㄈㄤˊ,1000000
肪,ㄈㄤ
肫,ㄓㄨㄣ,1000000
肬,ㄧㄡˊ,1000000
肮,ㄏㄤˊ,1000000
肯,ㄎㄣˇ,1000000
肯,ㄎㄥˇ
肱,ㄍㄨㄥ,1000000
育,ㄩˋ,1000000
肴,ㄧㄠˊ,1000000
肴,ㄒㄧㄠˊ
肵,ㄑㄧˊ,1000000
肵,ㄐㄧㄥˋ
肶,ㄆㄧˊ,1000000
肸,ㄒㄧˋ,1000000
肹,ㄒㄧˋ,1000000
肺,ㄈㄟˋ,1000000
肺,ㄆㄟˋ
肽,ㄊㄞˋ,1000000
胂,ㄕㄣ,1000000
胃,ㄨㄟˋ,1000000
胄,ㄓㄡˋ,1000000
胆,ㄉㄢˇ,1000000
胇,ㄈㄟˋ,1000000
胈,ㄅㄚˊ,1000000
胉,ㄆㄛˋ,1000000
胊,ㄑㄩˊ,1000000
背,ㄅㄟˋ,1000000
背,ㄅㄟ
胎,ㄊㄞ,1000000
胏,ㄗˇ,1000000
胑,ㄓ,1000000
胔,ㄗˋ,1000000
胕,ㄈㄨˊ,1000000
胕,ㄈㄨ
胖,ㄆㄤˋ,1000000
胖,ㄆㄢˊ
胗,ㄓㄣ,1000000
胗,ㄓㄣˇ
胙,ㄗㄨㄛˋ,1000000
胚,ㄆㄟ,1000000
胛,ㄐㄧㄚˇ,1000000
胜,ㄕㄥ,1000000
胝,ㄓ,1000000
胞,ㄅㄠ,1000000
胠,ㄑㄩ,1000000
胡,ㄏㄨˊ,1000000
胣,ㄧˇ,1000000
胤,ㄧㄣˋ,1000000
胥,ㄒㄩ,1000000
胭,ㄧㄢ,1000000
胯,ㄎㄨㄚˋ,1000000
胰,ㄧˊ,1000000
胱,ㄍㄨㄤ,1000000
胳,ㄍㄜ,1000000
胴,ㄉㄨㄥˋ,1000000
胵,ㄔ,1000000
胷,ㄒㄩㄥ,1000000
胸,ㄒㄩㄥ,1000000
胹,ㄦˊ,1000000
胺,ㄢ,1000000
胼,ㄆㄧㄢˊ,1000000
能,ㄋㄥˊ,1000000
胾,ㄗˋ,1000000
脀,ㄓㄥ,1000000
脂,ㄓ,1000000
脃,ㄘㄨㄟˋ,1000000
脅,ㄒㄧㄝˊ,1000000
脆,ㄘㄨㄟˋ,1000000
脇,ㄒㄧㄝˊ,1000000
脈,ㄇㄞˋ,1000000
脈,ㄇㄛˋ
脉,ㄇㄞˋ,1000000
脉,ㄇㄛˋ
脊,ㄐㄧˇ,1000000
脊,ㄐㄧˊ
脍,ㄎㄨㄞˋ,1000000
脔,ㄌㄨㄢˊ,1000000
脔,ㄌㄩㄢˇ
脖,ㄅㄛˊ,1000000
脗,ㄨㄣˇ,1000000
脘,ㄨㄢˇ,1000000
脘,ㄍㄨㄢˇ
脚,ㄐㄧㄠˇ,1000000
脚,ㄐㄩㄝˊ
脛,ㄐㄧㄥˋ,1000000
脝,ㄏㄥ,1000000
脞,ㄘㄨㄛˇ,1000000
脟,ㄌㄧㄝˋ,1000000
脟,ㄌㄨㄢˇ
脡,ㄊㄧㄥˇ,1000000
脢,ㄇㄟˊ,1000000
脣,ㄔㄨㄣˊ,1000000
脤,ㄕㄣˋ,1000000
脧,ㄗㄨㄟ,1000000
脩,ㄒㄧㄡ,1000000
脫,ㄊㄨㄛ,1000000
脫,ㄊㄨㄟˋ
脬,ㄆㄠ,1000000
脭,ㄔㄥˊ,1000000
脯,ㄆㄨˊ,1000000
脯,ㄈㄨˇ
脰,ㄉㄡˋ,1000000
脹,ㄓㄤˋ,1000000
脺,ㄘㄨㄟˋ,1000000
脾,ㄆㄧˊ,1000000
腁,ㄆㄧㄢˊ,1000000
腆,ㄊㄧㄢˇ,1000000
腊,ㄌㄚˋ,1000000
腊,ㄒㄧˊ
腋,ㄧㄝˋ,1000000
腋,ㄧˋ
腌,ㄧㄢ,1000000
腌,ㄚ
腌,ㄤ
腍,ㄖㄣˇ,1000000
腎,ㄕㄣˋ,1000000
腐,ㄈㄨˇ,1000000
腑,ㄈㄨˇ,1000000
腒,ㄐㄩ,1000000
腓,ㄈㄟˊ,1000000
腔,ㄑㄧㄤ,1000000
腕,ㄨㄢˋ,1000000
腛,ㄨㄛˋ,1000000
腜,ㄇㄟˊ,1000000
腠,ㄘㄡˋ,1000000
腡,ㄌㄨㄛˊ,1000000
腤,ㄢ,1000000
腥,ㄒㄧㄥ,1000000
腦,ㄋㄠˇ,1000000
腧,ㄕㄨˋ,1000000
腧,ㄩˊ
腩,ㄋㄢˇ,1000000
腫,ㄓㄨㄥˇ,1000000
腭,ㄜˋ,1000000
腮,ㄙㄞ,1000000
腯,ㄊㄨˊ,1000000
腰,ㄧㄠ,1000000
腱,ㄐㄧㄢˋ,1000000
腳,ㄐㄧㄠˇ,1000000
腳,ㄐㄩㄝˊ
腴,ㄩˊ,1000000
腶,ㄉㄨㄢˋ,1000000
腷,ㄅㄧˋ,1000000
腸,ㄔㄤˊ,1000000
腹,ㄈㄨˋ,1000000
腺,ㄒㄧㄢˋ,1000000
腼,ㄇㄧㄢˇ,1000000
腿,ㄊㄨㄟˇ,1000000
膀,ㄅㄤˇ,1000000
膀,ㄅㄤˋ
膀,ㄆㄤ
膀,ㄆㄤˊ
膂,ㄌㄩˇ,1000000
膃,ㄨㄚˋ,1000000
膆,ㄙㄨˋ,1000000
膇,ㄓㄨㄟˋ,1000000
膈,ㄍㄜˊ,1000000
膊,ㄅㄛˊ,1000000
膋,ㄌㄧㄠˊ,1000000
膍,ㄆㄧˊ,1000000
膏,ㄍㄠ,1000000
膏,ㄍㄠˋ
膑,ㄅㄧㄣˋ,1000000
膓,ㄔㄤˊ,1000000
膗,ㄔㄨㄞˊ,1000000
膘,ㄅㄧㄠ,1000000
膚,ㄈㄨ,1000000
膛,ㄊㄤˊ,1000000
膜,ㄇㄛˋ,1000000
膜,ㄇㄛˊ
膝,ㄒㄧ,1000000
膞,ㄓㄨㄢ,1000000
膠,ㄐㄧㄠ,1000000
膣,ㄓˋ,1000000
膦,ㄌㄧㄢˇ,1000000
膦,ㄌㄧㄣˊ
膨,ㄆㄥˊ,1000000
膩,ㄋㄧˋ,1000000
膪,ㄔㄨㄞˋ,1000000
膬,ㄘㄨㄟˋ,1000000
膮,ㄒㄧㄠ,1000000
膰,ㄈㄢˊ,1000000
膱,ㄓˊ,1000000
膳,ㄕㄢˋ,1000000
膴,ㄏㄨ,1000000
膴,ㄨˇ
膵,ㄘㄨㄟˋ,1000000
膷,ㄒㄧㄤ,1000000
膹,ㄈㄣˋ,1000000
膹,ㄈㄟˋ
膺,ㄧㄥ,1000000
膻,ㄕㄢ,1000000
膻,ㄉㄢˋ
膽,ㄉㄢˇ,1000000
膾,ㄎㄨㄞˋ,1000000
膿,ㄋㄨㄥˊ,1000000
臀,ㄊㄨㄣˊ,1000000
臁,ㄌㄧㄢˊ,1000000
臂,ㄅㄧˋ,1000000
臂,ㄅㄟˋ
臃,ㄩㄥ,1000000
臃,ㄩㄥˇ
臄,ㄐㄩㄝˊ,1000000
臅,ㄔㄨˋ,1000000
臆,ㄧˋ,1000000
臈,ㄌㄚˋ,1000000
臉,ㄌㄧㄢˇ,1000000
臊,ㄙㄠ,1000000
臊,ㄙㄠˋ
臌,ㄍㄨˇ,1000000
臍,ㄑㄧˊ,1000000
臏,ㄅㄧㄣˋ,1000000
臐,ㄒㄩㄣ,1000000
臑,ㄖㄨˊ,1000000
臑,ㄋㄠˋ
臑,ㄦˊ
臕,ㄅㄧㄠ,1000000
臗,ㄎㄨㄢ,1000000
臘,ㄌㄚˋ,1000000
臚,ㄌㄨˊ,1000000
臛,ㄏㄨㄛˋ,1000000
臝,ㄌㄨㄛˇ,1000000
臞,ㄑㄩˊ,1000000
臟,ㄗㄤˋ,1000000
臠,ㄌㄨㄢˊ,1000000
臠,ㄌㄩㄢˇ
臢,ㄗㄤ,1000000
臢,ㄗㄚ
臣,ㄔㄣˊ,1000000
臤,ㄑㄧㄢ,1000000
臥,ㄨㄛˋ,1000000
臧,ㄗㄤ,1000000
臨,ㄌㄧㄣˊ,1000000
臨,ㄌㄧㄣˋ
自,ㄗˋ,1000000
臬,ㄋㄧㄝˋ,1000000
臭,ㄔㄡˋ,1000000
臭,ㄒㄧㄡˋ
臯,ㄍㄠ,1000000
臲,ㄋㄧㄝˋ,1000000
至,ㄓˋ,1000000
致,ㄓˋ,1000000
臷,ㄉㄧㄝˊ,1000000
臷,ㄓˋ
臺,ㄊㄞˊ,1000000
臻,ㄓㄣ,1000000
臼,ㄐㄧㄡˋ,1000000
臾,ㄩˊ,1000000
臾,ㄩㄥˇ
臿,ㄔㄚ,1000000
舀,ㄧㄠˇ,1000000
舁,ㄩˊ,1000000
舂,ㄔㄨㄥ,1000000
舃,ㄒㄧˋ,1000000
舄,ㄒㄧˋ,1000000
舅,ㄐㄧㄡˋ,1000000
與,ㄩˇ,1000000
與,ㄩˊ
與,ㄩˋ
興,ㄒㄧㄥˋ,1000000
興,ㄒㄧㄥ
舉,ㄐㄩˇ,1000000
舊,ㄐㄧㄡˋ,1000000
舋,ㄒㄧㄣˋ,1000000
舌,ㄕㄜˊ,1000000
舍,ㄕㄜˇ,1000000
舍,ㄕㄜˋ
舐,ㄕˋ,1000000
舒,ㄕㄨ,1000000
舔,ㄊㄧㄢˇ,1000000
舕,ㄊㄢˋ,1000000
舖,ㄆㄨˋ,1000000
舖,ㄆㄨ
舘,ㄍㄨㄢˇ,1000000
舚,ㄊㄧㄢˋ,1000000
舛,ㄔㄨㄢˇ,1000000
舜,ㄕㄨㄣˋ,1000000
舝,ㄒㄧㄚˊ,1000000
舞,ㄨˇ,1000000
舟,ㄓㄡ,1000000
舠,ㄉㄠ,1000000
舡,ㄒㄧㄤ,1000000
舢,ㄕㄢ,1000000
舨,ㄅㄢˇ,1000000
舩,ㄔㄨㄢˊ,1000000
航,ㄏㄤˊ,1000000
舫,ㄈㄤˇ,1000000
般,ㄅㄢ,1000000
般,ㄅㄛ
般,ㄆㄢˊ
舯,ㄓㄨㄥ,1000000
舲,ㄌㄧㄥˊ,1000000
舳,ㄓㄨˊ,1000000
舳,ㄓㄡˊ
舴,ㄗㄜˊ,1000000
舵,ㄉㄨㄛˋ,1000000
舶,ㄅㄛˊ,1000000
舷,ㄒㄧㄢˊ,1000000
舸,ㄍㄜˇ,1000000
船,ㄔㄨㄢˊ,1000000
舺,ㄐㄧㄚˇ,1000000
艄,ㄕㄠ,1000000
艅,ㄩˊ,1000000
艇,ㄊㄧㄥˇ,1000000
艉,ㄨㄟˇ,1000000
艋,ㄇㄥˇ,1000000
艎,ㄏㄨㄤˊ,1000000
艏,ㄕㄡˇ,1000000
艑,ㄅㄧㄢˋ,1000000
艓,ㄉㄧㄝˊ,1000000
艖,ㄔㄚ,1000000
艘,ㄙㄠ,1000000
艘,ㄙㄡ
艙,ㄘㄤ,1000000
艛,ㄌㄡˊ,1000000
艟,ㄊㄨㄥˊ,1000000
艤,ㄧˇ,1000000
艦,ㄐㄧㄢˋ,1000000
艨,ㄇㄥˊ,1000000
艫,ㄌㄨˊ,1000000
艭,ㄕㄨㄤ,1000000
艮,ㄍㄣˇ,1000000
艮,ㄍㄣˋ
良,ㄌㄧㄤˊ,1000000
艱,ㄐㄧㄢ,1000000
色,ㄙㄜˋ,1000000
色,ㄕㄜˋ
色,ㄕㄞˇ
艳,ㄧㄢˋ,1000000
艴,ㄈㄨˊ,1000000
艵,ㄆㄧㄥ,1000000
艵,ㄆㄧㄥˊ
艶,ㄧㄢˋ,1000000
艷,ㄧㄢˋ,1000000
艸,ㄘㄠˇ,1000000
艽,ㄐㄧㄠ,1000000
艽,ㄑㄧㄡˊ
艾,ㄞˋ,1000000
艾,ㄧˋ
芃,ㄆㄥˊ,1000000
芄,ㄨㄢˊ,1000000
芅,ㄧˋ,1000000
芊,ㄑㄧㄢ,1000000
芋,ㄩˋ,1000000
芍,ㄕㄠˊ,1000000
芍,ㄕㄨㄛˋ
芎,ㄑㄩㄥ,1000000
芎,ㄑㄩㄥˊ
芎,ㄒㄩㄥ
芏,ㄊㄨˇ,1000000
芐,ㄏㄨˋ,1000000
芑,ㄑㄧˇ,1000000
芒,ㄇㄤˊ,1000000
芔,ㄏㄨㄟˋ,1000000
芘,ㄆㄧˊ,1000000
芘,ㄅㄧˋ
芙,ㄈㄨˊ,1000000
芚,ㄊㄨㄣˊ,1000000
芝,ㄓ,1000000
芟,ㄕㄢ,1000000
芡,ㄑㄧㄢˋ,1000000
芣,ㄈㄡˊ,1000000
芥,ㄐㄧㄝˋ,1000000
芦,ㄌㄨˊ,1000000
芧,ㄒㄩˋ,1000000
芧,ㄓㄨˋ
芨,ㄐㄧˊ,1000000
芩,ㄑㄧㄣˊ,1000000
芪,ㄑㄧˊ,1000000
芫,ㄩㄢˊ,1000000
芬,ㄈㄣ,1000000
芭,ㄅㄚ,1000000
芮,ㄖㄨㄟˋ,1000000
芯,ㄒㄧㄣ,1000000
芯,ㄒㄧㄣˋ
芰,ㄐㄧˋ,1000000
花,ㄏㄨㄚ,1000000
芲,ㄏㄨㄚ,1000000
芳,ㄈㄤ,1000000
芴,ㄨˋ,1000000
芴,ㄏㄨ
芵,ㄐㄩㄝˊ,1000000
芷,ㄓˇ,1000000
芸,ㄩㄣˊ,1000000
芸,ㄧˋ
芹,ㄑㄧㄣˊ,1000000
芺,ㄧㄠ,1000000
芻,ㄔㄨˊ,1000000
芼,ㄇㄠˋ,1000000
芽,ㄧㄚˊ,1000000
芾,ㄈㄟˋ,1000000
芾,ㄈㄨˊ
苄,ㄅㄧㄢˋ,1000000
苏,ㄙㄨ,1000000
苐,ㄉㄧˋ,1000000
苑,ㄩㄢˋ,1000000
苑,ㄩˋ
苑,ㄩㄢˊ
苒,ㄖㄢˇ,1000000
苓,ㄌㄧㄥˊ,1000000
苔,ㄊㄞˊ,1000000
苔,ㄊㄞ
苕,ㄊㄧㄠˊ,1000000
苖,ㄉㄧˊ,1000000
苗,ㄇㄧㄠˊ,1000000
苙,ㄌㄧˋ,1000000
苛,ㄎㄜ,1000000
苛,ㄏㄜˊ
苜,ㄇㄨˋ,1000000
苞,ㄅㄠ,1000000
苟,ㄍㄡˇ,1000000
苡,ㄧˇ,1000000
苢,ㄧˇ,1000000
苣,ㄐㄩˋ,1000000
若,ㄖㄨㄛˋ,1000000
若,ㄖㄜˇ
苦,ㄎㄨˇ,1000000
苧,ㄓㄨˋ,1000000
苫,ㄕㄢ,1000000
苯,ㄅㄣˇ,1000000
英,ㄧㄥ,1000000
苲,ㄓㄚˇ,1000000
苴,ㄐㄩ,1000000
苴,ㄐㄩˇ
苶,ㄋㄧㄝˊ,1000000
苷,ㄍㄢ,1000000
苹,ㄆㄧㄥˊ,1000000
苺,ㄇㄟˊ,1000000
苻,ㄈㄨˊ,1000000
苾,ㄅㄧˋ,1000000
茁,ㄓㄨㄛˊ,1000000
茂,ㄇㄠˋ,1000000
茂,ㄇㄡˋ
范,ㄈㄢˋ,1000000
茄,ㄐㄧㄚ,1000000
茄,ㄑㄧㄝˊ
茅,ㄇㄠˊ,1000000
茆,ㄇㄠˊ,1000000
茆,ㄇㄠˇ
茇,ㄅㄚˊ,1000000
茇,ㄅㄟˋ
茈,ㄘˊ,1000000
茈,ㄔㄞˊ
茈,ㄗˇ
茉,ㄇㄛˋ,1000000
茌,ㄔˊ,1000000
茍,ㄐㄧˊ,1000000
茖,ㄍㄜˊ,1000000
茗,ㄇㄧㄥˊ,1000000
茗,ㄇㄧㄥˇ
茘,ㄌㄧˋ,1000000
茙,ㄖㄨㄥˊ,1000000
茛,ㄍㄣˋ,1000000
茜,ㄑㄧㄢˋ,1000000
茝,ㄔㄞˇ,1000000
茨,ㄘˊ,1000000
茩,ㄍㄡˇ,1000000
茪,ㄍㄨㄤ,1000000
茫,ㄇㄤˊ,1000000
茬,ㄔˊ,1000000
茭,ㄐㄧㄠ,1000000
茯,ㄈㄨˊ,1000000
茱,ㄓㄨ,1000000
茲,ㄗ,1000000
茲,ㄘˊ
茳,ㄐㄧㄤ,1000000
茴,ㄏㄨㄟˊ,1000000
茵,ㄧㄣ,1000000
茶,ㄔㄚˊ,1000000
茷,ㄈㄚˊ,1000000
茷,ㄆㄟˋ
茸,ㄖㄨㄥˊ,1000000
茸,ㄖㄨㄥˇ
茹,ㄖㄨˊ,1000000
茹,ㄖㄨˋ
茺,ㄔㄨㄥ,1000000
茻,ㄇㄤˇ,1000000
茼,ㄊㄨㄥˊ,1000000
荀,ㄒㄩㄣˊ,1000000
荂,ㄏㄨㄚ,1000000
荃,ㄑㄩㄢˊ,1000000
荄,ㄍㄞ,1000000
荅,ㄉㄚˊ,1000000
荅,ㄉㄚ
荆,ㄐㄧㄥ,1000000
荇,ㄒㄧㄥˋ,1000000
荈,ㄔㄨㄢˇ,1000000
草,ㄘㄠˇ,1000000
荊,ㄐㄧㄥ,1000000
荍,ㄑㄧㄠˊ,1000000
荎,ㄔˊ,1000000
荏,ㄖㄣˇ,1000000
荐,ㄐㄧㄢˋ,1000000
荑,ㄊㄧˊ,1000000
荑,ㄧˊ
荒,ㄏㄨㄤ,1000000
荓,ㄆㄧㄥˊ,1000000
荔,ㄌㄧˋ,1000000
荣,ㄖㄨㄥˊ,1000000
荳,ㄉㄡˋ,1000000
荴,ㄈㄨ,1000000
荵,ㄖㄣˇ,1000000
荷,ㄏㄜˊ,1000000
荷,ㄏㄜˋ
荸,ㄅㄧˊ,1000000
荸,ㄅㄛˊ
荻,ㄉㄧˊ,1000000
荼,ㄊㄨˊ,1000000
荼,ㄕㄨ
荽,ㄙㄨㄟ,1000000
莁,ㄨˊ,1000000
莂,ㄅㄧㄝˊ,1000000
莅,ㄌㄧˋ,1000000
莆,ㄆㄨˊ,1000000
莆,ㄈㄨˇ
莉,ㄌㄧˋ,1000000
莊,ㄓㄨㄤ,1000000
莎,ㄕㄚ,1000000
莎,ㄙㄨㄛ
莏,ㄙㄨㄛ,1000000
莏,ㄘㄨㄛ
莒,ㄐㄩˇ,1000000
莓,ㄇㄟˊ,1000000
莔,ㄇㄥˊ,1000000
莕,ㄒㄧㄥˋ,1000000
莖,ㄐㄧㄥ,1000000
莘,ㄕㄣ,1000000
莘,ㄒㄧㄣ
莙,ㄐㄩㄣˋ,1000000
莛,ㄊㄧㄥˊ,1000000
莝,ㄘㄨㄛˋ,1000000
莞,ㄍㄨㄢˇ,1000000
莞,ㄍㄨㄢ
莞,ㄨㄢ
莞,ㄨㄢˇ
莠,ㄧㄡˋ,1000000
莠,ㄧㄡˇ
莢,ㄐㄧㄚˊ,1000000
莧,ㄒㄧㄢˋ,1000000
莨,ㄌㄤˊ,1000000
莨,ㄌㄧㄤˊ
莩,ㄈㄨˊ,1000000
莩,ㄆㄧㄠˇ
莪,ㄜˊ,1000000
莫,ㄇㄛˋ,1000000
莫,ㄇㄨˋ
莭,ㄐㄧㄝˊ,1000000
莽,ㄇㄤˇ,1000000
莿,ㄘˋ,1000000
菀,ㄨㄢˇ,1000000
菀,ㄩˋ
菀,ㄩㄢˋ
菁,ㄐㄧㄥ,1000000
菂,ㄉㄧ,1000000
菅,ㄐㄧㄢ,1000000
菆,ㄗㄡ,1000000
菇,ㄍㄨ,1000000
菉,ㄌㄨˋ,1000000
菉,ㄌㄩˋ
菊,ㄐㄩˊ,1000000
菌,ㄐㄩㄣˋ,1000000
菑,ㄗㄞ,1000000
菑,ㄗ
菓,ㄍㄨㄛˇ,1000000
菔,ㄈㄨˊ,1000000
菔,ㄅㄛˊ
菖,ㄔㄤ,1000000
菘,ㄙㄨㄥ,1000000
菙,ㄔㄨㄟˊ,1000000
菜,ㄘㄞˋ,1000000
菝,ㄅㄚˊ,1000000
菞,ㄌㄧˊ,1000000
菟,ㄊㄨˊ,1000000
菟,ㄊㄨˋ
菠,ㄅㄛ,1000000
菡,ㄏㄢˋ,1000000
菢,ㄅㄠˋ,1000000
菩,ㄆㄨˊ,1000000
菫,ㄐㄧㄣˇ,1000000
華,ㄏㄨㄚˊ,1000000
華,ㄏㄨㄚ
華,ㄏㄨㄚˋ
菰,ㄍㄨ,1000000
菱,ㄌㄧㄥˊ,1000000
菲,ㄈㄟ,1000000
菲,ㄈㄟˇ
菲,ㄈㄟˋ
菴,ㄢ,1000000
菴,ㄢˋ
菶,ㄅㄥˇ,1000000
菸,ㄧㄢ,1000000
菸,ㄩˊ
菹,ㄐㄩ,1000000
菻,ㄌㄧㄣˇ,1000000
菼,ㄊㄢˇ,1000000
菽,ㄕㄨˊ,1000000
萁,ㄑㄧˊ,1000000
萁,ㄐㄧ
萃,ㄘㄨㄟˋ,1000000
萄,ㄊㄠˊ,1000000
萆,ㄅㄧˋ,1000000
萆,ㄅㄟ
萇,ㄔㄤˊ,1000000
萊,ㄌㄞˊ,1000000
萋,ㄑㄧ,1000000
萌,ㄇㄥˊ,1000000
萍,ㄆㄧㄥˊ,1000000
萎,ㄨㄟ,1000000
萎,ㄨㄟˇ
萏,ㄉㄢˋ,1000000
萐,ㄕㄚˋ,1000000
萑,ㄏㄨㄢˊ,1000000
萘,ㄋㄞˋ,1000000
萝,ㄌㄨㄛˊ,1000000
萩,ㄑㄧㄡ,1000000
萬,ㄨㄢˋ,1000000
萭,ㄩˇ,1000000
萭,ㄐㄩˇ
萯,ㄈㄨˋ,1000000
萯,ㄅㄟˋ
萱,ㄒㄩㄢ,1000000
萲,ㄒㄩㄢ,1000000
萴,ㄗㄜˊ,1000000
萵,ㄨㄛ,1000000
萷,ㄕㄠ,1000000
萷,ㄕㄨㄛˋ
萸,ㄩˊ,1000000
萹,ㄅㄧㄢˇ,1000000
萹,ㄆㄧㄢ
萼,ㄜˋ,1000000
落,ㄌㄨㄛˋ,1000000
落,ㄌㄚˋ
落,ㄌㄠˋ
葄,ㄗㄨㄛˋ,1000000
葅,ㄐㄩ,1000000
葆,ㄅㄠˇ,1000000
葉,ㄧㄝˋ,1000000
葉,ㄕㄜˋ
葍,ㄈㄨˊ,1000000
葑,ㄈㄥ,1000000
葒,ㄏㄨㄥˊ,1000000
葓,ㄏㄨㄥˊ,1000000
葖,ㄊㄨˊ,1000000
著,˙ㄓㄜ,1000000
著,ㄓㄠ
著,ㄓㄠˊ
著,ㄓㄨˋ
著,ㄓㄨㄛˊ
葚,ㄖㄣˋ,1000000
葚,ㄕㄣˋ
葛,ㄍㄜˊ,1000000
葛,ㄍㄜˇ
葞,ㄇㄧˇ,1000000
葟,ㄏㄨㄤˊ,1000000
葡,ㄆㄨˊ,1000000
葢,ㄍㄞˋ,1000000
葢,ㄍㄜˇ
葢,ㄏㄜˊ
董,ㄉㄨㄥˇ,1000000
葦,ㄨㄟˇ,1000000
葧,ㄅㄛˊ,1000000
葩,ㄆㄚ,1000000
葫,ㄏㄨˊ,1000000
葬,ㄗㄤˋ,1000000
葭,ㄐㄧㄚ,1000000
葯,ㄧㄠˋ,1000000
葰,ㄐㄩㄣˋ,1000000
葱,ㄘㄨㄥ,1000000
葳,ㄨㄟ,1000000
葴,ㄓㄣ,1000000
葵,ㄎㄨㄟˊ,1000000
葶,ㄊㄧㄥˊ,1000000
葷,ㄏㄨㄣ,1000000
葷,ㄒㄩㄣ
葸,ㄒㄧˇ,1000000
葹,ㄕ,1000000
葺,ㄑㄧˋ,1000000
葽,ㄧㄠ,1000000
蒂,ㄉㄧˋ,1000000
蒍,ㄨㄟˇ,1000000
蒐,ㄙㄡ,1000000
蒒,ㄕ,1000000
蒔,ㄕˊ,1000000
蒕,ㄩㄣ,1000000
蒗,ㄌㄤˋ,1000000
蒘,ㄖㄨˊ,1000000
蒙,ㄇㄥˊ,1000000
蒜,ㄙㄨㄢˋ,1000000
蒞,ㄌㄧˋ,1000000
蒟,ㄐㄩˇ,1000000
蒡,ㄅㄤˋ,1000000
蒢,ㄔㄨˊ,1000000
蒨,ㄑㄧㄢˋ,1000000
蒩,ㄗㄨ,1000000
蒪,ㄆㄛˋ,1000000
蒭,ㄔㄨˊ,1000000
蒯,ㄎㄨㄞˇ,1000000
蒯,ㄎㄨㄞˋ
蒱,ㄆㄨˊ,1000000
蒲,ㄆㄨˊ,1000000
蒴,ㄕㄨㄛˋ,1000000
蒸,ㄓㄥ,1000000
蒹,ㄐㄧㄢ,1000000
蒺,ㄐㄧˊ,1000000
蒻,ㄖㄨㄛˋ,1000000
蒼,ㄘㄤ,1000000
蒿,ㄏㄠ,1000000
蓀,ㄙㄨㄣ,1000000
蓁,ㄓㄣ,1000000
蓁,ㄑㄧㄣˊ
蓂,ㄇㄧㄥˊ,1000000
蓄,ㄒㄩˋ,1000000
蓆,ㄒㄧˊ,1000000
蓉,ㄖㄨㄥˊ,1000000
蓊,ㄨㄥˇ,1000000
蓋,ㄍㄞˋ,1000000
蓋,ㄍㄜˇ
蓋,ㄏㄜˊ
蓌,ㄘㄨㄛˋ,1000000
蓍,ㄕ,1000000
蓎,ㄊㄤˊ,1000000
蓏,ㄌㄨㄛˇ,1000000
蓐,ㄖㄨˋ,1000000
蓑,ㄙㄨㄛ,1000000
蓓,ㄅㄟˋ,1000000
蓖,ㄅㄧˋ,1000000
蓘,ㄍㄨㄣˇ,1000000
蓧,ㄉㄧㄠˋ,1000000
蓩,ㄇㄠˋ,1000000
蓫,ㄓㄨˊ,1000000
蓬,ㄆㄥˊ,1000000
蓮,ㄌㄧㄢˊ,1000000
蓯,ㄘㄨㄥ,1000000
蓰,ㄒㄧˇ,1000000
蓱,ㄆㄧㄥˊ,1000000
蓲,ㄡ,1000000
蓳,ㄐㄧㄣˇ,1000000
蓴,ㄔㄨㄣˊ,1000000
蓷,ㄊㄨㄟ,1000000
蓺,ㄧˋ,1000000
蓼,ㄌㄧㄠˇ,1000000
蓼,ㄌㄨˋ
蓽,ㄅㄧˋ,1000000
蓿,ㄙㄨˋ,1000000
蔀,ㄅㄨˋ,1000000
蔂,ㄌㄟˊ,1000000
蔇,ㄐㄧˋ,1000000
蔈,ㄅㄧㄠ,1000000
蔉,ㄍㄨㄣˇ,1000000
蔊,ㄏㄢˇ,1000000
蔌,ㄙㄨˋ,1000000
蔎,ㄕㄜˋ,1000000
蔏,ㄕㄤ,1000000
蔑,ㄇㄧㄝˋ,1000000
蔓,ㄇㄢˋ,1000000
蔓,ㄇㄢˊ
蔔,ㄅㄛˊ,1000000
蔔,˙ㄅㄛ
蔗,ㄓㄜˋ,1000000
蔘,ㄕㄣ,1000000
蔘,ㄙㄢ
蔚,ㄨㄟˋ,1000000
蔚,ㄩˋ
蔞,ㄌㄡˊ,1000000
蔟,ㄘㄨˋ,1000000
蔠,ㄓㄨㄥ,1000000
蔡,ㄘㄞˋ,1000000
蔡,ㄙㄚˋ
蔣,ㄐㄧㄤˇ,1000000
蔤,ㄇㄧˋ,1000000
蔥,ㄘㄨㄥ,1000000
蔦,ㄋㄧㄠˇ,1000000
蔧,ㄏㄨㄟˋ,1000000
蔪,ㄐㄧㄢˋ,1000000
蔪,ㄐㄧㄢ
蔪,ㄕㄢ
蔫,ㄋㄧㄢ,1000000
蔫,ㄧㄢ
蔬,ㄕㄨ,1000000
蔬,ㄙㄨ
蔭,ㄧㄣˋ,1000000
蔯,ㄔㄣˊ,1000000
蔱,ㄕㄚ,1000000
蔴,ㄇㄚˊ,1000000
蔻,ㄎㄡˋ,1000000
蔽,ㄅㄧˋ,1000000
蔽,ㄈㄨˊ
蔿,ㄨㄟˇ,1000000
蕁,ㄊㄢˊ,1000000
蕁,ㄒㄩㄣˊ
蕃,ㄈㄢ,1000000
蕃,ㄈㄢˊ
蕅,ㄡˇ,1000000
蕆,ㄔㄢˇ,1000000
蕈,ㄒㄩㄣˋ,1000000
蕈,ㄒㄧㄣˋ
蕉,ㄐㄧㄠ,1000000
蕉,ㄑㄧㄠˊ
蕊,ㄖㄨㄟˇ,1000000
蕎,ㄑㄧㄠˊ,1000000
蕑,ㄐㄧㄢ,1000000
蕓,ㄩㄣˊ,1000000
蕕,ㄧㄡˊ,1000000
蕖,ㄑㄩˊ,1000000
蕘,ㄖㄠˊ,1000000
蕙,ㄏㄨㄟˋ,1000000
蕝,ㄐㄩㄝˊ,1000000
蕝,ㄗㄨㄟˋ
蕞,ㄗㄨㄟˋ,1000000
蕡,ㄈㄣˊ,1000000
蕢,ㄎㄨㄟˋ,1000000
蕣,ㄕㄨㄣˋ,1000000
蕤,ㄖㄨㄟˊ,1000000
蕨,ㄐㄩㄝˊ,1000000
蕩,ㄉㄤˋ,1000000
蕪,ㄨˊ,1000000
蕭,ㄒㄧㄠ,1000000
蕮,ㄒㄧˋ,1000000
蕸,ㄒㄧㄚˊ,1000000
蕹,ㄩㄥ,1000000
蕺,ㄐㄧˊ,1000000
蕻,ㄏㄨㄥˋ,1000000
蕾,ㄌㄟˇ,1000000
蕿,ㄒㄩㄢ,1000000
薀,ㄩㄣˋ,1000000
薁,ㄩˋ,1000000
薄,ㄅㄠˊ,1000000
薄,ㄅㄛˊ
薄,ㄅㄛˋ
薅,ㄏㄠ,1000000
薆,ㄞˋ,1000000
薇,ㄨㄟˊ,1000000
薈,ㄏㄨㄟˋ,1000000
薊,ㄐㄧˋ,1000000
薌,ㄒㄧㄤ,1000000
薏,ㄧˋ,1000000
薐,ㄌㄥˊ,1000000
薑,ㄐㄧㄤ,1000000
薔,ㄑㄧㄤˊ,1000000
薖,ㄎㄜ,1000000
薙,ㄊㄧˋ,1000000
薛,ㄒㄩㄝ,1000000
薜,ㄅㄧˋ,1000000
薜,ㄅㄛˋ
薝,ㄓㄢ,1000000
薞,ㄙㄨㄣ,1000000
薟,ㄌㄧㄢˊ,1000000
薟,ㄌㄧㄢˋ
薠,ㄈㄢˊ,1000000
薢,ㄒㄧㄝˋ,1000000
薢,ㄐㄧㄝ
薤,ㄒㄧㄝˋ,1000000
薦,ㄐㄧㄢˋ,1000000
薨,ㄏㄨㄥ,1000000
薩,ㄙㄚˋ,1000000
薪,ㄒㄧㄣ,1000000
薯,ㄕㄨˇ,1000000
薰,ㄒㄩㄣ,1000000
薱,ㄉㄨㄟˋ,1000000
薶,ㄇㄞˊ,1000000
薶,ㄨㄛ
薷,ㄖㄨˊ,1000000
薹,ㄊㄞˊ,1000000
薺,ㄐㄧˋ,1000000
薺,ㄑㄧˊ
薿,ㄋㄧˇ,1000000
藂,ㄘㄨㄥˊ,1000000
藃,ㄏㄠˋ,1000000
藇,ㄒㄩˋ,1000000
藉,ㄐㄧˊ,1000000
藉,ㄐㄧㄝˋ
藋,ㄉㄧㄠˋ,1000000
藋,ㄉㄧˊ
藍,ㄌㄢˊ,1000000
藎,ㄐㄧㄣˋ,1000000
藏,ㄘㄤˊ,1000000
藏,ㄗㄤˋ
藐,ㄇㄧㄠˇ,1000000
藑,ㄑㄩㄥˊ,1000000
藕,ㄡˇ,1000000
藙,ㄧˋ,1000000
藚,ㄒㄩˋ,1000000
藜,ㄌㄧˊ,1000000
藝,ㄧˋ,1000000
藟,ㄌㄟˇ,1000000
藣,ㄅㄟ,1000000
藤,ㄊㄥˊ,1000000
藥,ㄧㄠˋ,1000000
藨,ㄅㄧㄠ,1000000
藩,ㄈㄢˊ,1000000
藪,ㄙㄡˇ,1000000
藫,ㄊㄢˊ,1000000
藭,ㄑㄩㄥˊ,1000000
藳,ㄍㄠˇ,1000000
藴,ㄩㄣˋ,1000000
藷,ㄕㄨˇ,1000000
藷,ㄓㄨ
藸,ㄔㄨˊ,1000000
藹,ㄞˇ,1000000
藺,ㄌㄧㄣˋ,1000000
藻,ㄗㄠˇ,1000000
藾,ㄌㄞˋ,1000000
藿,ㄏㄨㄛˋ,1000000
蘀,ㄊㄨㄛˋ,1000000
蘁,ㄨˋ,1000000
蘁,ㄜˋ
蘄,ㄑㄧˊ,1000000
蘅,ㄏㄥˊ,1000000
蘆,ㄌㄨˊ,1000000
蘇,ㄙㄨ,1000000
蘉,ㄇㄤˊ,1000000
蘊,ㄩㄣˋ,1000000
蘋,ㄆㄧㄥˊ,1000000
蘋,ㄆㄧㄣˊ
蘑,ㄇㄛˊ,1000000
蘖,ㄋㄧㄝˋ,1000000
蘗,ㄅㄛˋ,1000000
蘘,ㄖㄤˊ,1000000
蘙,ㄧˋ,1000000
蘚,ㄒㄧㄢˇ,1000000
蘞,ㄌㄧㄢˋ,1000000
蘞,ㄌㄧㄢˊ
蘠,ㄑㄧㄤˊ,1000000
蘡,ㄧㄥ,1000000
蘢,ㄌㄨㄥˊ,1000000
蘦,ㄌㄧㄥˊ,1000000
蘧,ㄑㄩˊ,1000000
蘩,ㄈㄢˊ,1000000
蘪,ㄇㄧˊ,1000000
蘭,ㄌㄢˊ,1000000
蘮,ㄐㄧˋ,1000000
蘸,ㄓㄢˋ,1000000
蘹,ㄏㄨㄞˊ,1000000
蘺,ㄌㄧˊ,1000000
蘼,ㄇㄧˊ,1000000
蘾,ㄏㄨㄞˋ,1000000
蘿,ㄌㄨㄛˊ,1000000
虀,ㄐㄧ,1000000
虆,ㄌㄟˊ,1000000
虍,ㄏㄨ,1000000
虎,ㄏㄨˇ,1000000
虎,ㄏㄨ
虐,ㄋㄩㄝˋ,1000000
虒,ㄙ,1000000
虓,ㄒㄧㄠ,1000000
虔,ㄑㄧㄢˊ,1000000
處,ㄔㄨˋ,1000000
處,ㄔㄨˇ
虖,ㄏㄨ,1000000
虖,ㄏㄨˊ
虗,ㄒㄩ,1000000
虙,ㄈㄨˊ,1000000
虛,ㄒㄩ,1000000
虜,ㄌㄨˇ,1000000
虜,ㄌㄨㄛˇ
虞,ㄩˊ,1000000
號,ㄏㄠˋ,1000000
號,ㄏㄠˊ
虡,ㄐㄩˋ,1000000
虢,ㄍㄨㄛˊ,1000000
虣,ㄅㄠˋ,1000000
虤,ㄧㄢˊ,1000000
虧,ㄎㄨㄟ,1000000
虩,ㄒㄧˋ,1000000
虫,ㄔㄨㄥˊ,1000000
虫,ㄏㄨㄟˇ
虬,ㄑㄧㄡˊ,1000000
虯,ㄑㄧㄡˊ,1000000
虱,ㄕ,1000000
虵,ㄕㄜˊ,1000000
虵,ㄧˊ
虷,ㄏㄢˊ,1000000
虷,ㄍㄢ
虹,ㄏㄨㄥˊ,1000000
虺,ㄏㄨㄟ,1000000
虺,ㄏㄨㄟˇ
虻,ㄇㄥˊ,1000000
虼,ㄍㄜˋ,1000000
虾,ㄒㄧㄚ,1000000
虾,ㄏㄚˊ
蚁,ㄧˇ,1000000
蚇,ㄔˇ,1000000
蚉,ㄨㄣˊ,1000000
蚊,ㄨㄣˊ,1000000
蚋,ㄖㄨㄟˋ,1000000
蚌,ㄅㄤˋ,1000000
蚌,ㄅㄥˋ
蚍,ㄆㄧˊ,1000000
蚑,ㄑㄧˊ,1000000
蚓,ㄧㄣˇ,1000000
蚕,ㄘㄢˊ,1000000
蚜,ㄧㄚˊ,1000000
蚠,ㄈㄣˊ,1000000
蚡,ㄈㄣˊ,1000000
蚢,ㄏㄤˊ,1000000
蚣,ㄍㄨㄥ,1000000
蚤,ㄗㄠˇ,1000000
蚧,ㄐㄧㄝˋ,1000000
蚨,ㄈㄨˊ,1000000
蚩,ㄔ,1000000
蚪,ㄉㄡˇ,1000000
蚯,ㄑㄧㄡ,1000000
蚰,ㄧㄡˊ,1000000
蚱,ㄓㄚˋ,1000000
蚳,ㄔˊ,1000000
蚴,ㄧㄡˇ,1000000
蚵,ㄎㄜ,1000000
蚵,ㄜˊ
蚶,ㄏㄢ,1000000
蚷,ㄐㄩˋ,1000000
蚹,ㄈㄨˋ,1000000
蚿,ㄒㄧㄢˊ,1000000
蛀,ㄓㄨˋ,1000000
蛁,ㄉㄧㄠ,1000000
蛂,ㄅㄧㄝˊ,1000000
蛄,ㄍㄨ,1000000
蛆,ㄑㄩ,1000000
蛆,ㄐㄩ
蛇,ㄕㄜˊ,1000000
蛇,ㄧˊ
蛉,ㄌㄧㄥˊ,1000000
蛋,ㄉㄢˋ,1000000
蛐,ㄑㄩ,1000000
蛑,ㄇㄡˊ,1000000
蛓,ㄘˋ,1000000
蛔,ㄏㄨㄟˊ,1000000
蛖,ㄇㄤˊ,1000000
蛗,ㄈㄨˋ,1000000
蛙,ㄨㄚ,1000000
蛛,ㄓㄨ,1000000
蛜,ㄧ,1000000
蛞,ㄎㄨㄛˋ,1000000
蛟,ㄐㄧㄠ,1000000
蛢,ㄆㄧㄥˊ,1000000
蛣,ㄐㄧㄝˊ,1000000
蛤,ㄏㄚˊ,1000000
蛤,ㄍㄜˊ
蛩,ㄑㄩㄥˊ,1000000
蛬,ㄍㄨㄥˇ,1000000
蛭,ㄓˋ,1000000
蛮,ㄇㄢˊ,1000000
蛰,ㄓㄜˊ,1000000
蛰,ㄓˊ
蛸,ㄕㄠ,1000000
蛸,ㄒㄧㄠ
蛹,ㄩㄥˇ,1000000
蛺,ㄐㄧㄚˊ,1000000
蛻,ㄊㄨㄟˋ,1000000
蛻,ㄕㄨㄟˋ
蛼,ㄔㄜ,1000000
蛾,ㄜˊ,1000000
蛾,ㄧˇ
蜀,ㄕㄨˇ,1000000
蜂,ㄈㄥ,1000000
蜃,ㄕㄣˋ,1000000
蜄,ㄓㄣˋ,1000000
蜆,ㄒㄧㄢˇ,1000000
蜇,ㄓㄜˊ,1000000
蜈,ㄨˊ,1000000
蜉,ㄈㄨˊ,1000000
蜊,ㄌㄧˊ,1000000
蜌,ㄅㄧˋ,1000000
蜍,ㄔㄨˊ,1000000
蜍,ㄩˊ
蜎,ㄩㄢ,1000000
蜑,ㄉㄢˋ,1000000
蜒,ㄧㄢˊ,1000000
蜓,ㄊㄧㄥˊ,1000000
蜘,ㄓ,1000000
蜙,ㄙㄨㄥ,1000000
蜚,ㄈㄟ,1000000
蜚,ㄈㄟˇ
蜜,ㄇㄧˋ,1000000
蜞,ㄑㄧˊ,1000000
蜡,ㄌㄚˋ,1000000
蜡,ㄓㄚˋ
蜡,ㄔㄚˋ
蜢,ㄇㄥˇ,1000000
蜣,ㄑㄧㄤ,1000000
蜤,ㄙ,1000000
蜥,ㄒㄧ,1000000
蜨,ㄉㄧㄝˊ,1000000
蜩,ㄊㄧㄠˊ,1000000
蜮,ㄩˋ,1000000
蜯,ㄅㄤˋ,1000000
蜯,ㄅㄥˋ
蜰,ㄈㄟˊ,1000000
蜱,ㄆㄧˊ,1000000
蜲,ㄨㄟ,1000000
蜴,ㄧˋ,1000000
蜷,ㄑㄩㄢˊ,1000000
蜹,ㄖㄨㄟˋ,1000000
蜻,ㄑㄧㄥ,1000000
蜼,ㄌㄟˇ,1000000
蜾,ㄍㄨㄛˇ,1000000
蜿,ㄨㄢˇ,1000000
蜿,ㄨㄢ
蝀,ㄉㄨㄥ,1000000
蝀,ㄉㄨㄥˋ
蝂,ㄅㄢˇ,1000000
蝃,ㄉㄧˋ,1000000
蝆,ㄇㄧˇ,1000000
蝌,ㄎㄜ,1000000
蝍,ㄐㄧˊ,1000000
蝍,ㄐㄧㄝˊ
蝎,ㄒㄧㄝ,1000000
蝎,ㄏㄜˊ
蝐,ㄇㄟˋ,1000000
蝒,ㄇㄧㄢˊ,1000000
蝓,ㄩˊ,1000000
蝔,ㄐㄧㄝ,1000000
蝕,ㄕˊ,1000000
蝖,ㄒㄩㄢ,1000000
蝗,ㄏㄨㄤˊ,1000000
蝘,ㄧㄢˇ,1000000
蝙,ㄅㄧㄢ,1000000
蝙,ㄅㄧㄢˇ
蝛,ㄨㄟ,1000000
蝜,ㄈㄨˋ,1000000
蝟,ㄨㄟˋ,1000000
蝠,ㄈㄨˊ,1000000
蝡,ㄖㄨㄢˇ,1000000
蝣,ㄧㄡˊ,1000000
蝤,ㄑㄧㄡˊ,1000000
蝤,ㄐㄧㄡ
蝥,ㄇㄠˊ,1000000
蝦,ㄒㄧㄚ,1000000
蝦,ㄏㄚˊ
蝨,ㄕ,1000000
蝮,ㄈㄨˋ,1000000
蝯,ㄩㄢˊ,1000000
蝱,ㄇㄥˊ,1000000
蝲,ㄌㄚˋ,1000000
蝳,ㄉㄨˊ,1000000
蝳,ㄉㄞˋ
蝴,ㄏㄨˊ,1000000
蝶,ㄉㄧㄝˊ,1000000
蝸,ㄍㄨㄚ,1000000
蝹,ㄩㄣ,1000000
蝹,ㄠˇ
蝻,ㄋㄢˊ,1000000
蝻,ㄋㄢˇ
蝼,ㄌㄡˊ,1000000
螂,ㄌㄤˊ,1000000
螃,ㄆㄤˊ,1000000
螄,ㄙ,1000000
螅,ㄒㄧ,1000000
螇,ㄒㄧ,1000000
螈,ㄩㄢˊ,1000000
螋,ㄙㄡ,1000000
螌,ㄅㄢ,1000000
融,ㄖㄨㄥˊ,1000000
螓,ㄑㄧㄣˊ,1000000
螗,ㄊㄤˊ,1000000
螘,ㄧˇ,1000000
螞,ㄇㄚˇ,1000000
螞,ㄇㄚ
螞,ㄇㄚˋ
螟,ㄇㄧㄥˊ,1000000
螠,ㄧˋ,1000000
螡,ㄨㄣˊ,1000000
螢,ㄧㄥˊ,1000000
螣,ㄊㄜˋ,1000000
螣,ㄊㄥˊ
螫,ㄕˋ,1000000
螫,ㄓㄜ
螬,ㄘㄠˊ,1000000
螭,ㄔ,1000000
螯,ㄠˊ,1000000
螲,ㄉㄧㄝˊ,1000000
螳,ㄊㄤˊ,1000000
螵,ㄆㄧㄠ,1000000
螹,ㄐㄧㄢˋ,1000000
螹,ㄑㄧㄢˊ
螺,ㄌㄨㄛˊ,1000000
螻,ㄌㄡˊ,1000000
螼,ㄑㄧㄣˇ,1000000
螽,ㄓㄨㄥ,1000000
螾,ㄧㄣˇ,1000000
螿,ㄐㄧㄤ,1000000
蟀,ㄕㄨㄞˋ,1000000
蟀,ㄕㄨㄛˋ
蟄,ㄓㄜˊ,1000000
蟄,ㄓˊ
蟅,ㄓㄜˋ,1000000
蟆,ㄇㄚˊ,1000000
蟆,˙ㄇㄚ
蟇,ㄇㄚˊ,1000000
蟇,˙ㄇㄚ
蟈,ㄍㄨㄛ,1000000
蟊,ㄇㄠˊ,1000000
蟋,ㄒㄧ,1000000
蟑,ㄓㄤ,1000000
蟒,ㄇㄤˇ,1000000
蟙,ㄓˊ,1000000
蟚,ㄆㄥˊ,1000000
蟛,ㄆㄥˊ,1000000
蟠,ㄆㄢˊ,1000000
蟢,ㄒㄧˇ,1000000
蟣,ㄐㄧˇ,1000000
蟥,ㄏㄨㄤˊ,1000000
蟪,ㄏㄨㄟˋ,1000000
蟫,ㄊㄢˊ,1000000
蟬,ㄔㄢˊ,1000000
蟭,ㄐㄧㄠ,1000000
蟮,ㄕㄢˋ,1000000
蟮,ㄔㄢˊ
蟯,ㄖㄠˊ,1000000
蟰,ㄒㄧㄠ,1000000
蟲,ㄔㄨㄥˊ,1000000
蟳,ㄒㄩㄣˊ,1000000
蟶,ㄔㄥ,1000000
蟹,ㄒㄧㄝˋ,1000000
蟹,ㄒㄧㄝˇ
蟺,ㄕㄢˋ,1000000
蟺,ㄔㄢˊ
蟻,ㄧˇ,1000000
蟾,ㄔㄢˊ,1000000
蟿,ㄑㄧˋ,1000000
蠁,ㄒㄧㄤˋ,1000000
蠃,ㄌㄨㄛˇ,1000000
蠅,ㄧㄥˊ,1000000
蠆,ㄔㄞˋ,1000000
蠉,ㄒㄩㄢ,1000000
蠋,ㄓㄨˊ,1000000
蠍,ㄒㄧㄝ,1000000
蠏,ㄒㄧㄝˋ,1000000
蠏,ㄒㄧㄝˇ
蠐,ㄑㄧˊ,1000000
蠑,ㄖㄨㄥˊ,1000000
蠓,ㄇㄥˇ,1000000
蠔,ㄏㄠˊ,1000000
蠕,ㄖㄨㄢˇ,1000000
蠕,ㄖㄨˊ
蠖,ㄏㄨㄛˋ,1000000
蠖,ㄨㄛˋ
蠙,ㄆㄧㄣˊ,1000000
蠙,ㄅㄧㄣ
蠛,ㄇㄧㄝˋ,1000000
蠜,ㄈㄢˊ,1000000
蠟,ㄌㄚˋ,1000000
蠠,ㄇㄧˋ,1000000
蠡,ㄌㄧˊ,1000000
蠡,ㄌㄧˇ
蠢,ㄔㄨㄣˇ,1000000
蠣,ㄌㄧˋ,1000000
蠧,ㄉㄨˋ,1000000
蠨,ㄒㄧㄠ,1000000
蠭,ㄈㄥ,1000000
蠯,ㄆㄧˊ,1000000
蠰,ㄕㄤˋ,1000000
蠰,ㄖㄤˇ
蠱,ㄍㄨˇ,1000000
蠲,ㄐㄩㄢ,1000000
蠵,ㄒㄧ,1000000
蠶,ㄘㄢˊ,1000000
蠷,ㄑㄩˊ,1000000
蠹,ㄉㄨˋ,1000000
蠻,ㄇㄢˊ,1000000
蠼,ㄐㄩㄝˊ,1000000
血,ㄒㄧㄝˇ,1000000
血,ㄒㄩㄝˋ
衁,ㄏㄨㄤ,1000000
衃,ㄆㄟ,1000000
衃,ㄈㄡˊ
衄,ㄋㄩˋ,1000000
衅,ㄒㄧㄣˋ,1000000
衇,ㄇㄞˋ,1000000
衇,ㄇㄛˋ
衈,ㄦˋ,1000000
衊,ㄇㄧㄝˋ,1000000
衋,ㄒㄧˋ,1000000
行,ㄒㄧㄥˊ,1000000
行,ㄏㄤˊ
行,ㄏㄤˋ
行,ㄒㄧㄥˋ
衍,ㄧㄢˇ,1000000
衎,ㄎㄢˋ,1000000
衒,ㄒㄩㄢˋ,1000000
術,ㄕㄨˋ,1000000
術,ㄙㄨㄟˋ
衕,ㄊㄨㄥˋ,1000000
街,ㄐㄧㄝ,1000000
衙,ㄧㄚˊ,1000000
衙,ㄩˊ
衚,ㄏㄨˊ,1000000
衛,ㄨㄟˋ,1000000
衝,ㄔㄨㄥ,1000000
衝,ㄔㄨㄥˋ
衞,ㄨㄟˋ,1000000
衠,ㄓㄨㄣ,1000000
衡,ㄏㄥˊ,1000000
衢,ㄑㄩˊ,1000000
衣,ㄧ,1000000
衣,ㄧˋ
补,ㄅㄨˇ,1000000
表,ㄅㄧㄠˇ,1000000
衩,ㄔㄚˇ,1000000
衩,ㄔㄚˋ
衪,ㄧˊ,1000000
衫,ㄕㄢ,1000000
衮,ㄍㄨㄣˇ,1000000
衯,ㄈㄣ,1000000
衰,ㄕㄨㄞ,1000000
衰,ㄘㄨㄟ
衱,ㄐㄧㄝˊ,1000000
衲,ㄋㄚˋ,1000000
衷,ㄓㄨㄥ,1000000
衹,ㄑㄧˊ,1000000
衹,ㄓ
衺,ㄒㄧㄝˊ,1000000
衺,ㄒㄧㄚˊ
衺,ㄒㄩˊ
衺,ㄧㄝˊ
衺,ㄩˊ
衻,ㄖㄢˊ,1000000
衽,ㄖㄣˋ,1000000
衾,ㄑㄧㄣ,1000000
衾,ㄑㄧㄣˊ
衿,ㄐㄧㄣ,1000000
袀,ㄐㄩㄣ,1000000
袁,ㄩㄢˊ,1000000
袂,ㄇㄟˋ,1000000
袄,ㄠˇ,1000000
袈,ㄐㄧㄚ,1000000
袋,ㄉㄞˋ,1000000
袍,ㄆㄠˊ,1000000
袎,ㄧㄠˋ,1000000
袑,ㄕㄠˋ,1000000
袒,ㄊㄢˇ,1000000
袖,ㄒㄧㄡˋ,1000000
袗,ㄓㄣˇ,1000000
袙,ㄆㄚˋ,1000000
袛,ㄉㄧ,1000000
袜,ㄨㄚˋ,1000000
袜,ㄇㄛˋ
袞,ㄍㄨㄣˇ,1000000
袟,ㄓˋ,1000000
袠,ㄓˋ,1000000
袡,ㄖㄢˊ,1000000
袢,ㄆㄢˋ,1000000
袢,ㄈㄢˊ
袤,ㄇㄠˋ,1000000
袤,ㄇㄡˋ
袧,ㄍㄡ,1000000
袨,ㄒㄩㄢˋ,1000000
袪,ㄑㄩ,1000000
被,ㄅㄟˋ,1000000
被,ㄆㄧ
袱,ㄈㄨˊ,1000000
袴,ㄎㄨˋ,1000000
袵,ㄖㄣˋ,1000000
袷,ㄐㄧㄚˊ,1000000
袷,ㄐㄧㄝˊ
袺,ㄐㄧㄝˊ,1000000
袽,ㄖㄨˊ,1000000
袾,ㄓㄨ,1000000
袿,ㄍㄨㄚˋ,1000000
裀,ㄧㄣ,1000000
裁,ㄘㄞˊ,1000000
裂,ㄌㄧㄝˋ,1000000
裉,ㄎㄣˋ,1000000
裊,ㄋㄧㄠˇ,1000000
裋,ㄕㄨˋ,1000000
裌,ㄐㄧㄚˊ,1000000
裌,ㄐㄧㄝˊ
裎,ㄔㄥˊ,1000000
裏,ㄌㄧˇ,1000000
裒,ㄆㄡˊ,1000000
裓,ㄍㄜˊ,1000000
裔,ㄧˋ,1000000
裕,ㄩˋ,1000000
裖,ㄓㄣˇ,1000000
裘,ㄑㄧㄡˊ,1000000
裙,ㄑㄩㄣˊ,1000000
裛,ㄧˋ,1000000
補,ㄅㄨˇ,1000000
裝,ㄓㄨㄤ,1000000
裟,ㄕㄚ,1000000
裠,ㄑㄩㄣˊ,1000000
裡,ㄌㄧˇ,1000000
裧,ㄔㄢ,1000000
裨,ㄅㄧˋ,1000000
裨,ㄆㄧˊ
裩,ㄎㄨㄣ,1000000
裯,ㄔㄡˊ,1000000
裰,ㄉㄨㄛˊ,1000000
裱,ㄅㄧㄠˇ,1000000
裲,ㄌㄧㄤˇ,1000000
裳,ㄔㄤˊ,1000000
裳,ㄕㄤ
裴,ㄆㄟˊ,1000000
裶,ㄈㄟ,1000000
裸,ㄌㄨㄛˇ,1000000
裹,ㄍㄨㄛˇ,1000000
裻,ㄉㄨˇ,1000000
裼,ㄊㄧˋ,1000000
裼,ㄒㄧˊ
製,ㄓˋ,1000000
裾,ㄐㄩ,1000000
褂,ㄍㄨㄚˋ,1000000
複,ㄈㄨˋ,1000000
褊,ㄅㄧㄢˇ,1000000
褊,ㄆㄧㄢˊ
褋,ㄉㄧㄝˊ,1000000
褌,ㄎㄨㄣ,1000000
褎,ㄒㄧㄡˋ,1000000
褎,ㄧㄡˋ
褏,ㄒㄧㄡˋ,1000000
褐,ㄏㄜˊ,1000000
褒,ㄅㄠ,1000000
褓,ㄅㄠˇ,1000000
褔,ㄈㄨˋ,1000000
褕,ㄩˊ,1000000
褖,ㄊㄨㄢˋ,1000000
褘,ㄏㄨㄟ,1000000
褙,ㄅㄟˋ,1000000
褚,ㄔㄨˇ,1000000
褟,ㄊㄚ,1000000
褡,ㄉㄚ,1000000
褢,ㄏㄨㄞˊ,1000000
褥,ㄖㄨˋ,1000000
褦,ㄋㄞˋ,1000000
褧,ㄐㄩㄥˇ,1000000
褪,ㄊㄨㄣˋ,1000000
褪,ㄊㄨㄟˋ
褫,ㄔˇ,1000000
褭,ㄋㄧㄠˇ,1000000
褯,ㄐㄧㄝˋ,1000000
褰,ㄑㄧㄢ,1000000
褱,ㄏㄨㄞˊ,1000000
褲,ㄎㄨˋ,1000000
褳,ㄌㄧㄢˊ,1000000
褶,ㄉㄧㄝˊ,1000000
褶,ㄒㄧˊ
褶,ㄒㄩㄝˊ
褶,ㄓㄜˊ
褷,ㄕ,1000000
褸,ㄌㄩˇ,1000000
褻,ㄒㄧㄝˋ,1000000
褼,ㄒㄧㄢ,1000000
褽,ㄨㄟˋ,1000000
褾,ㄅㄧㄠˇ,1000000
襀,ㄐㄧ,1000000
襁,ㄑㄧㄤˇ,1000000
襂,ㄕㄢ,1000000
襃,ㄅㄠ,1000000
襄,ㄒㄧㄤ,1000000
襆,ㄆㄨˊ,1000000
襉,ㄐㄧㄢˇ,1000000
襉,ㄐㄧㄢˋ
襌,ㄉㄢ,1000000
襍,ㄗㄚˊ,1000000
襏,ㄅㄛˊ,1000000
襒,ㄅㄧㄝˊ,1000000
襓,ㄖㄠˊ,1000000
襖,ㄠˇ,1000000
襗,ㄗㄜˊ,1000000
襗,ㄉㄨㄛˊ
襘,ㄍㄨㄟˋ,1000000
襚,ㄙㄨㄟˋ,1000000
襛,ㄋㄨㄥˊ,1000000
襜,ㄔㄢ,1000000
襝,ㄌㄧㄢˋ,1000000
襞,ㄅㄧˋ,1000000
襟,ㄐㄧㄣ,1000000
襠,ㄉㄤ,1000000
襡,ㄕㄨˊ,1000000
襢,ㄓㄢˋ,1000000
襢,ㄊㄢˇ
襣,ㄅㄧˋ,1000000
襤,ㄌㄢˊ,1000000
襥,ㄆㄨˊ,1000000
襦,ㄖㄨˊ,1000000
襪,ㄨㄚˋ,1000000
襫,ㄕˋ,1000000
襬,ㄅㄞˇ,1000000
襬,ㄅㄟ
襭,ㄒㄧㄝˊ,1000000
襮,ㄅㄛˊ,1000000
襯,ㄔㄣˋ,1000000
襲,ㄒㄧˊ,1000000
襳,ㄒㄧㄢ,1000000
襴,ㄌㄢˊ,1000000
襵,ㄓㄜˊ,1000000
襶,ㄉㄞˋ,1000000
襻,ㄆㄢˋ,1000000
襼,ㄧˋ,1000000
襾,ㄧㄚˋ,1000000
襾,ㄒㄧㄚˋ
西,ㄒㄧ,1000000
要,ㄧㄠˋ,1000000
要,ㄧㄠ
覂,ㄈㄥˇ,1000000
覃,ㄊㄢˊ,1000000
覃,ㄑㄧㄣˊ
覄,ㄈㄨˋ,1000000
覆,ㄈㄨˋ,1000000
覇,ㄅㄚˋ,1000000
覇,ㄆㄛˋ
覈,ㄏㄜˊ,1000000
覉,ㄐㄧ,1000000
覊,ㄐㄧ,1000000
見,ㄐㄧㄢˋ,1000000
見,ㄒㄧㄢˋ
覌,ㄍㄨㄢ,1000000
覌,ㄍㄨㄢˋ
規,ㄍㄨㄟ,1000000
覓,ㄇㄧˋ,1000000
覔,ㄇㄧˋ,1000000
覕,ㄇㄧㄝˋ,1000000
覕,ㄆㄧㄝ
視,ㄕˋ,1000000
覘,ㄓㄢ,1000000
覚,ㄐㄩㄝˊ,1000000
覚,ㄐㄧㄠˋ
覛,ㄇㄛˋ,1000000
覜,ㄊㄧㄠˋ,1000000
覡,ㄒㄧˊ,1000000
覥,ㄊㄧㄢˇ,1000000
覥,ㄇㄧㄢˇ
覦,ㄩˊ,1000000
覧,ㄌㄢˇ,1000000
覩,ㄉㄨˇ,1000000
親,ㄑㄧㄣ,1000000
親,ㄑㄧㄥˋ
覬,ㄐㄧˋ,1000000
覯,ㄍㄡˋ,1000000
覰,ㄑㄩˋ,1000000
覲,ㄐㄧㄣˇ,1000000
覲,ㄐㄧㄣˋ
覶,ㄌㄨㄛˊ,1000000
覷,ㄑㄩˋ,1000000
覺,ㄐㄩㄝˊ,1000000
覺,ㄐㄧㄠˋ
覼,ㄌㄨㄛˊ,1000000
覽,ㄌㄢˇ,1000000
覿,ㄉㄧˊ,1000000
觀,ㄍㄨㄢ,1000000
觀,ㄍㄨㄢˋ
角,ㄐㄧㄠˇ,1000000
角,ㄌㄨˋ
角,ㄐㄩㄝˊ
觓,ㄑㄧㄡˊ,1000000
觔,ㄐㄧㄣ,1000000
觕,ㄘㄨ,1000000
觖,ㄐㄩㄝˊ,1000000
觚,ㄍㄨ,1000000
觜,ㄗ,1000000
觜,ㄗㄨㄟˇ
觝,ㄉㄧˇ,1000000
觡,ㄍㄜˊ,1000000
解,ㄐㄧㄝˇ,1000000
解,ㄐㄧㄝˋ
解,ㄒㄧㄝˋ
觤,ㄍㄨㄟˇ,1000000
觥,ㄍㄨㄥ,1000000
觧,ㄐㄧㄝˇ,1000000
觧,ㄐㄧㄝˋ
觧,ㄒㄧㄝˋ
觩,ㄑㄧㄡˊ,1000000
觫,ㄙㄨˋ,1000000
觭,ㄐㄧ,1000000
觰,ㄓㄚ,1000000
觱,ㄅㄧˋ,1000000
觳,ㄏㄨˊ,1000000
觴,ㄕㄤ,1000000
觵,ㄍㄨㄥ,1000000
觶,ㄓˋ,1000000
觷,ㄒㄩㄝˊ,1000000
觸,ㄔㄨˋ,1000000
觿,ㄒㄧ,1000000
言,ㄧㄢˊ,1000000
言,ㄧㄣˊ
訂,ㄉㄧㄥˋ,1000000
訃,ㄈㄨˋ,1000000
訄,ㄑㄧㄡˊ,1000000
訄,ㄎㄠ
訇,ㄏㄨㄥ,1000000
計,ㄐㄧˋ,1000000
訊,ㄒㄩㄣˋ,1000000
訌,ㄏㄨㄥˊ,1000000
討,ㄊㄠˇ,1000000
訏,ㄒㄩ,1000000
訐,ㄐㄧㄝˊ,1000000
訑,ㄧˊ,1000000
訒,ㄖㄣˋ,1000000
訓,ㄒㄩㄣˋ,1000000
訕,ㄕㄢˋ,1000000
訖,ㄑㄧˋ,1000000
託,ㄊㄨㄛ,1000000
記,ㄐㄧˋ,1000000
訛,ㄜˊ,1000000
訝,ㄧㄚˋ,1000000
訞,ㄧㄠ,1000000
訟,ㄙㄨㄥˋ,1000000
訢,ㄒㄧㄣ,1000000
訢,ㄒㄧ
訣,ㄐㄩㄝˊ,1000000
訥,ㄋㄜˋ,1000000
訥,ㄋㄚˋ
訧,ㄧㄡˊ,1000000
訩,ㄒㄩㄥ,1000000
訪,ㄈㄤˇ,1000000
訬,ㄔㄠ,1000000
設,ㄕㄜˋ,1000000
訰,ㄓㄨㄣˋ,1000000
許,ㄒㄩˇ,1000000
許,ㄏㄨˇ
訴,ㄙㄨˋ,1000000
訶,ㄏㄜ,1000000
訹,ㄒㄩˋ,1000000
診,ㄓㄣˇ,1000000
診,ㄓㄣ
註,ㄓㄨˋ,1000000
証,ㄓㄥˋ,1000000
訾,ㄗ,1000000
訾,ㄗˇ
訿,ㄗˇ,1000000
詀,ㄓㄢ,1000000
詁,ㄍㄨˇ,1000000
詄,ㄧˋ,1000000
詅,ㄌㄧㄥˊ,1000000
詆,ㄉㄧˇ,1000000
詈,ㄌㄧˋ,1000000
詉,ㄋㄠˊ,1000000
詎,ㄐㄩˋ,1000000
詐,ㄓㄚˋ,1000000
詐,ㄓㄚˇ
詒,ㄧˊ,1000000
詔,ㄓㄠˋ,1000000
評,ㄆㄧㄥˊ,1000000
詖,ㄅㄧˋ,1000000
詗,ㄒㄩㄥˋ,1000000
詘,ㄑㄩ,1000000
詘,ㄔㄨˋ
詛,ㄗㄨˇ,1000000
詞,ㄘˊ,1000000
詠,ㄩㄥˇ,1000000
詡,ㄒㄩˇ,1000000
詢,ㄒㄩㄣˊ,1000000
詣,ㄧˋ,1000000
試,ㄕˋ,1000000
詧,ㄔㄚˊ,1000000
詩,ㄕ,1000000
詫,ㄔㄚˋ,1000000
詬,ㄍㄡˋ,1000000
詭,ㄍㄨㄟˇ,1000000
詮,ㄑㄩㄢˊ,1000000
詰,ㄐㄧㄝˊ,1000000
話,ㄏㄨㄚˋ,1000000
該,ㄍㄞ,1000000
詳,ㄒㄧㄤˊ,1000000
詵,ㄕㄣ,1000000
詶,ㄔㄡˊ,1000000
詹,ㄓㄢ,1000000
詻,ㄜˋ,1000000
詼,ㄏㄨㄟ,1000000
詾,ㄒㄩㄥ,1000000
詿,ㄍㄨㄚˋ,1000000
誂,ㄊㄧㄠˇ,1000000
誂,ㄉㄧㄠˋ
誃,ㄔˇ,1000000
誄,ㄌㄟˇ,1000000
誅,ㄓㄨ,1000000
誆,ㄎㄨㄤ,1000000
誇,ㄎㄨㄚ,1000000
誉,ㄩˋ,1000000
誋,ㄐㄧˋ,1000000
誌,ㄓˋ,1000000
認,ㄖㄣˋ,1000000
誏,ㄖㄤˋ,1000000
誑,ㄎㄨㄤˊ,1000000
誒,ㄒㄧ,1000000
誒,ㄝˋ
誓,ㄕˋ,1000000
誕,ㄉㄢˋ,1000000
誖,ㄅㄟˋ,1000000
誘,ㄧㄡˋ,1000000
誙,ㄎㄥ,1000000
誚,ㄑㄧㄠˋ,1000000
語,ㄩˇ,1000000
語,ㄩˋ
誠,ㄔㄥˊ,1000000
誡,ㄐㄧㄝˋ,1000000
誣,ㄨ,1000000
誣,ㄨˊ
誤,ㄨˋ,1000000
誥,ㄍㄠˋ,1000000
誦,ㄙㄨㄥˋ,1000000
誨,ㄏㄨㄟˋ,1000000
誨,ㄏㄨㄟˇ
說,ㄕㄨㄛ,1000000
說,ㄕㄨㄟˋ
說,ㄩㄝˋ
誰,ㄕㄟˊ,1000000
誰,ㄕㄨㄟˊ
課,ㄎㄜˋ,1000000
誶,ㄙㄨㄟˋ,1000000
誹,ㄈㄟˇ,1000000
誻,ㄊㄚˋ,1000000
誼,ㄧˋ,1000000
誼,ㄧˊ
誾,ㄧㄣˊ,1000000
調,ㄉㄧㄠˋ,1000000
調,ㄊㄧㄠˊ
諂,ㄔㄢˇ,1000000
諄,ㄓㄨㄣ,1000000
諆,ㄑㄧ,1000000
談,ㄊㄢˊ,1000000
諉,ㄨㄟˇ,1000000
請,ㄑㄧㄥˇ,1000000
請,ㄑㄧㄥ
請,ㄑㄧㄥˊ
諍,ㄓㄥ,1000000
諏,ㄗㄡ,1000000
諑,ㄓㄨㄛˊ,1000000
諒,ㄌㄧㄤˋ,1000000
諒,ㄌㄧㄤˊ
諓,ㄐㄧㄢˋ,1000000
諔,ㄔㄨˋ,1000000
諕,ㄒㄧㄚˋ,1000000
論,ㄌㄨㄣˋ,1000000
論,ㄌㄨㄣˊ
諗,ㄕㄣˇ,1000000
諛,ㄩˊ,1000000
諜,ㄉㄧㄝˊ,1000000
諝,ㄒㄩˇ,1000000
諞,ㄆㄧㄢˊ,1000000
諞,ㄆㄧㄢˇ
諟,ㄕˋ,1000000
諠,ㄒㄩㄢ,1000000
諡,ㄕˋ,1000000
諢,ㄏㄨㄣˋ,1000000
諤,ㄜˋ,1000000
諦,ㄉㄧˋ,1000000
諧,ㄒㄧㄝˊ,1000000
諩,ㄆㄨˇ,1000000
諫,ㄐㄧㄢˋ,1000000
諭,ㄩˋ,1000000
諮,ㄗ,1000000
諰,ㄒㄧˇ,1000000
諱,ㄏㄨㄟˋ,1000000
諳,ㄢ,1000000
諴,ㄒㄧㄢˊ,1000000
諵,ㄋㄢˊ,1000000
諶,ㄔㄣˊ,1000000
諷,ㄈㄥˋ,1000000
諷,ㄈㄥ
諸,ㄓㄨ,1000000
諺,ㄧㄢˋ,1000000
諼,ㄒㄩㄢ,1000000
諼,ㄕㄨㄢˋ
諾,ㄋㄨㄛˋ,1000000
謀,ㄇㄡˊ,1000000
謁,ㄧㄝˋ,1000000
謂,ㄨㄟˋ,1000000
謄,ㄊㄥˊ,1000000
謅,ㄗㄡ,1000000
謇,ㄐㄧㄢˇ,1000000
謈,ㄆㄛˋ,1000000
謈,ㄅㄛˊ
謈,ㄅㄠˋ
謊,ㄏㄨㄤˇ,1000000
謋,ㄏㄨㄛˋ,1000000
謌,ㄍㄜ,1000000
謎,ㄇㄧˊ,1000000
謎,ㄇㄟˋ
謎,ㄇㄧˋ
謏,ㄒㄧㄠˇ,1000000
謐,ㄇㄧˋ,1000000
謔,ㄋㄩㄝˋ,1000000
謖,ㄙㄨˋ,1000000
謗,ㄅㄤˋ,1000000
謙,ㄑㄧㄢ,1000000
謙,ㄑㄧㄢˋ
謚,ㄧˋ,1000000
謚,ㄕˋ
講,ㄐㄧㄤˇ,1000000
謝,ㄒㄧㄝˋ,1000000
謞,ㄒㄩㄝˋ,1000000
謟,ㄊㄠ,1000000
謠,ㄧㄠˊ,1000000
謣,ㄩˊ,1000000
謣,ㄒㄩ
謥,ㄘㄨㄥˋ,1000000
謦,ㄑㄧㄥˋ,1000000
謨,ㄇㄛˊ,1000000
謫,ㄓㄜˊ,1000000
謬,ㄇㄧㄡˋ,1000000
謯,ㄐㄧㄝ,1000000
謰,ㄌㄧㄢˊ,1000000
謳,ㄡ,1000000
謵,ㄒㄧˊ,1000000
謷,ㄠˊ,1000000
謷,ㄠˋ
謹,ㄐㄧㄣˇ,1000000
謻,ㄧˊ,1000000
謼,ㄏㄨ,1000000
謾,ㄇㄢˊ,1000000
謾,ㄇㄢˋ
譁,ㄏㄨㄚˊ,1000000
譆,ㄒㄧ,1000000
譇,ㄓㄚ,1000000
證,ㄓㄥˋ,1000000
譊,ㄋㄠˊ,1000000
譌,ㄜˊ,1000000
譎,ㄐㄩㄝˊ,1000000
譏,ㄐㄧ,1000000
譔,ㄓㄨㄢˋ,1000000
譕,ㄇㄛˊ,1000000
譖,ㄗㄣˋ,1000000
識,ㄕˋ,1000000
識,ㄓˋ
譙,ㄑㄧㄠˋ,1000000
譙,ㄑㄧㄠˊ
譚,ㄊㄢˊ,1000000
譜,ㄆㄨˇ,1000000
譟,ㄗㄠˋ,1000000
譣,ㄒㄧㄢˇ,1000000
警,ㄐㄧㄥˇ,1000000
譨,ㄋㄡˊ,1000000
譫,ㄓㄢ,1000000
譬,ㄆㄧˋ,1000000
譯,ㄧˋ,1000000
議,ㄧˋ,1000000
譴,ㄑㄧㄢˇ,1000000
護,ㄏㄨˋ,1000000
譸,ㄓㄡ,1000000
譽,ㄩˋ,1000000
譾,ㄐㄧㄢˇ,1000000
讀,ㄉㄨˊ,1000000
讀,ㄉㄡˋ
讁,ㄓㄜˊ,1000000
讅,ㄕㄣˇ,1000000
讆,ㄨㄟˋ,1000000
讇,ㄔㄢˇ,1000000
變,ㄅㄧㄢˋ,1000000
讋,ㄓㄜˊ,1000000
讌,ㄧㄢˋ,1000000
讎,ㄔㄡˊ,1000000
讐,ㄔㄡˊ,1000000
讒,ㄔㄢˊ,1000000
讓,ㄖㄤˋ,1000000
讔,ㄧㄣˇ,1000000
讕,ㄌㄢˊ,1000000
讖,ㄔㄣˋ,1000000
讘,ㄓㄜˊ,1000000
讙,ㄏㄨㄢ,1000000
讚,ㄗㄢˋ,1000000
讜,ㄉㄤˇ,1000000
讞,ㄧㄢˋ,1000000
讟,ㄉㄨˊ,1000000
谷,ㄍㄨˇ,1000000
谷,ㄩˋ
谹,ㄏㄨㄥˊ,1000000
谽,ㄏㄢ,1000000
谿,ㄒㄧ,1000000
谿,ㄑㄧ
豁,ㄏㄨㄛ,1000000
豁,ㄏㄨㄚˊ
豁,ㄏㄨㄛˋ
豆,ㄉㄡˋ,1000000
豇,ㄐㄧㄤ,1000000
豈,ㄑㄧˇ,1000000
豈,ㄎㄞˇ
豉,ㄕˋ,1000000
豉,ㄔˇ
豊,ㄌㄧˇ,1000000
豋,ㄉㄥ,1000000
豌,ㄨㄢ,1000000
豎,ㄕㄨˋ,1000000
豐,ㄈㄥ,1000000
豔,ㄧㄢˋ,1000000
豕,ㄕˇ,1000000
豗,ㄏㄨㄟ,1000000
豚,ㄊㄨㄣˊ,1000000
豜,ㄐㄧㄢ,1000000
豝,ㄅㄚ,1000000
象,ㄒㄧㄤˋ,1000000
豢,ㄏㄨㄢˋ,1000000
豣,ㄐㄧㄢ,1000000
豨,ㄒㄧ,1000000
豪,ㄏㄠˊ,1000000
豫,ㄩˋ,1000000
豬,ㄓㄨ,1000000
豭,ㄐㄧㄚ,1000000
豳,ㄅㄧㄣ,1000000
豵,ㄗㄨㄥ,1000000
豶,ㄈㄣˊ,1000000
豷,ㄧˋ,1000000
豸,ㄓˋ,1000000
豹,ㄅㄠˋ,1000000
豺,ㄔㄞˊ,1000000
豻,ㄢˋ,1000000
豻,ㄏㄢˋ
豼,ㄆㄧˊ,1000000
貂,ㄉㄧㄠ,1000000
貅,ㄒㄧㄡ,1000000
貆,ㄏㄨㄢˊ,1000000
貉,ㄏㄠˊ,1000000
貉,ㄇㄛˋ
貉,ㄏㄜˊ
貊,ㄇㄛˋ,1000000
貌,ㄇㄠˋ,1000000
貍,ㄌㄧˊ,1000000
貏,ㄅㄧˇ,1000000
貏,ㄅㄟˋ
貐,ㄩˇ,1000000
貒,ㄊㄨㄢ,1000000
貓,ㄇㄠ,1000000
貔,ㄆㄧˊ,1000000
貕,ㄒㄧ,1000000
貗,ㄐㄩˋ,1000000
貗,ㄌㄩˊ
貘,ㄇㄛˋ,1000000
貙,ㄔㄨ,1000000
貛,ㄏㄨㄢ,1000000
貝,ㄅㄟˋ,1000000
貞,ㄓㄣ,1000000
貟,ㄩㄢˊ,1000000
貟,ㄩㄣˊ
貟,ㄩㄣˋ
負,ㄈㄨˋ,1000000
財,ㄘㄞˊ,1000000
貢,ㄍㄨㄥˋ,1000000
貣,ㄊㄜˋ,1000000
貤,ㄧˊ,1000000
貧,ㄆㄧㄣˊ,1000000
貨,ㄏㄨㄛˋ,1000000
販,ㄈㄢˋ,1000000
貪,ㄊㄢ,1000000
貫,ㄍㄨㄢˋ,1000000
責,ㄗㄜˊ,1000000
責,ㄓㄞˋ
貭,ㄓˋ,1000000
貭,ㄓˊ
貯,ㄓㄨˇ,1000000
貰,ㄕˋ,1000000
貲,ㄗ,1000000
貳,ㄦˋ,1000000
貴,ㄍㄨㄟˋ,1000000
貶,ㄅㄧㄢˇ,1000000
買,ㄇㄞˇ,1000000
貸,ㄉㄞˋ,1000000
貸,ㄊㄜˋ
貺,ㄎㄨㄤˋ,1000000
費,ㄈㄟˋ,1000000
費,ㄅㄧˋ
貼,ㄊㄧㄝ,1000000
貽,ㄧˊ,1000000
貾,ㄔˊ,1000000
貿,ㄇㄠˋ,1000000
貿,ㄇㄡˋ
賀,ㄏㄜˋ,1000000
賁,ㄅㄧˋ,1000000
賁,ㄅㄣ
賁,ㄈㄣˋ
賂,ㄌㄨˋ,1000000
賃,ㄌㄧㄣˋ,1000000
賃,ㄖㄣˋ
賄,ㄏㄨㄟˋ,1000000
賄,ㄏㄨㄟˇ
賅,ㄍㄞ,1000000
資,ㄗ,1000000
賈,ㄐㄧㄚˇ,1000000
賈,ㄍㄨˇ
賊,ㄗㄟˊ,1000000
賊,ㄗㄜˊ
賍,ㄗㄤ,1000000
賑,ㄓㄣˋ,1000000
賒,ㄕㄜ,1000000
賓,ㄅㄧㄣ,1000000
賓,ㄅㄧㄣˋ
賔,ㄅㄧㄣ,1000000
賔,ㄅㄧㄣˋ
賕,ㄑㄧㄡˊ,1000000
賙,ㄓㄡ,1000000
賚,ㄌㄞˋ,1000000
賛,ㄗㄢˋ,1000000
賜,ㄘˋ,1000000
賜,ㄙˋ
賝,ㄔㄣ,1000000
賞,ㄕㄤˇ,1000000
賠,ㄆㄟˊ,1000000
賡,ㄍㄥ,1000000
賢,ㄒㄧㄢˊ,1000000
賢,ㄒㄧㄢˋ
賣,ㄇㄞˋ,1000000
賤,ㄐㄧㄢˋ,1000000
賦,ㄈㄨˋ,1000000
賨,ㄘㄨㄥˊ,1000000
質,ㄓˋ,1000000
質,ㄓˊ
賫,ㄐㄧ,1000000
賬,ㄓㄤˋ,1000000
賭,ㄉㄨˇ,1000000
賴,ㄌㄞˋ,1000000
賵,ㄈㄥˋ,1000000
賷,ㄐㄧ,1000000
賸,ㄕㄥˋ,1000000
賺,ㄓㄨㄢˋ,1000000
賺,ㄗㄨㄢˋ
賻,ㄈㄨˋ,1000000
購,ㄍㄡˋ,1000000
賽,ㄙㄞˋ,1000000
賾,ㄗㄜˊ,1000000
贄,ㄓˋ,1000000
贅,ㄓㄨㄟˋ,1000000
贇,ㄩㄣ,1000000
贈,ㄗㄥˋ,1000000
贊,ㄗㄢˋ,1000000
贋,ㄧㄢˋ,1000000
贍,ㄕㄢˋ,1000000
贏,ㄧㄥˊ,1000000
贐,ㄐㄧㄣˋ,1000000
贑,ㄍㄢˋ,1000000
贑,ㄍㄨㄥˋ
贓,ㄗㄤ,1000000
贔,ㄅㄧˋ,1000000
贕,ㄉㄨˊ,1000000
贖,ㄕㄨˊ,1000000
贗,ㄧㄢˋ,1000000
贛,ㄍㄢˋ,1000000
贛,ㄍㄨㄥˋ
贜,ㄗㄤ,1000000
赤,ㄔˋ,1000000
赦,ㄕㄜˋ,1000000
赧,ㄋㄢˇ,1000000
赨,ㄊㄨㄥˊ,1000000
赩,ㄒㄧˋ,1000000
赫,ㄏㄜˋ,1000000
赬,ㄔㄥ,1000000
赭,ㄓㄜˇ,1000000
赮,ㄒㄧㄚˊ,1000000
赯,ㄊㄤˊ,1000000
走,ㄗㄡˇ,1000000
赳,ㄐㄧㄡ,1000000
赳,ㄐㄧㄡˇ
赴,ㄈㄨˋ,1000000
赶,ㄍㄢˇ,1000000
赶,ㄑㄧㄢˊ
起,ㄑㄧˇ,1000000
赸,ㄕㄢˋ,1000000
趁,ㄔㄣˋ,1000000
趂,ㄔㄣˋ,1000000
趄,ㄐㄩ,1000000
趄,ㄑㄧㄝˋ
超,ㄔㄠ,1000000
越,ㄩㄝˋ,1000000
趋,ㄑㄩ,1000000
趋,ㄘㄨˋ
趑,ㄗ,1000000
趓,ㄉㄨㄛˇ,1000000
趔,ㄌㄧㄝˋ,1000000
趕,ㄍㄢˇ,1000000
趖,ㄙㄨㄛ,1000000
趙,ㄓㄠˋ,1000000
趟,ㄊㄤˋ,1000000
趠,ㄓㄨㄛˊ,1000000
趠,ㄔㄠˋ
趡,ㄘㄨㄟˇ,1000000
趣,ㄑㄩˋ,1000000
趣,ㄘㄨˋ
趦,ㄗ,1000000
趨,ㄑㄩ,1000000
趨,ㄘㄨˋ
趫,ㄑㄧㄠˊ,1000000
趬,ㄑㄧㄠ,1000000
趮,ㄗㄠˋ,1000000
趯,ㄊㄧˋ,1000000
趯,ㄩㄝˋ
趲,ㄗㄢˇ,1000000
足,ㄗㄨˊ,1000000
足,ㄐㄩˋ
趴,ㄆㄚ,1000000
趵,ㄅㄠˋ,1000000
趵,ㄅㄛ
趷,ㄎㄜ,1000000
趷,ㄏㄜˊ
趹,ㄐㄩㄝˊ,1000000
趺,ㄈㄨ,1000000
趻,ㄔㄣˇ,1000000
趼,ㄐㄧㄢˇ,1000000
趼,ㄧㄢˊ
趾,ㄓˇ,1000000
趿,ㄊㄚ,1000000
趿,ㄙㄚˋ
跂,ㄑㄧˊ,1000000
跂,ㄑㄧˋ
跅,ㄊㄨㄛˋ,1000000
跆,ㄊㄞˊ,1000000
跇,ㄔˋ,1000000
跇,ㄧˋ
跋,ㄅㄚˊ,1000000
跌,ㄉㄧㄝˊ,1000000
跎,ㄊㄨㄛˊ,1000000
跏,ㄐㄧㄚ,1000000
跐,ㄘ,1000000
跐,ㄘˇ
跐,ㄘㄞˇ
跑,ㄆㄠˇ,1000000
跑,ㄆㄠˊ
跓,ㄓㄨˋ,1000000
跕,ㄊㄧㄝ,1000000
跕,ㄉㄧㄝˊ
跖,ㄓˊ,1000000
跖,ㄓㄜˋ
跗,ㄈㄨ,1000000
跚,ㄕㄢ,1000000
跛,ㄅㄛˇ,1000000
跛,ㄅㄧˋ
距,ㄐㄩˋ,1000000
跟,ㄍㄣ,1000000
跡,ㄐㄧ,1000000
跢,ㄉㄨㄛˋ,1000000
跣,ㄒㄧㄢˇ,1000000
跤,ㄐㄧㄠ,1000000
跦,ㄓㄨ,1000000
跧,ㄑㄩㄢˊ,1000000
跨,ㄎㄨㄚˋ,1000000
跩,ㄓㄨㄞˇ,1000000
跪,ㄍㄨㄟˋ,1000000
跫,ㄑㄩㄥˊ,1000000
跬,ㄎㄨㄟˇ,1000000
跮,ㄔˋ,1000000
路,ㄌㄨˋ,1000000
跱,ㄓˋ,1000000
跲,ㄐㄧㄚˊ,1000000
跳,ㄊㄧㄠˋ,1000000
跴,ㄘㄞˇ,1000000
跺,ㄉㄨㄛˋ,1000000
跼,ㄐㄩˊ,1000000
跽,ㄐㄧˋ,1000000
跿,ㄊㄨˊ,1000000
踁,ㄐㄧㄥˋ,1000000
踂,ㄋㄧㄝˋ,1000000
踅,ㄒㄩㄝˊ,1000000
踅,ㄔˋ
踆,ㄘㄨㄣ,1000000
踆,ㄑㄩㄣ
踈,ㄕㄨ,1000000
踈,ㄕㄨˋ
踈,ㄙㄨ
踉,ㄌㄧㄤˊ,1000000
踉,ㄌㄧㄤˋ
踊,ㄩㄥˇ,1000000
踏,ㄊㄚˋ,1000000
踐,ㄐㄧㄢˋ,1000000
踔,ㄓㄨㄛˊ,1000000
踕,ㄐㄧㄝˊ,1000000
踖,ㄐㄧˊ,1000000
踖,ㄑㄩㄝˋ
踘,ㄐㄩˊ,1000000
踝,ㄏㄨㄞˊ,1000000
踝,ㄏㄨㄚˋ
踞,ㄐㄩˋ,1000000
踟,ㄔˊ,1000000
踠,ㄨㄢˇ,1000000
踡,ㄑㄩㄢˊ,1000000
踢,ㄊㄧ,1000000
踣,ㄅㄛˊ,1000000
踤,ㄗㄨˊ,1000000
踥,ㄑㄧㄝˋ,1000000
踦,ㄧˇ,1000000
踦,ㄐㄧˇ
踦,ㄑㄧˊ
踧,ㄘㄨˋ,1000000
踩,ㄘㄞˇ,1000000
踪,ㄗㄨㄥ,1000000
踫,ㄆㄥˋ,1000000
踮,ㄉㄧㄢˋ,1000000
踰,ㄩˊ,1000000
踱,ㄉㄨㄛˋ,1000000
踳,ㄔㄨㄣˇ,1000000
踳,ㄔㄨㄢˇ
踴,ㄩㄥˇ,1000000
踵,ㄓㄨㄥˇ,1000000
踶,ㄉㄧˋ,1000000
踶,ㄓˋ
踸,ㄔㄣˇ,1000000
踹,ㄔㄨㄞˋ,1000000
踹,ㄕㄨㄢˋ
踽,ㄐㄩˇ,1000000
蹀,ㄉㄧㄝˊ,1000000
蹁,ㄆㄧㄢˊ,1000000
蹂,ㄖㄡˊ,1000000
蹄,ㄊㄧˊ,1000000
蹅,ㄔㄚˇ,1000000
蹇,ㄐㄧㄢˇ,1000000
蹈,ㄉㄠˋ,1000000
蹉,ㄘㄨㄛ,1000000
蹊,ㄒㄧ,1000000
蹋,ㄊㄚˋ,1000000
蹌,ㄑㄧㄤ,1000000
蹌,ㄑㄧㄤˋ
蹍,ㄓㄢˇ,1000000
蹎,ㄉㄧㄢ,1000000
蹏,ㄊㄧˊ,1000000
蹐,ㄐㄧˊ,1000000
蹓,ㄌㄧㄡˋ,1000000
蹔,ㄗㄢˋ,1000000
蹔,ㄓㄢˋ
蹕,ㄅㄧˋ,1000000
蹙,ㄘㄨˋ,1000000
蹚,ㄊㄤ,1000000
蹜,ㄙㄨˋ,1000000
蹝,ㄒㄧˇ,1000000
蹞,ㄎㄨㄟˇ,1000000
蹟,ㄐㄧ,1000000
蹠,ㄓˊ,1000000
蹡,ㄑㄧㄤ,1000000
蹡,ㄑㄧㄤˋ
蹢,ㄉㄧˊ,1000000
蹢,ㄓˊ
蹣,ㄇㄢˊ,1000000
蹣,ㄆㄢˊ
蹤,ㄗㄨㄥ,1000000
蹦,ㄅㄥˋ,1000000
蹧,ㄗㄠ,1000000
蹩,ㄅㄧㄝˊ,1000000
蹪,ㄊㄨㄟˊ,1000000
蹬,ㄉㄥˋ,1000000
蹭,ㄘㄥˋ,1000000
蹮,ㄒㄧㄢ,1000000
蹯,ㄈㄢˊ,1000000
蹰,ㄔㄨˊ,1000000
蹲,ㄉㄨㄣ,1000000
蹲,ㄘㄨㄣˊ
蹳,ㄅㄛ,1000000
蹴,ㄘㄨˋ,1000000
蹵,ㄘㄨˋ,1000000
蹶,ㄐㄩㄝˊ,1000000
蹶,ㄐㄩㄝˇ
蹺,ㄑㄧㄠ,1000000
蹻,ㄑㄧㄠ,1000000
蹻,ㄐㄧㄠˇ
蹻,ㄐㄩㄝˊ
蹼,ㄆㄨˊ,1000000
躁,ㄗㄠˋ,1000000
躂,ㄊㄚˋ,1000000
躂,ㄉㄚ
躃,ㄅㄧˋ,1000000
躄,ㄅㄧˋ,1000000
躅,ㄓㄨˊ,1000000
躆,ㄐㄩˋ,1000000
躇,ㄔㄨˊ,1000000
躈,ㄑㄧㄠˋ,1000000
躉,ㄉㄨㄣˇ,1000000
躊,ㄔㄡˊ,1000000
躋,ㄐㄧ,1000000
躍,ㄩㄝˋ,1000000
躐,ㄌㄧㄝˋ,1000000
躑,ㄓˊ,1000000
躒,ㄌㄧˋ,1000000
躒,ㄌㄨㄛˋ
躓,ㄓˋ,1000000
躔,ㄔㄢˊ,1000000
躕,ㄔㄨˊ,1000000
躗,ㄨㄟˋ,1000000
躚,ㄒㄧㄢ,1000000
躞,ㄒㄧㄝˋ,1000000
躟,ㄖㄤˇ,1000000
躠,ㄙㄚˋ,1000000
躡,ㄋㄧㄝˋ,1000000
躣,ㄑㄩˊ,1000000
躥,ㄘㄨㄢ,1000000
躦,ㄗㄨㄢ,1000000
躧,ㄒㄧˇ,1000000
躩,ㄐㄩㄝˊ,1000000
躪,ㄌㄧㄣˋ,1000000
身,ㄕㄣ,1000000
身,ㄐㄩㄢ
躬,ㄍㄨㄥ,1000000
躭,ㄉㄢ,1000000
躯,ㄑㄩ,1000000
躰,ㄊㄧˇ,1000000
躱,ㄉㄨㄛˇ,1000000
躲,ㄉㄨㄛˇ,1000000
躳,ㄍㄨㄥ,1000000
躶,ㄌㄨㄛˇ,1000000
躺,ㄊㄤˇ,1000000
軀,ㄑㄩ,1000000
軃,ㄉㄨㄛˇ,1000000
軄,ㄓˊ,1000000
軆,ㄊㄧˇ,1000000
車,ㄔㄜ,1000000
車,ㄐㄩ
軋,ㄧㄚˋ,1000000
軋,ㄍㄚˊ
軋,ㄓㄚˊ
軌,ㄍㄨㄟˇ,1000000
軍,ㄐㄩㄣ,1000000
軏,ㄩㄝˋ,1000000
軑,ㄉㄞˋ,1000000
軒,ㄒㄩㄢ,1000000
軔,ㄖㄣˋ,1000000
軘,ㄊㄨㄣˊ,1000000
軛,ㄜˋ,1000000
軜,ㄋㄚˋ,1000000
軟,ㄖㄨㄢˇ,1000000
転,ㄓㄨㄢˇ,1000000
転,ㄓㄨㄢˋ
軥,ㄑㄩˊ,1000000
軨,ㄌㄧㄥˊ,1000000
軫,ㄓㄣˇ,1000000
軬,ㄈㄢˋ,1000000
軯,ㄆㄥ,1000000
軱,ㄍㄨ,1000000
軷,ㄅㄚˊ,1000000
軷,ㄅㄛˊ
軸,ㄓㄡˊ,1000000
軸,ㄓㄡˋ
軸,ㄓㄨˊ
軹,ㄓˇ,1000000
軺,ㄧㄠˊ,1000000
軻,ㄎㄜ,1000000
軼,ㄧˋ,1000000
軽,ㄑㄧㄥ,1000000
軾,ㄕˋ,1000000
軿,ㄆㄧㄥˊ,1000000
輀,ㄦˊ,1000000
輂,ㄐㄩˊ,1000000
較,ㄐㄧㄠˋ,1000000
較,ㄐㄧㄠˇ
較,ㄐㄩㄝˊ
輅,ㄌㄨˋ,1000000
輇,ㄑㄩㄢˊ,1000000
輈,ㄓㄡ,1000000
載,ㄗㄞˋ,1000000
載,ㄗㄞˇ
輊,ㄓˋ,1000000
輒,ㄓㄜˊ,1000000
輓,ㄨㄢˇ,1000000
輔,ㄈㄨˇ,1000000
輕,ㄑㄧㄥ,1000000
輖,ㄓㄡ,1000000
輗,ㄋㄧˊ,1000000
輘,ㄌㄧㄥˊ,1000000
輙,ㄓㄜˊ,1000000
輚,ㄓㄢˋ,1000000
輛,ㄌㄧㄤˋ,1000000
輜,ㄗ,1000000
輝,ㄏㄨㄟ,1000000
輞,ㄨㄤˇ,1000000
輟,ㄔㄨㄛˋ,1000000
輠,ㄍㄨㄛˇ,1000000
輣,ㄆㄥˊ,1000000
輥,ㄍㄨㄣˇ,1000000
輦,ㄋㄧㄢˇ,1000000
輧,ㄆㄧㄥˊ,1000000
輩,ㄅㄟˋ,1000000
輪,ㄌㄨㄣˊ,1000000
輬,ㄌㄧㄤˊ,1000000
輭,ㄖㄨㄢˇ,1000000
輮,ㄖㄡˊ,1000000
輯,ㄐㄧˊ,1000000
輲,ㄔㄨㄢˊ,1000000
輳,ㄘㄡˋ,1000000
輴,ㄔㄨㄣ,1000000
輶,ㄧㄡˊ,1000000
輷,ㄏㄨㄥ,1000000
輸,ㄕㄨ,1000000
輹,ㄈㄨˋ,1000000
輻,ㄈㄨˊ,1000000
輾,ㄓㄢˇ,1000000
輾,ㄋㄧㄢˇ
輿,ㄩˊ,1000000
轀,ㄨㄣ,1000000
轂,ㄍㄨˇ,1000000
轂,ㄍㄨ
轄,ㄒㄧㄚˊ,1000000
轅,ㄩㄢˊ,1000000
轆,ㄌㄨˋ,1000000
轇,ㄐㄧㄡ,1000000
轉,ㄓㄨㄢˇ,1000000
轉,ㄓㄨㄢˋ
轍,ㄓㄜˊ,1000000
轍,ㄔㄜˋ
轎,ㄐㄧㄠˋ,1000000
轏,ㄓㄢˋ,1000000
轐,ㄅㄨˊ,1000000
轑,ㄌㄠˇ,1000000
轑,ㄌㄠˊ
轒,ㄈㄣˊ,1000000
轓,ㄈㄢ,1000000
轔,ㄌㄧㄣˊ,1000000
轕,ㄍㄜˊ,1000000
轖,ㄙㄜˋ,1000000
轗,ㄎㄢˇ,1000000
轘,ㄏㄨㄢˋ,1000000
轙,ㄧˇ,1000000
轚,ㄐㄧˊ,1000000
轜,ㄦˊ,1000000
轝,ㄩˊ,1000000
轟,ㄏㄨㄥ,1000000
轠,ㄌㄟˊ,1000000
轡,ㄆㄟˋ,1000000
轢,ㄌㄧˋ,1000000
轣,ㄌㄧˋ,1000000
轤,ㄌㄨˊ,1000000
辛,ㄒㄧㄣ,1000000
辜,ㄍㄨ,1000000
辝,ㄘˊ,1000000
辞,ㄘˊ,1000000
辟,ㄆㄧˋ,1000000
辟,ㄅㄧˋ
辠,ㄗㄨㄟˋ,1000000
辡,ㄅㄧㄢˋ,1000000
辣,ㄌㄚˋ,1000000
辤,ㄘˊ,1000000
辥,ㄒㄩㄝ,1000000
辦,ㄅㄢˋ,1000000
辨,ㄅㄧㄢˋ,1000000
辭,ㄘˊ,1000000
辮,ㄅㄧㄢˋ,1000000
辯,ㄅㄧㄢˋ,1000000
辰,ㄔㄣˊ,1000000
辱,ㄖㄨˋ,1000000
辱,ㄖㄨˇ
農,ㄋㄨㄥˊ,1000000
辳,ㄋㄨㄥˊ,1000000
辴,ㄓㄣˇ,1000000
辵,ㄔㄨㄛˋ,1000000
边,ㄅㄧㄢ,1000000
迁,ㄑㄧㄢ,1000000
迂,ㄩ,1000000
迄,ㄑㄧˋ,1000000
迅,ㄒㄩㄣˋ,1000000
迆,ㄧˊ,1000000
迆,ㄧˇ
过,ㄍㄨㄛˋ,1000000
过,ㄍㄨㄛ
迊,ㄧㄥˊ,1000000
迊,ㄧㄥˋ
迋,ㄨㄤˋ,1000000
迋,ㄍㄨㄤˇ
迍,ㄓㄨㄣ,1000000
迎,ㄧㄥˊ,1000000
迎,ㄧㄥˋ
近,ㄐㄧㄣˋ,1000000
迒,ㄏㄤˊ,1000000
迓,ㄧㄚˋ,1000000
返,ㄈㄢˇ,1000000
迕,ㄨˇ,1000000
迕,ㄨˋ
还,ㄏㄞˊ,1000000
还,ㄏㄨㄢˊ
还,ㄒㄩㄢˊ
这,ㄓㄜˋ,1000000
这,ㄓㄟˋ
远,ㄩㄢˇ,1000000
远,ㄩㄢˋ
迢,ㄊㄧㄠˊ,1000000
迤,ㄧˊ,1000000
迤,ㄧˇ
迥,ㄐㄩㄥˇ,1000000
迦,ㄐㄧㄚ,1000000
迨,ㄉㄞˋ,1000000
迩,ㄦˇ,1000000
迪,ㄉㄧˊ,1000000
迫,ㄆㄛˋ,1000000
迭,ㄉㄧㄝˊ,1000000
迮,ㄗㄜˊ,1000000
迮,ㄗㄨㄛˋ
述,ㄕㄨˋ,1000000
迴,ㄏㄨㄟˊ,1000000
迷,ㄇㄧˊ,1000000
迸,ㄅㄥˋ,1000000
迸,ㄅㄧㄥˇ
迹,ㄐㄧ,1000000
迺,ㄋㄞˇ,1000000
迻,ㄧˊ,1000000
追,ㄓㄨㄟ,1000000
追,ㄉㄨㄟ
迿,ㄒㄩㄣˋ,1000000
退,ㄊㄨㄟˋ,1000000
送,ㄙㄨㄥˋ,1000000
适,ㄕˋ,1000000
适,ㄉㄧˊ
适,ㄍㄨㄚ
适,ㄎㄨㄛˋ
逃,ㄊㄠˊ,1000000
逄,ㄆㄤˊ,1000000
逄,ㄆㄥˊ
逄,ㄈㄥˊ
逅,ㄏㄡˋ,1000000
逅,ㄍㄡˋ
逆,ㄋㄧˋ,1000000
逈,ㄐㄩㄥˇ,1000000
选,ㄒㄩㄢˇ,1000000
逊,ㄒㄩㄣˋ,1000000
逊,ㄙㄨㄣˋ
逋,ㄅㄨ,1000000
逌,ㄧㄡˊ,1000000
逍,ㄒㄧㄠ,1000000
透,ㄊㄡˋ,1000000
逐,ㄓㄨˊ,1000000
逑,ㄑㄧㄡˊ,1000000
递,ㄉㄧˋ,1000000
途,ㄊㄨˊ,1000000
逕,ㄐㄧㄥˋ,1000000
逖,ㄊㄧˋ,1000000
逗,ㄉㄡˋ,1000000
這,ㄓㄜˋ,1000000
這,ㄓㄟˋ
通,ㄊㄨㄥ,1000000
逛,ㄍㄨㄤˋ,1000000
逝,ㄕˋ,1000000
逞,ㄔㄥˇ,1000000
速,ㄙㄨˋ,1000000
造,ㄗㄠˋ,1000000
造,ㄘㄠˋ
逡,ㄑㄩㄣ,1000000
逢,ㄈㄥˊ,1000000
逢,ㄆㄥˊ
連,ㄌㄧㄢˊ,1000000
逤,ㄕㄚ,1000000
逩,ㄅㄣˋ,1000000
逬,ㄅㄥˋ,1000000
逬,ㄅㄧㄥˇ
逭,ㄏㄨㄢˋ,1000000
逮,ㄉㄞˇ,1000000
逮,ㄉㄞˋ
逮,ㄉㄧˋ
逯,ㄌㄨˋ,1000000
逰,ㄧㄡˊ,1000000
週,ㄓㄡ,1000000
進,ㄐㄧㄣˋ,1000000
逴,ㄔㄨㄛˋ,1000000
逵,ㄎㄨㄟˊ,1000000
逶,ㄨㄟ,1000000
逸,ㄧˋ,1000000
逺,ㄩㄢˇ,1000000
逺,ㄩㄢˋ
逻,ㄌㄨㄛˊ,1000000
逼,ㄅㄧ,1000000
逼,ㄅㄧˋ
逾,ㄩˊ,1000000
逿,ㄉㄤˋ,1000000
遁,ㄉㄨㄣˋ,1000000
遂,ㄙㄨㄟˋ,1000000
遂,ㄙㄨㄟˊ
遄,ㄔㄨㄢˊ,1000000
遇,ㄩˋ,1000000
遊,ㄧㄡˊ,1000000
運,ㄩㄣˋ,1000000
遍,ㄅㄧㄢˋ,1000000
遍,ㄆㄧㄢˋ
過,ㄍㄨㄛˋ,1000000
過,ㄍㄨㄛ
遏,ㄜˋ,1000000
遐,ㄒㄧㄚˊ,1000000
遑,ㄏㄨㄤˊ,1000000
遒,ㄑㄧㄡˊ,1000000
道,ㄉㄠˋ,1000000
達,ㄉㄚˊ,1000000
達,ㄊㄚˋ
違,ㄨㄟˊ,1000000
遘,ㄍㄡˋ,1000000
遙,ㄧㄠˊ,1000000
遛,ㄌㄧㄡˊ,1000000
遛,ㄌㄧㄡˋ
遜,ㄒㄩㄣˋ,1000000
遜,ㄙㄨㄣˋ
遝,ㄊㄚˋ,1000000
遞,ㄉㄧˋ,1000000
遟,ㄔˊ,1000000
遟,ㄓˋ
遠,ㄩㄢˇ,1000000
遠,ㄩㄢˋ
遡,ㄙㄨˋ,1000000
遢,ㄊㄚˋ,1000000
遣,ㄑㄧㄢˇ,1000000
遨,ㄠˊ,1000000
適,ㄕˋ,1000000
適,ㄉㄧˊ
遬,ㄙㄨˋ,1000000
遭,ㄗㄠ,1000000
遮,ㄓㄜ,1000000
遮,ㄓㄜˇ
遯,ㄉㄨㄣˋ,1000000
遰,ㄉㄧˋ,1000000
遲,ㄔˊ,1000000
遲,ㄓˋ
遳,ㄘㄨㄛ,1000000
遴,ㄌㄧㄣˊ,1000000
遴,ㄌㄧㄣˋ
遵,ㄗㄨㄣ,1000000
遶,ㄖㄠˋ,1000000
遷,ㄑㄧㄢ,1000000
選,ㄒㄩㄢˇ,1000000
遹,ㄩˋ,1000000
遺,ㄧˊ,1000000
遺,ㄨㄟˋ
遻,ㄜˋ,1000000
遻,ㄨˋ
遼,ㄌㄧㄠˊ,1000000
遽,ㄐㄩˋ,1000000
避,ㄅㄧˋ,1000000
避,ㄅㄟˋ
邀,ㄧㄠ,1000000
邁,ㄇㄞˋ,1000000
邂,ㄒㄧㄝˋ,1000000
邃,ㄙㄨㄟˋ,1000000
還,ㄏㄞˊ,1000000
還,ㄏㄨㄢˊ
還,ㄒㄩㄢˊ
邅,ㄓㄢ,1000000
邇,ㄦˇ,1000000
邈,ㄇㄧㄠˇ,1000000
邉,ㄅㄧㄢ,1000000
邊,ㄅㄧㄢ,1000000
邋,ㄌㄚˊ,1000000
邋,ㄌㄧㄝˋ
邏,ㄌㄨㄛˊ,1000000
邐,ㄌㄧˇ,1000000
邑,ㄧˋ,1000000
邕,ㄩㄥ,1000000
邗,ㄏㄢˊ,1000000
邘,ㄩˊ,1000000
邙,ㄇㄤˊ,1000000
邛,ㄑㄩㄥˊ,1000000
邠,ㄅㄧㄣ,1000000
邡,ㄈㄤ,1000000
邢,ㄒㄧㄥˊ,1000000
那,ㄋㄚˋ,1000000
那,ㄋㄚ
那,ㄋㄚˇ
那,ㄋㄟˇ
那,ㄋㄟˋ
那,ㄋㄨㄛˊ
邥,ㄕㄣˇ,1000000
邦,ㄅㄤ,1000000
邧,ㄩㄢˊ,1000000
邨,ㄘㄨㄣ,1000000
邪,ㄒㄧㄝˊ,1000000
邪,ㄒㄧㄚˊ
邪,ㄒㄩˊ
邪,ㄧㄝˊ
邪,ㄩˊ
邯,ㄏㄢˊ,1000000
邰,ㄊㄞˊ,1000000
邱,ㄑㄧㄡ,1000000
邲,ㄅㄧˋ,1000000
邳,ㄆㄟˊ,1000000
邴,ㄅㄧㄥˇ,1000000
邵,ㄕㄠˋ,1000000
邶,ㄅㄟˋ,1000000
邸,ㄉㄧˇ,1000000
邽,ㄍㄨㄟ,1000000
邾,ㄓㄨ,1000000
邿,ㄕ,1000000
郁,ㄩˋ,1000000
郃,ㄏㄜˊ,1000000
郃,ㄍㄜˊ
郄,ㄒㄧˋ,1000000
郅,ㄓˋ,1000000
郇,ㄒㄩㄣˊ,1000000
郇,ㄏㄨㄢˊ
郈,ㄏㄡˋ,1000000
郉,ㄒㄧㄥˊ,1000000
郊,ㄐㄧㄠ,1000000
郎,ㄌㄤˊ,1000000
郑,ㄓㄥˋ,1000000
郔,ㄧㄢˊ,1000000
郕,ㄔㄥˊ,1000000
郗,ㄔ,1000000
郘,ㄌㄩˇ,1000000
郙,ㄈㄨˇ,1000000
郚,ㄨˊ,1000000
郛,ㄈㄨˊ,1000000
郜,ㄍㄠˋ,1000000
郝,ㄏㄠˇ,1000000
郝,ㄏㄜˋ
郟,ㄐㄧㄚˊ,1000000
郠,ㄍㄥˇ,1000000
郡,ㄐㄩㄣˋ,1000000
郢,ㄧㄥˇ,1000000
郣,ㄅㄛˊ,1000000
郤,ㄒㄧˋ,1000000
部,ㄅㄨˋ,1000000
郪,ㄑㄧ,1000000
郫,ㄆㄧˊ,1000000
郭,ㄍㄨㄛ,1000000
郯,ㄊㄢˊ,1000000
郰,ㄗㄡ,1000000
郲,ㄌㄞˊ,1000000
郳,ㄋㄧˊ,1000000
郴,ㄔㄣ,1000000
郵,ㄧㄡˊ,1000000
郼,ㄧ,1000000
都,ㄉㄡ,1000000
都,ㄉㄨ
郾,ㄧㄢˇ,1000000
郿,ㄇㄟˊ,1000000
鄀,ㄖㄨㄛˋ,1000000
鄂,ㄜˋ,1000000
鄄,ㄐㄩㄢˋ,1000000
鄆,ㄩㄣˋ,1000000
鄇,ㄏㄡˋ,1000000
鄉,ㄒㄧㄤ,1000000
鄉,ㄒㄧㄤˋ
鄍,ㄇㄧㄥˊ,1000000
鄎,ㄒㄧˋ,1000000
鄏,ㄖㄨˋ,1000000
鄐,ㄔㄨˋ,1000000
鄑,ㄐㄧㄣˋ,1000000
鄑,ㄗ
鄒,ㄗㄡ,1000000
鄔,ㄨ,1000000
鄖,ㄩㄣˊ,1000000
鄗,ㄏㄠˋ,1000000
鄗,ㄑㄧㄠ
鄘,ㄩㄥ,1000000
鄘,ㄩㄥˊ
鄙,ㄅㄧˇ,1000000
鄙,ㄅㄧˋ
鄚,ㄇㄛˋ,1000000
鄜,ㄈㄨ,1000000
鄞,ㄧㄣˊ,1000000
鄠,ㄏㄨˋ,1000000
鄡,ㄑㄧㄠ,1000000
鄢,ㄧㄢ,1000000
鄣,ㄓㄤ,1000000
鄤,ㄇㄢˋ,1000000
鄦,ㄒㄩˇ,1000000
鄧,ㄉㄥˋ,1000000
鄩,ㄒㄧㄣˊ,1000000
鄪,ㄅㄧˋ,1000000
鄫,ㄘㄥˊ,1000000
鄬,ㄨㄟˊ,1000000
鄭,ㄓㄥˋ,1000000
鄮,ㄇㄠˋ,1000000
鄯,ㄕㄢˋ,1000000
鄰,ㄌㄧㄣˊ,1000000
鄱,ㄆㄛˊ,1000000
鄲,ㄉㄢ,1000000
鄳,ㄇㄥˊ,1000000
鄳,ㄇㄥˇ
鄳,ㄇㄧㄥˇ
鄴,ㄧㄝˋ,1000000
鄶,ㄎㄨㄞˋ,1000000
鄸,ㄇㄥˊ,1000000
鄹,ㄗㄡ,1000000
鄺,ㄎㄨㄤˋ,1000000
鄺,ㄍㄨㄤˇ
鄾,ㄧㄡ,1000000
酁,ㄔㄢˊ,1000000
酃,ㄌㄧㄥˊ,1000000
酅,ㄒㄧ,1000000
酆,ㄈㄥ,1000000
酇,ㄗㄢˋ,1000000
酈,ㄌㄧˋ,1000000
酉,ㄧㄡˇ,1000000
酊,ㄉㄧㄥˇ,1000000
酋,ㄑㄧㄡˊ,1000000
酌,ㄓㄨㄛˊ,1000000
配,ㄆㄟˋ,1000000
酎,ㄓㄡˋ,1000000
酏,ㄧˊ,1000000
酐,ㄍㄢ,1000000
酒,ㄐㄧㄡˇ,1000000
酔,ㄗㄨㄟˋ,1000000
酖,ㄓㄣˋ,1000000
酖,ㄉㄢ
酗,ㄒㄩˋ,1000000
酘,ㄊㄡˊ,1000000
酚,ㄈㄣ,1000000
酟,ㄊㄧㄢ,1000000
酠,ㄑㄧㄚˇ,1000000
酡,ㄊㄨㄛˊ,1000000
酢,ㄘㄨˋ,1000000
酢,ㄗㄨㄛˋ
酣,ㄏㄢ,1000000
酤,ㄍㄨ,1000000
酥,ㄙㄨ,1000000
酧,ㄔㄡˊ,1000000
酩,ㄇㄧㄥˇ,1000000
酩,ㄇㄧㄥˊ
酪,ㄌㄠˋ,1000000
酪,ㄌㄨㄛˋ
酬,ㄔㄡˊ,1000000
酮,ㄊㄨㄥˊ,1000000
酯,ㄓˇ,1000000
酲,ㄔㄥˊ,1000000
酳,ㄧㄣˋ,1000000
酴,ㄊㄨˊ,1000000
酵,ㄒㄧㄠˋ,1000000
酵,ㄐㄧㄠˋ
酶,ㄇㄟˊ,1000000
酷,ㄎㄨˋ,1000000
酸,ㄙㄨㄢ,1000000
酹,ㄌㄟˋ,1000000
酺,ㄆㄨˊ,1000000
醁,ㄌㄨˋ,1000000
醃,ㄧㄢ,1000000
醅,ㄆㄟ,1000000
醆,ㄓㄢˇ,1000000
醇,ㄔㄨㄣˊ,1000000
醉,ㄗㄨㄟˋ,1000000
醊,ㄔㄨㄛˋ,1000000
醋,ㄘㄨˋ,1000000
醋,ㄗㄨㄛˋ
醍,ㄊㄧˊ,1000000
醎,ㄒㄧㄢˊ,1000000
醐,ㄏㄨˊ,1000000
醑,ㄒㄩˇ,1000000
醒,ㄒㄧㄥˇ,1000000
醒,ㄒㄧㄥ
醓,ㄊㄢˇ,1000000
醕,ㄔㄨㄣˊ,1000000
醚,ㄇㄧˊ,1000000
醛,ㄑㄩㄢˊ,1000000
醜,ㄔㄡˇ,1000000
醞,ㄩㄣˋ,1000000
醟,ㄩㄥˋ,1000000
醡,ㄓㄚˋ,1000000
醢,ㄏㄞˇ,1000000
醣,ㄊㄤˊ,1000000
醥,ㄆㄧㄠˇ,1000000
醨,ㄌㄧˊ,1000000
醪,ㄌㄠˊ,1000000
醫,ㄧ,1000000
醬,ㄐㄧㄤˋ,1000000
醭,ㄅㄨˊ,1000000
醭,ㄆㄨˊ
醮,ㄐㄧㄠˋ,1000000
醯,ㄒㄧ,1000000
醰,ㄊㄢˊ,1000000
醱,ㄆㄛˋ,1000000
醲,ㄋㄨㄥˊ,1000000
醳,ㄧˋ,1000000
醴,ㄌㄧˇ,1000000
醵,ㄐㄩˋ,1000000
醹,ㄖㄨˊ,1000000
醺,ㄒㄩㄣ,1000000
醻,ㄔㄡˊ,1000000
醼,ㄧㄢˋ,1000000
醽,ㄌㄧㄥˊ,1000000
醾,ㄇㄧˊ,1000000
釀,ㄋㄧㄤˋ,1000000
釁,ㄒㄧㄣˋ,1000000
釂,ㄐㄧㄠˋ,1000000
釃,ㄌㄧˊ,1000000
釃,ㄙ
釄,ㄇㄧˊ,1000000
釅,ㄧㄢˋ,1000000
釆,ㄅㄧㄢˋ,1000000
采,ㄘㄞˇ,1000000
采,ㄘㄞˋ
釉,ㄧㄡˋ,1000000
釋,ㄕˋ,1000000
里,ㄌㄧˇ,1000000
重,ㄓㄨㄥˋ,1000000
重,ㄔㄨㄥˊ
野,ㄧㄝˇ,1000000
量,ㄌㄧㄤˋ,1000000
量,ㄌㄧㄤˊ
釐,ㄌㄧˊ,1000000
釐,ㄒㄧ
金,ㄐㄧㄣ,1000000
釓,ㄍㄚˊ,1000000
釔,ㄧˇ,1000000
釕,ㄌㄧㄠˇ,1000000
釕,ㄌㄧㄠˋ
釗,ㄓㄠ,1000000
釘,ㄉㄧㄥ,1000000
釘,ㄉㄧㄥˋ
釙,ㄆㄛˋ,1000000
釜,ㄈㄨˇ,1000000
針,ㄓㄣ,1000000
釢,ㄋㄞˇ,1000000
釣,ㄉㄧㄠˋ,1000000
釤,ㄕㄢˋ,1000000
釤,ㄕㄢ
釦,ㄎㄡˋ,1000000
釧,ㄔㄨㄢˋ,1000000
釩,ㄈㄢˊ,1000000
釭,ㄍㄤ,1000000
釱,ㄉㄧˋ,1000000
釵,ㄔㄞ,1000000
釶,ㄧˇ,1000000
釷,ㄊㄨˇ,1000000
釹,ㄋㄩˇ,1000000
釾,ㄧㄝˊ,1000000
釿,ㄧㄣˊ,1000000
鈀,ㄅㄚˇ,1000000
鈀,ㄅㄚ
鈁,ㄈㄤ,1000000
鈃,ㄒㄧㄥˊ,1000000
鈃,ㄐㄧㄢ
鈆,ㄧㄢˊ,1000000
鈆,ㄑㄧㄢ
鈇,ㄈㄨ,1000000
鈉,ㄋㄚˋ,1000000
鈍,ㄉㄨㄣˋ,1000000
鈎,ㄍㄡ,1000000
鈐,ㄑㄧㄢˊ,1000000
鈑,ㄅㄢˇ,1000000
鈒,ㄙㄜˋ,1000000
鈒,ㄐㄧˊ
鈔,ㄔㄠ,1000000
鈔,ㄔㄠˋ
鈕,ㄋㄧㄡˇ,1000000
鈚,ㄆㄧˊ,1000000
鈚,ㄆㄧ
鈜,ㄏㄨㄥˊ,1000000
鈞,ㄐㄩㄣ,1000000
鈡,ㄓㄨㄥ,1000000
鈣,ㄍㄞˋ,1000000
鈥,ㄏㄨㄛˇ,1000000
鈦,ㄊㄞˋ,1000000
鈧,ㄎㄤˋ,1000000
鈮,ㄋㄧˊ,1000000
鈰,ㄕˋ,1000000
鈳,ㄎㄜ,1000000
鈴,ㄌㄧㄥˊ,1000000
鈷,ㄍㄨˇ,1000000
鈷,ㄍㄨ
鈸,ㄅㄚˊ,1000000
鈸,ㄅㄛˊ
鈹,ㄆㄧ,1000000
鈹,ㄆㄧˊ
鈺,ㄩˋ,1000000
鈽,ㄅㄨˋ,1000000
鈾,ㄧㄡˋ,1000000
鈾,ㄧㄡˊ
鈿,ㄉㄧㄢˋ,1000000
鈿,ㄊㄧㄢˊ
鉀,ㄐㄧㄚˇ,1000000
鉄,ㄊㄧㄝˇ,1000000
鉅,ㄐㄩˋ,1000000
鉈,ㄊㄚ,1000000
鉉,ㄒㄩㄢˋ,1000000
鉋,ㄅㄠˋ,1000000
鉍,ㄅㄧˋ,1000000
鉏,ㄔㄨˊ,1000000
鉑,ㄅㄛˊ,1000000
鉒,ㄓㄨˋ,1000000
鉕,ㄆㄛˇ,1000000
鉗,ㄑㄧㄢˊ,1000000
鉚,ㄇㄠˇ,1000000
鉛,ㄑㄧㄢ,1000000
鉛,ㄧㄢˊ
鉞,ㄩㄝˋ,1000000
鉠,ㄧㄤ,1000000
鉢,ㄅㄛ,1000000
鉤,ㄍㄡ,1000000
鉥,ㄕㄨˋ,1000000
鉦,ㄓㄥ,1000000
鉧,ㄇㄨˇ,1000000
鉬,ㄇㄨˋ,1000000
鉭,ㄉㄢˋ,1000000
鉲,ㄎㄚˇ,1000000
鉳,ㄅㄟˇ,1000000
鉶,ㄒㄧㄥˊ,1000000
鉷,ㄏㄨㄥˊ,1000000
鉸,ㄐㄧㄠˇ,1000000
鉺,ㄦˋ,1000000
鉺,ㄦˇ
鉻,ㄍㄜˋ,1000000
鉼,ㄅㄧㄥˇ,1000000
鉿,ㄏㄚ,1000000
銀,ㄧㄣˊ,1000000
銃,ㄔㄨㄥˋ,1000000
銅,ㄊㄨㄥˊ,1000000
銍,ㄓˋ,1000000
銎,ㄑㄩㄥ,1000000
銑,ㄒㄧㄢˇ,1000000
銒,ㄒㄧㄥˊ,1000000
銒,ㄐㄧㄢ
銓,ㄑㄩㄢˊ,1000000
銕,ㄊㄧㄝˇ,1000000
銖,ㄓㄨ,1000000
銗,ㄒㄧㄤˋ,1000000
銘,ㄇㄧㄥˊ,1000000
銚,ㄧㄠˊ,1000000
銚,ㄉㄧㄠˋ
銛,ㄒㄧㄢ,1000000
銜,ㄒㄧㄢˊ,1000000
銠,ㄌㄠˇ,1000000
銣,ㄖㄨˊ,1000000
銥,ㄧ,1000000
銦,ㄧㄣ,1000000
銧,ㄍㄨㄤ,1000000
銨,ㄢ,1000000
銩,ㄉㄧㄡ,1000000
銪,ㄧㄡˇ,1000000
銫,ㄙㄜˋ,1000000
銬,ㄎㄠˋ,1000000
銮,ㄌㄨㄢˊ,1000000
銱,ㄉㄧㄠˋ,1000000
銲,ㄏㄢˋ,1000000
銳,ㄖㄨㄟˋ,1000000
銶,ㄑㄧㄡˊ,1000000
銷,ㄒㄧㄠ,1000000
銹,ㄒㄧㄡˋ,1000000
銻,ㄊㄧˋ,1000000
銼,ㄘㄨㄛˋ,1000000
鋁,ㄌㄩˇ,1000000
鋂,ㄇㄟˊ,1000000
鋃,ㄌㄤˊ,1000000
鋅,ㄒㄧㄣ,1000000
鋇,ㄅㄟˋ,1000000
鋈,ㄨˋ,1000000
鋋,ㄔㄢˊ,1000000
鋌,ㄉㄧㄥˋ,1000000
鋌,ㄊㄧㄥˇ
鋏,ㄐㄧㄚˊ,1000000
鋐,ㄏㄨㄥˊ,1000000
鋒,ㄈㄥ,1000000
鋙,ㄨˊ,1000000
鋝,ㄌㄩㄝˋ,1000000
鋟,ㄑㄧㄢ,1000000
鋟,ㄑㄧㄣˇ
鋣,ㄧㄝˊ,1000000
鋤,ㄔㄨˊ,1000000
鋦,ㄐㄩˊ,1000000
鋧,ㄒㄧㄢˇ,1000000
鋨,ㄜˊ,1000000
鋩,ㄇㄤˊ,1000000
鋪,ㄆㄨˋ,1000000
鋪,ㄆㄨ
鋮,ㄔㄥˊ,1000000
鋯,ㄍㄠˋ,1000000
鋰,ㄌㄧˇ,1000000
鋱,ㄊㄜˋ,1000000
鋸,ㄐㄩˋ,1000000
鋸,ㄐㄩ
鋹,ㄔㄤˇ,1000000
鋼,ㄍㄤ,1000000
鋼,ㄍㄤˋ
錁,ㄎㄜˋ,1000000
錄,ㄌㄨˋ,1000000
錆,ㄑㄧㄤ,1000000
錏,ㄧㄚˋ,1000000
錐,ㄓㄨㄟ,1000000
錒,ㄚ,1000000
錕,ㄎㄨㄣ,1000000
錘,ㄔㄨㄟˊ,1000000
錙,ㄗ,1000000
錚,ㄓㄥ,1000000
錛,ㄅㄣ,1000000
錞,ㄔㄨㄣˊ,1000000
錞,ㄉㄨㄟˋ
錟,ㄊㄢˊ,1000000
錟,ㄒㄧㄢ
錠,ㄉㄧㄥˋ,1000000
錡,ㄑㄧˊ,1000000
錢,ㄑㄧㄢˊ,1000000
錢,ㄐㄧㄢˇ
錣,ㄓㄨㄟˋ,1000000
錦,ㄐㄧㄣˇ,1000000
錧,ㄍㄨㄢˇ,1000000
錨,ㄇㄠˊ,1000000
錩,ㄔㄤ,1000000
錫,ㄒㄧˊ,1000000
錮,ㄍㄨˋ,1000000
錯,ㄘㄨㄛˋ,1000000
錯,ㄘㄨˋ
錳,ㄇㄥˇ,1000000
錶,ㄅㄧㄠˇ,1000000
錸,ㄌㄞˊ,1000000
錼,ㄋㄞˋ,1000000
鍅,ㄈㄚˇ,1000000
鍆,ㄇㄣˊ,1000000
鍇,ㄎㄞˇ,1000000
鍉,ㄉㄧ,1000000
鍉,ㄉㄧˊ
鍉,ㄔˊ
鍊,ㄌㄧㄢˋ,1000000
鍋,ㄍㄨㄛ,1000000
鍌,ㄒㄧㄢˇ,1000000
鍍,ㄉㄨˋ,1000000
鍑,ㄈㄨˋ,1000000
鍑,ㄈㄨˊ
鍔,ㄜˋ,1000000
鍖,ㄔㄣˇ,1000000
鍘,ㄓㄚˊ,1000000
鍚,ㄧㄤˊ,1000000
鍛,ㄉㄨㄢˋ,1000000
鍠,ㄏㄨㄤˊ,1000000
鍤,ㄔㄚˊ,1000000
鍥,ㄑㄧㄝˋ,1000000
鍩,ㄋㄨㄛˋ,1000000
鍪,ㄇㄡˊ,1000000
鍫,ㄑㄧㄠ,1000000
鍬,ㄑㄧㄠ,1000000
鍭,ㄏㄡˊ,1000000
鍮,ㄊㄡ,1000000
鍰,ㄏㄨㄢˊ,1000000
鍳,ㄐㄧㄢˋ,1000000
鍵,ㄐㄧㄢˋ,1000000
鍶,ㄙ,1000000
鍺,ㄓㄜˇ,1000000
鍼,ㄓㄣ,1000000
鍾,ㄓㄨㄥ,1000000
鎂,ㄇㄟˇ,1000000
鎊,ㄅㄤˋ,1000000
鎏,ㄌㄧㄡˊ,1000000
鎔,ㄖㄨㄥˊ,1000000
鎖,ㄙㄨㄛˇ,1000000
鎗,ㄑㄧㄤ,1000000
鎗,ㄔㄥ
鎘,ㄌㄧˋ,1000000
鎘,ㄍㄜˊ
鎚,ㄔㄨㄟˊ,1000000
鎛,ㄅㄛˊ,1000000
鎝,ㄙㄚˋ,1000000
鎝,ㄊㄚˇ
鎞,ㄆㄧ,1000000
鎞,ㄅㄧˋ
鎡,ㄗ,1000000
鎢,ㄨ,1000000
鎦,ㄌㄧㄡˊ,1000000
鎧,ㄎㄞˇ,1000000
鎩,ㄕㄚ,1000000
鎩,ㄕㄞˋ
鎪,ㄙㄡ,1000000
鎬,ㄏㄠˋ,1000000
鎬,ㄍㄠˇ
鎮,ㄓㄣˋ,1000000
鎰,ㄧˋ,1000000
鎳,ㄋㄧㄝˋ,1000000
鎴,ㄒㄧˊ,1000000
鎵,ㄐㄧㄚ,1000000
鎷,ㄇㄚˇ,1000000
鎸,ㄐㄩㄢ,1000000
鏁,ㄙㄨㄛˇ,1000000
鏃,ㄗㄨˊ,1000000
鏃,ㄘㄨˋ
鏇,ㄒㄩㄢˋ,1000000
鏈,ㄌㄧㄢˋ,1000000
鏊,ㄠˊ,1000000
鏊,ㄠˋ
鏌,ㄇㄛˋ,1000000
鏍,ㄌㄨㄛˊ,1000000
鏐,ㄌㄧㄡˊ,1000000
鏑,ㄉㄧˊ,1000000
鏑,ㄉㄧ
鏖,ㄠˊ,1000000
鏗,ㄎㄥ,1000000
鏘,ㄑㄧㄤ,1000000
鏙,ㄘㄨㄟˇ,1000000
鏚,ㄑㄧˋ,1000000
鏜,ㄊㄤ,1000000
鏜,ㄊㄤˊ
鏝,ㄇㄢˋ,1000000
鏞,ㄩㄥ,1000000
鏞,ㄩㄥˊ
鏟,ㄔㄢˇ,1000000
鏡,ㄐㄧㄥˋ,1000000
鏢,ㄅㄧㄠ,1000000
鏤,ㄌㄡˋ,1000000
鏦,ㄘㄨㄥ,1000000
鏨,ㄗㄢˋ,1000000
鏮,ㄎㄤ,1000000
鏵,ㄏㄨㄚˊ,1000000
鏷,ㄆㄨˊ,1000000
鏹,ㄑㄧㄤˇ,1000000
鏹,ㄑㄧㄤ
鏽,ㄒㄧㄡˋ,1000000
鐃,ㄋㄠˊ,1000000
鐇,ㄈㄢˊ,1000000
鐋,ㄊㄤ,1000000
鐍,ㄐㄩㄝˊ,1000000
鐎,ㄐㄧㄠ,1000000
鐏,ㄗㄨㄣ,1000000
鐐,ㄌㄧㄠˊ,1000000
鐐,ㄌㄧㄠˋ
鐒,ㄌㄠˊ,1000000
鐔,ㄊㄢˊ,1000000
鐕,ㄗㄢ,1000000
鐘,ㄓㄨㄥ,1000000
鐙,ㄉㄥˋ,1000000
鐙,ㄉㄥ
鐠,ㄆㄨˇ,1000000
鐦,ㄎㄞ,1000000
鐧,ㄐㄧㄢˋ,1000000
鐨,ㄈㄟˋ,1000000
鐫,ㄐㄩㄢ,1000000
鐭,ㄠˋ,1000000
鐮,ㄌㄧㄢˊ,1000000
鐲,ㄓㄨㄛˊ,1000000
鐳,ㄌㄟˊ,1000000
鐵,ㄊㄧㄝˇ,1000000
鐶,ㄏㄨㄢˊ,1000000
鐸,ㄉㄨㄛˊ,1000000
鐺,ㄉㄤ,1000000
鐺,ㄔㄥ
鐻,ㄐㄩˋ,1000000
鐿,ㄧˋ,1000000
鑀,ㄞˋ,1000000
鑄,ㄓㄨˋ,1000000
鑊,ㄏㄨㄛˋ,1000000
鑌,ㄅㄧㄣ,1000000
鑑,ㄐㄧㄢˋ,1000000
鑒,ㄐㄧㄢˋ,1000000
鑔,ㄔㄚˇ,1000000
鑕,ㄓˋ,1000000
鑛,ㄎㄨㄤˋ,1000000
鑛,ㄍㄨㄥˇ
鑞,ㄌㄚˋ,1000000
鑠,ㄕㄨㄛˋ,1000000
鑢,ㄌㄩˋ,1000000
鑣,ㄅㄧㄠ,1000000
鑤,ㄅㄠˋ,1000000
鑥,ㄌㄨˇ,1000000
鑪,ㄌㄨˊ,1000000
鑫,ㄒㄧㄣ,1000000
鑭,ㄌㄢˊ,1000000
鑮,ㄅㄛˊ,1000000
鑯,ㄐㄧㄢ,1000000
鑰,ㄧㄠˋ,1000000
鑰,ㄩㄝˋ
鑱,ㄔㄢˊ,1000000
鑲,ㄒㄧㄤ,1000000
鑲,ㄖㄤˊ
鑵,ㄍㄨㄢˋ,1000000
鑷,ㄋㄧㄝˋ,1000000
鑹,ㄘㄨㄢ,1000000
鑹,ㄘㄨㄢˋ
鑼,ㄌㄨㄛˊ,1000000
鑽,ㄗㄨㄢ,1000000
鑽,ㄗㄨㄢˇ
鑽,ㄗㄨㄢˋ
鑾,ㄌㄨㄢˊ,1000000
鑿,ㄗㄠˊ,1000000
鑿,ㄗㄨㄛˋ
钁,ㄐㄩㄝˊ,1000000
钂,ㄊㄤˇ,1000000
長,ㄓㄤˇ,1000000
長,ㄓㄤˋ
長,ㄔㄤˊ
镼,ㄑㄩ,1000000
門,ㄇㄣˊ,1000000
閂,ㄕㄨㄢ,1000000
閃,ㄕㄢˇ,1000000
閆,ㄧㄢˊ,1000000
閈,ㄏㄢˋ,1000000
閉,ㄅㄧˋ,1000000
開,ㄎㄞ,1000000
閌,ㄎㄤˋ,1000000
閎,ㄏㄨㄥˊ,1000000
閏,ㄖㄨㄣˋ,1000000
閑,ㄒㄧㄢˊ,1000000
閒,ㄒㄧㄢˊ,1000000
閒,ㄐㄧㄢ
閒,ㄐㄧㄢˋ
間,ㄐㄧㄢ,1000000
間,ㄐㄧㄢˋ
閔,ㄇㄧㄣˇ,1000000
閘,ㄓㄚˊ,1000000
閙,ㄋㄠˋ,1000000
閛,ㄆㄥ,1000000
閞,ㄅㄧㄢˋ,1000000
閟,ㄅㄧˋ,1000000
閡,ㄏㄜˊ,1000000
関,ㄍㄨㄢ,1000000
閣,ㄍㄜˊ,1000000
閤,ㄍㄜˊ,1000000
閤,ㄏㄜˊ
閥,ㄈㄚˊ,1000000
閦,ㄔㄨˋ,1000000
閧,ㄏㄨㄥˋ,1000000
閨,ㄍㄨㄟ,1000000
閩,ㄇㄧㄣˊ,1000000
閩,ㄇㄧㄣˇ
閫,ㄎㄨㄣˇ,1000000
閬,ㄌㄤˇ,1000000
閬,ㄌㄤˊ
閬,ㄌㄤˋ
閭,ㄌㄩˊ,1000000
閱,ㄩㄝˋ,1000000
閶,ㄔㄤ,1000000
閹,ㄧㄢ,1000000
閻,ㄧㄢˊ,1000000
閼,ㄜˋ,1000000
閼,ㄧㄢ
閼,ㄩˋ
閽,ㄏㄨㄣ,1000000
閾,ㄩˋ,1000000
閿,ㄨㄣˊ,1000000
闃,ㄑㄩˋ,1000000
闆,ㄅㄢˇ,1000000
闇,ㄢˋ,1000000
闇,ㄢ
闈,ㄨㄟˊ,1000000
闉,ㄧㄣ,1000000
闊,ㄎㄨㄛˋ,1000000
闋,ㄑㄩㄝˋ,1000000
闌,ㄌㄢˊ,1000000
闍,ㄉㄨ,1000000
闍,ㄕㄜˊ
闐,ㄊㄧㄢˊ,1000000
闑,ㄋㄧㄝˋ,1000000
闒,ㄊㄚˋ,1000000
闓,ㄎㄞˇ,1000000
闔,ㄏㄜˊ,1000000
闕,ㄑㄩㄝˋ,1000000
闕,ㄑㄩㄝ
闖,ㄔㄨㄤˇ,1000000
闖,ㄔㄣˋ
闖,ㄔㄨㄤˋ
闚,ㄎㄨㄟ,1000000
關,ㄍㄨㄢ,1000000
闞,ㄎㄢˋ,1000000
闞,ㄎㄢˇ
闞,ㄏㄢˇ
闟,ㄒㄧˋ,1000000
闟,ㄊㄚˋ
闠,ㄏㄨㄟˋ,1000000
闡,ㄔㄢˇ,1000000
闢,ㄆㄧˋ,1000000
闤,ㄏㄨㄢˊ,1000000
闥,ㄊㄚˋ,1000000
阜,ㄈㄨˋ,1000000
阞,ㄌㄜˋ,1000000
阡,ㄑㄧㄢ,1000000
阢,ㄨˋ,1000000
阤,ㄓˋ,1000000
阤,ㄊㄨㄛˊ
阤,ㄧˇ
阨,ㄜˋ,1000000
阨,ㄞˋ
阪,ㄅㄢˇ,1000000
阫,ㄆㄟˊ,1000000
阬,ㄎㄥ,1000000
阮,ㄖㄨㄢˇ,1000000
阯,ㄓˇ,1000000
阰,ㄆㄧˊ,1000000
阱,ㄐㄧㄥˇ,1000000
防,ㄈㄤˊ,1000000
阸,ㄜˋ,1000000
阸,ㄞˋ
阺,ㄉㄧˇ,1000000
阻,ㄗㄨˇ,1000000
阼,ㄗㄨㄛˋ,1000000
阽,ㄉㄧㄢˋ,1000000
阽,ㄧㄢˊ
阿,ㄚ,1000000
阿,ㄚˋ
阿,ㄜ
陀,ㄊㄨㄛˊ,1000000
陂,ㄆㄧˊ,1000000
陂,ㄆㄛ
附,ㄈㄨˋ,1000000
际,ㄐㄧˋ,1000000
陊,ㄉㄨㄛˋ,1000000
陋,ㄌㄡˋ,1000000
陌,ㄇㄛˋ,1000000
降,ㄐㄧㄤˋ,1000000
降,ㄒㄧㄤˊ
陏,ㄙㄨㄟˊ,1000000
限,ㄒㄧㄢˋ,1000000
陔,ㄍㄞ,1000000
陘,ㄒㄧㄥˊ,1000000
陛,ㄅㄧˋ,1000000
陜,ㄒㄧㄚˊ,1000000
陝,ㄕㄢˇ,1000000
陞,ㄕㄥ,1000000
陟,ㄓˋ,1000000
陡,ㄉㄡˇ,1000000
院,ㄩㄢˋ,1000000
陣,ㄓㄣˋ,1000000
除,ㄔㄨˊ,1000000
陪,ㄆㄟˊ,1000000
陬,ㄗㄡ,1000000
陰,ㄧㄣ,1000000
陰,ㄢ
陰,ㄧㄣˋ
陲,ㄔㄨㄟˊ,1000000
陳,ㄔㄣˊ,1000000
陳,ㄓㄣˋ
陴,ㄆㄧˊ,1000000
陵,ㄌㄧㄥˊ,1000000
陶,ㄊㄠˊ,1000000
陶,ㄧㄠˊ
陷,ㄒㄧㄢˋ,1000000
陸,ㄌㄨˋ,1000000
陸,ㄌㄧㄡˋ
陻,ㄧㄣ,1000000
陼,ㄓㄨˇ,1000000
陽,ㄧㄤˊ,1000000
陾,ㄖㄥˊ,1000000
隂,ㄧㄣ,1000000
隂,ㄢ
隂,ㄧㄣˋ
隃,ㄩˊ,1000000
隃,ㄧㄠˊ
隄,ㄊㄧˊ,1000000
隅,ㄩˊ,1000000
隆,ㄌㄨㄥˊ,1000000
隈,ㄨㄟ,1000000
隉,ㄋㄧㄝˋ,1000000
隊,ㄉㄨㄟˋ,1000000
隋,ㄙㄨㄟˊ,1000000
隍,ㄏㄨㄤˊ,1000000
階,ㄐㄧㄝ,1000000
随,ㄙㄨㄟˊ,1000000
隐,ㄧㄣˇ,1000000
隐,ㄧㄣˋ
隔,ㄍㄜˊ,1000000
隕,ㄩㄣˇ,1000000
隕,ㄩㄢˊ
隗,ㄨㄟˇ,1000000
隘,ㄞˋ,1000000
隘,ㄜˋ
隙,ㄒㄧˋ,1000000
際,ㄐㄧˋ,1000000
障,ㄓㄤˋ,1000000
隟,ㄒㄧˋ,1000000
隣,ㄌㄧㄣˊ,1000000
隤,ㄊㄨㄟˊ,1000000
隥,ㄉㄥˋ,1000000
隧,ㄙㄨㄟˋ,1000000
隨,ㄙㄨㄟˊ,1000000
隩,ㄠˋ,1000000
隩,ㄩˋ
險,ㄒㄧㄢˇ,1000000
隮,ㄐㄧ,1000000
隰,ㄒㄧˊ,1000000
隱,ㄧㄣˇ,1000000
隱,ㄧㄣˋ
隲,ㄓˋ,1000000
隳,ㄏㄨㄟ,1000000
隴,ㄌㄨㄥˇ,1000000
隶,ㄉㄞˋ,1000000
隷,ㄌㄧˋ,1000000
隸,ㄌㄧˋ,1000000
隹,ㄓㄨㄟ,1000000
隻,ㄓ,1000000
隼,ㄓㄨㄣˇ,1000000
隽,ㄐㄩㄢˋ,1000000
隽,ㄐㄩㄣˋ
难,ㄋㄢˊ,1000000
难,ㄋㄢˋ
雀,ㄑㄩㄝˋ,1000000
雀,ㄑㄧㄠˇ
雁,ㄧㄢˋ,1000000
雄,ㄒㄩㄥˊ,1000000
雅,ㄧㄚˇ,1000000
雅,ㄧㄚ
集,ㄐㄧˊ,1000000
雇,ㄍㄨˋ,1000000
雈,ㄏㄨㄢˊ,1000000
雉,ㄓˋ,1000000
雊,ㄍㄡˋ,1000000
雋,ㄐㄩㄢˋ,1000000
雋,ㄐㄩㄣˋ
雌,ㄘ,1000000
雌,ㄘˊ
雍,ㄩㄥ,1000000
雎,ㄐㄩ,1000000
雑,ㄗㄚˊ,1000000
雒,ㄌㄨㄛˋ,1000000
雔,ㄔㄡˊ,1000000
雕,ㄉㄧㄠ,1000000
雖,ㄙㄨㄟ,1000000
雖,ㄙㄨㄟˊ
雘,ㄏㄨㄛˋ,1000000
雘,ㄨㄛˋ
雙,ㄕㄨㄤ,1000000
雙,ㄕㄨㄤˋ
雛,ㄔㄨˊ,1000000
雜,ㄗㄚˊ,1000000
雝,ㄩㄥ,1000000
雞,ㄐㄧ,1000000
離,ㄌㄧˊ,1000000
難,ㄋㄢˊ,1000000
難,ㄋㄢˋ
雥,ㄗㄚˊ,1000000
雨,ㄩˇ,1000000
雨,ㄩˋ
雩,ㄩˊ,1000000
雩,ㄩˋ
雪,ㄒㄩㄝˇ,1000000
雪,ㄒㄩㄝˋ
雯,ㄨㄣˊ,1000000
雰,ㄈㄣ,1000000
雱,ㄆㄤˊ,1000000
雲,ㄩㄣˊ,1000000
零,ㄌㄧㄥˊ,1000000
零,ㄌㄧㄢˊ
雷,ㄌㄟˊ,1000000
雹,ㄅㄠˊ,1000000
雹,ㄅㄛˊ
雺,ㄇㄥˊ,1000000
電,ㄉㄧㄢˋ,1000000
需,ㄒㄩ,1000000
需,ㄖㄨˊ
霂,ㄇㄨˋ,1000000
霄,ㄒㄧㄠ,1000000
霅,ㄓㄚˊ,1000000
霆,ㄊㄧㄥˊ,1000000
震,ㄓㄣˋ,1000000
霈,ㄆㄟˋ,1000000
霉,ㄇㄟˊ,1000000
霍,ㄏㄨㄛˋ,1000000
霎,ㄕㄚˋ,1000000
霏,ㄈㄟ,1000000
霑,ㄓㄢ,1000000
霓,ㄋㄧˊ,1000000
霖,ㄌㄧㄣˊ,1000000
霙,ㄧㄥ,1000000
霛,ㄌㄧㄥˊ,1000000
霜,ㄕㄨㄤ,1000000
霝,ㄌㄧㄥˊ,1000000
霞,ㄒㄧㄚˊ,1000000
霡,ㄇㄛˋ,1000000
霢,ㄇㄛˋ,1000000
霣,ㄩㄣˇ,1000000
霤,ㄌㄧㄡˋ,1000000
霧,ㄨˋ,1000000
霪,ㄧㄣˊ,1000000
霰,ㄒㄧㄢˋ,1000000
露,ㄌㄨˋ,1000000
露,ㄌㄡˋ
霶,ㄆㄤˊ,1000000
霸,ㄅㄚˋ,1000000
霸,ㄆㄛˋ
霹,ㄆㄧ,1000000
霽,ㄐㄧˋ,1000000
霾,ㄇㄞˊ,1000000
霿,ㄇㄥˊ,1000000
靁,ㄌㄟˊ,1000000
靂,ㄌㄧˋ,1000000
靄,ㄞˇ,1000000
靆,ㄉㄞˋ,1000000
靈,ㄌㄧㄥˊ,1000000
靉,ㄞˋ,1000000
靑,ㄑㄧㄥ,1000000
靑,ㄐㄧㄥ
青,ㄑㄧㄥ,1000000
青,ㄐㄧㄥ
靖,ㄐㄧㄥˋ,1000000
静,ㄐㄧㄥˋ,1000000
靚,ㄐㄧㄥˋ,1000000
靛,ㄉㄧㄢˋ,1000000
靜,ㄐㄧㄥˋ,1000000
靝,ㄊㄧㄢ,1000000
非,ㄈㄟ,1000000
非,ㄈㄟˇ
靠,ㄎㄠˋ,1000000
靡,ㄇㄧˊ,1000000
靡,ㄇㄧˇ
面,ㄇㄧㄢˋ,1000000
靣,ㄇㄧㄢˋ,1000000
靤,ㄆㄠˋ,1000000
靦,ㄊㄧㄢˇ,1000000
靦,ㄇㄧㄢˇ
靧,ㄏㄨㄟˋ,1000000
靨,ㄧㄝˋ,1000000
革,ㄍㄜˊ,1000000
革,ㄐㄧˊ
靭,ㄖㄣˋ,1000000
靮,ㄉㄧˊ,1000000
靳,ㄐㄧㄣˋ,1000000
靴,ㄒㄩㄝ,1000000
靶,ㄅㄚˇ,1000000
靷,ㄧㄣˇ,1000000
靸,ㄙㄚˇ,1000000
靸,ㄊㄚ
靺,ㄇㄛˋ,1000000
靼,ㄉㄚˊ,1000000
靾,ㄧˋ,1000000
靿,ㄧㄠˋ,1000000
鞀,ㄊㄠˊ,1000000
鞃,ㄏㄨㄥˊ,1000000
鞄,ㄆㄠˊ,1000000
鞄,ㄅㄠ
鞅,ㄧㄤ,1000000
鞅,ㄧㄤˇ
鞈,ㄐㄧㄚˊ,1000000
鞉,ㄊㄠˊ,1000000
鞋,ㄒㄧㄝˊ,1000000
鞍,ㄢ,1000000
鞏,ㄍㄨㄥˇ,1000000
鞓,ㄊㄧㄥ,1000000
鞔,ㄇㄢˊ,1000000
鞔,ㄨㄢˇ
鞗,ㄊㄧㄠˊ,1000000
鞘,ㄑㄧㄠˋ,1000000
鞘,ㄕㄠ
鞙,ㄐㄩㄢ,1000000
鞚,ㄎㄨㄥˋ,1000000
鞜,ㄊㄚˋ,1000000
鞞,ㄅㄧㄥˇ,1000000
鞞,ㄅㄟ
鞟,ㄎㄨㄛˋ,1000000
鞠,ㄐㄩˊ,1000000
鞣,ㄖㄡˊ,1000000
鞥,ㄥ,1000000
鞦,ㄑㄧㄡ,1000000
鞧,ㄑㄧㄡ,1000000
鞨,ㄏㄜˊ,1000000
鞪,ㄇㄡˊ,1000000
鞫,ㄐㄩˊ,1000000
鞬,ㄐㄧㄢ,1000000
鞭,ㄅㄧㄢ,1000000
鞮,ㄉㄧ,1000000
鞲,ㄍㄡ,1000000
鞴,ㄅㄟˋ,1000000
鞵,ㄒㄧㄝˊ,1000000
鞶,ㄆㄢˊ,1000000
鞸,ㄅㄧˋ,1000000
鞹,ㄎㄨㄛˋ,1000000
鞻,ㄌㄡˊ,1000000
鞼,ㄍㄨㄟˋ,1000000
鞾,ㄒㄩㄝ,1000000
鞿,ㄐㄧ,1000000
韀,ㄐㄧㄢ,1000000
韁,ㄐㄧㄤ,1000000
韁,ㄍㄤ
韂,ㄔㄢˋ,1000000
韃,ㄉㄚˊ,1000000
韄,ㄏㄨˋ,1000000
韅,ㄒㄧㄢˇ,1000000
韆,ㄑㄧㄢ,1000000
韈,ㄨㄚˋ,1000000
韉,ㄐㄧㄢ,1000000
韋,ㄨㄟˊ,1000000
韌,ㄖㄣˋ,1000000
韍,ㄈㄨˊ,1000000
韎,ㄇㄟˋ,1000000
韐,ㄍㄜˊ,1000000
韓,ㄏㄢˊ,1000000
韔,ㄔㄤˋ,1000000
韗,ㄩㄣˋ,1000000
韘,ㄕㄜˋ,1000000
韙,ㄨㄟˇ,1000000
韜,ㄊㄠ,1000000
韝,ㄍㄡ,1000000
韞,ㄩㄣˋ,1000000
韟,ㄍㄠ,1000000
韠,ㄅㄧˋ,1000000
韡,ㄨㄟˇ,1000000
韣,ㄉㄨˊ,1000000
韤,ㄨㄚˋ,1000000
韭,ㄐㄧㄡˇ,1000000
韮,ㄐㄧㄡˇ,1000000
韰,ㄒㄧㄝˋ,1000000
韲,ㄐㄧ,1000000
音,ㄧㄣ,1000000
音,ㄧㄣˋ
韵,ㄩㄣˋ,1000000
韶,ㄕㄠˊ,1000000
韻,ㄩㄣˋ,1000000
韽,ㄢˋ,1000000
響,ㄒㄧㄤˇ,1000000
頁,ㄧㄝˋ,1000000
頁,ㄒㄧㄝˊ
頂,ㄉㄧㄥˇ,1000000
頃,ㄑㄧㄥˇ,1000000
頃,ㄑㄧㄥ
頄,ㄎㄨㄟˊ,1000000
頄,ㄑㄧㄡˊ
項,ㄒㄧㄤˋ,1000000
順,ㄕㄨㄣˋ,1000000
頇,ㄏㄢ,1000000
須,ㄒㄩ,1000000
頊,ㄒㄩˋ,1000000
頌,ㄙㄨㄥˋ,1000000
頌,ㄖㄨㄥˊ
頍,ㄎㄨㄟˇ,1000000
頎,ㄑㄧˊ,1000000
頏,ㄏㄤˊ,1000000
預,ㄩˋ,1000000
頑,ㄨㄢˊ,1000000
頒,ㄅㄢ,1000000
頓,ㄉㄨㄣˋ,1000000
頓,ㄉㄨˊ
頖,ㄆㄢˋ,1000000
頗,ㄆㄛ,1000000
頗,ㄆㄛˇ
領,ㄌㄧㄥˇ,1000000
頜,ㄍㄜˊ,1000000
頜,ㄏㄢˋ
頝,ㄑㄧㄠ,1000000
頞,ㄜˋ,1000000
頟,ㄜˊ,1000000
頠,ㄨㄟˇ,1000000
頡,ㄒㄧㄝˊ,1000000
頡,ㄐㄧㄝˊ
頤,ㄧˊ,1000000
頦,ㄏㄞˊ,1000000
頦,ㄎㄜ
頦,ㄎㄜˊ
頩,ㄆㄧㄥ,1000000
頫,ㄈㄨˇ,1000000
頭,ㄊㄡˊ,1000000
頭,˙ㄊㄡ
頮,ㄏㄨㄟˋ,1000000
頯,ㄎㄨㄟˊ,1000000
頰,ㄐㄧㄚˊ,1000000
頲,ㄊㄧㄥˇ,1000000
頳,ㄔㄥ,1000000
頴,ㄧㄥˇ,1000000
頵,ㄐㄩㄣ,1000000
頷,ㄏㄢˋ,1000000
頸,ㄐㄧㄥˇ,1000000
頸,ㄍㄥˇ
頹,ㄊㄨㄟˊ,1000000
頻,ㄆㄧㄣˊ,1000000
頼,ㄌㄞˋ,1000000
頿,ㄗ,1000000
顄,ㄏㄢˋ,1000000
顆,ㄎㄜ,1000000
顆,ㄎㄜˇ
顇,ㄘㄨㄟˋ,1000000
顋,ㄙㄞ,1000000
題,ㄊㄧˊ,1000000
額,ㄜˊ,1000000
額,ㄜˋ
顎,ㄜˋ,1000000
顏,ㄧㄢˊ,1000000
顑,ㄎㄢˇ,1000000
顒,ㄩㄥˊ,1000000
顓,ㄓㄨㄢ,1000000
顗,ㄧˇ,1000000
願,ㄩㄢˋ,1000000
顙,ㄙㄤˇ,1000000
顛,ㄉㄧㄢ,1000000
顜,ㄐㄧㄤˇ,1000000
類,ㄌㄟˋ,1000000
顠,ㄆㄧㄠˇ,1000000
顢,ㄇㄢˊ,1000000
顢,ㄇㄢ
顣,ㄘㄨˋ,1000000
顥,ㄏㄠˋ,1000000
顦,ㄑㄧㄠˊ,1000000
顧,ㄍㄨˋ,1000000
顫,ㄓㄢˋ,1000000
顫,ㄔㄢˋ
顬,ㄖㄨˊ,1000000
顯,ㄒㄧㄢˇ,1000000
顰,ㄆㄧㄣˊ,1000000
顱,ㄌㄨˊ,1000000
顳,ㄋㄧㄝˋ,1000000
顴,ㄑㄩㄢˊ,1000000
風,ㄈㄥ,1000000
風,ㄈㄥˋ
颩,ㄅㄧㄠ,1000000
颩,ㄉㄧㄡ
颩,ㄘㄨㄛ
颭,ㄓㄢˇ,1000000
颮,ㄅㄧㄠ,1000000
颮,ㄆㄠˊ
颯,ㄙㄚˋ,1000000
颱,ㄊㄞˊ,1000000
颲,ㄌㄧㄝˋ,1000000
颳,ㄍㄨㄚ,1000000
颶,ㄐㄩˋ,1000000
颸,ㄙ,1000000
颺,ㄧㄤˊ,1000000
颻,ㄧㄠˊ,1000000
颼,ㄙㄡ,1000000
颿,ㄈㄢˊ,1000000
飀,ㄌㄧㄡˊ,1000000
飁,ㄒㄧˊ,1000000
飂,ㄌㄧㄠˊ,1000000
飄,ㄆㄧㄠ,1000000
飆,ㄅㄧㄠ,1000000
飇,ㄅㄧㄠ,1000000
飈,ㄅㄧㄠ,1000000
飉,ㄌㄧㄠˊ,1000000
飋,ㄙㄜˋ,1000000
风,ㄈㄥ,1000000
风,ㄈㄥˋ
飛,ㄈㄟ,1000000
飜,ㄈㄢ,1000000
食,ㄕˊ,1000000
食,ㄙˋ
食,ㄧˋ
飡,ㄘㄢ,1000000
飢,ㄐㄧ,1000000
飣,ㄉㄧㄥˋ,1000000
飤,ㄙˋ,1000000
飥,ㄊㄨㄛ,1000000
飧,ㄙㄨㄣ,1000000
飩,ㄉㄨㄣˋ,1000000
飩,ㄊㄨㄣˊ
飪,ㄖㄣˋ,1000000
飫,ㄩˋ,1000000
飭,ㄔˋ,1000000
飯,ㄈㄢˋ,1000000
飰,ㄈㄢˋ,1000000
飱,ㄙㄨㄣ,1000000
飲,ㄧㄣˇ,1000000
飲,ㄧㄣˋ
飴,ㄧˊ,1000000
飶,ㄅㄧˋ,1000000
飼,ㄙˋ,1000000
飽,ㄅㄠˇ,1000000
飾,ㄕˋ,1000000
飿,ㄉㄨㄛˋ,1000000
餁,ㄖㄣˋ,1000000
餂,ㄊㄧㄢˇ,1000000
餃,ㄐㄧㄠˇ,1000000
餅,ㄅㄧㄥˇ,1000000
餈,ㄘˊ,1000000
餉,ㄒㄧㄤˇ,1000000
養,ㄧㄤˇ,1000000
養,ㄧㄤˋ
餌,ㄦˇ,1000000
餐,ㄘㄢ,1000000
餑,ㄅㄛ,1000000
餒,ㄋㄟˇ,1000000
餓,ㄜˋ,1000000
餔,ㄅㄨˋ,1000000
餔,ㄅㄨ
餕,ㄐㄩㄣˋ,1000000
餖,ㄉㄡˋ,1000000
餗,ㄙㄨˋ,1000000
餘,ㄩˊ,1000000
餚,ㄧㄠˊ,1000000
餚,ㄒㄧㄠˊ
餛,ㄏㄨㄣˊ,1000000
餜,ㄍㄨㄛˇ,1000000
餞,ㄐㄧㄢˋ,1000000
餟,ㄓㄨㄟˋ,1000000
餠,ㄅㄧㄥˇ,1000000
餡,ㄒㄧㄢˋ,1000000
餤,ㄊㄢˊ,1000000
餤,ㄉㄢˋ
餦,ㄓㄤ,1000000
餧,ㄨㄟˋ,1000000
館,ㄍㄨㄢˇ,1000000
餩,ㄜˋ,1000000
餪,ㄋㄨㄢˇ,1000000
餫,ㄩㄣˋ,1000000
餬,ㄏㄨˊ,1000000
餭,ㄏㄨㄤˊ,1000000
餮,ㄊㄧㄝˋ,1000000
餱,ㄏㄡˊ,1000000
餲,ㄞˋ,1000000
餳,ㄊㄤˊ,1000000
餳,ㄒㄧㄥˊ
餴,ㄈㄣ,1000000
餵,ㄨㄟˋ,1000000
餶,ㄍㄨˇ,1000000
餹,ㄊㄤˊ,1000000
餺,ㄅㄛˊ,1000000
餻,ㄍㄠ,1000000
餼,ㄒㄧˋ,1000000
餽,ㄎㄨㄟˋ,1000000
餾,ㄌㄧㄡˊ,1000000
餾,ㄌㄧㄡˋ
餿,ㄙㄡ,1000000
饁,ㄧㄝˋ,1000000
饃,ㄇㄛˊ,1000000
饅,ㄇㄢˊ,1000000
饆,ㄅㄧˋ,1000000
饈,ㄒㄧㄡ,1000000
饉,ㄐㄧㄣˇ,1000000
饉,ㄐㄧㄣˋ
饊,ㄙㄢˇ,1000000
饋,ㄎㄨㄟˋ,1000000
饌,ㄓㄨㄢˋ,1000000
饍,ㄕㄢˋ,1000000
饎,ㄒㄧ,1000000
饎,ㄔˋ
饐,ㄧˋ,1000000
饑,ㄐㄧ,1000000
饒,ㄖㄠˊ,1000000
饔,ㄩㄥ,1000000
饕,ㄊㄠ,1000000
饗,ㄒㄧㄤˇ,1000000
饘,ㄓㄢ,1000000
饙,ㄈㄣ,1000000
饛,ㄇㄥˊ,1000000
饜,ㄧㄢˋ,1000000
饝,ㄇㄛˊ,1000000
饞,ㄔㄢˊ,1000000
饟,ㄒㄧㄤˇ,1000000
饠,ㄌㄨㄛˊ,1000000
饡,ㄗㄞˋ,1000000
首,ㄕㄡˇ,1000000
馗,ㄎㄨㄟˊ,1000000
馘,ㄍㄨㄛˊ,1000000
馘,ㄒㄩˋ
香,ㄒㄧㄤ,1000000
馝,ㄅㄧˋ,1000000
馞,ㄅㄛˊ,1000000
馡,ㄈㄟ,1000000
馥,ㄈㄨˋ,1000000
馨,ㄒㄧㄣ,1000000
馨,ㄒㄧㄥ
馬,ㄇㄚˇ,1000000
馭,ㄩˋ,1000000
馮,ㄈㄥˊ,1000000
馮,ㄆㄧㄥˊ
馯,ㄏㄢˋ,1000000
馱,ㄊㄨㄛˊ,1000000
馱,ㄉㄨㄛˋ
馲,ㄓㄜˊ,1000000
馲,ㄌㄨㄛˋ
馳,ㄔˊ,1000000
馴,ㄒㄩㄣˊ,1000000
馴,ㄒㄩㄣˋ
馵,ㄓㄨˋ,1000000
馹,ㄖˋ,1000000
駁,ㄅㄛˊ,1000000
駃,ㄐㄩㄝˊ,1000000
駃,ㄎㄨㄞˋ
駆,ㄑㄩ,1000000
駉,ㄐㄩㄥ,1000000
駊,ㄆㄛˇ,1000000
駍,ㄆㄥ,1000000
駏,ㄐㄩˋ,1000000
駐,ㄓㄨˋ,1000000
駑,ㄋㄨˊ,1000000
駒,ㄐㄩ,1000000
駓,ㄆㄧ,1000000
駔,ㄗㄤˇ,1000000
駔,ㄗㄨˋ
駔,ㄘㄤˇ
駕,ㄐㄧㄚˋ,1000000
駘,ㄊㄞˊ,1000000
駘,ㄉㄞˋ
駙,ㄈㄨˋ,1000000
駛,ㄕˇ,1000000
駜,ㄅㄧˋ,1000000
駝,ㄊㄨㄛˊ,1000000
駞,ㄊㄨㄛˊ,1000000
駟,ㄙˋ,1000000
駡,ㄇㄚˋ,1000000
駢,ㄆㄧㄢˊ,1000000
駪,ㄕㄣ,1000000
駬,ㄦˇ,1000000
駭,ㄏㄞˋ,1000000
駮,ㄅㄛˊ,1000000
駰,ㄧㄣ,1000000
駱,ㄌㄨㄛˋ,1000000
駴,ㄒㄧㄝˋ,1000000
駵,ㄌㄧㄡˊ,1000000
駷,ㄙㄨㄥˇ,1000000
駸,ㄑㄧㄣ,1000000
駹,ㄇㄤˊ,1000000
駺,ㄌㄤˊ,1000000
駻,ㄏㄢˋ,1000000
駼,ㄊㄨˊ,1000000
駾,ㄊㄨㄟˋ,1000000
駿,ㄐㄩㄣˋ,1000000
騀,ㄜˇ,1000000
騁,ㄔㄥˇ,1000000
騂,ㄒㄧㄥ,1000000
騃,ㄞˊ,1000000
騄,ㄌㄨˋ,1000000
騅,ㄓㄨㄟ,1000000
騈,ㄆㄧㄢˊ,1000000
騉,ㄎㄨㄣ,1000000
騊,ㄊㄠˊ,1000000
騋,ㄌㄞˊ,1000000
騌,ㄗㄨㄥ,1000000
騍,ㄎㄜˋ,1000000
騎,ㄑㄧˊ,1000000
騎,ㄐㄧˋ
騏,ㄑㄧˊ,1000000
騐,ㄧㄢˋ,1000000
騑,ㄈㄟ,1000000
騕,ㄧㄠˇ,1000000
騖,ㄨˋ,1000000
騙,ㄆㄧㄢˋ,1000000
騜,ㄏㄨㄤˊ,1000000
騞,ㄏㄨㄛˋ,1000000
騠,ㄊㄧˊ,1000000
騣,ㄗㄨㄥ,1000000
騤,ㄎㄨㄟˊ,1000000
騧,ㄍㄨㄚ,1000000
騫,ㄑㄧㄢ,1000000
騫,ㄐㄧㄢˇ
騬,ㄔㄥˊ,1000000
騭,ㄓˋ,1000000
騮,ㄌㄧㄡˊ,1000000
騰,ㄊㄥˊ,1000000
騲,ㄘㄠˇ,1000000
騵,ㄩㄢˊ,1000000
騶,ㄗㄡ,1000000
騷,ㄙㄠ,1000000
騸,ㄕㄢˋ,1000000
騺,ㄓˋ,1000000
騾,ㄌㄨㄛˊ,1000000
驀,ㄇㄛˋ,1000000
驁,ㄠˊ,1000000
驁,ㄠˋ
驂,ㄘㄢ,1000000
驃,ㄆㄧㄠˋ,1000000
驄,ㄘㄨㄥ,1000000
驅,ㄑㄩ,1000000
驈,ㄩˋ,1000000
驊,ㄏㄨㄚˊ,1000000
驌,ㄙㄨˋ,1000000
驍,ㄒㄧㄠ,1000000
驏,ㄓㄢˋ,1000000
驏,ㄔㄢˇ
驑,ㄌㄧㄡˊ,1000000
驒,ㄊㄨㄛˊ,1000000
驔,ㄉㄧㄢˋ,1000000
驕,ㄐㄧㄠ,1000000
驖,ㄊㄧㄝˇ,1000000
驗,ㄧㄢˋ,1000000
驘,ㄌㄨㄛˊ,1000000
驚,ㄐㄧㄥ,1000000
驛,ㄧˋ,1000000
驟,ㄗㄡˋ,1000000
驢,ㄌㄩˊ,1000000
驤,ㄒㄧㄤ,1000000
驥,ㄐㄧˋ,1000000
驦,ㄕㄨㄤ,1000000
驩,ㄏㄨㄢ,1000000
驪,ㄌㄧˊ,1000000
骨,ㄍㄨˇ,1000000
骨,ㄍㄨ
骨,ㄍㄨˊ
骫,ㄨㄟˇ,1000000
骭,ㄍㄢˋ,1000000
骯,ㄤ,1000000
骯,ㄎㄤˇ
骰,ㄊㄡˊ,1000000
骰,ㄕㄞˇ
骲,ㄅㄛˊ,1000000
骳,ㄅㄧˋ,1000000
骴,ㄘ,1000000
骵,ㄊㄧˇ,1000000
骷,ㄎㄨ,1000000
骸,ㄏㄞˊ,1000000
骹,ㄑㄧㄠ,1000000
骻,ㄎㄨㄚˋ,1000000
骼,ㄍㄜˊ,1000000
骽,ㄊㄨㄟˇ,1000000
骾,ㄍㄥˇ,1000000
骿,ㄆㄧㄢˊ,1000000
髀,ㄅㄧˋ,1000000
髁,ㄎㄜ,1000000
髂,ㄎㄚˋ,1000000
髄,ㄙㄨㄟˇ,1000000
髆,ㄅㄛˊ,1000000
髊,ㄘ,1000000
髊,ㄗˋ
髊,ㄘㄨㄛ
髏,ㄌㄡˊ,1000000
髐,ㄒㄧㄠ,1000000
髑,ㄉㄨˊ,1000000
髒,ㄗㄤ,1000000
髒,ㄗㄤˇ
髓,ㄙㄨㄟˇ,1000000
體,ㄊㄧˇ,1000000
髕,ㄅㄧㄣˋ,1000000
髖,ㄎㄨㄢ,1000000
高,ㄍㄠ,1000000
髙,ㄍㄠ,1000000
髟,ㄅㄧㄠ,1000000
髟,ㄕㄢ
髠,ㄎㄨㄣ,1000000
髡,ㄎㄨㄣ,1000000
髢,ㄊㄧˋ,1000000
髣,ㄈㄤˇ,1000000
髥,ㄖㄢˊ,1000000
髦,ㄇㄠˊ,1000000
髧,ㄉㄢˋ,1000000
髩,ㄅㄧㄣˋ,1000000
髫,ㄊㄧㄠˊ,1000000
髭,ㄗ,1000000
髮,ㄈㄚˇ,1000000
髯,ㄖㄢˊ,1000000
髲,ㄅㄧˋ,1000000
髳,ㄇㄠˊ,1000000
髳,ㄇㄥˊ
髴,ㄈㄨˊ,1000000
髶,ㄖㄨㄥˊ,1000000
髹,ㄒㄧㄡ,1000000
髻,ㄐㄧˋ,1000000
髼,ㄆㄥˊ,1000000
髽,ㄓㄨㄚ,1000000
髾,ㄕㄠ,1000000
髿,ㄙㄨㄛ,1000000
鬀,ㄊㄧˋ,1000000
鬂,ㄅㄧㄣˋ,1000000
鬃,ㄗㄨㄥ,1000000
鬄,ㄊㄧˋ,1000000
鬅,ㄆㄥˊ,1000000
鬆,ㄙㄨㄥ,1000000
鬇,ㄓㄥ,1000000
鬈,ㄑㄩㄢˊ,1000000
鬉,ㄗㄨㄥ,1000000
鬋,ㄐㄧㄢ,1000000
鬌,ㄉㄨㄛˇ,1000000
鬌,ㄉㄨㄛˋ
鬍,ㄏㄨˊ,1000000
鬐,ㄑㄧˊ,1000000
鬑,ㄌㄧㄢˊ,1000000
鬒,ㄓㄣˇ,1000000
鬖,ㄙㄢ,1000000
鬘,ㄇㄢˊ,1000000
鬙,ㄙㄥ,1000000
鬚,ㄒㄩ,1000000
鬟,ㄏㄨㄢˊ,1000000
鬡,ㄋㄧㄥˊ,1000000
鬢,ㄅㄧㄣˋ,1000000
鬣,ㄌㄧㄝˋ,1000000
鬥,ㄉㄡˋ,1000000
鬦,ㄉㄡˋ,1000000
鬧,ㄋㄠˋ,1000000
鬨,ㄏㄨㄥˋ,1000000
鬩,ㄒㄧˋ,1000000
鬪,ㄉㄡˋ,1000000
鬫,ㄏㄢˇ,1000000
鬭,ㄉㄡˋ,1000000
鬮,ㄐㄧㄡ,1000000
鬯,ㄔㄤˋ,1000000
鬱,ㄩˋ,1000000
鬲,ㄍㄜˊ,1000000
鬲,ㄌㄧˋ
鬴,ㄈㄨˇ,1000000
鬵,ㄒㄧㄣˊ,1000000
鬷,ㄗㄨㄥ,1000000
鬺,ㄕㄤ,1000000
鬻,ㄩˋ,1000000
鬻,ㄓㄨˋ
鬼,ㄍㄨㄟˇ,1000000
鬾,ㄐㄧˋ,1000000
魁,ㄎㄨㄟˊ,1000000
魂,ㄏㄨㄣˊ,1000000
魃,ㄅㄚˊ,1000000
魄,ㄆㄛˋ,1000000
魄,ㄊㄨㄛˋ
魅,ㄇㄟˋ,1000000
魆,ㄒㄩˋ,1000000
魈,ㄒㄧㄠ,1000000
魊,ㄩˋ,1000000
魋,ㄊㄨㄟˊ,1000000
魍,ㄨㄤˇ,1000000
魎,ㄌㄧㄤˇ,1000000
魏,ㄨㄟˋ,1000000
魏,ㄨㄟˊ
魑,ㄔ,1000000
魔,ㄇㄛˊ,1000000
魘,ㄧㄢˇ,1000000
魚,ㄩˊ,1000000
魟,ㄏㄨㄥ,1000000
魠,ㄊㄨㄛ,1000000
魦,ㄕㄚ,1000000
魨,ㄊㄨㄣˊ,1000000
魬,ㄅㄢˋ,1000000
魭,ㄨㄢˇ,1000000
魭,ㄩㄢˊ
魯,ㄌㄨˇ,1000000
魴,ㄈㄤˊ,1000000
魶,ㄋㄚˋ,1000000
魷,ㄧㄡˊ,1000000
鮀,ㄊㄨㄛˊ,1000000
鮅,ㄅㄧˋ,1000000
鮆,ㄐㄧˋ,1000000
鮋,ㄧㄡˊ,1000000
鮎,ㄋㄧㄢˊ,1000000
鮐,ㄊㄞˊ,1000000
鮑,ㄅㄠˋ,1000000
鮒,ㄈㄨˋ,1000000
鮓,ㄓㄚˇ,1000000
鮚,ㄐㄧㄝˊ,1000000
鮞,ㄦˊ,1000000
鮟,ㄢˋ,1000000
鮠,ㄨㄟˊ,1000000
鮡,ㄓㄠˋ,1000000
鮦,ㄊㄨㄥˊ,1000000
鮨,ㄑㄧˊ,1000000
鮪,ㄨㄟˇ,1000000
鮫,ㄐㄧㄠ,1000000
鮭,ㄍㄨㄟ,1000000
鮭,ㄒㄧㄝˊ
鮮,ㄒㄧㄢ,1000000
鮮,ㄒㄧㄢˇ
鮸,ㄇㄧㄢˇ,1000000
鮸,ㄨㄢˇ
鮻,ㄙㄨㄛ,1000000
鮿,ㄓㄜˊ,1000000
鯀,ㄍㄨㄣˇ,1000000
鯁,ㄍㄥˇ,1000000
鯇,ㄏㄨㄢˋ,1000000
鯈,ㄔㄡˊ,1000000
鯈,ㄧㄡˊ
鯉,ㄌㄧˇ,1000000
鯊,ㄕㄚ,1000000
鯓,ㄕㄣ,1000000
鯔,ㄗ,1000000
鯖,ㄓㄥ,1000000
鯖,ㄑㄧㄥ
鯗,ㄒㄧㄤˇ,1000000
鯛,ㄉㄧㄠ,1000000
鯜,ㄑㄧㄝˋ,1000000
鯠,ㄌㄞˊ,1000000
鯡,ㄈㄟˋ,1000000
鯢,ㄋㄧˊ,1000000
鯤,ㄎㄨㄣ,1000000
鯧,ㄔㄤ,1000000
鯨,ㄐㄧㄥ,1000000
鯪,ㄌㄧㄥˊ,1000000
鯫,ㄗㄡ,1000000
鯰,ㄋㄧㄢˊ,1000000
鯷,ㄊㄧˊ,1000000
鯹,ㄒㄧㄥ,1000000
鯽,ㄐㄧˋ,1000000
鯿,ㄅㄧㄢ,1000000
鰂,ㄗㄜˊ,1000000
鰈,ㄉㄧㄝˊ,1000000
鰉,ㄏㄨㄤˊ,1000000
鰌,ㄑㄧㄡ,1000000
鰍,ㄑㄧㄡ,1000000
鰐,ㄜˋ,1000000
鰒,ㄈㄨˋ,1000000
鰓,ㄙㄞ,1000000
鰓,ㄒㄧˇ
鰕,ㄒㄧㄚ,1000000
鰕,ㄏㄚˊ
鰜,ㄐㄧㄢ,1000000
鰣,ㄕˊ,1000000
鰥,ㄍㄨㄢ,1000000
鰩,ㄧㄠˊ,1000000
鰫,ㄖㄨㄥˊ,1000000
鰭,ㄑㄧˊ,1000000
鰮,ㄨㄣ,1000000
鰱,ㄌㄧㄢˊ,1000000
鰲,ㄠˊ,1000000
鰴,ㄏㄨㄟ,1000000
鰵,ㄇㄧㄣˇ,1000000
鰷,ㄊㄧㄠˊ,1000000
鰹,ㄐㄧㄢ,1000000
鰻,ㄇㄢˊ,1000000
鰼,ㄒㄧˊ,1000000
鰾,ㄅㄧㄠˋ,1000000
鰿,ㄐㄧˊ,1000000
鱄,ㄓㄨㄢ,1000000
鱆,ㄓㄤ,1000000
鱇,ㄎㄤ,1000000
鱈,ㄒㄩㄝˇ,1000000
鱉,ㄅㄧㄝ,1000000
鱍,ㄅㄛ,1000000
鱑,ㄏㄨㄤˊ,1000000
鱒,ㄗㄨㄣˋ,1000000
鱓,ㄕㄢˋ,1000000
鱔,ㄕㄢˋ,1000000
鱖,ㄍㄨㄟˋ,1000000
鱖,ㄐㄩㄝˊ
鱗,ㄌㄧㄣˊ,1000000
鱘,ㄒㄩㄣˊ,1000000
鱞,ㄍㄨㄢ,1000000
鱟,ㄏㄡˋ,1000000
鱠,ㄎㄨㄞˋ,1000000
鱣,ㄓㄢ,1000000
鱣,ㄕㄢˋ
鱧,ㄌㄧˇ,1000000
鱨,ㄔㄤˊ,1000000
鱭,ㄐㄧˋ,1000000
鱮,ㄒㄩˋ,1000000
鱷,ㄜˋ,1000000
鱸,ㄌㄨˊ,1000000
鱺,ㄌㄧˊ,1000000
鱻,ㄒㄧㄢ,1000000
鱻,ㄒㄧㄢˇ
鳥,ㄋㄧㄠˇ,1000000
鳥,ㄉㄧㄠˇ
鳦,ㄧˋ,1000000
鳧,ㄈㄨˊ,1000000
鳩,ㄐㄧㄡ,1000000
鳪,ㄅㄨˇ,1000000
鳬,ㄈㄨˊ,1000000
鳮,ㄐㄧ,1000000
鳲,ㄕ,1000000
鳳,ㄈㄥˋ,1000000
鳴,ㄇㄧㄥˊ,1000000
鳶,ㄩㄢ,1000000
鳷,ㄓ,1000000
鳽,ㄧㄢˊ,1000000
鴂,ㄐㄩㄝˊ,1000000
鴂,ㄐㄩˊ
鴃,ㄐㄩㄝˊ,1000000
鴃,ㄐㄩˊ
鴆,ㄓㄣˋ,1000000
鴇,ㄅㄠˇ,1000000
鴈,ㄧㄢˋ,1000000
鴉,ㄧㄚ,1000000
鴐,ㄐㄧㄚ,1000000
鴒,ㄌㄧㄥˊ,1000000
鴕,ㄊㄨㄛˊ,1000000
鴗,ㄌㄧˋ,1000000
鴘,ㄅㄧㄢˋ,1000000
鴛,ㄩㄢ,1000000
鴝,ㄑㄩˊ,1000000
鴞,ㄒㄧㄠ,1000000
鴟,ㄔ,1000000
鴣,ㄍㄨ,1000000
鴥,ㄩˋ,1000000
鴦,ㄧㄤ,1000000
鴨,ㄧㄚ,1000000
鴰,ㄍㄨㄚ,1000000
鴳,ㄧㄢˋ,1000000
鴷,ㄌㄧㄝˋ,1000000
鴻,ㄏㄨㄥˊ,1000000
鴽,ㄖㄨˊ,1000000
鴾,ㄇㄡˊ,1000000
鴿,ㄍㄜ,1000000
鵀,ㄖㄣˊ,1000000
鵁,ㄐㄧㄠ,1000000
鵂,ㄒㄧㄡ,1000000
鵃,ㄓㄡ,1000000
鵉,ㄌㄨㄢˊ,1000000
鵊,ㄐㄧㄚˊ,1000000
鵋,ㄐㄧˋ,1000000
鵌,ㄊㄨˊ,1000000
鵑,ㄐㄩㄢ,1000000
鵒,ㄩˋ,1000000
鵓,ㄅㄛˊ,1000000
鵔,ㄐㄩㄣˋ,1000000
鵕,ㄐㄩㄣˋ,1000000
鵚,ㄊㄨ,1000000
鵜,ㄊㄧˊ,1000000
鵝,ㄜˊ,1000000
鵞,ㄜˊ,1000000
鵟,ㄎㄨㄤˊ,1000000
鵠,ㄏㄨˊ,1000000
鵠,ㄍㄨˇ
鵡,ㄨˇ,1000000
鵧,ㄆㄧㄥˊ,1000000
鵩,ㄈㄨˊ,1000000
鵪,ㄢ,1000000
鵬,ㄆㄥˊ,1000000
鵮,ㄑㄧㄢ,1000000
鵯,ㄅㄟ,1000000
鵰,ㄉㄧㄠ,1000000
鵲,ㄑㄩㄝˋ,1000000
鵲,ㄑㄧㄠˇ
鵶,ㄧㄚ,1000000
鵷,ㄩㄢ,1000000
鵻,ㄓㄨㄟ,1000000
鶂,ㄧˋ,1000000
鶄,ㄐㄧㄥ,1000000
鶆,ㄌㄞˊ,1000000
鶉,ㄔㄨㄣˊ,1000000
鶊,ㄍㄥ,1000000
鶋,ㄐㄩ,1000000
鶒,ㄔˋ,1000000
鶖,ㄑㄧㄡ,1000000
鶗,ㄊㄧˊ,1000000
鶘,ㄏㄨˊ,1000000
鶚,ㄜˋ,1000000
鶝,ㄈㄨˊ,1000000
鶡,ㄏㄜˊ,1000000
鶢,ㄩㄢˊ,1000000
鶤,ㄩㄣˋ,1000000
鶩,ㄨˋ,1000000
鶩,ㄇㄨˋ
鶪,ㄐㄩˊ,1000000
鶬,ㄘㄤ,1000000
鶯,ㄧㄥ,1000000
鶱,ㄒㄧㄢ,1000000
鶴,ㄏㄜˋ,1000000
鶴,ㄏㄠˊ
鶵,ㄔㄨˊ,1000000
鶹,ㄌㄧㄡˊ,1000000
鶺,ㄐㄧˊ,1000000
鶻,ㄍㄨˇ,1000000
鶻,ㄏㄨˊ
鶼,ㄐㄧㄢ,1000000
鶿,ㄘˊ,1000000
鷀,ㄘˊ,1000000
鷁,ㄧˋ,1000000
鷂,ㄧㄠˋ,1000000
鷃,ㄧㄢˋ,1000000
鷄,ㄐㄧ,1000000
鷇,ㄎㄡˋ,1000000
鷊,ㄧˋ,1000000
鷓,ㄓㄜˋ,1000000
鷕,ㄧㄠˇ,1000000
鷖,ㄧ,1000000
鷗,ㄡ,1000000
鷘,ㄔˋ,1000000
鷙,ㄓˋ,1000000
鷚,ㄌㄧㄡˋ,1000000
鷞,ㄕㄨㄤ,1000000
鷟,ㄓㄨㄛˊ,1000000
鷥,ㄙ,1000000
鷦,ㄐㄧㄠ,1000000
鷧,ㄧˋ,1000000
鷩,ㄅㄧˋ,1000000
鷩,ㄅㄧㄝ
鷫,ㄙㄨˋ,1000000
鷯,ㄌㄧㄠˊ,1000000
鷲,ㄐㄧㄡˋ,1000000
鷳,ㄒㄧㄢˊ,1000000
鷴,ㄒㄧㄢˊ,1000000
鷹,ㄧㄥ,1000000
鷺,ㄌㄨˋ,1000000
鷽,ㄒㄩㄝˊ,1000000
鷾,ㄧˋ,1000000
鸂,ㄒㄧ,1000000
鸂,ㄑㄧ
鸃,ㄧˊ,1000000
鸇,ㄓㄢ,1000000
鸎,ㄧㄥ,1000000
鸏,ㄇㄥˊ,1000000
鸏,ㄇㄤˊ
鸏,ㄇㄥˇ
鸐,ㄉㄧˊ,1000000
鸑,ㄩㄝˋ,1000000
鸒,ㄩˋ,1000000
鸔,ㄅㄛˊ,1000000
鸕,ㄌㄨˊ,1000000
鸚,ㄧㄥ,1000000
鸛,ㄍㄨㄢˋ,1000000
鸜,ㄑㄩˊ,1000000
鸝,ㄌㄧˊ,1000000
鸞,ㄌㄨㄢˊ,1000000
鹵,ㄌㄨˇ,1000000
鹹,ㄒㄧㄢˊ,1000000
鹺,ㄘㄨㄛˊ,1000000
鹼,ㄐㄧㄢˇ,1000000
鹽,ㄧㄢˊ,1000000
鹽,ㄧㄢˋ
鹿,ㄌㄨˋ,1000000
麀,ㄧㄡ,1000000
麁,ㄘㄨ,1000000
麂,ㄐㄧˇ,1000000
麃,ㄅㄧㄠ,1000000
麃,ㄆㄠˊ
麄,ㄘㄨ,1000000
麅,ㄆㄠˊ,1000000
麅,ㄅㄧㄠ
麇,ㄐㄩㄣ,1000000
麇,ㄑㄩㄣˊ
麈,ㄓㄨˇ,1000000
麋,ㄇㄧˊ,1000000
麌,ㄩˇ,1000000
麏,ㄐㄩㄣ,1000000
麏,ㄑㄩㄣˊ
麐,ㄌㄧㄣˊ,1000000
麑,ㄋㄧˊ,1000000
麒,ㄑㄧˊ,1000000
麓,ㄌㄨˋ,1000000
麕,ㄐㄩㄣ,1000000
麕,ㄑㄩㄣˊ
麗,ㄌㄧˋ,1000000
麗,ㄌㄧˊ
麛,ㄇㄧˊ,1000000
麝,ㄕㄜˋ,1000000
麞,ㄓㄤ,1000000
麟,ㄌㄧㄣˊ,1000000
麤,ㄘㄨ,1000000
麥,ㄇㄞˋ,1000000
麥,ㄇㄛˋ
麦,ㄇㄞˋ,1000000
麦,ㄇㄛˋ
麨,ㄔㄠˇ,1000000
麩,ㄈㄨ,1000000
麪,ㄇㄧㄢˋ,1000000
麮,ㄑㄩˋ,1000000
麮,ㄑㄩˇ
麯,ㄑㄩˊ,1000000
麰,ㄇㄡˊ,1000000
麴,ㄑㄩˊ,1000000
麵,ㄇㄧㄢˋ,1000000
麻,ㄇㄚˊ,1000000
麼,˙ㄇㄜ,1000000
麼,˙ㄇㄚ
麼,ㄇㄚˊ
麼,ㄇㄛˊ
麽,ㄇㄛˊ,1000000
麽,˙ㄇㄚ
麽,˙ㄇㄜ
麽,ㄇㄚˊ
麾,ㄏㄨㄟ,1000000
黁,ㄋㄨㄣˊ,1000000
黂,ㄈㄣˊ,1000000
黃,ㄏㄨㄤˊ,1000000
黄,ㄏㄨㄤˊ,1000000
黈,ㄊㄡˇ,1000000
黌,ㄏㄨㄥˊ,1000000
黍,ㄕㄨˇ,1000000
黎,ㄌㄧˊ,1000000
黏,ㄋㄧㄢˊ,1000000
黐,ㄔ,1000000
黑,ㄏㄟ,1000000
黑,ㄏㄜˋ
黑,ㄏㄟˇ
黓,ㄧˋ,1000000
黔,ㄑㄧㄢˊ,1000000
黕,ㄉㄢˇ,1000000
默,ㄇㄛˋ,1000000
黚,ㄑㄧㄢˊ,1000000
黛,ㄉㄞˋ,1000000
黜,ㄔㄨˋ,1000000
黝,ㄧㄡˇ,1000000
點,ㄉㄧㄢˇ,1000000
黟,ㄧ,1000000
黠,ㄒㄧㄚˊ,1000000
黤,ㄧㄢˇ,1000000
黥,ㄑㄧㄥˊ,1000000
黦,ㄩˋ,1000000
黦,ㄧㄝˋ
黧,ㄌㄧˊ,1000000
黨,ㄉㄤˇ,1000000
黭,ㄢˇ,1000000
黮,ㄊㄢˇ,1000000
黯,ㄢˋ,1000000
黰,ㄓㄣˇ,1000000
黲,ㄘㄢˇ,1000000
黳,ㄧ,1000000
黴,ㄇㄟˊ,1000000
黶,ㄧㄢˇ,1000000
黷,ㄉㄨˊ,1000000
黹,ㄓˇ,1000000
黻,ㄈㄨˊ,1000000
黼,ㄈㄨˇ,1000000
黽,ㄇㄧㄣˇ,1000000
黾,ㄇㄧㄣˇ,1000000
黿,ㄩㄢˊ,1000000
鼂,ㄔㄠˊ,1000000
鼃,ㄨㄚ,1000000
鼄,ㄓㄨ,1000000
鼅,ㄓ,1000000
鼆,ㄇㄥˇ,1000000
鼇,ㄠˊ,1000000
鼈,ㄅㄧㄝ,1000000
鼉,ㄊㄨㄛˊ,1000000
鼎,ㄉㄧㄥˇ,1000000
鼏,ㄇㄧˋ,1000000
鼐,ㄋㄞˋ,1000000
鼒,ㄗ,1000000
鼓,ㄍㄨˇ,1000000
鼕,ㄉㄨㄥ,1000000
鼖,ㄈㄣˊ,1000000
鼗,ㄊㄠˊ,1000000
鼙,ㄆㄧˊ,1000000
鼚,ㄔㄤ,1000000
鼛,ㄍㄠ,1000000
鼠,ㄕㄨˇ,1000000
鼢,ㄈㄣˊ,1000000
鼥,ㄅㄚˊ,1000000
鼦,ㄉㄧㄠ,1000000
鼩,ㄑㄩˊ,1000000
鼫,ㄕˊ,1000000
鼬,ㄧㄡˋ,1000000
鼮,ㄊㄧㄥˊ,1000000
鼯,ㄨˊ,1000000
鼱,ㄐㄧㄥ,1000000
鼲,ㄏㄨㄣˊ,1000000
鼴,ㄧㄢˇ,1000000
鼵,ㄊㄨˊ,1000000
鼷,ㄒㄧ,1000000
鼹,ㄧㄢˇ,1000000
鼻,ㄅㄧˊ,1000000
鼽,ㄑㄧㄡˊ,1000000
鼾,ㄏㄢ,1000000
齁,ㄏㄡ,1000000
齅,ㄒㄧㄡˋ,1000000
齆,ㄨㄥˋ,1000000
齇,ㄓㄚ,1000000
齉,ㄋㄤˋ,1000000
齊,ㄑㄧˊ,1000000
齊,ㄐㄧˋ
齊,ㄓㄞ
齊,ㄗ
齋,ㄓㄞ,1000000
齌,ㄐㄧˋ,1000000
齍,ㄗ,1000000
齎,ㄐㄧ,1000000
齏,ㄐㄧ,1000000
齒,ㄔˇ,1000000
齔,ㄔㄣˋ,1000000
齕,ㄏㄜˊ,1000000
齖,ㄧㄚˊ,1000000
齗,ㄧㄣˊ,1000000
齘,ㄒㄧㄝˋ,1000000
齙,ㄅㄠ,1000000
齙,ㄆㄠˊ
齚,ㄗㄜˊ,1000000
齜,ㄗ,1000000
齞,ㄧㄢˇ,1000000
齟,ㄐㄩˇ,1000000
齠,ㄊㄧㄠˊ,1000000
齡,ㄌㄧㄥˊ,1000000
齣,ㄔㄨ,1000000
齦,ㄎㄣˇ,1000000
齦,ㄧㄣˊ
齧,ㄋㄧㄝˋ,1000000
齩,ㄧㄠˇ,1000000
齩,ㄐㄧㄠ
齪,ㄔㄨㄛˋ,1000000
齬,ㄩˇ,1000000
齭,ㄔㄨˇ,1000000
齮,ㄧˇ,1000000
齯,ㄋㄧˊ,1000000
齰,ㄗㄜˊ,1000000
齱,ㄗㄡ,1000000
齲,ㄑㄩˇ,1000000
齵,ㄩˊ,1000000
齵,ㄡˊ
齶,ㄜˋ,1000000
齷,ㄨㄛˋ,1000000
齹,ㄔ,1000000
齺,ㄗㄡ,1000000
齾,ㄧㄚˋ,1000000
龍,ㄌㄨㄥˊ,1000000
龎,ㄆㄤˊ,1000000
龐,ㄆㄤˊ,1000000
龑,ㄧㄢˇ,1000000
龔,ㄍㄨㄥ,1000000
龕,ㄎㄢ,1000000
龜,ㄍㄨㄟ,1000000
龜,ㄐㄩㄣ
龜,ㄑㄧㄡ
龟,ㄍㄨㄟ,1000000
龟,ㄐㄩㄣ
龟,ㄑㄧㄡ
龠,ㄩㄝˋ,1000000
龡,ㄔㄨㄟ,1000000
龡,ㄔㄨㄟˋ
龢,ㄏㄜˊ,1000000
龤,ㄒㄧㄝˊ,1000000
龥,ㄩˋ,1000000
𠀍,ㄕˋ,1000000
𠀕,ㄍㄣˋ,1000000
𠀕,ㄍㄥˋ
𠁥,ㄍㄨㄞˇ,1000000
𠂢,ㄆㄞˋ,1000000
𠅘,ㄊㄧㄥˊ,1000000
𠅢,ㄅㄛˋ,1000000
𠌸,ㄅㄧㄥˋ,1000000
𠑹,ㄍㄨˇ,1000000
𠛬,ㄒㄧㄥˊ,1000000
𠜶,ㄋㄠˇ,1000000
𠞰,ㄐㄧㄠˇ,1000000
𠦬,ㄍㄨㄞ,1000000
𠨜,ㄨˋ,1000000
𠩄,ㄙㄨㄛˇ,1000000
𠷎,ㄔㄡˊ,1000000
𠷎,ㄕㄡˋ
𠿺,ㄗㄤˋ,1000000
𡈼,ㄊㄧㄥˇ,1000000
𡈼,ㄖㄣˊ
𡍮,ㄔㄨㄟˊ,1000000
𡎖,ㄒㄩㄢ,1000000
𡎖,ㄒㄩㄣ
𡔽,ㄕㄡˋ,1000000
𡙇,ㄑㄩㄝ,1000000
𡚁,ㄅㄧˋ,1000000
𡦗,ㄖㄨˊ,1000000
𡦘,ㄖㄨˊ,1000000
𡨴,ㄋㄧㄥˊ,1000000
𡨴,ㄋㄧㄥˋ
𡯓,ㄍㄚˋ,1000000
𡯓,ㄐㄧㄝˋ
𡯗,ㄍㄚˋ,1000000
𡯗,ㄐㄧㄝˋ
𡰛,ㄍㄢ,1000000
𡰛,ㄐㄧㄢ
𡱮,ㄏㄨㄚˋ,1000000
𢇁,ㄙ,1000000
𢓳,ㄆㄧㄥ,1000000
𢘻,ㄒㄧ,1000000
𢙈,ㄑㄧㄣˋ,1000000
𢠳,ㄅㄧㄝ,1000000
𢬵,ㄆㄢˋ,1000000
𢯌,ㄅㄞ,1000000
𢳍,ㄑㄧㄢ,1000000
𢹲,ㄐㄩㄣˋ,1000000
𢽟,ㄔˋ,1000000
𣏂,ㄕㄚ,1000000
𣏂,ㄕㄚˋ
𣏂,ㄕㄞˋ
𣑱,ㄖㄢˇ,1000000
𣖾,ㄅㄟˋ,1000000
𣗳,ㄕㄨˋ,1000000
𣘨,ㄜˇ,1000000
𣘨,ㄜˊ
𣙷,ㄇㄤˇ,1000000
𣛟,ㄔㄥ,1000000
𣝓,ㄧㄢˇ,1000000
𣳚,ㄇㄛˋ,1000000
𣳚,ㄇㄟˊ
𣶐,ㄆㄠˋ,1000000
𣺯,ㄕ,1000000
𤈦,ㄏㄨㄟˇ,1000000
𤙡,ㄒㄧㄥ,1000000
𤜻,ㄆㄧˊ,1000000
𤰞,ㄅㄟ,1000000
𤸄,ㄍㄨㄢ,1000000
𤸅,ㄇㄧㄣˊ,1000000
𤺺,ㄉㄢˋ,1000000
𥝌,ㄐㄧ,1000000
𥤚,ㄑㄧㄡ,1000000
𥳑,ㄐㄧㄢˇ,1000000
𥿉,ㄨㄚˋ,1000000
𦂳,ㄐㄧㄣˇ,1000000
𦆿,ㄅㄛˊ,1000000
𦊀,ㄨㄤˇ,1000000
𦊨,ㄐㄩ,1000000
𦌊,ㄙㄨˋ,1000000
𦍑,ㄑㄧㄤ,1000000
𦒱,ㄎㄠˇ,1000000
𦞦,ㄏㄨㄛˋ,1000000
𦤞,ㄋㄧㄝˋ,1000000
𦤶,ㄓˋ,1000000
𦥑,ㄐㄩˊ,1000000
𦧡,ㄊㄢˋ,1000000
𦸅,ㄎㄡˋ,1000000
𦹡,ㄆㄧㄠˇ,1000000
𧑗,ㄋㄧㄥˊ,1000000
𧒂,ㄈㄨˋ,1000000
𧮫,ㄐㄩㄝˊ,1000000
𨂂,ㄓˊ,1000000
𨇯,ㄕㄨㄤ,1000000
𨉣,ㄏㄚ,1000000
𨓤,ㄊㄨㄟˋ,1000000
𨔰,ㄑㄧㄢ,1000000
𨝣,ㄅㄧˇ,1000000
𨝣,ㄅㄧˋ
𨝸,ㄊㄢˊ,1000000
𨩐,ㄌㄡˋ,1000000
𨭛,ㄌㄚˋ,1000000
𨵢,ㄑㄩˋ,1000000
𨽻,ㄌㄧˋ,1000000
𩐋,ㄐㄧ,1000000
𩔗,ㄌㄟˋ,1000000
𩭪,ㄑㄩ,1000000
𩮜,ㄊㄧˋ,1000000
𩯭,ㄅㄧㄣˋ,1000000
𩱚,ㄅㄛˊ,1000000
𩱚,ㄆㄨ
𪃠,ㄔˋ,1000000
𪇰,ㄅㄛˊ,1000000
𪏆,ㄊㄨㄣ,1000000
𪔛,ㄊㄠˊ,1000000
𪠘,ㄐㄧㄝˋ,1000000
𪠘,ㄒㄧㄝˋ
𪭲,ㄓㄞˊ,1000000
𪭲,ㄗㄜˊ
𫃵,ㄌㄩˇ,1000000
𬋩,ㄍㄨㄢˇ,1000000
𬰁,ㄐㄧˋ,1000000
丸,ㄨㄢˊ,1000000
𠘺,ㄔㄨㄥ,1000000
免,ㄇㄧㄢˇ,1000000
免,ㄨㄣˋ
兔,ㄊㄨˋ,1000000
冬,ㄉㄨㄥ,1000000
凵,ㄑㄩ,1000000
刃,ㄖㄣˋ,1000000
卿,ㄑㄧㄥ,1000000
灰,ㄏㄨㄟ,1000000
及,ㄐㄧˊ,1000000
呈,ㄔㄥˊ,1000000
周,ㄓㄡ,1000000
唐,ㄊㄤˊ,1000000
善,ㄕㄢˋ,1000000
善,ㄕㄢˋ,1000000
切,ㄑㄧㄝ,1000000
切,ㄑㄧㄝˋ
型,ㄒㄧㄥˊ,1000000
堲,ㄐㄧˊ,1000000
夢,ㄇㄥˋ,1000000
姬,ㄐㄧ,1000000
姘,ㄆㄧㄣ,1000000
寘,ㄓˋ,1000000
形,ㄒㄧㄥˊ,1000000
慈,ㄘˊ,1000000
拼,ㄆㄧㄣ,1000000
揅,ㄧㄢˊ,1000000
撝,ㄏㄨㄟ,1000000
冒,ㄇㄛˋ,1000000
冒,ㄇㄠˋ
柺,ㄍㄨㄞˇ,1000000
栟,ㄅㄧㄥ,1000000
栟,ㄆㄧㄥˊ
櫛,ㄐㄧㄝˊ,1000000
次,ㄗ,1000000
次,ㄘˋ
沿,ㄧㄢˊ,1000000
沿,ㄧㄢˋ
汧,ㄑㄧㄢ,1000000
流,ㄌㄧㄡˊ,1000000
洴,ㄆㄧㄥˊ,1000000
𠔥,ㄐㄧㄢ,1000000
甾,ㄗ,1000000
甾,ㄗㄞ
穊,ㄐㄧˋ,1000000
絣,ㄅㄥ,1000000
繅,ㄙㄠ,1000000
者,ㄓㄜˇ,1000000
育,ㄩˋ,1000000
荓,ㄆㄧㄥˊ,1000000
蓱,ㄆㄧㄥˊ,1000000
蛢,ㄆㄧㄥˊ,1000000
蠁,ㄒㄧㄤˋ,1000000
趼,ㄐㄧㄢˇ,1000000
趼,ㄧㄢˊ
鉼,ㄅㄧㄥˇ,1000000
鏹,ㄑㄧㄤ,1000000
鏹,ㄑㄧㄤˇ
頋,ㄍㄨˋ,1000000
頩,ㄆㄧㄥ,1000000
鳽,ㄧㄢˊ,1000000
鵧,ㄆㄧㄥˊ,1000000
麻,ㄇㄚˊ,1000000
鼻,ㄅㄧˊ,1000000
㕷啦,ㄆㄚ ㄌㄚ
㶟水,ㄌㄟˇ ㄕㄨㄟˇ
䰖兒,ㄗㄨㄢˇ ㄦ
一丈差九尺,ㄧ ㄓㄤˋ ㄔㄚ ㄐㄧㄡˇ ㄔˇ
一不小心,ㄧ ˙ㄅㄨ ㄒㄧㄠˇ ㄒㄧㄣ
一不拗眾,ㄧ ㄅㄨˋ ㄋㄧㄡˋ ㄓㄨㄥˋ
一丘之貉,ㄧ ㄑㄧㄡ ㄓ ㄏㄜˊ
一丟兒,ㄧ ㄉㄧㄡ ㄦ
一之為甚,ㄧ ㄓ ㄨㄟˊ ㄕㄣˋ
一乾二淨,ㄧ ㄍㄢ ㄦˋ ㄐㄧㄥˋ
一了,ㄧ ㄌㄧㄠˇ
一了心願,ㄧ ㄌㄧㄠˇ ㄒㄧㄣ ㄩㄢˋ
一了百了,ㄧ ㄌㄧㄠˇ ㄅㄞˇ ㄌㄧㄠˇ
一了百當,ㄧ ㄌㄧㄠˇ ㄅㄞˇ ㄉㄤ
一個,ㄧ ˙ㄍㄜ
一個不小心,ㄧ ˙ㄍㄜ ㄅㄨˋ ㄒㄧㄠˇ ㄒㄧㄣ
一個勁兒,ㄧ ˙ㄍㄜ ㄐㄧㄣˋ ㄦ
一個子兒,ㄧ ˙ㄍㄜ ㄗˇ ㄦ
一個巴掌拍不響,ㄧ ˙ㄍㄜ ㄅㄚ ㄓㄤˇ ㄆㄞ ㄅㄨˋ ㄒㄧㄤˇ
一個心眼兒,ㄧ ˙ㄍㄜ ㄒㄧㄣ ㄧㄢˇ ㄦ
一個樣兒,ㄧ ˙ㄍㄜ ㄧㄤˋ ㄦ
一個獵古調,ㄧ ˙ㄍㄜ ㄌㄧㄝˋ ㄍㄨˇ ㄉㄧㄠˋ
一個紅臉一個白臉,ㄧ ˙ㄍㄜ ㄏㄨㄥˊ ㄌㄧㄢˇ ㄧ ˙ㄍㄜ ㄅㄞˊ ㄌㄧㄢˇ
一個蘿蔔一個坑兒,ㄧ ˙ㄍㄜ ㄌㄨㄛˊ ˙ㄅㄛ ㄧ ˙ㄍㄜ ㄎㄥ ㄦ
一個跟斗十萬八千里,ㄧ ˙ㄍㄜ ㄍㄣ ㄉㄡˇ ㄕˊ ㄨㄢˋ ㄅㄚ ㄑㄧㄢ ㄌㄧˇ
一個錢打二十四個結,ㄧ ˙ㄍㄜ ㄑㄧㄢˊ ㄉㄚˇ ㄦˋ ㄕˊ ㄙˋ ˙ㄍㄜ ㄐㄧㄝˊ
一個鍋裡吃飯的,ㄧ ˙ㄍㄜ ㄍㄨㄛ ㄌㄧˇ ㄔ ㄈㄢˋ ˙ㄉㄜ
一個頭兩個大,ㄧ ˙ㄍㄜ ㄊㄡˊ ㄌㄧㄤˇ ˙ㄍㄜ ㄉㄚˋ
一個鼻孔出氣,ㄧ ˙ㄍㄜ ㄅㄧˊ ㄎㄨㄥˇ ㄔㄨ ㄑㄧˋ
一倡百和,ㄧ ㄔㄤˋ ㄅㄞˇ ㄏㄜˋ
一停兒,ㄧ ㄊㄧㄥˊ ㄦ
一刀切,ㄧ ㄉㄠ ㄑㄧㄝ
一分子,ㄧ ㄈㄣˋ ㄗˇ
一剎那,ㄧ ㄔㄚˋ ㄋㄚˋ
一剗,ㄧ ㄔㄢˋ
一口價兒,ㄧ ㄎㄡˇ ㄐㄧㄚˋ ㄦ
一口兩匙,ㄧ ㄎㄡˇ ㄌㄧㄤˇ ㄔˊ
一口吃個胖子,ㄧ ㄎㄡˇ ㄔ ˙ㄍㄜ ㄆㄤˋ ˙ㄗ
一古腦兒,ㄧ ㄍㄨˇ ㄋㄠˇ ㄦ
一吐為快,ㄧ ㄊㄨˇ ㄨㄟˊ ㄎㄨㄞˋ
一呼百應,ㄧ ㄏㄨ ㄅㄞˇ ㄧㄥˋ
一哄而上,ㄧ ㄏㄨㄥ ㄦˊ ㄕㄤˋ
一哄而散,ㄧ ㄏㄨㄥ ㄦˊ ㄙㄢˋ
一哄而起,ㄧ ㄏㄨㄥ ㄦˊ ㄑㄧˇ
一哄而集,ㄧ ㄏㄨㄥ ㄦˊ ㄐㄧˊ
一唱一和,ㄧ ㄔㄤˋ ㄧ ㄏㄜˋ
一唱百和,ㄧ ㄔㄤˋ ㄅㄞˇ ㄏㄜˋ
一回生兩回熟,ㄧ ㄏㄨㄟˊ ㄕㄥ ㄌㄧㄤˇ ㄏㄨㄟˊ ㄕㄡˊ
一垛,ㄧ ㄉㄨㄛˋ
一報還一報,ㄧ ㄅㄠˋ ㄏㄨㄢˊ ㄧ ㄅㄠˋ
一場春夢,ㄧ ㄔㄤˊ ㄔㄨㄣ ㄇㄥˋ
一場空,ㄧ ㄔㄤˊ ㄎㄨㄥ
一塊兒,ㄧ ㄎㄨㄞˋ ㄦ
一塊石頭拋上天,ㄧ ㄎㄨㄞˋ ㄕˊ ˙ㄊㄡ ㄆㄠ ㄕㄤˋ ㄊㄧㄢ
一塊石頭掉井裡,ㄧ ㄎㄨㄞˋ ㄕˊ ˙ㄊㄡ ㄉㄧㄠˋ ㄐㄧㄥˇ ㄌㄧˇ
一塊石頭落了地,ㄧ ㄎㄨㄞˋ ㄕˊ ˙ㄊㄡ ㄌㄨㄛˋ ˙ㄌㄜ ㄉㄧˋ
一大會兒,ㄧ ㄉㄚˋ ㄏㄨㄟˇ ㄦ
一大溜,ㄧ ㄉㄚˋ ㄌㄧㄡˋ
一天一個現在,ㄧ ㄊㄧㄢ ㄧ ˙ㄍㄜ ㄒㄧㄢˋ ㄗㄞˋ
一子兒,ㄧ ㄗˇ ㄦ
一子繼承制,ㄧ ㄗˇ ㄐㄧˋ ㄔㄥˊ ㄓˋ
一字不差,ㄧ ㄗˋ ㄅㄨˋ ㄔㄚ
一字兒,ㄧ ㄗˋ ㄦ
一字襟坎肩兒,ㄧ ㄗˋ ㄐㄧㄣ ㄎㄢˇ ㄐㄧㄢ ㄦ
一字長蛇陣,ㄧ ㄗˋ ㄔㄤˊ ㄕㄜˊ ㄓㄣˋ
一宿,ㄧ ㄒㄧㄡˇ
一就手兒,ㄧ ㄐㄧㄡˋ ㄕㄡˇ ㄦ
一尺還他十寸,ㄧ ㄔˇ ㄏㄨㄢˊ ㄊㄚ ㄕˊ ㄘㄨㄣˋ
一展長才,ㄧ ㄓㄢˇ ㄔㄤˊ ㄘㄞˊ
一工兒,ㄧ ㄍㄨㄥ ㄦ
一差二誤,ㄧ ㄔㄚ ㄦˋ ㄨˋ
一差二錯,ㄧ ㄔㄚ ㄦˋ ㄘㄨㄛˋ
一差半錯,ㄧ ㄔㄚ ㄅㄢˋ ㄘㄨㄛˋ
一帆風順,ㄧ ㄈㄢˊ ㄈㄥ ㄕㄨㄣˋ
一年半載,ㄧ ㄋㄧㄢˊ ㄅㄢˋ ㄗㄞˇ
一弄兒,ㄧ ㄋㄨㄥˋ ㄦ
一彈指,ㄧ ㄊㄢˊ ㄓˇ
一得,ㄧ ㄉㄜˊ
一得之功,ㄧ ㄉㄜˊ ㄓ ㄍㄨㄥ
一得之愚,ㄧ ㄉㄜˊ ㄓ ㄩˊ
一得之見,ㄧ ㄉㄜˊ ㄓ ㄐㄧㄢˋ
一念之差,ㄧ ㄋㄧㄢˋ ㄓ ㄔㄚ
一忽兒,ㄧ ㄏㄨ ㄦ
一怔,ㄧ ㄌㄥˋ
一息奄奄,ㄧ ㄒㄧˊ ㄧㄢ ㄧㄢ
一手兒,ㄧ ㄕㄡˇ ㄦ
一扠,ㄧ ㄓㄚˇ
一技之長,ㄧ ㄐㄧˋ ㄓ ㄔㄤˊ
一把死拿兒,ㄧ ㄅㄚˇ ㄙˇ ㄋㄚˊ ㄦ
一搖三晃,ㄧ ㄧㄠˊ ㄙㄢ ㄏㄨㄤˋ
一撇,ㄧ ㄆㄧㄝˇ
一日之長,ㄧ ㄖˋ ㄓ ㄔㄤˊ
一星兒,ㄧ ㄒㄧㄥ ㄦ
一星半點兒,ㄧ ㄒㄧㄥ ㄅㄢˋ ㄉㄧㄢˇ ㄦ
一景兒,ㄧ ㄐㄧㄥˇ ㄦ
一暴十寒,ㄧ ㄆㄨˋ ㄕˊ ㄏㄢˊ
一曲,ㄧ ㄑㄩˇ
一曲千金,ㄧ ㄑㄩˇ ㄑㄧㄢ ㄐㄧㄣ
一曲陽關,ㄧ ㄑㄩˇ ㄧㄤˊ ㄍㄨㄢ
一會,ㄧ ㄏㄨㄟˇ
一會兒,ㄧ ㄏㄨㄟˇ ㄦ
一會子,ㄧ ㄏㄨㄟˇ ˙ㄗ
一會家,ㄧ ㄏㄨㄟˇ ˙ㄐㄧㄚ
一朝,ㄧ ㄓㄠ
一朝一夕,ㄧ ㄓㄠ ㄧ ㄒㄧˋ
一朝天子一朝臣,ㄧ ㄔㄠˊ ㄊㄧㄢ ㄗˇ ㄧ ㄔㄠˊ ㄔㄣˊ
一條腿兒,ㄧ ㄊㄧㄠˊ ㄊㄨㄟˇ ㄦ
一條藤兒,ㄧ ㄊㄧㄠˊ ㄊㄥˊ ㄦ
一條道兒走到黑,ㄧ ㄊㄧㄠˊ ㄉㄠˋ ㄦ ㄗㄡˇ ㄉㄠˋ ㄏㄟ
一樹百穫,ㄧ ㄕㄨˋ ㄅㄛˊ ㄏㄨㄛˋ
一機靈,ㄧ ㄐㄧ ˙ㄌㄧㄥ
一次全倒,ㄧ ㄘˋ ㄑㄩㄢˊ ㄉㄠˇ
一步一個腳印兒,ㄧ ㄅㄨˋ ㄧ ˙ㄍㄜ ㄐㄧㄠˇ ㄧㄣˋ ㄦ
一死兒,ㄧ ㄙˇ ㄦ
一氣兒,ㄧ ㄑㄧˋ ㄦ
一氧化碳中毒,ㄧ ㄧㄤˇ ㄏㄨㄚˋ ㄊㄢˋ ㄓㄨㄥˋ ㄉㄨˊ
一水兒,ㄧ ㄕㄨㄟˇ ㄦ
一溜,ㄧ ㄌㄧㄡˋ
一溜兒,ㄧ ㄌㄧㄡˋ ㄦ
一溜子,ㄧ ㄌㄧㄡˋ ˙ㄗ
一溜歪斜,ㄧ ㄌㄧㄡˋ ㄨㄞ ㄒㄧㄝˊ
一溜煙,ㄧ ㄌㄧㄡˋ ㄧㄢ
一溜風,ㄧ ㄌㄧㄡˋ ㄈㄥ
一漚,ㄧ ㄡˋ
一無所好,ㄧ ㄨˊ ㄙㄨㄛˇ ㄏㄠˋ
一無所得,ㄧ ㄨˊ ㄙㄨㄛˇ ㄉㄜˊ
一無所長,ㄧ ㄨˊ ㄙㄨㄛˇ ㄔㄤˊ
一無長物,ㄧ ㄨˊ ㄓㄤˋ ㄨˋ
一爭長短,ㄧ ㄓㄥ ㄔㄤˊ ㄉㄨㄢˇ
一片散沙,ㄧ ㄆㄧㄢˋ ㄙㄢˇ ㄕㄚ
一物降一物,ㄧ ㄨˋ ㄒㄧㄤˊ ㄧ ㄨˋ
一狐之腋,ㄧ ㄏㄨˊ ㄓ ㄧˋ
一班兒,ㄧ ㄅㄢ ㄦ
一生喫著不盡,ㄧ ㄕㄥ ㄔ ㄓㄨㄛˊ ㄅㄨˋ ㄐㄧㄣˋ
一甲子,ㄧ ㄐㄧㄚˇ ㄗˇ
一發不可收拾,ㄧ ㄈㄚ ㄅㄨˋ ㄎㄜˇ ㄕㄡ ˙ㄕ
一百二十行,ㄧ ㄅㄞˇ ㄦˋ ㄕˊ ㄏㄤˊ
一盆火兒,ㄧ ㄆㄣˊ ㄏㄨㄛˇ ㄦ
一盤散沙,ㄧ ㄆㄢˊ ㄙㄢˇ ㄕㄚ
一目了然,ㄧ ㄇㄨˋ ㄌㄧㄠˇ ㄖㄢˊ
一目十行,ㄧ ㄇㄨˋ ㄕˊ ㄏㄤˊ
一窩兒,ㄧ ㄨㄛ ㄦ
一筆抹倒,ㄧ ㄅㄧˇ ㄇㄛˇ ㄉㄠˇ
一答一和兒,ㄧ ㄉㄚˊ ㄧ ㄏㄜˊ ㄦ
一索得男,ㄧ ㄙㄨㄛˇ ㄉㄜˊ ㄋㄢˊ
一聽,ㄧ ㄊㄧㄥˋ
一股勁兒,ㄧ ㄍㄨˇ ㄐㄧㄣˋ ㄦ
一股腦兒,ㄧ ㄍㄨˇ ㄋㄠˇ ㄦ
一肩兒,ㄧ ㄐㄧㄢ ㄦ
一胎生兩三個孩子,ㄧ ㄊㄞ ㄕㄥ ㄌㄧㄤˇ ㄙㄢ ˙ㄍㄜ ㄏㄞˊ ˙ㄗ
一腔熱血,ㄧ ㄑㄧㄤ ㄖㄜˋ ㄒㄩㄝˋ
一舉兩得,ㄧ ㄐㄩˇ ㄌㄧㄤˇ ㄉㄜˊ
一舉數得,ㄧ ㄐㄩˇ ㄕㄨˋ ㄉㄜˊ
一般廢棄物回收清除處理基金會,ㄧ ㄅㄢ ㄈㄟˋ ㄑㄧˋ ㄨˋ ㄏㄨㄟˊ ㄕㄡ ㄑㄧㄥ ㄔㄨˊ ㄔㄨˇ ㄌㄧˇ ㄐㄧ ㄐㄧㄣ ㄏㄨㄟˋ
一著,ㄧ ㄓㄠ
一蒂兒到底,ㄧ ㄉㄧˋ ㄦ ㄉㄠˋ ㄉㄧˇ
一行三昧,ㄧ ㄏㄤˊ ㄙㄢ ㄇㄟˋ
一言中的,ㄧ ㄧㄢˊ ㄓㄨㄥˋ ㄉㄧˋ
一言為定,ㄧ ㄧㄢˊ ㄨㄟˊ ㄉㄧㄥˋ
一言興邦,ㄧ ㄧㄢˊ ㄒㄧㄥ ㄅㄤ
一語中人,ㄧ ㄩˇ ㄓㄨㄥˋ ㄖㄣˊ
一語中的,ㄧ ㄩˇ ㄓㄨㄥˋ ㄉㄧˋ
一語撞倒牆,ㄧ ㄩˇ ㄓㄨㄤˋ ㄉㄠˇ ㄑㄧㄤˊ
一語破的,ㄧ ㄩˇ ㄆㄛˋ ㄉㄧˋ
一走了之,ㄧ ㄗㄡˇ ㄌㄧㄠˇ ㄓ
一蹴可幾,ㄧ ㄘㄨˋ ㄎㄜˇ ㄐㄧ
一蹴而得,ㄧ ㄘㄨˋ ㄦˊ ㄉㄜˊ
一身做不得兩件事,ㄧ ㄕㄣ ㄗㄨㄛˋ ㄅㄨˋ ㄉㄜˊ ㄌㄧㄤˇ ㄐㄧㄢˋ ㄕˋ
一較長短,ㄧ ㄐㄧㄠˋ ㄔㄤˊ ㄉㄨㄢˇ
一輩兒,ㄧ ㄅㄟˋ ㄦ
一轍,ㄧ ㄔㄜˋ
一過眼兒,ㄧ ㄍㄨㄛˋ ㄧㄢˇ ㄦ
一還一報,ㄧ ㄏㄨㄢˊ ㄧ ㄅㄠˋ
一部分,ㄧ ㄅㄨˋ ㄈㄣˋ
一酬一酢,ㄧ ㄔㄡˊ ㄧ ㄗㄨㄛˋ
一銃子性兒,ㄧ ㄔㄨㄥˋ ˙ㄗ ㄒㄧㄥˋ ㄦ
一錘子買賣,ㄧ ㄔㄨㄟˊ ˙ㄗ ㄇㄞˇ ˙ㄇㄞ
一鍬掘個井,ㄧ ㄑㄧㄠ ㄐㄩㄝˊ ˙ㄍㄜ ㄐㄧㄥˇ
一長一短,ㄧ ㄔㄤˊ ㄧ ㄉㄨㄢˇ
一長二短,ㄧ ㄔㄤˊ ㄦˋ ㄉㄨㄢˇ
一長兩短,ㄧ ㄔㄤˊ ㄌㄧㄤˇ ㄉㄨㄢˇ
一零兒,ㄧ ㄌㄧㄥˊ ㄦ
一面倒,ㄧ ㄇㄧㄢˋ ㄉㄠˇ
一面兒官司,ㄧ ㄇㄧㄢˋ ㄦ ㄍㄨㄢ ˙ㄙ
一順兒,ㄧ ㄕㄨㄣˋ ㄦ
一頭兒沉,ㄧ ㄊㄡˊ ㄦ ㄔㄣˊ
一頭撞倒南牆,ㄧ ㄊㄡˊ ㄓㄨㄤˋ ㄉㄠˇ ㄋㄢˊ ㄑㄧㄤˊ
一骨碌,ㄧ ㄍㄨˊ ˙ㄌㄨ
一鱗一爪,ㄧ ㄌㄧㄣˊ ㄧ ㄓㄨㄚˇ
一鱗半爪,ㄧ ㄌㄧㄣˊ ㄅㄢˋ ㄓㄨㄚˇ
一點兒,ㄧ ㄉㄧㄢˇ ㄦ
一點水一個泡,ㄧ ㄉㄧㄢˇ ㄕㄨㄟˇ ㄧ ˙ㄍㄜ ㄆㄠˋ
丁丁,ㄓㄥ ㄓㄥ
丁倒,ㄉㄧㄥ ㄉㄠˇ
丁字兒,ㄉㄧㄥ ㄗˋ ㄦ
丁差,ㄉㄧㄥ ㄔㄞ
丁當,ㄉㄧㄥ ㄉㄤˋ
丁點兒,ㄉㄧㄥ ㄉㄧㄢˇ ㄦ
七了八當,ㄑㄧ ㄌㄧㄠˇ ㄅㄚ ㄉㄤˋ
七事兒,ㄑㄧ ㄕˋ ㄦ
七佛,ㄑㄧ ㄈㄛˊ
七十二地煞,ㄑㄧ ㄕˊ ㄦˋ ㄉㄧˋ ㄕㄚˋ
七十二行,ㄑㄧ ㄕˊ ㄦˋ ㄏㄤˊ
七十子,ㄑㄧ ㄕˊ ㄗˇ
七歪八倒,ㄑㄧ ㄨㄞ ㄅㄚ ㄉㄠˇ
七煞,ㄑㄧ ㄕㄚˋ
七返九還,ㄑㄧ ㄈㄢˇ ㄐㄧㄡˇ ㄏㄨㄢˊ
七長八短,ㄑㄧ ㄔㄤˊ ㄅㄚ ㄉㄨㄢˇ
七零八散,ㄑㄧ ㄌㄧㄥˊ ㄅㄚ ㄙㄢˇ
七顛八倒,ㄑㄧ ㄉㄧㄢ ㄅㄚ ㄉㄠˇ
万俟,ㄇㄛˋ ㄑㄧˊ
丈人行,ㄓㄤˋ ㄖㄣˊ ㄏㄤˊ
丈夫子,ㄓㄤˋ ㄈㄨ ㄗˇ
丈夫有淚不輕彈,ㄓㄤˋ ㄈㄨ ㄧㄡˇ ㄌㄟˋ ㄅㄨˋ ㄑㄧㄥ ㄊㄢˊ
丈量,ㄓㄤˋ ㄌㄧㄤˊ
三七仔,ㄙㄢ ㄑㄧ ㄗˇ
三七兒,ㄙㄢ ㄑㄧ ㄦ
三世佛,ㄙㄢ ㄕˋ ㄈㄛˊ
三乘,ㄙㄢ ㄕㄥˋ
三人抬不過個理字,ㄙㄢ ㄖㄣˊ ㄊㄞˊ ㄅㄨˋ ㄍㄨㄛˋ ˙ㄍㄜ ㄌㄧˇ ㄗˋ
三保太監,ㄙㄢ ㄅㄠˇ ㄊㄞˋ ㄐㄧㄢˋ
三個鼻子管,ㄙㄢ ˙ㄍㄜ ㄅㄧˊ ˙ㄗ ㄍㄨㄢˇ
三傳,ㄙㄢ ㄓㄨㄢˋ
三冠王,ㄙㄢ ㄍㄨㄢˋ ㄨㄤˊ
三十六行,ㄙㄢ ㄕˊ ㄌㄧㄡˋ ㄏㄤˊ
三十年風水輪流轉,ㄙㄢ ㄕˊ ㄋㄧㄢˊ ㄈㄥ ㄕㄨㄟˇ ㄌㄨㄣˊ ㄌㄧㄡˊ ㄓㄨㄢˋ
三千弟子,ㄙㄢ ㄑㄧㄢ ㄉㄧˋ ㄗˇ
三句不離本行,ㄙㄢ ㄐㄩˋ ㄅㄨˋ ㄌㄧˊ ㄅㄣˇ ㄏㄤˊ
三因佛性,ㄙㄢ ㄧㄣ ㄈㄛˊ ㄒㄧㄥˋ
三場,ㄙㄢ ㄔㄤˊ
三天兩頭兒,ㄙㄢ ㄊㄧㄢ ㄌㄧㄤˇ ㄊㄡˊ ㄦ
三娘教子,ㄙㄢ ㄋㄧㄤˊ ㄐㄧㄠˋ ㄗˇ
三差五錯,ㄙㄢ ㄔㄚ ㄨˇ ㄘㄨㄛˋ
三差兩錯,ㄙㄢ ㄔㄚ ㄌㄧㄤˇ ㄘㄨㄛˋ
三希堂法帖,ㄙㄢ ㄒㄧ ㄊㄤˊ ㄈㄚˇ ㄊㄧㄝˋ
三年之喪,ㄙㄢ ㄋㄧㄢˊ ㄓ ㄙㄤ
三年五載,ㄙㄢ ㄋㄧㄢˊ ㄨˇ ㄗㄞˇ
三復,ㄙㄢˋ ㄈㄨˋ
三復斯言,ㄙㄢˋ ㄈㄨˋ ㄙ ㄧㄢˊ
三復白圭,ㄙㄢˋ ㄈㄨˋ ㄅㄞˊ ㄍㄨㄟ
三徵七辟,ㄙㄢ ㄓㄥ ㄑㄧ ㄅㄧˋ
三思,ㄙㄢˋ ㄙ
三思而行,ㄙㄢˋ ㄙ ㄦˊ ㄒㄧㄥˊ
三思臺,ㄙㄢˋ ㄙ ㄊㄞˊ
三戰三北,ㄙㄢ ㄓㄢˋ ㄙㄢ ㄅㄛˋ
三折肱為良醫,ㄙㄢ ㄓㄜˊ ㄍㄨㄥ ㄨㄟˊ ㄌㄧㄤˊ ㄧ
三更,ㄙㄢ ㄍㄥ
三更半夜,ㄙㄢ ㄍㄥ ㄅㄢˋ ㄧㄝˋ
三更四鼓,ㄙㄢ ㄍㄥ ㄙˋ ㄍㄨˇ
三更燈火五更雞,ㄙㄢ ㄍㄥ ㄉㄥ ㄏㄨㄛˇ ㄨˇ ㄍㄥ ㄐㄧ
三朝五日,ㄙㄢ ㄓㄠ ㄨˇ ㄖˋ
三框闌兒,ㄙㄢ ㄎㄨㄤ ㄌㄢˊ ㄦ
三清道觀,ㄙㄢ ㄑㄧㄥ ㄉㄠˋ ㄍㄨㄢˋ
三災八難,ㄙㄢ ㄗㄞ ㄅㄚ ㄋㄢˋ
三百六十行,ㄙㄢ ㄅㄞˇ ㄌㄧㄡˋ ㄕˊ ㄏㄤˊ
三相,ㄙㄢ ㄒㄧㄤˋ
三省,ㄙㄢ ㄒㄧㄥˇ
三腳蝦蟆沒處尋,ㄙㄢ ㄐㄧㄠˇ ㄏㄚˊ ˙ㄇㄚ ㄇㄟˊ ㄔㄨˋ ㄒㄩㄣˊ
三舍,ㄙㄢ ㄕㄜˋ
三藏,ㄙㄢ ㄗㄤˋ
三藏法師,ㄙㄢ ㄗㄤˋ ㄈㄚˇ ㄕ
三藏法師傳,ㄙㄢ ㄗㄤˋ ㄈㄚˇ ㄕ ㄓㄨㄢˋ
三藐三佛陀,ㄙㄢ ㄇㄧㄠˇ ㄙㄢ ㄈㄛˊ ㄊㄨㄛˊ
三行,ㄙㄢ ㄏㄤˊ
三角測量,ㄙㄢ ㄐㄧㄠˇ ㄘㄜˋ ㄌㄧㄤˊ
三郎爺爺,ㄙㄢ ㄌㄤˊ ㄧㄝˊ ˙ㄧㄝ
三部曲,ㄙㄢ ㄅㄨˋ ㄑㄩˇ
三都賦,ㄙㄢ ㄉㄨ ㄈㄨˋ
三重,ㄙㄢ ㄔㄨㄥˊ
三重埔,ㄙㄢ ㄔㄨㄥˊ ㄆㄨˇ
三重門,ㄙㄢ ㄔㄨㄥˊ ㄇㄣˊ
三長兩短,ㄙㄢ ㄔㄤˊ ㄌㄧㄤˇ ㄉㄨㄢˇ
三長齋月,ㄙㄢ ㄔㄤˊ ㄓㄞ ㄩㄝˋ
三階佛法,ㄙㄢ ㄐㄧㄝ ㄈㄛˊ ㄈㄚˇ
三點水兒,ㄙㄢ ㄉㄧㄢˇ ㄕㄨㄟˇ ㄦ
上不了臺面,ㄕㄤˋ ㄅㄨˋ ㄌㄧㄠˇ ㄊㄞˊ ㄇㄧㄢˋ
上不得臺盤,ㄕㄤˋ ㄅㄨˋ ㄉㄜˊ ㄊㄞˊ ㄆㄢˊ
上乘,ㄕㄤˋ ㄕㄥˋ
上了歲數,ㄕㄤˋ ˙ㄌㄜ ㄙㄨㄟˋ ˙ㄕㄨ
上人兒,ㄕㄤˋ ㄖㄣˊ ㄦ
上來,ㄕㄤˋ ˙ㄌㄞ
上供,ㄕㄤˋ ㄍㄨㄥˋ
上分,ㄕㄤˋ ˙ㄈㄣ
上剎,ㄕㄤˋ ㄔㄚˋ
上去,ㄕㄤˋ ˙ㄑㄩ
上吐下瀉,ㄕㄤˋ ㄊㄨˋ ㄒㄧㄚˋ ㄒㄧㄝˋ
上場,ㄕㄤˋ ㄔㄤˊ
上場門兒,ㄕㄤˋ ㄔㄤˊ ㄇㄣˊ ㄦ
上天有好生之德,ㄕㄤˋ ㄊㄧㄢ ㄧㄡˇ ㄏㄠˋ ㄕㄥ ㄓ ㄉㄜˊ
上將,ㄕㄤˋ ㄐㄧㄤˋ
上尖兒,ㄕㄤˋ ㄐㄧㄢ ㄦ
上年紀,ㄕㄤˋ ㄋㄧㄢˊ ˙ㄐㄧ
上座兒,ㄕㄤˋ ㄗㄨㄛˋ ㄦ
上座部佛教,ㄕㄤˋ ㄗㄨㄛˋ ㄅㄨˋ ㄈㄛˊ ㄐㄧㄠˋ
上朝取應,ㄕㄤˋ ㄔㄠˊ ㄑㄩˇ ㄧㄥˋ
上歲數兒,ㄕㄤˋ ㄙㄨㄟˋ ˙ㄕㄨ ㄦ
上清童子,ㄕㄤˋ ㄑㄧㄥ ㄊㄨㄥˊ ㄗˇ
上當,ㄕㄤˋ ㄉㄤˋ
上疏,ㄕㄤˋ ㄕㄨˋ
上相,ㄕㄤˋ ㄒㄧㄤˋ
上知,ㄕㄤˋ ㄓˋ
上聲,ㄕㄤˇ ㄕㄥ
上舍,ㄕㄤˋ ㄕㄜˋ
上行,ㄕㄤˋ ㄏㄤˊ
上邊,ㄕㄤˋ ˙ㄅㄧㄢ
上都,ㄕㄤˋ ㄉㄨ
上門的買賣好做,ㄕㄤˋ ㄇㄣˊ ˙ㄉㄜ ㄇㄞˇ ˙ㄇㄞ ㄏㄠˇ ㄗㄨㄛˋ
上面,ㄕㄤˋ ˙ㄇㄧㄢ
上頭,ㄕㄤˋ ˙ㄊㄡ
上頭鋪臉,ㄕㄤˋ ㄊㄡˊ ㄆㄨ ㄌㄧㄢˇ
下不了臺,ㄒㄧㄚˋ ㄅㄨˋ ㄌㄧㄠˇ ㄊㄞˊ
下不為例,ㄒㄧㄚˋ ㄅㄨˋ ㄨㄟˊ ㄌㄧˋ
下乘,ㄒㄧㄚˋ ㄕㄥˋ
下作,ㄒㄧㄚˋ ˙ㄗㄨㄛ
下功夫,ㄒㄧㄚˋ ㄍㄨㄥ ˙ㄈㄨ
下去,ㄒㄧㄚˋ ˙ㄑㄩ
下場,ㄒㄧㄚˋ ˙ㄔㄤ
下場白,ㄒㄧㄚˋ ㄔㄤˊ ㄅㄞˊ
下場門,ㄒㄧㄚˋ ㄔㄤˊ ㄇㄣˊ
下場頭,ㄒㄧㄚˋ ˙ㄔㄤ ㄊㄡˊ
下子,ㄒㄧㄚˋ ㄗˇ
下工夫,ㄒㄧㄚˋ ㄍㄨㄥ ˙ㄈㄨ
下巴,ㄒㄧㄚˋ ˙ㄅㄚ
下巴頦,ㄒㄧㄚˋ ˙ㄅㄚ ㄎㄜ
下帖子,ㄒㄧㄚˋ ㄊㄧㄝˇ ˙ㄗ
下板兒,ㄒㄧㄚˋ ㄅㄢˇ ㄦ
下椗,ㄒㄧㄚˋ ㄉㄧㄥˋ
下溜頭,ㄒㄧㄚˋ ㄌㄧㄡ ˙ㄊㄡ
下腳兒,ㄒㄧㄚˋ ㄐㄧㄠˇ ㄦ
下處,ㄒㄧㄚˋ ˙ㄔㄨ
下都,ㄒㄧㄚˋ ㄉㄨ
下頭,ㄒㄧㄚˋ ˙ㄊㄡ
下頭人,ㄒㄧㄚˋ ˙ㄊㄡ ㄖㄣˊ
下飯菜兒,ㄒㄧㄚˋ ㄈㄢˋ ㄘㄞˋ ㄦ
不中使,ㄅㄨˋ ㄓㄨㄥˋ ㄕˇ
不中意,ㄅㄨˋ ㄓㄨㄥˋ ㄧˋ
不中抬舉,ㄅㄨˋ ㄓㄨㄥˋ ㄊㄞˊ ㄐㄩˇ
不中相與,ㄅㄨˋ ㄓㄨㄥˋ ㄒㄧㄤ ㄩˇ
不中聽,ㄅㄨˋ ㄓㄨㄥˋ ㄊㄧㄥ
不乾性油,ㄅㄨˋ ㄍㄢ ㄒㄧㄥˋ ㄧㄡˊ
不了,ㄅㄨˋ ㄌㄧㄠˇ
不了之局,ㄅㄨˋ ㄌㄧㄠˇ ㄓ ㄐㄩˊ
不了了之,ㄅㄨˋ ㄌㄧㄠˇ ㄌㄧㄠˇ ㄓ
不了了當,ㄅㄨˋ ㄌㄧㄠˇ ㄌㄧㄠˇ ㄉㄤˋ
不了情,ㄅㄨˋ ㄌㄧㄠˇ ㄑㄧㄥˊ
不了漢,ㄅㄨˋ ㄌㄧㄠˇ ㄏㄢˋ
不了解,ㄅㄨˋ ㄌㄧㄠˇ ㄐㄧㄝˇ
不什,ㄅㄨˋ ㄕㄜˊ
不付得,ㄅㄨˋ ㄈㄨˋ ㄉㄜˊ
不以為,ㄅㄨˋ ㄧˇ ㄨㄟˊ
不以為奇,ㄅㄨˋ ㄧˇ ㄨㄟˊ ㄑㄧˊ
不以為忤,ㄅㄨˋ ㄧˇ ㄨㄟˊ ㄨˇ
不以為意,ㄅㄨˋ ㄧˇ ㄨㄟˊ ㄧˋ
不以為然,ㄅㄨˋ ㄧˇ ㄨㄟˊ ㄖㄢˊ
不以為苦,ㄅㄨˋ ㄧˇ ㄨㄟˊ ㄎㄨˇ
不作為,ㄅㄨˋ ㄗㄨㄛˋ ㄨㄟˊ
不作為犯,ㄅㄨˋ ㄗㄨㄛˋ ㄨㄟˊ ㄈㄢˋ
不作為違警,ㄅㄨˋ ㄗㄨㄛˋ ㄨㄟˊ ㄨㄟˊ ㄐㄧㄥˇ
不作興,ㄅㄨˋ ㄗㄨㄛˋ ㄒㄧㄥ
不供,ㄅㄨˋ ㄍㄨㄥˋ
不修帷薄,ㄅㄨˋ ㄒㄧㄡ ㄨㄟˊ ㄅㄛˊ
不倒,ㄅㄨˋ ㄉㄠˇ
不倒口,ㄅㄨˋ ㄉㄠˇ ㄎㄡˇ
不倒翁,ㄅㄨˋ ㄉㄠˇ ㄨㄥ
不假外出,ㄅㄨˋ ㄐㄧㄚˋ ㄨㄞˋ ㄔㄨ
不停當,ㄅㄨˋ ㄊㄧㄥˊ ㄉㄤˋ
不偢不倸,ㄅㄨˋ ㄔㄡˇ ㄅㄨˋ ㄘㄞˇ
不分主從,ㄅㄨˋ ㄈㄣ ㄓㄨˇ ㄗㄨㄥˋ
不剌,ㄅㄨˋ ㄌㄚˋ
不剌剌,ㄅㄨˋ ㄌㄚˋ ㄌㄚˋ
不勝之態,ㄅㄨˋ ㄕㄥ ㄓ ㄊㄞˋ
不勝其擾,ㄅㄨˋ ㄕㄥ ㄑㄧˊ ㄖㄠˇ
不勝其煩,ㄅㄨˋ ㄕㄥ ㄑㄧˊ ㄈㄢˊ
不勝唏噓,ㄅㄨˋ ㄕㄥ ㄒㄧ ㄒㄩ
不勝感喟,ㄅㄨˋ ㄕㄥ ㄍㄢˇ ㄎㄨㄟˋ
不勝春,ㄅㄨˋ ㄕㄥ ㄔㄨㄣ
不勝枚舉,ㄅㄨˋ ㄕㄥ ㄇㄟˊ ㄐㄩˇ
不勝衣,ㄅㄨˋ ㄕㄥ ㄧ
不勝負荷,ㄅㄨˋ ㄕㄥ ㄈㄨˋ ㄏㄜˋ
不勝酒力,ㄅㄨˋ ㄕㄥ ㄐㄧㄡˇ ㄌㄧˋ
不勾,ㄅㄨˋ ㄍㄡˋ
不匱,ㄅㄨˋ ㄎㄨㄟˋ
不受抬舉,ㄅㄨˋ ㄕㄡˋ ㄊㄞˊ ˙ㄐㄩ
不受用,ㄅㄨˋ ㄕㄡˋ ˙ㄩㄥ
不可勝原,ㄅㄨˋ ㄎㄜˇ ㄕㄥ ㄩㄢˊ
不可勝數,ㄅㄨˋ ㄎㄜˇ ㄕㄥ ㄕㄨˇ
不可勝書,ㄅㄨˋ ㄎㄜˇ ㄕㄥ ㄕㄨ
不可勝紀,ㄅㄨˋ ㄎㄜˇ ㄕㄥ ㄐㄧˋ
不可勝言,ㄅㄨˋ ㄎㄜˇ ㄕㄥ ㄧㄢˊ
不可勝計,ㄅㄨˋ ㄎㄜˇ ㄕㄥ ㄐㄧˋ
不可勝記,ㄅㄨˋ ㄎㄜˇ ㄕㄥ ㄐㄧˋ
不可多得,ㄅㄨˋ ㄎㄜˇ ㄉㄨㄛ ㄉㄜˊ
不可得,ㄅㄨˋ ㄎㄜˇ ㄉㄜˊ
不可數,ㄅㄨˋ ㄎㄜˇ ㄕㄨˇ
不可為,ㄅㄨˋ ㄎㄜˇ ㄨㄟˊ
不可逆反應,ㄅㄨˋ ㄎㄜˇ ㄋㄧˋ ㄈㄢˇ ㄧㄥˋ
不可限量,ㄅㄨˋ ㄎㄜˇ ㄒㄧㄢˋ ㄌㄧㄤˊ
不君子,ㄅㄨˋ ㄐㄩㄣ ㄗˇ
不吝賜教,ㄅㄨˋ ㄌㄧㄣˋ ㄙˋ ㄐㄧㄠˋ
不含糊,ㄅㄨˋ ㄏㄢˊ ˙ㄏㄨ
不唧𠺕,ㄅㄨˋ ㄐㄧ ㄌㄧㄡ
不在場證明,ㄅㄨˋ ㄗㄞˋ ㄔㄤˊ ㄓㄥˋ ㄇㄧㄥˊ
不在行,ㄅㄨˋ ㄗㄞˋ ㄏㄤˊ
不地著,ㄅㄨˋ ㄉㄧˋ ㄓㄨㄛˊ
不堪負荷,ㄅㄨˋ ㄎㄢ ㄈㄨˋ ㄏㄜˋ
不多一會兒工夫,ㄅㄨˋ ㄉㄨㄛ ㄧ ㄏㄨㄟˇ ㄦ ㄍㄨㄥ ˙ㄈㄨ
不多工夫,ㄅㄨˋ ㄉㄨㄛ ㄍㄨㄥ ˙ㄈㄨ
不夠數兒,ㄅㄨˋ ㄍㄡˋ ㄕㄨˋ ㄦ
不大客氣,ㄅㄨˋ ㄉㄚˋ ㄎㄜˋ ˙ㄑㄧ
不失為,ㄅㄨˋ ㄕ ㄨㄟˊ
不好意思,ㄅㄨˋ ㄏㄠˇ ㄧˋ ˙ㄙ
不好言笑,ㄅㄨˋ ㄏㄠˋ ㄧㄢˊ ㄒㄧㄠˋ
不婚媽媽,ㄅㄨˋ ㄏㄨㄣ ㄇㄚ ˙ㄇㄚ
不孝子,ㄅㄨˋ ㄒㄧㄠˋ ㄗˇ
不學亡術,ㄅㄨˋ ㄒㄩㄝˊ ㄨˊ ㄕㄨˋ
不守本分,ㄅㄨˋ ㄕㄡˇ ㄅㄣˇ ㄈㄣˋ
不守細行,ㄅㄨˋ ㄕㄡˇ ㄒㄧˋ ㄒㄧㄥˋ
不安分,ㄅㄨˋ ㄢ ㄈㄣˋ
不安本分,ㄅㄨˋ ㄢ ㄅㄣˇ ㄈㄣˋ
不完全給付,ㄅㄨˋ ㄨㄢˊ ㄑㄩㄢˊ ㄐㄧˇ ㄈㄨˋ
不定冠詞,ㄅㄨˋ ㄉㄧㄥˋ ㄍㄨㄢˋ ㄘˊ
不對碴兒,ㄅㄨˋ ㄉㄨㄟˋ ㄔㄚˊ ㄦ
不對茆荀兒,ㄅㄨˋ ㄉㄨㄟˋ ㄇㄠˇ ㄒㄩㄣˊ ㄦ
不差,ㄅㄨˋ ㄔㄚ
不差不錯,ㄅㄨˋ ㄔㄚ ㄅㄨˋ ㄘㄨㄛˋ
不差什麼,ㄅㄨˋ ㄔㄚ ㄕㄣˊ ˙ㄇㄜ
不差毫釐,ㄅㄨˋ ㄔㄚ ㄏㄠˊ ㄌㄧˊ
不差毫髮,ㄅㄨˋ ㄔㄚ ㄏㄠˊ ㄈㄚˇ
不差累黍,ㄅㄨˋ ㄔㄚ ㄌㄟˇ ㄕㄨˇ
不帶頭巾男子漢,ㄅㄨˋ ㄉㄞˋ ㄊㄡˊ ㄐㄧㄣ ㄋㄢˊ ㄗˇ ㄏㄢˋ
不弟,ㄅㄨˋ ㄊㄧˋ
不徇顏面,ㄅㄨˋ ㄒㄩㄣˊ ㄧㄢˊ ㄇㄧㄢˋ
不得,ㄅㄨˋ ㄉㄜˊ
不得不,ㄅㄨˋ ㄉㄜˊ ㄅㄨˋ
不得主意,ㄅㄨˋ ㄉㄜˊ ㄓㄨˇ ˙ㄧ
不得了,ㄅㄨˋ ㄉㄜˊ ㄌㄧㄠˇ
不得人心,ㄅㄨˋ ㄉㄜˊ ㄖㄣˊ ㄒㄧㄣ
不得便,ㄅㄨˋ ㄉㄜˊ ㄅㄧㄢˋ
不得其死,ㄅㄨˋ ㄉㄜˊ ㄑㄧˊ ㄙˇ
不得其門而入,ㄅㄨˋ ㄉㄜˊ ㄑㄧˊ ㄇㄣˊ ㄦˊ ㄖㄨˋ
不得勁,ㄅㄨˋ ㄉㄜˊ ㄐㄧㄣˋ
不得善終,ㄅㄨˋ ㄉㄜˊ ㄕㄢˋ ㄓㄨㄥ
不得地,ㄅㄨˋ ㄉㄜˊ ㄉㄧˋ
不得好死,ㄅㄨˋ ㄉㄜˊ ㄏㄠˇ ㄙˇ
不得安穩,ㄅㄨˋ ㄉㄜˊ ㄢ ㄨㄣˇ
不得安身,ㄅㄨˋ ㄉㄜˊ ㄢ ㄕㄣ
不得已,ㄅㄨˋ ㄉㄜˊ ㄧˇ
不得志,ㄅㄨˋ ㄉㄜˊ ㄓˋ
不得意,ㄅㄨˋ ㄉㄜˊ ㄧˋ
不得有誤,ㄅㄨˋ ㄉㄜˊ ㄧㄡˇ ㄨˋ
不得有違,ㄅㄨˋ ㄉㄜˊ ㄧㄡˇ ㄨㄟˊ
不得空,ㄅㄨˋ ㄉㄜˊ ㄎㄨㄥˋ
不得而知,ㄅㄨˋ ㄉㄜˊ ㄦˊ ㄓ
不得臉,ㄅㄨˋ ㄉㄜˊ ㄌㄧㄢˇ
不得臺盤,ㄅㄨˋ ㄉㄜˊ ㄊㄞˊ ㄆㄢˊ
不得要領,ㄅㄨˋ ㄉㄜˊ ㄧㄠˋ ㄌㄧㄥˇ
不得開交,ㄅㄨˋ ㄉㄜˊ ㄎㄞ ㄐㄧㄠ
不得閒,ㄅㄨˋ ㄉㄜˊ ㄒㄧㄢˊ
不念荷戈,ㄅㄨˋ ㄋㄧㄢˋ ㄏㄜˋ ㄍㄜ
不怕臊,ㄅㄨˋ ㄆㄚˋ ㄙㄠˋ
不怯氣,ㄅㄨˋ ㄑㄩㄝˋ ㄑㄧˋ
不成模樣,ㄅㄨˋ ㄔㄥˊ ㄇㄨˊ ㄧㄤˋ
不成為君,ㄅㄨˋ ㄔㄥˊ ㄨㄟˊ ㄐㄩㄣ
不戴帽兒的漢子,ㄅㄨˋ ㄉㄞˋ ㄇㄠˋ ㄦ ˙ㄉㄜ ㄏㄢˋ ˙ㄗ
不戴頭巾男子漢,ㄅㄨˋ ㄉㄞˋ ㄊㄡˊ ㄐㄧㄣ ㄋㄢˊ ㄗˇ ㄏㄢˋ
不打量,ㄅㄨˋ ㄉㄚˇ ˙ㄌㄧㄤ
不把將軍為神道,ㄅㄨˋ ㄅㄚˇ ㄐㄧㄤ ㄐㄩㄣ ㄨㄟˊ ㄕㄣˊ ㄉㄠˋ
不拘細行,ㄅㄨˋ ㄐㄩ ㄒㄧˋ ㄒㄧㄥˋ
不支倒地,ㄅㄨˋ ㄓ ㄉㄠˇ ㄉㄧˋ
不數,ㄅㄨˋ ㄕㄨˇ
不是了處,ㄅㄨˋ ㄕˋ ㄌㄧㄠˇ ㄔㄨˋ
不是個兒,ㄅㄨˋ ㄕˋ ㄍㄜˋ ㄦ
不是東西,ㄅㄨˋ ㄕˋ ㄉㄨㄥ ˙ㄒㄧ
不是樣兒,ㄅㄨˋ ㄕˋ ㄧㄤˋ ㄦ
不是玩兒的,ㄅㄨˋ ㄕˋ ㄨㄢˊ ㄦ ˙ㄉㄜ
不更事,ㄅㄨˋ ㄐㄧㄥ ㄕˋ
不杖期夫,ㄅㄨˋ ㄓㄤˋ ㄐㄧ ㄈㄨ
不正經,ㄅㄨˋ ㄓㄥˋ ˙ㄐㄧㄥ
不殺,ㄅㄨˋ ㄕㄞˋ
不氣長,ㄅㄨˋ ㄑㄧˋ ㄔㄤˊ
不求聞達,ㄅㄨˋ ㄑㄧㄡˊ ㄨㄣˋ ㄉㄚˊ
不求自得,ㄅㄨˋ ㄑㄧㄡˊ ㄗˋ ㄉㄜˊ
不法行為,ㄅㄨˋ ㄈㄚˇ ㄒㄧㄥˊ ㄨㄟˊ
不消得,ㄅㄨˋ ㄒㄧㄠ ㄉㄜˊ
不為,ㄅㄨˋ ㄨㄟˊ
不為人下,ㄅㄨˋ ㄨㄟˊ ㄖㄣˊ ㄒㄧㄚˋ
不為人用,ㄅㄨˋ ㄨㄟˊ ㄖㄣˊ ㄩㄥˋ
不為利誘,ㄅㄨˋ ㄨㄟˊ ㄌㄧˋ ㄧㄡˋ
不為已甚,ㄅㄨˋ ㄨㄟˊ ㄧˇ ㄕㄣˋ
不為所動,ㄅㄨˋ ㄨㄟˊ ㄙㄨㄛˇ ㄉㄨㄥˋ
不為過,ㄅㄨˋ ㄨㄟˊ ㄍㄨㄛˋ
不為難,ㄅㄨˋ ㄨㄟˊ ㄋㄢˊ
不犯著,ㄅㄨˋ ㄈㄢˋ ㄓㄠˊ
不甚了了,ㄅㄨˋ ㄕㄣˋ ㄌㄧㄠˇ ㄌㄧㄠˇ
不用本錢的勾當,ㄅㄨˋ ㄩㄥˋ ㄅㄣˇ ㄑㄧㄢˊ ˙ㄉㄜ ㄍㄡˋ ˙ㄉㄤ
不用著急,ㄅㄨˋ ㄩㄥˋ ㄓㄠ ㄐㄧˊ
不當,ㄅㄨˋ ㄉㄤˋ
不當人化化,ㄅㄨˋ ㄉㄤ ㄖㄣˊ ㄏㄨㄚ ㄏㄨㄚ
不當人子,ㄅㄨˋ ㄉㄤ ㄖㄣˊ ㄗˇ
不當家化化,ㄅㄨˋ ㄉㄤ ㄐㄧㄚ ㄏㄨㄚ ㄏㄨㄚ
不當家豁拉,ㄅㄨˋ ㄉㄤ ㄐㄧㄚ ㄏㄨㄚˊ ㄌㄚ
不當數,ㄅㄨˋ ㄉㄤˋ ㄕㄨˋ
不當準,ㄅㄨˋ ㄉㄤˋ ㄓㄨㄣˇ
不當穩便,ㄅㄨˋ ㄉㄤˋ ㄨㄣˇ ㄅㄧㄢˋ
不當耍處,ㄅㄨˋ ㄉㄤ ㄕㄨㄚˇ ㄔㄨˇ
不疑誣金,ㄅㄨˋ ㄧˊ ㄨˊ ㄐㄧㄣ
不的,ㄅㄨˋ ㄉㄧˊ
不的個風兒就雨兒,ㄅㄨˋ ˙ㄉㄜ ˙ㄍㄜ ㄈㄥ ㄦ ㄐㄧㄡˋ ㄩˇ ㄦ
不相稱,ㄅㄨˋ ㄒㄧㄤ ㄔㄥˋ
不省,ㄅㄨˋ ㄒㄧㄥˇ
不省事,ㄅㄨˋ ㄒㄧㄥˇ ㄕˋ
不省人事,ㄅㄨˋ ㄒㄧㄥˇ ㄖㄣˊ ㄕˋ
不省得,ㄅㄨˋ ㄒㄧㄥˇ ˙ㄉㄜ
不看僧面看佛面,ㄅㄨˋ ㄎㄢˋ ㄙㄥ ㄇㄧㄢˋ ㄎㄢˋ ㄈㄛˊ ㄇㄧㄢˋ
不看金面看佛面,ㄅㄨˋ ㄎㄢˋ ㄐㄧㄣ ㄇㄧㄢˋ ㄎㄢˋ ㄈㄛˊ ㄇㄧㄢˋ
不矜不伐,ㄅㄨˋ ㄐㄧㄣ ㄅㄨˋ ㄈㄚˊ
不矜細行,ㄅㄨˋ ㄐㄧㄣ ㄒㄧˋ ㄒㄧㄥˋ
不知一個頭腦,ㄅㄨˋ ㄓ ㄧ ˙ㄍㄜ ㄊㄡˊ ㄋㄠˇ
不知分限,ㄅㄨˋ ㄓ ㄈㄣˋ ㄒㄧㄢˋ
不知葫蘆裡賣甚麼藥,ㄅㄨˋ ㄓ ㄏㄨˊ ㄌㄨˊ ㄌㄧˇ ㄇㄞˋ ㄕㄣˊ ˙ㄇㄜ ㄧㄠˋ
不知起倒,ㄅㄨˋ ㄓ ㄑㄧˇ ㄉㄠˇ
不知顛倒,ㄅㄨˋ ㄓ ㄉㄧㄢ ㄉㄠˇ
不禁,ㄅㄨˋ ㄐㄧㄣ
不禁技癢,ㄅㄨˋ ㄐㄧㄣ ㄐㄧˋ ㄧㄤˇ
不稂不莠,ㄅㄨˋ ㄌㄤˊ ㄅㄨˋ ㄧㄡˇ
不稱心,ㄅㄨˋ ㄔㄥˋ ㄒㄧㄣ
不稱職,ㄅㄨˋ ㄔㄥˋ ㄓˊ
不答腔,ㄅㄨˋ ㄉㄚ ㄑㄧㄤ
不終朝,ㄅㄨˋ ㄓㄨㄥ ㄓㄠ
不結實,ㄅㄨˋ ㄐㄧㄝ ˙ㄕ
不給,ㄅㄨˋ ㄐㄧˇ
不經事少年,ㄅㄨˋ ㄐㄧㄥ ㄕˋ ㄕㄠˋ ㄋㄧㄢˊ
不繆,ㄅㄨˋ ㄇㄧㄡˋ
不老長生,ㄅㄨˋ ㄌㄠˇ ㄔㄤˊ ㄕㄥ
不肖子,ㄅㄨˋ ㄒㄧㄠˋ ㄗˇ
不肖子孫,ㄅㄨˋ ㄒㄧㄠˋ ㄗˇ ㄙㄨㄣ
不能勝數,ㄅㄨˋ ㄋㄥˊ ㄕㄥ ㄕㄨˇ
不能為,ㄅㄨˋ ㄋㄥˊ ㄨㄟˊ
不能盡數,ㄅㄨˋ ㄋㄥˊ ㄐㄧㄣˋ ㄕㄨˇ
不能自給,ㄅㄨˋ ㄋㄥˊ ㄗˋ ㄐㄧˇ
不臊,ㄅㄨˋ ㄙㄠˋ
不自禁,ㄅㄨˋ ㄗˋ ㄐㄧㄣ
不興,ㄅㄨˋ ㄒㄧㄥ
不舒坦,ㄅㄨˋ ㄕㄨ ˙ㄊㄢ
不舒服,ㄅㄨˋ ㄕㄨ ˙ㄈㄨ
不良分子,ㄅㄨˋ ㄌㄧㄤˊ ㄈㄣˋ ㄗˇ
不良少年,ㄅㄨˋ ㄌㄧㄤˊ ㄕㄠˋ ㄋㄧㄢˊ
不良適應,ㄅㄨˋ ㄌㄧㄤˊ ㄕˋ ㄧㄥˋ
不著,ㄅㄨˋ ㄓㄠˊ
不著一字,ㄅㄨˋ ㄓㄨㄛˊ ㄧ ㄗˋ
不著不落,ㄅㄨˋ ㄓㄨㄛˊ ㄅㄨˋ ㄌㄨㄛˋ
不著人,ㄅㄨˋ ㄓㄨㄛˊ ㄖㄣˊ
不著家,ㄅㄨˋ ㄓㄨㄛˊ ㄐㄧㄚ
不著忙,ㄅㄨˋ ㄓㄠˊ ㄇㄤˊ
不著急,ㄅㄨˋ ㄓㄠ ㄐㄧˊ
不著情,ㄅㄨˋ ㄓㄨㄛˊ ㄑㄧㄥˊ
不著意,ㄅㄨˋ ㄓㄨㄛˊ ㄧˋ
不著疼熱,ㄅㄨˋ ㄓㄨㄛˊ ㄊㄥˊ ㄖㄜˋ
不著痕跡,ㄅㄨˋ ㄓㄨㄛˊ ㄏㄣˊ ㄐㄧ
不著痛癢,ㄅㄨˋ ㄓㄨㄛˊ ㄊㄨㄥˋ ㄧㄤˇ
不著筋節,ㄅㄨˋ ㄓㄨㄛˊ ㄐㄧㄣ ㄐㄧㄝˊ
不著腳,ㄅㄨˋ ㄓㄨㄛˊ ㄐㄧㄠˇ
不著要,ㄅㄨˋ ㄓㄨㄛˊ ㄧㄠˋ
不著親,ㄅㄨˋ ㄓㄨㄛˊ ㄑㄧㄣ
不著調,ㄅㄨˋ ㄓㄨㄛˊ ㄉㄧㄠˋ
不著邊際,ㄅㄨˋ ㄓㄨㄛˊ ㄅㄧㄢ ㄐㄧˋ
不著領頂兒,ㄅㄨˋ ㄓㄨㄛˊ ㄌㄧㄥˇ ㄉㄧㄥˇ ㄦ
不著頭頂兒,ㄅㄨˋ ㄓㄨㄛˊ ㄊㄡˊ ㄉㄧㄥˇ ㄦ
不薄,ㄅㄨˋ ㄅㄛˊ
不處,ㄅㄨˋ ㄔㄨˇ
不虞匱乏,ㄅㄨˋ ㄩˊ ㄎㄨㄟˋ ㄈㄚˊ
不裹頭巾的婆婆,ㄅㄨˋ ㄍㄨㄛˇ ㄊㄡˊ ㄐㄧㄣ ˙ㄉㄜ ㄆㄛˊ ˙ㄆㄛ
不見經傳,ㄅㄨˋ ㄐㄧㄢˋ ㄐㄧㄥ ㄓㄨㄢˋ
不言語,ㄅㄨˋ ㄧㄢˊ ˙ㄩ
不計得失,ㄅㄨˋ ㄐㄧˋ ㄉㄜˊ ㄕ
不記省,ㄅㄨˋ ㄐㄧˋ ㄒㄧㄥˇ
不誣,ㄅㄨˋ ㄨˊ
不調勻,ㄅㄨˋ ㄊㄧㄠˊ ㄩㄣˊ
不調貼,ㄅㄨˋ ㄊㄧㄠˊ ㄊㄧㄝ
不諧當,ㄅㄨˋ ㄒㄧㄝˊ ㄉㄤˋ
不識抬舉,ㄅㄨˋ ㄕˋ ㄊㄞˊ ˙ㄐㄩ
不識相,ㄅㄨˋ ㄕˋ ㄒㄧㄤˋ
不識起倒,ㄅㄨˋ ㄕˋ ㄑㄧˇ ㄉㄠˇ
不護細行,ㄅㄨˋ ㄏㄨˋ ㄒㄧˋ ㄒㄧㄥˋ
不豐不殺,ㄅㄨˋ ㄈㄥ ㄅㄨˋ ㄕㄞˋ
不賢都頭,ㄅㄨˋ ㄒㄧㄢˊ ㄉㄨ ㄊㄡˊ
不起訴處分,ㄅㄨˋ ㄑㄧˇ ㄙㄨˋ ㄔㄨˇ ㄈㄣˋ
不足為奇,ㄅㄨˋ ㄗㄨˊ ㄨㄟˊ ㄑㄧˊ
不足為怪,ㄅㄨˋ ㄗㄨˊ ㄨㄟˊ ㄍㄨㄞˋ
不足為慮,ㄅㄨˋ ㄗㄨˊ ㄨㄟˊ ㄌㄩˋ
不足為憑,ㄅㄨˋ ㄗㄨˊ ㄨㄟˊ ㄆㄧㄥˊ
不足為據,ㄅㄨˋ ㄗㄨˊ ㄨㄟˊ ㄐㄩˋ
不足為訓,ㄅㄨˋ ㄗㄨˊ ㄨㄟˊ ㄒㄩㄣˋ
不足為道,ㄅㄨˋ ㄗㄨˊ ㄨㄟˊ ㄉㄠˋ
不足齒數,ㄅㄨˋ ㄗㄨˊ ㄔˇ ㄕㄨˇ
不逮,ㄅㄨˋ ㄉㄞˋ
不逮人倫,ㄅㄨˋ ㄉㄞˋ ㄖㄣˊ ㄌㄨㄣˊ
不逮捕特權,ㄅㄨˋ ㄉㄞˋ ㄅㄨˇ ㄊㄜˋ ㄑㄩㄢˊ
不遑寧處,ㄅㄨˋ ㄏㄨㄤˊ ㄋㄧㄥˊ ㄔㄨˇ
不還,ㄅㄨˋ ㄏㄨㄢˊ
不量,ㄅㄨˋ ㄌㄧㄤˊ
不阿,ㄅㄨˋ ㄜ
不露神色,ㄅㄨˋ ㄌㄡˋ ㄕㄣˊ ㄙㄜˋ
不露聲色,ㄅㄨˋ ㄌㄡˋ ㄕㄥ ㄙㄜˋ
不露身手,ㄅㄨˋ ㄌㄡˋ ㄕㄣ ㄕㄡˇ
不露鋒芒,ㄅㄨˋ ㄌㄡˋ ㄈㄥ ㄇㄤˊ
不露風聲,ㄅㄨˋ ㄌㄡˋ ㄈㄥ ㄕㄥ
不露馬腳,ㄅㄨˋ ㄌㄡˋ ㄇㄚˇ ㄐㄧㄠˇ
不順溜,ㄅㄨˋ ㄕㄨㄣˋ ˙ㄌㄧㄡ
不點兒,ㄅㄨˋ ㄉㄧㄢˇ ㄦ
不龜手藥,ㄅㄨˋ ㄐㄩㄣ ㄕㄡˇ ㄧㄠˋ
不龜藥,ㄅㄨˋ ㄐㄩㄣ ㄧㄠˋ
丑角,ㄔㄡˇ ㄐㄩㄝˊ
且夫,ㄑㄧㄝˇ ㄈㄨˊ
且月,ㄐㄩ ㄩㄝˋ
世子,ㄕˋ ㄗˇ
世界銀行,ㄕˋ ㄐㄧㄝˋ ㄧㄣˊ ㄏㄤˊ
丘處機,ㄑㄧㄡ ㄔㄨˇ ㄐㄧ
丙舍,ㄅㄧㄥˇ ㄕㄜˋ
丙馭吐茵,ㄅㄧㄥˇ ㄩˋ ㄊㄨˋ ㄧㄣ
丞相,ㄔㄥˊ ㄒㄧㄤˋ
丟三落四,ㄉㄧㄡ ㄙㄢ ㄌㄚˋ ㄙˋ
丟下耙兒弄掃帚,ㄉㄧㄡ ㄒㄧㄚˋ ㄆㄚˊ ㄦ ㄋㄨㄥˋ ㄙㄠˋ ㄓㄡˇ
丟倒頭,ㄉㄧㄡ ㄉㄠˇ ㄊㄡˊ
丟入爪哇國裡,ㄉㄧㄡ ㄖㄨˋ ㄓㄠˇ ㄨㄚ ㄍㄨㄛˊ ㄌㄧˇ
丟撇,ㄉㄧㄡ ㄆㄧㄝˇ
丟油撒水,ㄉㄧㄡ ㄧㄡˊ ㄙㄚˇ ㄕㄨㄟˇ
丟盔撩甲,ㄉㄧㄡ ㄎㄨㄟ ㄌㄧㄠˊ ㄐㄧㄚˇ
並無不當,ㄅㄧㄥˋ ㄨˊ ㄅㄨˋ ㄉㄤˋ
並興,ㄅㄧㄥˋ ㄒㄧㄥ
丫巴兒,ㄧㄚ ˙ㄅㄚ ㄦ
丫頭,ㄧㄚ ˙ㄊㄡ
丫頭片子,ㄧㄚ ˙ㄊㄡ ㄆㄧㄢˋ ˙ㄗ
丫鬟,ㄧㄚ ˙ㄏㄨㄢ
中不溜兒,ㄓㄨㄥ ㄅㄨˋ ㄌㄧㄡ ㄦ
中傷,ㄓㄨㄥˋ ㄕㄤ
中吃,ㄓㄨㄥˋ ㄔ
中和反應,ㄓㄨㄥ ㄏㄜˊ ㄈㄢˇ ㄧㄥˋ
中國銀行,ㄓㄨㄥ ㄍㄨㄛˊ ㄧㄣˊ ㄏㄤˊ
中央空調系統,ㄓㄨㄥ ㄧㄤ ㄎㄨㄥ ㄊㄧㄠˊ ㄒㄧˋ ㄊㄨㄥˇ
中央處理機,ㄓㄨㄥ ㄧㄤ ㄔㄨˇ ㄌㄧˇ ㄐㄧ
中子,ㄓㄨㄥ ㄗˇ
中子彈,ㄓㄨㄥ ㄗˇ ㄉㄢˋ
中寒,ㄓㄨㄥˋ ㄏㄢˊ
中將,ㄓㄨㄥ ㄐㄧㄤˋ
中庶子,ㄓㄨㄥ ㄕㄨˋ ㄗˇ
中彈,ㄓㄨㄥˋ ㄉㄢˋ
中彩,ㄓㄨㄥˋ ㄘㄞˇ
中惡,ㄓㄨㄥˋ ㄜˋ
中意,ㄓㄨㄥˋ ㄧˋ
中懣之症,ㄓㄨㄥˋ ㄇㄣˋ ㄓ ㄓㄥˋ
中散大夫,ㄓㄨㄥ ㄙㄢˇ ㄉㄚˋ ㄈㄨ
中暑,ㄓㄨㄥˋ ㄕㄨˇ
中暗箭,ㄓㄨㄥˋ ㄢˋ ㄐㄧㄢˋ
中書舍人,ㄓㄨㄥ ㄕㄨ ㄕㄜˋ ㄖㄣˊ
中標,ㄓㄨㄥˋ ㄅㄧㄠ
中毒,ㄓㄨㄥˋ ㄉㄨˊ
中洋脊,ㄓㄨㄥ ㄧㄤˊ ㄐㄧˊ
中浣,ㄓㄨㄥ ㄨㄢˇ
中狀元,ㄓㄨㄥˋ ㄓㄨㄤˋ ㄩㄢˊ
中獎,ㄓㄨㄥˋ ㄐㄧㄤˇ
中用,ㄓㄨㄥˋ ㄩㄥˋ
中痰,ㄓㄨㄥˋ ㄊㄢˊ
中的,ㄓㄨㄥˋ ㄉㄧˋ
中看,ㄓㄨㄥˋ ㄎㄢˋ
中看不中吃,ㄓㄨㄥˋ ㄎㄢˋ ㄅㄨˋ ㄓㄨㄥˋ ㄔ
中秋帖,ㄓㄨㄥ ㄑㄧㄡ ㄊㄧㄝˋ
中竅,ㄓㄨㄥˋ ㄑㄧㄠˋ
中箭,ㄓㄨㄥˋ ㄐㄧㄢˋ
中節,ㄓㄨㄥˋ ㄐㄧㄝˊ
中簽,ㄓㄨㄥˋ ㄑㄧㄢ
中聽,ㄓㄨㄥˋ ㄊㄧㄥ
中肯,ㄓㄨㄥˋ ㄎㄣˇ
中興,ㄓㄨㄥ ㄒㄧㄥ
中興大學,ㄓㄨㄥ ㄒㄧㄥ ㄉㄚˋ ㄒㄩㄝˊ
中興新村,ㄓㄨㄥ ㄒㄧㄥ ㄒㄧㄣ ㄘㄨㄣ
中舉,ㄓㄨㄥˋ ㄐㄩˇ
中華商場,ㄓㄨㄥ ㄏㄨㄚˊ ㄕㄤ ㄔㄤˊ
中華文化復興節,ㄓㄨㄥ ㄏㄨㄚˊ ㄨㄣˊ ㄏㄨㄚˋ ㄈㄨˋ ㄒㄧㄥ ㄐㄧㄝˊ
中華文化復興運動,ㄓㄨㄥ ㄏㄨㄚˊ ㄨㄣˊ ㄏㄨㄚˋ ㄈㄨˋ ㄒㄧㄥ ㄩㄣˋ ㄉㄨㄥˋ
中華文化復興運動總會,ㄓㄨㄥ ㄏㄨㄚˊ ㄨㄣˊ ㄏㄨㄚˋ ㄈㄨˋ ㄒㄧㄥ ㄩㄣˋ ㄉㄨㄥˋ ㄗㄨㄥˇ ㄏㄨㄟˋ
中藏,ㄓㄨㄥ ㄗㄤˋ
中行,ㄓㄨㄥ ㄒㄧㄥˋ
中規中矩,ㄓㄨㄥˋ ㄍㄨㄟ ㄓㄨㄥˋ ㄐㄩˇ
中覺,ㄓㄨㄥ ㄐㄧㄠˋ
中計,ㄓㄨㄥˋ ㄐㄧˋ
中質原油,ㄓㄨㄥ ㄓˊ ㄩㄢˊ ㄧㄡˊ
中選,ㄓㄨㄥˋ ㄒㄩㄢˇ
中邪,ㄓㄨㄥˋ ㄒㄧㄝˊ
中郎將,ㄓㄨㄥ ㄌㄤˊ ㄐㄧㄤˋ
中都,ㄓㄨㄥ ㄉㄨ
中鏢,ㄓㄨㄥˋ ㄅㄧㄠ
中長鐵路,ㄓㄨㄥ ㄔㄤˊ ㄊㄧㄝˇ ㄌㄨˋ
中風,ㄓㄨㄥˋ ㄈㄥ
丰茸,ㄈㄥ ㄖㄨㄥˇ
串哄,ㄔㄨㄢˋ ㄏㄨㄥ
串場,ㄔㄨㄢˋ ㄔㄤˊ
串秧兒,ㄔㄨㄢˋ ㄧㄤ ㄦ
串親戚,ㄔㄨㄢˋ ㄑㄧㄣ ˙ㄑㄧ
丹佛,ㄉㄢ ㄈㄛˊ
丹參,ㄉㄢ ㄕㄣ
丹荑,ㄉㄢ ㄧˊ
主兒,ㄓㄨˇ ㄦ
主將,ㄓㄨˇ ㄐㄧㄤˋ
主從,ㄓㄨˇ ㄗㄨㄥˋ
主從式架構,ㄓㄨˇ ㄗㄨㄥˋ ㄕˋ ㄐㄧㄚˋ ㄍㄡˋ
主從式資料庫,ㄓㄨˇ ㄗㄨㄥˋ ㄕˋ ㄗ ㄌㄧㄠˋ ㄎㄨˋ
主從架構,ㄓㄨˇ ㄗㄨㄥˋ ㄐㄧㄚˋ ㄍㄡˋ
主從架構資訊網路,ㄓㄨˇ ㄗㄨㄥˋ ㄐㄧㄚˋ ㄍㄡˋ ㄗ ㄒㄩㄣˋ ㄨㄤˇ ㄌㄨˋ
主心骨兒,ㄓㄨˇ ㄒㄧㄣ ㄍㄨˇ ㄦ
主治大夫,ㄓㄨˇ ㄓˋ ㄉㄞˋ ˙ㄈㄨ
主角,ㄓㄨˇ ㄐㄩㄝˊ
主題曲,ㄓㄨˇ ㄊㄧˊ ㄑㄩˇ
久別重逢,ㄐㄧㄡˇ ㄅㄧㄝˊ ㄔㄨㄥˊ ㄈㄥˊ
久安長治,ㄐㄧㄡˇ ㄢ ㄔㄤˊ ㄓˋ
久要,ㄐㄧㄡˇ ㄧㄠ
久長,ㄐㄧㄡˇ ㄔㄤˊ
么喝,ㄧㄠ ˙ㄏㄜ
么麼,ㄧㄠ ㄇㄛˊ
么麼小丑,ㄧㄠ ㄇㄛˊ ㄒㄧㄠˇ ㄔㄡˇ
之子,ㄓ ㄗˇ
之死靡他,ㄓ ㄙˇ ㄇㄧˇ ㄊㄨㄛ
乍暖還寒,ㄓㄚˋ ㄋㄨㄢˇ ㄏㄨㄢˊ ㄏㄢˊ
乏角兒,ㄈㄚˊ ㄐㄩㄝˊ ㄦ
乖乖兒的,ㄍㄨㄞ ㄍㄨㄞ ㄦ ˙ㄉㄜ
乖性兒,ㄍㄨㄞ ㄒㄧㄥˋ ㄦ
乖迕,ㄍㄨㄞ ㄨˋ
乖間,ㄍㄨㄞ ㄐㄧㄢˋ
乘傳,ㄔㄥˊ ㄓㄨㄢˋ
乘勝逐北,ㄔㄥˊ ㄕㄥˋ ㄓㄨˊ ㄅㄛˋ
乘機應變,ㄔㄥˊ ㄐㄧ ㄧㄥˋ ㄅㄧㄢˋ
乘肥衣輕,ㄔㄥˊ ㄈㄟˊ ㄧˋ ㄑㄧㄥ
乘長風破萬里浪,ㄔㄥˊ ㄔㄤˊ ㄈㄥ ㄆㄛˋ ㄨㄢˋ ㄌㄧˇ ㄌㄤˋ
乘間,ㄔㄥˊ ㄐㄧㄢˋ
乙炔,ㄧˇ ㄑㄩㄝ
乜斜,ㄇㄧㄝ ˙ㄒㄧㄝ
乜斜眼,ㄇㄧㄝ ˙ㄒㄧㄝ ㄧㄢˇ
九子母,ㄐㄧㄡˇ ㄗˇ ㄇㄨˇ
九更天,ㄐㄧㄡˇ ㄍㄥ ㄊㄧㄢ
九焞十八火,ㄐㄧㄡˇ ㄉㄨㄣˋ ㄕˊ ㄅㄚ ㄏㄨㄛˇ
九牛拉不轉,ㄐㄧㄡˇ ㄋㄧㄡˊ ㄌㄚ ㄅㄨˋ ㄓㄨㄢˋ
九還丹,ㄐㄧㄡˇ ㄏㄨㄢˊ ㄉㄢ
九重,ㄐㄧㄡˇ ㄔㄨㄥˊ
九重天,ㄐㄧㄡˇ ㄔㄨㄥˊ ㄊㄧㄢ
九重葛,ㄐㄧㄡˇ ㄔㄨㄥˊ ㄍㄜˊ
九重霄,ㄐㄧㄡˇ ㄔㄨㄥˊ ㄒㄧㄠ
九頭牛也拽不出去,ㄐㄧㄡˇ ㄊㄡˊ ㄋㄧㄡˊ ㄧㄝˇ ㄓㄨㄞˋ ㄅㄨˋ ㄔㄨ ㄑㄩˋ
乞乞縮縮,ㄑㄧˇ ㄑㄧˇ ㄙㄨˋ ㄙㄨˋ
乞漿得酒,ㄑㄧˇ ㄐㄧㄤ ㄉㄜˊ ㄐㄧㄡˇ
乞窮儉相,ㄑㄧˇ ㄑㄩㄥˊ ㄐㄧㄢˇ ㄒㄧㄤˋ
乞降,ㄑㄧˇ ㄒㄧㄤˊ
也不見得,ㄧㄝˇ ㄅㄨˋ ㄐㄧㄢˋ ㄉㄜˊ
也麼哥,ㄧㄝˇ ㄇㄛˊ ㄍㄜ
乳臭,ㄖㄨˇ ㄒㄧㄡˋ
乳臭小子,ㄖㄨˇ ㄒㄧㄡˋ ㄒㄧㄠˇ ˙ㄗ
乳臭未乾,ㄖㄨˇ ㄒㄧㄡˋ ㄨㄟˋ ㄍㄢ
乳酪,ㄖㄨˇ ㄌㄨㄛˋ
乾乾兒的,ㄍㄢ ㄍㄢ ㄦ ˙ㄉㄜ
乾乾淨淨,ㄍㄢ ㄍㄢ ㄐㄧㄥˋ ㄐㄧㄥˋ
乾井,ㄍㄢ ㄐㄧㄥˇ
乾兒,ㄍㄢ ㄦ
乾兒子,ㄍㄢ ㄦˊ ˙ㄗ
乾冰,ㄍㄢ ㄅㄧㄥ
乾冷,ㄍㄢ ㄌㄥˇ
乾刻版,ㄍㄢ ㄎㄜˋ ㄅㄢˇ
乾剝剝,ㄍㄢ ㄅㄛ ㄅㄛ
乾吊著下巴,ㄍㄢ ㄉㄧㄠˋ ˙ㄓㄜ ㄒㄧㄚˋ ˙ㄅㄚ
乾咳,ㄍㄢ ㄎㄜˊ
乾咽,ㄍㄢ ㄧㄝˋ
乾哭,ㄍㄢ ㄎㄨ
乾啼濕哭,ㄍㄢ ㄊㄧˊ ㄕ ㄎㄨ
乾喬,ㄍㄢ ㄑㄧㄠˊ
乾嘔,ㄍㄢ ㄡˇ
乾噦,ㄍㄢ ㄩㄝ
乾嚎,ㄍㄢ ㄏㄠˊ
乾嚥唾,ㄍㄢ ㄧㄢˋ ㄊㄨㄛˋ
乾回付,ㄍㄢ ㄏㄨㄟˊ ㄈㄨˋ
乾圓潔淨,ㄍㄢ ㄩㄢˊ ㄐㄧㄝˊ ㄐㄧㄥˋ
乾塢,ㄍㄢ ㄨˋ
乾女兒,ㄍㄢ ㄋㄩˇ ㄦˊ
乾奴才,ㄍㄢ ㄋㄨˊ ㄘㄞˊ
乾妹妹,ㄍㄢ ㄇㄟˋ ˙ㄇㄟ
乾娘,ㄍㄢ ㄋㄧㄤˊ
乾媽,ㄍㄢ ㄇㄚ
乾季,ㄍㄢ ㄐㄧˋ
乾屎橛,ㄍㄢ ㄕˇ ㄐㄩㄝˊ
乾巴,ㄍㄢ ˙ㄅㄚ
乾巴巴,ㄍㄢ ㄅㄚ ㄅㄚ
乾巴疵咧,ㄍㄢ ˙ㄅㄚ ㄘ ㄌㄧㄝ
乾急,ㄍㄢ ㄐㄧˊ
乾打雷,ㄍㄢ ㄉㄚˇ ㄌㄟˊ
乾折,ㄍㄢ ㄓㄜˊ
乾撂臺,ㄍㄢ ㄌㄧㄠˋ ㄊㄞˊ
乾撇下,ㄍㄢ ㄆㄧㄝ ㄒㄧㄚˋ
乾擦,ㄍㄢ ㄘㄚ
乾支剌,ㄍㄢ ㄓ ㄌㄚˋ
乾支支,ㄍㄢ ㄓ ㄓ
乾敲梆子不賣油,ㄍㄢ ㄑㄧㄠ ㄅㄤ ˙ㄗ ㄅㄨˋ ㄇㄞˋ ㄧㄡˊ
乾料,ㄍㄢ ㄌㄧㄠˋ
乾旱,ㄍㄢ ㄏㄢˋ
乾暖,ㄍㄢ ㄋㄨㄢˇ
乾村沙,ㄍㄢ ㄘㄨㄣ ㄕㄚ
乾杯,ㄍㄢ ㄅㄟ
乾果,ㄍㄢ ㄍㄨㄛˇ
乾枯,ㄍㄢ ㄎㄨ
乾柴,ㄍㄢ ㄔㄞˊ
乾柴烈火,ㄍㄢ ㄔㄞˊ ㄌㄧㄝˋ ㄏㄨㄛˇ
乾梅,ㄍㄢ ㄇㄟˊ
乾死,ㄍㄢ ㄙˇ
乾沒,ㄍㄢ ㄇㄛˋ
乾洗,ㄍㄢ ㄒㄧˇ
乾涸,ㄍㄢ ㄏㄜˊ
乾淨,ㄍㄢ ㄐㄧㄥˋ
乾淨俐落,ㄍㄢ ㄐㄧㄥˋ ㄌㄧˋ ˙ㄌㄨㄛ
乾淨爽利,ㄍㄢ ㄐㄧㄥˋ ㄕㄨㄤˇ ㄌㄧˋ
乾渴,ㄍㄢ ㄎㄜˇ
乾溼,ㄍㄢ ㄕ
乾澀,ㄍㄢ ㄙㄜˋ
乾熬,ㄍㄢ ㄠˊ
乾熱,ㄍㄢ ㄖㄜˋ
乾燥,ㄍㄢ ㄗㄠˋ
乾燥劑,ㄍㄢ ㄗㄠˋ ㄐㄧˋ
乾燥器,ㄍㄢ ㄗㄠˋ ㄑㄧˋ
乾燥機,ㄍㄢ ㄗㄠˋ ㄐㄧ
乾燥氣候,ㄍㄢ ㄗㄠˋ ㄑㄧˋ ㄏㄡˋ
乾燥箱,ㄍㄢ ㄗㄠˋ ㄒㄧㄤ
乾燥花,ㄍㄢ ㄗㄠˋ ㄏㄨㄚ
乾爹,ㄍㄢ ㄉㄧㄝ
乾爽,ㄍㄢ ㄕㄨㄤˇ
乾片,ㄍㄢ ㄆㄧㄢˋ
乾生受,ㄍㄢ ㄕㄥ ㄕㄡˋ
乾生子,ㄍㄢ ㄕㄥ ㄗˇ
乾產,ㄍㄢ ㄔㄢˇ
乾疥,ㄍㄢ ㄐㄧㄝˋ
乾瘦,ㄍㄢ ㄕㄡˋ
乾癟,ㄍㄢ ㄅㄧㄝˇ
乾白兒,ㄍㄢ ㄅㄞˊ ㄦ
乾眼症,ㄍㄢ ㄧㄢˇ ㄓㄥˋ
乾瞪眼,ㄍㄢ ㄉㄥˋ ㄧㄢˇ
乾禮,ㄍㄢ ㄌㄧˇ
乾稿,ㄍㄢ ㄍㄠˇ
乾笑,ㄍㄢ ㄒㄧㄠˋ
乾等,ㄍㄢ ㄉㄥˇ
乾篾片,ㄍㄢ ㄇㄧㄝˋ ㄆㄧㄢˋ
乾粉,ㄍㄢ ㄈㄣˇ
乾糧,ㄍㄢ ㄌㄧㄤˊ
乾結,ㄍㄢ ㄐㄧㄝˊ
乾絲,ㄍㄢ ㄙ
乾繃兒,ㄍㄢ ㄅㄥˋ ㄦ
乾罷,ㄍㄢ ㄅㄚˋ
乾耗,ㄍㄢ ㄏㄠˋ
乾股,ㄍㄢ ㄍㄨˇ
乾肥,ㄍㄢ ㄈㄟˊ
乾脆,ㄍㄢ ㄘㄨㄟˋ
乾脆爽快,ㄍㄢ ㄘㄨㄟˋ ㄕㄨㄤˇ ㄎㄨㄞˋ
乾花,ㄍㄢ ㄏㄨㄚ
乾芻,ㄍㄢ ㄔㄨˊ
乾苔,ㄍㄢ ㄊㄞˊ
乾茨臘,ㄍㄢ ㄘˊ ㄌㄚˋ
乾茶錢,ㄍㄢ ㄔㄚˊ ㄑㄧㄢˊ
乾草,ㄍㄢ ㄘㄠˇ
乾菜,ㄍㄢ ㄘㄞˋ
乾落,ㄍㄢ ㄌㄠˋ
乾落得,ㄍㄢ ㄌㄠˋ ˙ㄉㄜ
乾著,ㄍㄢ ˙ㄓㄜ
乾著急,ㄍㄢ ㄓㄠ ㄐㄧˊ
乾薑,ㄍㄢ ㄐㄧㄤ
乾薪,ㄍㄢ ㄒㄧㄣ
乾虔,ㄍㄢ ㄑㄧㄢˊ
乾號,ㄍㄢ ㄏㄠˊ
乾衣機,ㄍㄢ ㄧ ㄐㄧ
乾裂,ㄍㄢ ㄌㄧㄝˋ
乾親,ㄍㄢ ㄑㄧㄣ
乾親家,ㄍㄢ ㄑㄧㄥˋ ㄐㄧㄚ
乾貨,ㄍㄢ ㄏㄨㄛˋ
乾貨船,ㄍㄢ ㄏㄨㄛˋ ㄔㄨㄢˊ
乾逼,ㄍㄢ ㄅㄧ
乾酪,ㄍㄢ ㄌㄨㄛˋ
乾量,ㄍㄢ ㄌㄧㄤˋ
乾阿嬭,ㄍㄢ ㄚˋ ㄋㄞˇ
乾電池,ㄍㄢ ㄉㄧㄢˋ ㄔˊ
乾霍亂,ㄍㄢ ㄏㄨㄛˋ ㄌㄨㄢˋ
乾顙,ㄍㄢ ㄙㄤˇ
乾颱,ㄍㄢ ㄊㄞˊ
乾飯,ㄍㄢ ㄈㄢˋ
乾館,ㄍㄢ ㄍㄨㄢˇ
乾餱,ㄍㄢ ㄏㄡˊ
乾餱以愆,ㄍㄢ ㄏㄡˊ ㄧˇ ㄑㄧㄢ
乾餾,ㄍㄢ ㄌㄧㄡˋ
乾魚與貓作枕頭,ㄍㄢ ㄩˊ ㄩˇ ㄇㄠ ㄗㄨㄛˋ ㄓㄣˇ ˙ㄊㄡ
乾麵,ㄍㄢ ㄇㄧㄢˋ
亂兒,ㄌㄨㄢˋ ㄦ
亂兒媽,ㄌㄨㄢˋ ㄦ ㄇㄚ
亂哄哄,ㄌㄨㄢˋ ㄏㄨㄥ ㄏㄨㄥ
亂嚼舌頭,ㄌㄨㄢˋ ㄐㄧㄠˊ ㄕㄜˊ ˙ㄊㄡ
亂墳崗,ㄌㄨㄢˋ ㄈㄣˊ ㄍㄤ
亂家子,ㄌㄨㄢˋ ㄐㄧㄚ ㄗˇ
亂岔岔,ㄌㄨㄢˋ ㄔㄚˋ ˙ㄔㄚ
亂彈,ㄌㄨㄢˋ ㄊㄢˊ
亂箭攢心,ㄌㄨㄢˋ ㄐㄧㄢˋ ㄘㄨㄢˊ ㄒㄧㄣ
亂臣賊子,ㄌㄨㄢˋ ㄔㄣˊ ㄗㄟˊ ㄗˇ
亂臣逆子,ㄌㄨㄢˋ ㄔㄣˊ ㄋㄧˋ ㄗˇ
亂葬崗,ㄌㄨㄢˋ ㄗㄤˋ ㄍㄤ
亂葬崗子,ㄌㄨㄢˋ ㄗㄤˋ ㄍㄤ ˙ㄗ
亂顫,ㄌㄨㄢˋ ㄔㄢˋ
亂鬨不過來,ㄌㄨㄢˋ ˙ㄏㄨㄥ ㄅㄨˋ ㄍㄨㄛˋ ㄌㄞˊ
了不得,ㄌㄧㄠˇ ˙ㄅㄨ ˙ㄉㄜ
了不成,ㄌㄧㄠˇ ˙ㄅㄨ ㄔㄥˊ
了不起,ㄌㄧㄠˇ ˙ㄅㄨ ㄑㄧˇ
了了,ㄌㄧㄠˇ ㄌㄧㄠˇ
了事,ㄌㄧㄠˇ ㄕˋ
了事環,ㄌㄧㄠˇ ㄕˋ ㄏㄨㄢˊ
了亮,ㄌㄧㄠˇ ˙ㄌㄧㄤ
了債,ㄌㄧㄠˇ ㄓㄞˋ
了兒,ㄌㄧㄠˇ ㄦ
了劣,ㄌㄧㄠˇ ㄌㄧㄝˋ
了卻,ㄌㄧㄠˇ ㄑㄩㄝˋ
了如指掌,ㄌㄧㄠˇ ㄖㄨˊ ㄓˇ ㄓㄤˇ
了局,ㄌㄧㄠˇ ㄐㄩˊ
了帳,ㄌㄧㄠˇ ㄓㄤˋ
了得,ㄌㄧㄠˇ ˙ㄉㄜ
了得了,ㄌㄧㄠˇ ˙ㄉㄜ ㄌㄧㄠˇ
了悟,ㄌㄧㄠˇ ㄨˋ
了手,ㄌㄧㄠˇ ㄕㄡˇ
了收,ㄌㄧㄠˇ ㄕㄡ
了斷,ㄌㄧㄠˇ ㄉㄨㄢˋ
了案,ㄌㄧㄠˇ ㄢˋ
了決,ㄌㄧㄠˇ ㄐㄩㄝˊ
了清,ㄌㄧㄠˇ ㄑㄧㄥ
了無,ㄌㄧㄠˇ ㄨˊ
了無新意,ㄌㄧㄠˇ ㄨˊ ㄒㄧㄣ ㄧˋ
了無牽掛,ㄌㄧㄠˇ ㄨˊ ㄑㄧㄢ ㄍㄨㄚˋ
了無生機,ㄌㄧㄠˇ ㄨˊ ㄕㄥ ㄐㄧ
了無生趣,ㄌㄧㄠˇ ㄨˊ ㄕㄥ ㄑㄩˋ
了無罣礙,ㄌㄧㄠˇ ㄨˊ ㄍㄨㄚˋ ㄞˋ
了然,ㄌㄧㄠˇ ㄖㄢˊ
了然不惑,ㄌㄧㄠˇ ㄖㄢˊ ㄅㄨˋ ㄏㄨㄛˋ
了畢,ㄌㄧㄠˇ ㄅㄧˋ
了當,ㄌㄧㄠˇ ㄉㄤˋ
了當不得,ㄌㄧㄠˇ ㄉㄤˋ ㄅㄨˋ ㄉㄜˊ
了納,ㄌㄧㄠˇ ㄋㄚˋ
了結,ㄌㄧㄠˇ ㄐㄧㄝˊ
了落,ㄌㄧㄠˇ ㄌㄨㄛˋ
了解,ㄌㄧㄠˇ ㄐㄧㄝˇ
了訖,ㄌㄧㄠˇ ㄑㄧˋ
了話,ㄌㄧㄠˇ ㄏㄨㄚˋ
了語,ㄌㄧㄠˇ ㄩˇ
了賬,ㄌㄧㄠˇ ㄓㄤˋ
了身達命,ㄌㄧㄠˇ ㄕㄣ ㄉㄚˊ ㄇㄧㄥˋ
了願,ㄌㄧㄠˇ ㄩㄢˋ
了鳥,ㄌㄧㄠˇ ㄉㄧㄠˇ
予一人,ㄩˊ ㄧ ㄖㄣˊ
予假,ㄩˇ ㄐㄧㄚˋ
予取予求,ㄩˊ ㄑㄩˇ ㄩˊ ㄑㄧㄡˊ
予小子,ㄩˊ ㄒㄧㄠˇ ㄗˇ
事假,ㄕˋ ㄐㄧㄚˋ
事危累卵,ㄕˋ ㄨㄟˊ ㄌㄟˇ ㄌㄨㄢˇ
事在人為,ㄕˋ ㄗㄞˋ ㄖㄣˊ ㄨㄟˊ
事急無君子,ㄕˋ ㄐㄧˊ ㄨˊ ㄐㄩㄣ ㄗˇ
事由兒,ㄕˋ ㄧㄡˊ ㄦ
事畜,ㄕˋ ㄒㄩˋ
事頭,ㄕˋ ˙ㄊㄡ
二三子,ㄦˋ ㄙㄢ ㄗˇ
二不愣,ㄦˋ ˙ㄅㄨ ㄌㄥˋ
二乘,ㄦˋ ㄕㄥˋ
二五更,ㄦˋ ㄨˇ ㄍㄥ
二五眼,ㄦˋ ˙ㄨ ㄧㄢˇ
二傳,ㄦˋ ㄓㄨㄢˋ
二十八宿,ㄦˋ ㄕˊ ㄅㄚ ㄒㄧㄡˋ
二千石,ㄦˋ ㄑㄧㄢ ㄉㄢˋ
二和藥,ㄦˋ ㄏㄨㄛˋ ㄧㄠˋ
二子,ㄦˋ ㄗˇ
二屋裡,ㄦˋ ㄨ ˙ㄌㄧ
二愣,ㄦˋ ˙ㄌㄥ
二拉八當,ㄦˋ ˙ㄌㄚ ㄅㄚ ㄉㄤˋ
二朝王醮,ㄦˋ ㄓㄠ ㄨㄤˊ ㄐㄧㄠˋ
二桿子脾氣,ㄦˋ ㄍㄢˇ ˙ㄗ ㄆㄧˊ ˙ㄑㄧ
二次全倒,ㄦˋ ㄘˋ ㄑㄩㄢˊ ㄉㄠˇ
二王帖,ㄦˋ ㄨㄤˊ ㄊㄧㄝˋ
二碴兒,ㄦˋ ㄔㄚˊ ㄦ
二豎為虐,ㄦˋ ㄕㄨˋ ㄨㄟˊ ㄋㄩㄝˋ
二路兒,ㄦˋ ㄌㄨˋ ㄦ
二路腳兒,ㄦˋ ㄌㄨˋ ㄐㄧㄠˇ ㄦ
二重分類表,ㄦˋ ㄔㄨㄥˊ ㄈㄣ ㄌㄟˋ ㄅㄧㄠˇ
二重唱,ㄦˋ ㄔㄨㄥˊ ㄔㄤˋ
二重國籍,ㄦˋ ㄔㄨㄥˊ ㄍㄨㄛˊ ㄐㄧˊ
二重奏,ㄦˋ ㄔㄨㄥˊ ㄗㄡˋ
二重性,ㄦˋ ㄔㄨㄥˊ ㄒㄧㄥˋ
于嗟,ㄒㄩ ㄐㄧㄝ
于思,ㄩˊ ㄙㄞ
云為,ㄩㄣˊ ㄨㄟˊ
互切互磋,ㄏㄨˋ ㄑㄧㄝ ㄏㄨˋ ㄘㄨㄛ
互別苗頭,ㄏㄨˋ ㄅㄧㄝˊ ㄇㄧㄠˊ ˙ㄊㄡ
互感應,ㄏㄨˋ ㄍㄢˇ ㄧㄥˋ
互質,ㄏㄨˋ ㄓˊ
五伯,ㄨˇ ㄅㄚˋ
五倍子,ㄨˇ ㄅㄟˋ ㄗˇ
五倍子蟲,ㄨˇ ㄅㄟˋ ㄗˇ ㄔㄨㄥˊ
五分明兒,ㄨˇ ㄈㄣ ㄇㄧㄥˊ ㄦ
五味子,ㄨˇ ㄨㄟˋ ㄗˇ
五子之歌,ㄨˇ ㄗˇ ㄓ ㄍㄜ
五子哭墳,ㄨˇ ㄗˇ ㄎㄨ ㄈㄣˊ
五子棋,ㄨˇ ㄗˇ ㄑㄧˊ
五子登科,ㄨˇ ㄗˇ ㄉㄥ ㄎㄜ
五斂子,ㄨˇ ㄌㄧㄢˋ ㄗˇ
五方佛,ㄨˇ ㄈㄤ ㄈㄛˊ
五方雜處,ㄨˇ ㄈㄤ ㄗㄚˊ ㄔㄨˇ
五星上將,ㄨˇ ㄒㄧㄥ ㄕㄤˋ ㄐㄧㄤˋ
五更,ㄨˇ ㄍㄥ
五更三點,ㄨˇ ㄍㄥ ㄙㄢ ㄉㄧㄢˇ
五更天,ㄨˇ ㄍㄥ ㄊㄧㄢ
五更雞,ㄨˇ ㄍㄥ ㄐㄧ
五更頭,ㄨˇ ㄍㄥ ㄊㄡˊ
五會念佛,ㄨˇ ㄏㄨㄟˋ ㄋㄧㄢˋ ㄈㄛˊ
五熟行,ㄨˇ ㄕㄡˊ ㄏㄤˊ
五百,ㄨˇ ㄅㄛˊ
五花三層兒,ㄨˇ ㄏㄨㄚ ㄙㄢ ㄘㄥˊ ㄦ
五花繃裂,ㄨˇ ㄏㄨㄚ ㄅㄥˋ ㄌㄧㄝˋ
五行並下,ㄨˇ ㄏㄤˊ ㄅㄧㄥˋ ㄒㄧㄚˋ
五行俱下,ㄨˇ ㄏㄤˊ ㄐㄩˋ ㄒㄧㄚˋ
五行八作,ㄨˇ ㄏㄤˊ ㄅㄚ ㄗㄨㄛ
五角六張,ㄨˇ ㄐㄩㄝˊ ㄌㄨˋ ㄓㄤ
五角大廈,ㄨˇ ㄐㄧㄠˇ ㄉㄚˋ ㄒㄧㄚˋ
五言長城,ㄨˇ ㄧㄢˊ ㄔㄤˊ ㄔㄥˊ
五車,ㄨˇ ㄐㄩ
五辟,ㄨˇ ㄅㄧˋ
五量店,ㄨˇ ㄌㄧㄤˊ ㄉㄧㄢˋ
五陵年少,ㄨˇ ㄌㄧㄥˊ ㄋㄧㄢˊ ㄕㄠˋ
井宿,ㄐㄧㄥˇ ㄒㄧㄡˋ
井幹,ㄐㄧㄥˇ ㄏㄢˊ
井榦,ㄐㄧㄥˇ ㄏㄢˊ
井穴,ㄐㄧㄥˇ ㄒㄩㄝˊ
些個,ㄒㄧㄝ ˙ㄍㄜ
些兒,ㄒㄧㄝ ㄦ
亞佛加厥定律,ㄧㄚˋ ㄈㄛˊ ㄐㄧㄚ ㄐㄩㄝˊ ㄉㄧㄥˋ ㄌㄩˋ
亞匹,ㄧㄚˇ ㄆㄧˇ
亞塞拜然,ㄧㄚˋ ㄙㄜˋ ㄅㄞˋ ㄖㄢˊ
亞塞拜然共和國,ㄧㄚˋ ㄙㄜˋ ㄅㄞˋ ㄖㄢˊ ㄍㄨㄥˋ ㄏㄜˊ ㄍㄨㄛˊ
亞得里亞海,ㄧㄚˋ ㄉㄜˊ ㄌㄧˇ ㄧㄚˋ ㄏㄞˇ
亞洲開發銀行,ㄧㄚˋ ㄓㄡ ㄎㄞ ㄈㄚ ㄧㄣˊ ㄏㄤˊ
亡戟得矛,ㄨㄤˊ ㄐㄧˇ ㄉㄜˊ ㄇㄠˊ
亡是公,ㄨˊ ㄕˋ ㄍㄨㄥ
亡羊得牛,ㄨㄤˊ ㄧㄤˊ ㄉㄜˊ ㄋㄧㄡˊ
交分,ㄐㄧㄠ ㄈㄣˋ
交卷,ㄐㄧㄠ ㄐㄩㄢˋ
交差,ㄐㄧㄠ ㄔㄞ
交惡,ㄐㄧㄠ ㄨˋ
交白卷,ㄐㄧㄠ ㄅㄞˊ ㄐㄩㄢˋ
交通壅塞,ㄐㄧㄠ ㄊㄨㄥ ㄩㄥ ㄙㄜˋ
交還,ㄐㄧㄠ ㄏㄨㄢˊ
交響曲,ㄐㄧㄠ ㄒㄧㄤˇ ㄑㄩˇ
交響樂,ㄐㄧㄠ ㄒㄧㄤˇ ㄩㄝˋ
交響樂團,ㄐㄧㄠ ㄒㄧㄤˇ ㄩㄝˋ ㄊㄨㄢˊ
京觀,ㄐㄧㄥ ㄍㄨㄢˋ
京都,ㄐㄧㄥ ㄉㄨ
亭場,ㄊㄧㄥˊ ㄔㄤˊ
亮兒,ㄌㄧㄤˋ ㄦ
亮堂堂,ㄌㄧㄤˋ ˙ㄊㄤ ˙ㄊㄤ
亮場子,ㄌㄧㄤˋ ㄔㄤˊ ˙ㄗ
亮底兒,ㄌㄧㄤˋ ㄉㄧˇ ㄦ
亮相,ㄌㄧㄤˋ ㄒㄧㄤˋ
亮陰,ㄌㄧㄤˊ ㄢ
亹亹不卷,ㄨㄟˇ ㄨㄟˇ ㄅㄨˋ ㄐㄩㄢˋ
人不得外財不富,ㄖㄣˊ ㄅㄨˋ ㄉㄜˊ ㄨㄞˋ ㄘㄞˊ ㄅㄨˋ ㄈㄨˋ
人事不省,ㄖㄣˊ ㄕˋ ㄅㄨˋ ㄒㄧㄥˇ
人兒,ㄖㄣˊ ㄦ
人力銀行,ㄖㄣˊ ㄌㄧˋ ㄧㄣˊ ㄏㄤˊ
人參,ㄖㄣˊ ㄕㄣ
人參果,ㄖㄣˊ ㄕㄣ ㄍㄨㄛˇ
人味兒,ㄖㄣˊ ㄨㄟˋ ㄦ
人在屋簷下不得不低頭,ㄖㄣˊ ㄗㄞˋ ㄨ ㄧㄢˊ ㄒㄧㄚˋ ㄅㄨˋ ㄉㄜˊ ㄅㄨˋ ㄉㄧ ㄊㄡˊ
人子,ㄖㄣˊ ㄗˇ
人工閱卷,ㄖㄣˊ ㄍㄨㄥ ㄩㄝˋ ㄐㄩㄢˋ
人影兒,ㄖㄣˊ ㄧㄥˇ ㄦ
人情薄似紙,ㄖㄣˊ ㄑㄧㄥˊ ㄅㄛˊ ㄙˋ ㄓˇ
人才濟濟,ㄖㄣˊ ㄘㄞˊ ㄐㄧˇ ㄐㄧˇ
人才難得,ㄖㄣˊ ㄘㄞˊ ㄋㄢˊ ㄉㄜˊ
人扶人興,ㄖㄣˊ ㄈㄨˊ ㄖㄣˊ ㄒㄧㄥ
人樣,ㄖㄣˊ ˙ㄧㄤ
人樣兒,ㄖㄣˊ ㄧㄤˋ ㄦ
人滿為患,ㄖㄣˊ ㄇㄢˇ ㄨㄟˊ ㄏㄨㄢˋ
人為,ㄖㄣˊ ㄨㄟˊ
人牙兒,ㄖㄣˊ ㄧㄚˊ ㄦ
人物字號,ㄖㄣˊ ㄨˋ ㄗˋ ˙ㄏㄠ
人物闐咽,ㄖㄣˊ ㄨˋ ㄊㄧㄢˊ ㄧㄝˋ
人生如朝露,ㄖㄣˊ ㄕㄥ ㄖㄨˊ ㄓㄠ ㄌㄨˋ
人生朝露,ㄖㄣˊ ㄕㄥ ㄓㄠ ㄌㄨˋ
人百其身,ㄖㄣˊ ㄅㄛˊ ㄑㄧˊ ㄕㄣ
人相學,ㄖㄣˊ ㄒㄧㄤˋ ㄒㄩㄝˊ
人稠物穰,ㄖㄣˊ ㄔㄡˊ ㄨˋ ㄖㄤˇ
人給家足,ㄖㄣˊ ㄐㄧˇ ㄐㄧㄚ ㄗㄨˊ
人肉市場,ㄖㄣˊ ㄖㄡˋ ㄕˋ ㄔㄤˊ
人自為戰,ㄖㄣˊ ㄗˋ ㄨㄟˊ ㄓㄢˋ
人莫予毒,ㄖㄣˊ ㄇㄛˋ ㄩˊ ㄉㄨˊ
人言鑿鑿,ㄖㄣˊ ㄧㄢˊ ㄗㄨㄛˋ ㄗㄨㄛˋ
人頭兒,ㄖㄣˊ ㄊㄡˊ ㄦ
什一,ㄕˊ ㄧ
什一之利,ㄕˊ ㄧ ㄓ ㄌㄧˋ
什不閑,ㄕˊ ㄅㄨˋ ㄒㄧㄢˊ
什件兒,ㄕˊ ㄐㄧㄢˋ ㄦ
什伯,ㄕˊ ㄅㄛˊ
什器,ㄕˊ ㄑㄧˋ
什物,ㄕˊ ㄨˋ
什百,ㄕˊ ㄅㄞˇ
什襲,ㄕˊ ㄒㄧˊ
什襲珍藏,ㄕˊ ㄒㄧˊ ㄓㄣ ㄘㄤˊ
什錦,ㄕˊ ㄐㄧㄣˇ
什面,ㄕˊ ㄇㄧㄢˋ
仁人君子,ㄖㄣˊ ㄖㄣˊ ㄐㄩㄣ ㄗˇ
仁者樂山,ㄖㄣˊ ㄓㄜˇ ㄧㄠˋ ㄕㄢ
仆地,ㄆㄨ ˙ㄉㄜ
仇仇,ㄑㄧㄡˊ ㄑㄧㄡˊ
仇偶,ㄑㄧㄡˊ ㄡˇ
仇口兒,ㄔㄡˊ ㄎㄡˇ ㄦ
仇英,ㄑㄧㄡˊ ㄧㄥ
今兒,ㄐㄧㄣ ㄦ
今兒個,ㄐㄧㄣ ㄦ ˙ㄍㄜ
今朝,ㄐㄧㄣ ㄓㄠ
今朝有酒今朝醉,ㄐㄧㄣ ㄓㄠ ㄧㄡˇ ㄐㄧㄡˇ ㄐㄧㄣ ㄓㄠ ㄗㄨㄟˋ
介質,ㄐㄧㄝˋ ㄓˊ
介電質,ㄐㄧㄝˋ ㄉㄧㄢˋ ㄓˊ
仔密,ㄗˇ ㄇㄧˋ
仔細,ㄗˇ ㄒㄧˋ
仔肩,ㄗ ㄐㄧㄢ
仗膽兒,ㄓㄤˋ ㄉㄢˇ ㄦ
付之闕如,ㄈㄨˋ ㄓ ㄑㄩㄝ ㄖㄨˊ
仙人擔,ㄒㄧㄢ ㄖㄣˊ ㄉㄢˋ
仙子,ㄒㄧㄢ ㄗˇ
仙樂,ㄒㄧㄢ ㄩㄝˋ
仡佬族,ㄑㄧˋ ㄌㄠˇ ㄗㄨˊ
代為說項,ㄉㄞˋ ㄨㄟˊ ㄕㄨㄛ ㄒㄧㄤˋ
代興,ㄉㄞˋ ㄒㄧㄥ
代馬依北風,ㄉㄞˋ ㄇㄚˇ ㄧ ㄅㄛˋ ㄈㄥ
令人絕倒,ㄌㄧㄥˋ ㄖㄣˊ ㄐㄩㄝˊ ㄉㄠˇ
令姊,ㄌㄧㄥˋ ㄐㄧㄝˇ
令子,ㄌㄧㄥˋ ㄗˇ
以人為鑑,ㄧˇ ㄖㄣˊ ㄨㄟˊ ㄐㄧㄢˋ
以假為真,ㄧˇ ㄐㄧㄚˇ ㄨㄟˊ ㄓㄣ
以利亞,ㄧˇ ㄌㄧˋ ㄧㄚˇ
以升量石,ㄧˇ ㄕㄥ ㄌㄧㄤˊ ㄉㄢˋ
以古為鑑,ㄧˇ ㄍㄨˇ ㄨㄟˊ ㄐㄧㄢˋ
以己之心度人之心,ㄧˇ ㄐㄧˇ ㄓ ㄒㄧㄣ ㄉㄨㄛˋ ㄖㄣˊ ㄓ ㄒㄧㄣ
以己度人,ㄧˇ ㄐㄧˇ ㄉㄨㄛˋ ㄖㄣˊ
以微知著,ㄧˇ ㄨㄟˊ ㄓ ㄓㄨˋ
以攻為守,ㄧˇ ㄍㄨㄥ ㄨㄟˊ ㄕㄡˇ
以日為年,ㄧˇ ㄖˋ ㄨㄟˊ ㄋㄧㄢˊ
以日為歲,ㄧˇ ㄖˋ ㄨㄟˊ ㄙㄨㄟˋ
以為,ㄧˇ ㄨㄟˊ
以牙還牙,ㄧˇ ㄧㄚˊ ㄏㄨㄢˊ ㄧㄚˊ
以珠彈雀,ㄧˇ ㄓㄨ ㄊㄢˊ ㄑㄩㄝˋ
以白為黑,ㄧˇ ㄅㄞˊ ㄨㄟˊ ㄏㄟ
以眼還眼,ㄧˇ ㄧㄢˇ ㄏㄨㄢˊ ㄧㄢˇ
以筌為魚,ㄧˇ ㄑㄩㄢˊ ㄨㄟˊ ㄩˊ
以耳為目,ㄧˇ ㄦˇ ㄨㄟˊ ㄇㄨˋ
以血償血,ㄧˇ ㄒㄩㄝˋ ㄔㄤˊ ㄒㄩㄝˋ
以血洗血,ㄧˇ ㄒㄩㄝˋ ㄒㄧˇ ㄒㄩㄝˋ
以規為瑱,ㄧˇ ㄍㄨㄟ ㄨㄟˊ ㄊㄧㄢˋ
以賽亞,ㄧˇ ㄙㄞˋ ㄧㄚˇ
以退為進,ㄧˇ ㄊㄨㄟˋ ㄨㄟˊ ㄐㄧㄣˋ
以還,ㄧˇ ㄏㄨㄢˊ
以鄰為壑,ㄧˇ ㄌㄧㄣˊ ㄨㄟˊ ㄏㄨㄛˋ
仰事俯畜,ㄧㄤˇ ㄕˋ ㄈㄨˇ ㄒㄩˋ
仰八叉,ㄧㄤˇ ˙ㄅㄚ ㄔㄚ
仰八腳兒,ㄧㄤˇ ˙ㄅㄚ ㄐㄧㄠˇ ㄦ
仰剌叉,ㄧㄤˇ ㄌㄚˋ ㄔㄚ
仰天長歎,ㄧㄤˇ ㄊㄧㄢ ㄔㄤˊ ㄊㄢˋ
仰屋興嘆,ㄧㄤˇ ㄨ ㄒㄧㄥ ㄊㄢˋ
仰屋著書,ㄧㄤˇ ㄨ ㄓㄨˋ ㄕㄨ
仰給,ㄧㄤˇ ㄐㄧˇ
仰給於人,ㄧㄤˇ ㄐㄧˇ ㄩˊ ㄖㄣˊ
仲子,ㄓㄨㄥˋ ㄗˇ
仲父,ㄓㄨㄥˋ ㄈㄨˇ
仲虺,ㄓㄨㄥˋ ㄏㄨㄟˇ
仲長統,ㄓㄨㄥˋ ㄔㄤˊ ㄊㄨㄥˇ
仳倠,ㄆㄧˇ ㄏㄨㄟ
仵作行人,ㄨˇ ㄗㄨㄛˋ ㄏㄤˊ ㄖㄣˊ
任公,ㄖㄣˊ ㄍㄨㄥ
任囂,ㄖㄣˊ ㄒㄧㄠ
任性妄為,ㄖㄣˋ ㄒㄧㄥˋ ㄨㄤˋ ㄨㄟˊ
任昉,ㄖㄣˊ ㄈㄤˇ
任筆沈詩,ㄖㄣˊ ㄅㄧˇ ㄕㄣˇ ㄕ
份兒飯,ㄈㄣˋ ㄦ ㄈㄢˋ
伊兒汗國,ㄧ ㄦˊ ㄏㄢˊ ㄍㄨㄛˊ
伊犁縱谷,ㄧ ㄌㄧˊ ㄗㄨㄥ ㄍㄨˇ
伊闕佛龕,ㄧ ㄑㄩㄝˋ ㄈㄛˊ ㄎㄢ
伊麗莎白一世,ㄧ ㄌㄧˋ ㄕㄚ ㄅㄛˊ ㄧ ㄕˋ
伊麗莎白時代,ㄧ ㄌㄧˋ ㄕㄚ ㄅㄛˊ ㄕˊ ㄉㄞˋ
伍員,ㄨˇ ㄩㄣˊ
伍員乘潮,ㄨˇ ㄩㄣˊ ㄔㄥˊ ㄔㄠˊ
伍員抉目,ㄨˇ ㄩㄣˊ ㄐㄩㄝˊ ㄇㄨˋ
伍員鞭屍,ㄨˇ ㄩㄣˊ ㄅㄧㄢ ㄕ
伍子胥,ㄨˇ ㄗˇ ㄒㄩ
伎倆,ㄐㄧˋ ㄌㄧㄤˇ
伏伺,ㄈㄨˊ ㄙˋ
伏几,ㄈㄨˊ ㄐㄧ
伏勝,ㄈㄨˊ ㄕㄥ
伏尸流血,ㄈㄨˊ ㄕ ㄌㄧㄡˊ ㄒㄩㄝˋ
伏虎降龍,ㄈㄨˊ ㄏㄨˇ ㄒㄧㄤˊ ㄌㄨㄥˊ
伐喪,ㄈㄚ ㄙㄤ
伐子都,ㄈㄚ ㄗˇ ㄉㄨ
休假,ㄒㄧㄡ ㄐㄧㄚˋ
休暇,ㄒㄧㄡ ㄒㄧㄚˋ
伙食,ㄏㄨㄛˇ ˙ㄕ
伯伯,ㄅㄛˊ ˙ㄅㄛ
伯圖,ㄅㄚˋ ㄊㄨˊ
伯子,ㄅㄞˇ ˙ㄗ
伯子牙,ㄅㄛˊ ㄗˇ ㄧㄚˊ
伯業,ㄅㄚˋ ㄧㄝˋ
伯遠帖,ㄅㄛˊ ㄩㄢˇ ㄊㄧㄝˇ
伯雍種玉,ㄅㄛˊ ㄩㄥ ㄓㄨㄥˋ ㄩˋ
估中,ㄍㄨ ㄓㄨㄥˋ
估倒,ㄍㄨ ㄉㄠˇ
估價行,ㄍㄨ ㄐㄧㄚˋ ㄏㄤˊ
估喝,ㄍㄨ ㄏㄜˋ
估堆兒,ㄍㄨ ㄉㄨㄟ ㄦ
估摸,ㄍㄨ ˙ㄇㄛ
估衣,ㄍㄨˋ ㄧ
估衣鋪,ㄍㄨˋ ㄧ ㄆㄨˋ
伴姑兒,ㄅㄢˋ ㄍㄨ ㄦ
伴食宰相,ㄅㄢˋ ㄕˊ ㄗㄞˇ ㄒㄧㄤˋ
伶透,ㄌㄧㄥˊ ˙ㄊㄡ
伸舌頭,ㄕㄣ ㄕㄜˊ ˙ㄊㄡ
伸長,ㄕㄣ ㄔㄤˊ
伺便,ㄙˋ ㄅㄧㄢˋ
伺候,ㄘˋ ˙ㄏㄡ
伺察,ㄙˋ ㄔㄚˊ
伺探,ㄙˋ ㄊㄢˋ
伺晨鳥,ㄙˋ ㄔㄣˊ ㄋㄧㄠˇ
伺機而動,ㄙˋ ㄐㄧ ㄦˊ ㄉㄨㄥˋ
伺隙,ㄙˋ ㄒㄧˋ
伽利略,ㄐㄧㄚ ㄌㄧˋ ㄌㄩㄝˋ
伽瑪射線,ㄐㄧㄚ ㄇㄚˇ ㄕㄜˋ ㄒㄧㄢˋ
伽馬,ㄐㄧㄚ ㄇㄚˇ
佃作,ㄊㄧㄢˊ ㄗㄨㄛˋ
佃獵,ㄊㄧㄢˊ ㄌㄧㄝˋ
但得,ㄉㄢˋ ㄉㄜˊ
但是,ㄉㄢˋ ˙ㄕ
但曲,ㄉㄢˋ ㄑㄩˇ
但求塞責,ㄉㄢˋ ㄑㄧㄡˊ ㄙㄜˋ ㄗㄜˊ
佇眙,ㄓㄨˋ ㄔˋ
位分,ㄨㄟˋ ˙ㄈㄣ
低徊,ㄉㄧ ㄏㄨㄟˊ
低徊不已,ㄉㄧ ㄏㄨㄟˊ ㄅㄨˋ ㄧˇ
低靡,ㄉㄧ ㄇㄧˇ
住紮,ㄓㄨˋ ㄓㄚˊ
佐饔得嘗,ㄗㄨㄛˇ ㄩㄥ ㄉㄜˊ ㄔㄤˊ
佔畢,ㄓㄢ ㄅㄧˋ
佔高枝兒,ㄓㄢˋ ㄍㄠ ㄓ ㄦ
何以見得,ㄏㄜˊ ㄧˇ ㄐㄧㄢˋ ㄉㄜˊ
何如帖,ㄏㄜˊ ㄖㄨˊ ㄊㄧㄝˇ
何得,ㄏㄜˊ ㄉㄜˊ
何所不為,ㄏㄜˊ ㄙㄨㄛˇ ㄅㄨˋ ㄨㄟˊ
何樂不為,ㄏㄜˊ ㄌㄜˋ ㄅㄨˋ ㄨㄟˊ
何滿子,ㄏㄜˊ ㄇㄢˇ ㄗˇ
何為,ㄏㄜˊ ㄨㄟˊ
何與,ㄏㄜˊ ㄩˋ
何足為奇,ㄏㄜˊ ㄗㄨˊ ㄨㄟˊ ㄑㄧˊ
余余,ㄒㄩˊ ㄒㄩˊ
余吾鎮,ㄒㄩˊ ㄨˊ ㄓㄣˋ
余車,ㄩˊ ㄐㄩ
佛七,ㄈㄛˊ ㄑㄧ
佛事,ㄈㄛˊ ㄕˋ
佛來明哥,ㄈㄛˊ ㄌㄞˊ ㄇㄧㄥˊ ㄍㄜ
佛像,ㄈㄛˊ ㄒㄧㄤˋ
佛克納,ㄈㄛˊ ㄎㄜˋ ㄋㄚˋ
佛前佛後,ㄈㄛˊ ㄑㄧㄢˊ ㄈㄛˊ ㄏㄡˋ
佛剎,ㄈㄛˊ ㄔㄚˋ
佛印,ㄈㄛˊ ㄧㄣˋ
佛口蛇心,ㄈㄛˊ ㄎㄡˇ ㄕㄜˊ ㄒㄧㄣ
佛因,ㄈㄛˊ ㄧㄣ
佛國,ㄈㄛˊ ㄍㄨㄛˊ
佛國記,ㄈㄛˊ ㄍㄨㄛˊ ㄐㄧˋ
佛圖,ㄈㄛˊ ㄊㄨˊ
佛圖戶,ㄈㄛˊ ㄊㄨˊ ㄏㄨˋ
佛圖澄,ㄈㄛˊ ㄊㄨˊ ㄔㄥˊ
佛地,ㄈㄛˊ ㄉㄧˋ
佛堂,ㄈㄛˊ ㄊㄤˊ
佛場,ㄈㄛˊ ㄔㄤˊ
佛天三寶,ㄈㄛˊ ㄊㄧㄢ ㄙㄢ ㄅㄠˇ
佛妝,ㄈㄛˊ ㄓㄨㄤ
佛子,ㄈㄛˊ ㄗˇ
佛學,ㄈㄛˊ ㄒㄩㄝˊ
佛家,ㄈㄛˊ ㄐㄧㄚ
佛寺,ㄈㄛˊ ㄙˋ
佛山木版年畫,ㄈㄛˊ ㄕㄢ ㄇㄨˋ ㄅㄢˇ ㄋㄧㄢˊ ㄏㄨㄚˋ
佛帕,ㄈㄛˊ ㄆㄚˋ
佛心宗,ㄈㄛˊ ㄒㄧㄣ ㄗㄨㄥ
佛性,ㄈㄛˊ ㄒㄧㄥˋ
佛成道日,ㄈㄛˊ ㄔㄥˊ ㄉㄠˋ ㄖˋ
佛戾,ㄈㄛˊ ㄌㄧˋ
佛手,ㄈㄛˊ ㄕㄡˇ
佛手柑,ㄈㄛˊ ㄕㄡˇ ㄍㄢ
佛手瓜,ㄈㄛˊ ㄕㄡˇ ㄍㄨㄚ
佛指甲,ㄈㄛˊ ㄓˇ ˙ㄐㄧㄚ
佛教,ㄈㄛˊ ㄐㄧㄠˋ
佛教音樂,ㄈㄛˊ ㄐㄧㄠˋ ㄧㄣ ㄩㄝˋ
佛日,ㄈㄛˊ ㄖˋ
佛曲,ㄈㄛˊ ㄑㄩˇ
佛會,ㄈㄛˊ ㄏㄨㄟˋ
佛果,ㄈㄛˊ ㄍㄨㄛˇ
佛桑,ㄈㄛˊ ㄙㄤ
佛法,ㄈㄛˊ ㄈㄚˇ
佛洛伊德,ㄈㄛˊ ㄌㄨㄛˋ ㄧ ㄉㄜˊ
佛洛伊德學說,ㄈㄛˊ ㄌㄨㄛˋ ㄧ ㄉㄜˊ ㄒㄩㄝˊ ㄕㄨㄛ
佛海,ㄈㄛˊ ㄏㄞˇ
佛燈,ㄈㄛˊ ㄉㄥ
佛爺,ㄈㄛˊ ˙ㄧㄝ
佛牙,ㄈㄛˊ ㄧㄚˊ
佛珠,ㄈㄛˊ ㄓㄨ
佛生日,ㄈㄛˊ ㄕㄥ ㄖˋ
佛眼兒,ㄈㄛˊ ㄧㄢˇ ㄦ
佛眼相看,ㄈㄛˊ ㄧㄢˇ ㄒㄧㄤ ㄎㄢˋ
佛祖,ㄈㄛˊ ㄗㄨˇ
佛科,ㄈㄛˊ ㄎㄜ
佛科擺,ㄈㄛˊ ㄎㄜ ㄅㄞˇ
佛粥,ㄈㄛˊ ㄓㄡ
佛經,ㄈㄛˊ ㄐㄧㄥ
佛羅里達州,ㄈㄛˊ ㄌㄨㄛˊ ㄌㄧˇ ㄉㄚˊ ㄓㄡ
佛老,ㄈㄛˊ ㄌㄠˇ
佛肸,ㄅㄧˋ ㄒㄧˋ
佛舍利,ㄈㄛˊ ㄕㄜˋ ㄌㄧˋ
佛蒙特州,ㄈㄛˊ ㄇㄥˊ ㄊㄜˋ ㄓㄡ
佛號,ㄈㄛˊ ㄏㄠˋ
佛誕日,ㄈㄛˊ ㄉㄢˋ ㄖˋ
佛誕節,ㄈㄛˊ ㄉㄢˋ ㄐㄧㄝˊ
佛說不可說,ㄈㄛˊ ㄕㄨㄛ ㄅㄨˋ ㄎㄜˇ ㄕㄨㄛ
佛貍,ㄅㄧˋ ㄌㄧˊ
佛跳牆,ㄈㄛˊ ㄊㄧㄠˋ ㄑㄧㄤˊ
佛郎機,ㄈㄛˊ ㄌㄤˊ ㄐㄧ
佛門,ㄈㄛˊ ㄇㄣˊ
佛門弟子,ㄈㄛˊ ㄇㄣˊ ㄉㄧˋ ㄗˇ
佛陀,ㄈㄛˊ ㄊㄨㄛˊ
佛青,ㄈㄛˊ ㄑㄧㄥ
佛面上刮金,ㄈㄛˊ ㄇㄧㄢˋ ㄕㄤˋ ㄍㄨㄚ ㄐㄧㄣ
佛頭著糞,ㄈㄛˊ ㄊㄡˊ ㄓㄨㄛˊ ㄈㄣˋ
佛馱,ㄈㄛˊ ㄊㄨㄛˊ
佛龕,ㄈㄛˊ ㄎㄢ
作不得主,ㄗㄨㄛˋ ㄅㄨˋ ㄉㄜˊ ㄓㄨˇ
作佛事,ㄗㄨㄛˋ ㄈㄛˊ ˙ㄕ
作坊,ㄗㄨㄛ ˙ㄈㄤ
作場,ㄗㄨㄛˋ ㄔㄤˊ
作情,ㄗㄨㄛˋ ˙ㄑㄧㄥ
作揖,ㄗㄨㄛ ㄧ
作摩,ㄗㄨㄛˊ ˙ㄇㄛ
作料,ㄗㄨㄛˊ ㄌㄧㄠˋ
作曲,ㄗㄨㄛˋ ㄑㄩˇ
作死,ㄗㄨㄛ ㄙˇ
作為,ㄗㄨㄛˋ ㄨㄟˊ
作為犯,ㄗㄨㄛˋ ㄨㄟˊ ㄈㄢˋ
作畦,ㄗㄨㄛˋ ㄒㄧ
作癟子,ㄗㄨㄛ ㄅㄧㄝˇ ˙ㄗ
作纛旗兒,ㄗㄨㄛˋ ㄉㄠˋ ㄑㄧˊ ㄦ
作興,ㄗㄨㄛˋ ㄒㄧㄥ
作舍道旁,ㄗㄨㄛˋ ㄕㄜˋ ㄉㄠˋ ㄆㄤˊ
作舍道邊,ㄗㄨㄛˋ ㄕㄜˋ ㄉㄠˋ ㄅㄧㄢ
作踐,ㄗㄨㄛˊ ㄐㄧㄢˋ
作麼生,ㄗㄨㄛˋ ㄇㄛˊ ㄕㄥ
佞佛,ㄋㄧㄥˋ ㄈㄛˊ
你長我短,ㄋㄧˇ ㄔㄤˊ ㄨㄛˇ ㄉㄨㄢˇ
佣錢,ㄩㄥˋ ˙ㄑㄧㄢ
佧喇,ㄎㄚˇ ㄌㄚ
佩件兒,ㄆㄟˋ ㄐㄧㄢˋ ㄦ
佩服,ㄆㄟˋ ˙ㄈㄨ
佳人命薄,ㄐㄧㄚ ㄖㄣˊ ㄇㄧㄥˋ ㄅㄛˊ
佳人才子,ㄐㄧㄚ ㄖㄣˊ ㄘㄞˊ ㄗˇ
佳人薄命,ㄐㄧㄚ ㄖㄣˊ ㄅㄛˊ ㄇㄧㄥˋ
佳什,ㄐㄧㄚ ㄕˊ
佳子弟,ㄐㄧㄚ ㄗˇ ㄉㄧˋ
併當,ㄅㄧㄥˋ ㄉㄤˋ
佹僪,ㄍㄨㄟˇ ㄐㄩㄝˊ
佹得佹失,ㄍㄨㄟˇ ㄉㄜˊ ㄍㄨㄟˇ ㄕ
佻佻,ㄊㄧㄠˊ ㄊㄧㄠˊ
佻薄,ㄊㄧㄠ ㄅㄛˊ
佻達,ㄊㄧㄠ ㄊㄚˋ
使不得,ㄕˇ ˙ㄅㄨ ˙ㄉㄜ
使君子,ㄕˇ ㄐㄩㄣ ㄗˇ
使巧兒,ㄕˇ ㄑㄧㄠˇ ㄦ
使心眼兒,ㄕˇ ㄒㄧㄣ ㄧㄢˇ ㄦ
使絆兒,ㄕˇ ㄅㄢˋ ㄦ
使羊將狼,ㄕˇ ㄧㄤˊ ㄐㄧㄤˋ ㄌㄤˊ
使脾氣,ㄕˇ ㄆㄧˊ ˙ㄑㄧ
來事兒,ㄌㄞˊ ㄕˋ ㄦ
來人兒,ㄌㄞˊ ㄖㄣˊ ㄦ
來來,ㄌㄞˊ ˙ㄌㄞ
來扇館,ㄌㄞˊ ㄕㄢ ㄍㄨㄢˇ
來日方長,ㄌㄞˊ ㄖˋ ㄈㄤ ㄔㄤˊ
來日正長,ㄌㄞˊ ㄖˋ ㄓㄥˋ ㄔㄤˊ
來朝,ㄌㄞˊ ㄓㄠ
來派,ㄌㄞˊ ˙ㄆㄞ
來煞,ㄌㄞˊ ㄕㄚˋ
來路貨,ㄌㄞˊ ˙ㄌㄨ ㄏㄨㄛˋ
來頭,ㄌㄞˊ ˙ㄊㄡ
來頭不小,ㄌㄞˊ ˙ㄊㄡ ㄅㄨˋ ㄒㄧㄠˇ
來頭貨,ㄌㄞˊ ˙ㄊㄡ ㄏㄨㄛˋ
來龍去脈,ㄌㄞˊ ㄌㄨㄥˊ ㄑㄩˋ ㄇㄛˋ
侈靡,ㄔˇ ㄇㄧˇ
例假,ㄌㄧˋ ㄐㄧㄚˋ
例假日,ㄌㄧˋ ㄐㄧㄚˋ ㄖˋ
侍子,ㄕˋ ㄗˇ
侍從,ㄕˋ ㄗㄨㄥˋ
侍應生,ㄕˋ ㄧㄥˋ ㄕㄥ
供不上,ㄍㄨㄥ ˙ㄅㄨ ㄕㄤˋ
供不應求,ㄍㄨㄥ ㄅㄨˋ ㄧㄥˋ ㄑㄧㄡˊ
供事,ㄍㄨㄥˋ ㄕˋ
供佛,ㄍㄨㄥˋ ㄈㄛˊ
供品,ㄍㄨㄥˋ ㄆㄧㄣˇ
供奉,ㄍㄨㄥˋ ㄈㄥˋ
供奠,ㄍㄨㄥˋ ㄉㄧㄢˋ
供客,ㄍㄨㄥˋ ㄎㄜˋ
供尖,ㄍㄨㄥˋ ㄐㄧㄢ
供床,ㄍㄨㄥˋ ㄔㄨㄤˊ
供應,ㄍㄨㄥ ㄧㄥˋ
供應商,ㄍㄨㄥ ㄧㄥˋ ㄕㄤ
供月兒,ㄍㄨㄥˋ ㄩㄝˋ ㄦ
供果,ㄍㄨㄥˋ ㄍㄨㄛˇ
供桌,ㄍㄨㄥˋ ㄓㄨㄛ
供獻,ㄍㄨㄥˋ ㄒㄧㄢˋ
供碗,ㄍㄨㄥˋ ㄨㄢˇ
供給,ㄍㄨㄥ ㄐㄧˇ
供職,ㄍㄨㄥˋ ㄓˊ
供花兒,ㄍㄨㄥˋ ㄏㄨㄚ ㄦ
供茶,ㄍㄨㄥˋ ㄔㄚˊ
供需失調,ㄍㄨㄥ ㄒㄩ ㄕ ㄊㄧㄠˊ
供養,ㄍㄨㄥˋ ㄧㄤˋ
依樣畫葫蘆,ㄧ ㄧㄤˋ ㄏㄨㄚˋ ㄏㄨˊ ˙ㄌㄨ
依法炮製,ㄧ ㄈㄚˇ ㄆㄠˊ ㄓˋ
依還,ㄧ ㄏㄨㄢˊ
依阿兩可,ㄧ ㄜ ㄌㄧㄤˇ ㄎㄜˇ
依阿取容,ㄧ ㄜ ㄑㄩˇ ㄖㄨㄥˊ
依頭縷當,ㄧ ㄊㄡˊ ㄌㄩˇ ㄉㄤˋ
侲子,ㄓㄣˋ ㄗˇ
侵權行為,ㄑㄧㄣ ㄑㄩㄢˊ ㄒㄧㄥˊ ㄨㄟˊ
便了,ㄅㄧㄢˋ ㄌㄧㄠˇ
便佞,ㄆㄧㄢˊ ㄋㄧㄥˋ
便便,ㄆㄧㄢˊ ㄆㄧㄢˊ
便娟,ㄆㄧㄢˊ ㄐㄩㄢ
便嬖,ㄆㄧㄢˊ ㄅㄧˋ
便嬛,ㄆㄧㄢˊ ㄒㄩㄢ
便安,ㄆㄧㄢˊ ㄢ
便宜,ㄆㄧㄢˊ ˙ㄧ
便宜不過當家,ㄆㄧㄢˊ ˙ㄧ ㄅㄨˋ ㄍㄨㄛˋ ㄉㄤ ㄐㄧㄚ
便宜主義,ㄆㄧㄢˊ ˙ㄧ ㄓㄨˇ ㄧˋ
便宜無好貨,ㄆㄧㄢˊ ˙ㄧ ㄨˊ ㄏㄠˇ ㄏㄨㄛˋ
便宜處分,ㄅㄧㄢˋ ㄧˊ ㄔㄨˇ ㄈㄣˋ
便宜處置,ㄅㄧㄢˋ ㄧˊ ㄔㄨˇ ㄓˋ
便宜話,ㄆㄧㄢˊ ˙ㄧ ㄏㄨㄚˋ
便宜貨,ㄆㄧㄢˊ ˙ㄧ ㄏㄨㄛˋ
便得,ㄅㄧㄢˋ ㄉㄜˊ
便溺,ㄅㄧㄢˋ ㄋㄧㄠˋ
便益不失當家,ㄆㄧㄢˊ ˙ㄧ ㄅㄨˋ ㄕ ㄉㄤ ㄐㄧㄚ
便祕,ㄅㄧㄢˋ ㄅㄧˋ
便言,ㄆㄧㄢˊ ㄧㄢˊ
便辟,ㄆㄧㄢˊ ㄆㄧˋ
係累,ㄒㄧˋ ㄌㄟˇ
係風捕景,ㄒㄧˋ ㄈㄥ ㄅㄨˇ ㄧㄥˇ
促膝長談,ㄘㄨˋ ㄒㄧ ㄔㄤˊ ㄊㄢˊ
俊鶻,ㄐㄩㄣˋ ㄏㄨˊ
俊龐兒,ㄐㄩㄣˋ ㄆㄤˊ ㄦ
俏模樣,ㄑㄧㄠˋ ㄇㄨˊ ㄧㄤˋ
俏皮,ㄑㄧㄠˋ ˙ㄆㄧ
俏皮話,ㄑㄧㄠˋ ˙ㄆㄧ ㄏㄨㄚˋ
俏頭,ㄑㄧㄠˋ ˙ㄊㄡ
俐落,ㄌㄧˋ ˙ㄌㄨㄛ
俔俔,ㄒㄧㄢˋ ㄒㄧㄢˋ
俗子,ㄙㄨˊ ㄗˇ
俗樂,ㄙㄨˊ ㄩㄝˋ
俚曲,ㄌㄧˇ ㄑㄩˇ
保住,ㄅㄠˇ ˙ㄓㄨ
保保,ㄅㄠˇ ˙ㄅㄠ
保兒,ㄅㄠˇ ㄦ
保全處分,ㄅㄠˇ ㄑㄩㄢˊ ㄔㄨˇ ㄈㄣˋ
保子,ㄅㄠˇ ㄗˇ
保安處分,ㄅㄠˇ ㄢ ㄔㄨˇ ㄈㄣˋ
保險給付,ㄅㄠˇ ㄒㄧㄢˇ ㄐㄧˇ ㄈㄨˋ
俞兒,ㄕㄨ ㄦˊ
俟俟,ㄙˋ ㄙˋ
俟候,ㄙˋ ㄏㄡˋ
俟命,ㄙˋ ㄇㄧㄥˋ
俟時,ㄙˋ ㄕˊ
俟河之清,ㄙˋ ㄏㄜˊ ㄓ ㄑㄧㄥ
俠侍,ㄐㄧㄚˊ ㄕˋ
俠拜,ㄐㄧㄚˊ ㄅㄞˋ
信以為真,ㄒㄧㄣˋ ㄧˇ ㄨㄟˊ ㄓㄣ
信兒,ㄒㄧㄣˋ ㄦ
信差,ㄒㄧㄣˋ ㄔㄞ
信行,ㄒㄧㄣˋ ㄒㄧㄥˋ
信行兒,ㄒㄧㄣˋ ˙ㄒㄧㄥ ㄦ
修正液,ㄒㄧㄡ ㄓㄥˋ ㄧˋ
修省,ㄒㄧㄡ ㄒㄧㄥˇ
修謹以俟,ㄒㄧㄡ ㄐㄧㄣˇ ㄧˇ ㄙˋ
修長,ㄒㄧㄡ ㄔㄤˊ
俱舍師,ㄐㄩˋ ㄕㄜˋ ㄕ
俱舍論,ㄐㄩˋ ㄕㄜˋ ㄌㄨㄣˋ
俳倡,ㄆㄞˊ ㄔㄤ
俸給,ㄈㄥˋ ㄐㄧˇ
俺咱,ㄢˇ ㄗㄚˊ
俺每,ㄢˇ ˙ㄇㄟ
俾倪,ㄅㄧˋ ㄋㄧˋ
倅車,ㄘㄨㄟˋ ㄐㄩ
倆心眼兒,ㄌㄧㄚˇ ㄒㄧㄣ ㄧㄢˇ ㄦ
倆錢兒,ㄌㄧㄚˇ ㄑㄧㄢˊ ㄦ
倉卒,ㄘㄤ ㄘㄨˋ
倉頡,ㄘㄤ ㄐㄧㄝˊ
倉頡中文碼,ㄘㄤ ㄐㄧㄝˊ ㄓㄨㄥ ㄨㄣˊ ㄇㄚˇ
倉頡篇,ㄘㄤ ㄐㄧㄝˊ ㄆㄧㄢ
倉頡輸入法,ㄘㄤ ㄐㄧㄝˊ ㄕㄨ ㄖㄨˋ ㄈㄚˇ
個人所得,ㄍㄜˋ ㄖㄣˊ ㄙㄨㄛˇ ㄉㄜˊ
個人所得稅,ㄍㄜˋ ㄖㄣˊ ㄙㄨㄛˇ ㄉㄜˊ ㄕㄨㄟˋ
個兒,ㄍㄜˋ ㄦ
個別差異,ㄍㄜˋ ㄅㄧㄝˊ ㄔㄚ ㄧˋ
倍兒,ㄅㄟˋ ㄦ
倍稱,ㄅㄟˋ ㄔㄥˋ
倒三顛四,ㄉㄠˇ ㄙㄢ ㄉㄧㄢ ㄙˋ
倒下,ㄉㄠˇ ㄒㄧㄚˋ
倒不開,ㄉㄠˇ ㄅㄨˋ ㄎㄞ
倒亂,ㄉㄠˇ ㄌㄨㄢˋ
倒了八輩子楣,ㄉㄠˇ ˙ㄌㄜ ㄅㄚ ㄅㄟˋ ˙ㄗ ㄇㄟˊ
倒了架,ㄉㄠˇ ˙ㄌㄜ ㄐㄧㄚˋ
倒了架子,ㄉㄠˇ ˙ㄌㄜ ㄐㄧㄚˋ ˙ㄗ
倒了柴,ㄉㄠˇ ˙ㄌㄜ ㄔㄞˊ
倒了核桃車子,ㄉㄠˇ ˙ㄌㄜ ㄏㄜˊ ㄊㄠˊ ㄔㄜ ˙ㄗ
倒伏,ㄉㄠˇ ㄈㄨˊ
倒倉,ㄉㄠˇ ㄘㄤ
倒債,ㄉㄠˇ ㄓㄞˋ
倒價,ㄉㄠˇ ㄐㄧㄚˋ
倒包,ㄉㄠˇ ㄅㄠ
倒嗆,ㄉㄠˇ ㄑㄧㄤˋ
倒嗓,ㄉㄠˇ ㄙㄤˇ
倒嚼,ㄉㄠˇ ㄐㄧㄠˋ
倒四顛三,ㄉㄠˇ ㄙˋ ㄉㄧㄢ ㄙㄢ
倒地,ㄉㄠˇ ㄉㄧˋ
倒地葫蘆,ㄉㄠˇ ㄉㄧˋ ㄏㄨˊ ˙ㄌㄨ
倒坍,ㄉㄠˇ ㄊㄢ
倒塌,ㄉㄠˇ ㄊㄚ
倒字,ㄉㄠˇ ㄗˋ
倒宅計,ㄉㄠˇ ㄓㄞˊ ㄐㄧˋ
倒寨計,ㄉㄠˇ ㄓㄞˋ ㄐㄧˋ
倒山傾海,ㄉㄠˇ ㄕㄢ ㄑㄧㄥ ㄏㄞˇ
倒帳,ㄉㄠˇ ㄓㄤˋ
倒店,ㄉㄠˇ ㄉㄧㄢˋ
倒心,ㄉㄠˇ ㄒㄧㄣ
倒心伏計,ㄉㄠˇ ㄒㄧㄣ ㄈㄨˊ ㄐㄧˋ
倒扁兒,ㄉㄠˇ ㄅㄧㄢˇ ㄦ
倒手,ㄉㄠˇ ㄕㄡˇ
倒打鑼兒,ㄉㄠˋ ㄉㄚˇ ㄌㄨㄛˊ ㄦ
倒扣針兒,ㄉㄠˋ ㄎㄡˋ ㄓㄣ ㄦ
倒把,ㄉㄠˇ ㄅㄚˇ
倒把鋤頭,ㄉㄠˋ ㄅㄚˇ ㄔㄨˊ ˙ㄊㄡ
倒抹,ㄉㄠˇ ㄇㄛˇ
倒持泰阿,ㄉㄠˋ ㄔˊ ㄊㄞˋ ㄜ
倒捽毛兒,ㄉㄠˋ ㄗㄨˊ ㄇㄠˊ ㄦ
倒換,ㄉㄠˇ ㄏㄨㄢˋ
倒數,ㄉㄠˋ ㄕㄨˇ
倒數第一名,ㄉㄠˋ ㄕㄨˇ ㄉㄧˋ ㄧ ㄇㄧㄥˊ
倒數計時,ㄉㄠˋ ㄕㄨˇ ㄐㄧˋ ㄕˊ
倒斃,ㄉㄠˇ ㄅㄧˋ
倒斷,ㄉㄠˇ ㄉㄨㄢˋ
倒旗鎗,ㄉㄠˇ ㄑㄧˊ ㄑㄧㄤ
倒景,ㄉㄠˋ ㄧㄥˇ
倒曹,ㄉㄠˇ ㄘㄠˊ
倒替,ㄉㄠˇ ㄊㄧˋ
倒會,ㄉㄠˇ ㄏㄨㄟˋ
倒板,ㄉㄠˇ ㄅㄢˇ
倒枕捶床,ㄉㄠˇ ㄓㄣˇ ㄔㄨㄟˊ ㄔㄨㄤˊ
倒枕搥床,ㄉㄠˇ ㄓㄣˇ ㄔㄨㄟˊ ㄔㄨㄤˊ
倒果為因,ㄉㄠˋ ㄍㄨㄛˇ ㄨㄟˊ ㄧㄣ
倒架,ㄉㄠˇ ㄐㄧㄚˋ
倒楣,ㄉㄠˇ ㄇㄟˊ
倒楣相,ㄉㄠˇ ㄇㄟˊ ㄒㄧㄤˋ
倒楣透頂,ㄉㄠˇ ㄇㄟˊ ㄊㄡˋ ㄉㄧㄥˇ
倒海移山,ㄉㄠˇ ㄏㄞˇ ㄧˊ ㄕㄢ
倒海翻江,ㄉㄠˇ ㄏㄞˇ ㄈㄢ ㄐㄧㄤ
倒瀉,ㄉㄠˇ ㄒㄧㄝˋ
倒灶,ㄉㄠˇ ㄗㄠˋ
倒灶八字,ㄉㄠˇ ㄗㄠˋ ㄅㄚ ㄗˋ
倒煤,ㄉㄠˇ ㄇㄟˊ
倒爺,ㄉㄠˇ ㄧㄝˊ
倒牌,ㄉㄠˇ ㄆㄞˊ
倒牙,ㄉㄠˇ ㄧㄚˊ
倒班,ㄉㄠˇ ㄅㄢ
倒篷,ㄉㄠˇ ㄆㄥˊ
倒胃,ㄉㄠˇ ㄨㄟˋ
倒胃口,ㄉㄠˇ ㄨㄟˋ ㄎㄡˇ
倒臥,ㄉㄠˇ ㄨㄛˋ
倒臺,ㄉㄠˇ ㄊㄞˊ
倒蛋,ㄉㄠˇ ㄉㄢˋ
倒街臥巷,ㄉㄠˇ ㄐㄧㄝ ㄨㄛˋ ㄒㄧㄤˋ
倒賣,ㄉㄠˇ ㄇㄞˋ
倒路死,ㄉㄠˇ ㄌㄨˋ ㄙˇ
倒蹲兒,ㄉㄠˋ ㄉㄨㄣ ㄦ
倒身,ㄉㄠˇ ㄕㄣ
倒運,ㄉㄠˇ ㄩㄣˋ
倒鐘擺效應,ㄉㄠˋ ㄓㄨㄥ ㄅㄞˇ ㄒㄧㄠˋ ㄧㄥˋ
倒閉,ㄉㄠˇ ㄅㄧˋ
倒閣,ㄉㄠˇ ㄍㄜˊ
倒霉,ㄉㄠˇ ㄇㄟˊ
倒頓,ㄉㄠˇ ㄉㄨㄣˋ
倒頭,ㄉㄠˇ ㄊㄡˊ
倒頭就睡,ㄉㄠˇ ㄊㄡˊ ㄐㄧㄡˋ ㄕㄨㄟˋ
倒頭經,ㄉㄠˇ ㄊㄡˊ ㄐㄧㄥ
倒頭飯,ㄉㄠˇ ㄊㄡˊ ㄈㄢˋ
倒馬,ㄉㄠˇ ㄇㄚˇ
倒馬毒,ㄉㄠˇ ㄇㄚˇ ㄉㄨˊ
倒騰,ㄉㄠˇ ㄊㄥˊ
倒鳳顛鸞,ㄉㄠˇ ㄈㄥˋ ㄉㄧㄢ ㄌㄨㄢˊ
倔巴,ㄐㄩㄝˋ ˙ㄅㄚ
倔巴棍子,ㄐㄩㄝˋ ˙ㄅㄚ ㄍㄨㄣˋ ˙ㄗ
倔強,ㄐㄩㄝˊ ㄐㄧㄤˋ
倔槓頭,ㄐㄩㄝˋ ㄍㄤˋ ˙ㄊㄡ
倔頭倔腦,ㄐㄩㄝˋ ㄊㄡˊ ㄐㄩㄝˋ ㄋㄠˇ
倘佯,ㄔㄤˊ ㄧㄤˊ
候場,ㄏㄡˋ ㄔㄤˊ
倚兒不當,ㄧˇ ㄦˊ ㄅㄨˋ ㄉㄤˋ
倚多為勝,ㄧˇ ㄉㄨㄛ ㄨㄟˊ ㄕㄥˋ
倚相,ㄧˇ ㄒㄧㄤˋ
倚薄,ㄧˇ ㄅㄛˊ
借屍還魂,ㄐㄧㄝˋ ㄕ ㄏㄨㄢˊ ㄏㄨㄣˊ
借花獻佛,ㄐㄧㄝˋ ㄏㄨㄚ ㄒㄧㄢˋ ㄈㄛˊ
倡和,ㄔㄤˋ ㄏㄜˋ
倡女,ㄔㄤ ㄋㄩˇ
倡寮,ㄔㄤ ㄌㄧㄠˊ
倡揚,ㄔㄤ ㄧㄤˊ
倥侗,ㄎㄨㄥ ㄊㄨㄥˊ
倥傯,ㄎㄨㄥˇ ㄗㄨㄥˇ
倥臉,ㄎㄨㄥˇ ㄌㄧㄢˇ
倨傲鮮腆,ㄐㄩˋ ㄠˋ ㄒㄧㄢˇ ㄊㄧㄢˇ
倨句,ㄐㄩˋ ㄍㄡ
倭遲,ㄨㄟ ㄔˊ
值更,ㄓˊ ㄍㄥ
偃武興文,ㄧㄢˇ ㄨˇ ㄒㄧㄥ ㄨㄣˊ
假子,ㄐㄧㄚˇ ㄗˇ
假日,ㄐㄧㄚˋ ㄖˋ
假日花市,ㄐㄧㄚˋ ㄖˋ ㄏㄨㄚ ㄕˋ
假期,ㄐㄧㄚˋ ㄑㄧˊ
假期憂鬱症候群,ㄐㄧㄚˋ ㄑㄧˊ ㄧㄡ ㄩˋ ㄓㄥˋ ㄏㄡˋ ㄑㄩㄣˊ
假樂,ㄐㄧㄚˋ ㄌㄜˋ
假正經,ㄐㄧㄚˇ ㄓㄥˋ ˙ㄐㄧㄥ
假處分,ㄐㄧㄚˇ ㄔㄨˇ ㄈㄣˋ
偈偈,ㄐㄧㄝˊ ㄐㄧㄝˊ
偎乾就濕,ㄨㄟ ㄍㄢ ㄐㄧㄡˋ ㄕ
偏好,ㄆㄧㄢ ㄏㄠˋ
偏將,ㄆㄧㄢ ㄐㄧㄤˋ
偏差,ㄆㄧㄢ ㄔㄚ
偏差理論,ㄆㄧㄢ ㄔㄚ ㄌㄧˇ ㄌㄨㄣˋ
偏差行為,ㄆㄧㄢ ㄔㄚ ㄒㄧㄥˊ ㄨㄟˊ
偏裨,ㄆㄧㄢ ㄆㄧˊ
偏阿,ㄆㄧㄢ ㄜ
做一行怨一行,ㄗㄨㄛˋ ㄧ ㄏㄤˊ ㄩㄢˋ ㄧ ㄏㄤˊ
做下來,ㄗㄨㄛˋ ˙ㄒㄧㄚ ㄌㄞˊ
做人處事,ㄗㄨㄛˋ ㄖㄣˊ ㄔㄨˇ ㄕˋ
做作,ㄗㄨㄛˋ ˙ㄗㄨㄛ
做倒包,ㄗㄨㄛˋ ㄉㄠˇ ㄅㄠ
做出事來,ㄗㄨㄛˋ ˙ㄔㄨ ㄕˋ ˙ㄌㄞ
做出場,ㄗㄨㄛˋ ㄔㄨ ㄔㄤˊ
做分上,ㄗㄨㄛˋ ㄈㄣˋ ㄕㄤˋ
做尾巴,ㄗㄨㄛˋ ㄨㄟˇ ˙ㄅㄚ
做工夫,ㄗㄨㄛˋ ㄍㄨㄥ ˙ㄈㄨ
做得了,ㄗㄨㄛˋ ˙ㄉㄜ ㄌㄧㄠˇ
做我不著,ㄗㄨㄛˋ ㄨㄛˇ ㄅㄨˋ ㄓㄠˊ
做排場,ㄗㄨㄛˋ ㄆㄞˊ ㄔㄤˊ
做朝,ㄗㄨㄛˋ ㄓㄠ
做法子,ㄗㄨㄛˋ ㄈㄚˊ ˙ㄗ
做派,ㄗㄨㄛˋ ˙ㄆㄞ
做甚,ㄗㄨㄛˋ ㄕㄣˊ
做生意,ㄗㄨㄛˋ ㄕㄥ ˙ㄧ
做的個,ㄗㄨㄛˋ ˙ㄉㄜ ˙ㄍㄜ
做空頭,ㄗㄨㄛˋ ㄎㄨㄥˋ ㄊㄡˊ
做臉兒,ㄗㄨㄛˋ ㄌㄧㄢˇ ㄦ
做處,ㄗㄨㄛˋ ˙ㄔㄨ
做道場,ㄗㄨㄛˋ ㄉㄠˋ ㄔㄤˊ
停停當當,ㄊㄧㄥˊ ㄊㄧㄥˊ ㄉㄤˋ ㄉㄤˋ
停喪,ㄊㄧㄥˊ ㄙㄤ
停潦,ㄊㄧㄥˊ ㄌㄠˋ
停當,ㄊㄧㄥˊ ㄉㄤˋ
停車場,ㄊㄧㄥˊ ㄔㄜ ㄔㄤˊ
健將,ㄐㄧㄢˋ ㄐㄧㄤˋ
偪陽,ㄈㄨˊ ㄧㄤˊ
偰列箎,ㄒㄧㄝˋ ㄌㄧㄝˋ ㄔˊ
側柏,ㄘㄜˋ ㄅㄛˊ
偵伺,ㄓㄣ ㄙˋ
偵騎,ㄓㄣ ㄐㄧˋ
偶一為之,ㄡˇ ㄧ ㄨㄟˊ ㄓ
偶得,ㄡˇ ㄉㄜˊ
偷來的鑼鼓打不得,ㄊㄡ ㄌㄞˊ ˙ㄉㄜ ㄌㄨㄛˊ ㄍㄨˇ ㄉㄚˇ ㄅㄨˋ ㄉㄜˊ
偷偷伴伴,ㄊㄡ ˙ㄊㄡ ㄅㄢˋ ㄅㄢˋ
偷偷抹抹,ㄊㄡ ˙ㄊㄡ ㄇㄛˇ ㄇㄛˇ
偷偷摸摸,ㄊㄡ ˙ㄊㄡ ㄇㄛ ㄇㄛ
偷兒,ㄊㄡ ㄦ
偷嘴的貓兒性不改,ㄊㄡ ㄗㄨㄟˇ ˙ㄉㄜ ㄇㄠ ㄦ ㄒㄧㄥˋ ㄅㄨˋ ㄍㄞˇ
偷彈珠淚,ㄊㄡ ㄊㄢˊ ㄓㄨ ㄌㄟˋ
偷得浮生半日閒,ㄊㄡ ㄉㄜˊ ㄈㄨˊ ㄕㄥ ㄅㄢˋ ㄖˋ ㄒㄧㄢˊ
偷的鑼兒敲不得,ㄊㄡ ˙ㄉㄜ ㄌㄨㄛˊ ㄦ ㄑㄧㄠ ㄅㄨˋ ㄉㄜˊ
偷空,ㄊㄡ ㄎㄨㄥˋ
偷著浮生半日閒,ㄊㄡ ㄓㄠˊ ㄈㄨˊ ㄕㄥ ㄅㄢˋ ㄖˋ ㄒㄧㄢˊ
偷薄,ㄊㄡ ㄅㄛˊ
偷雞不著蝕把米,ㄊㄡ ㄐㄧ ㄅㄨˋ ㄓㄠˊ ㄕˊ ㄅㄚˇ ㄇㄧˇ
偷食貓兒性不改,ㄊㄡ ㄕˊ ㄇㄠ ㄦ ㄒㄧㄥˋ ㄅㄨˋ ㄍㄞˇ
傀儡,ㄎㄨㄟˇ ㄌㄟˇ
傀儡家庭,ㄎㄨㄟˇ ㄌㄟˇ ㄐㄧㄚ ㄊㄧㄥˊ
傀儡戲,ㄎㄨㄟˇ ㄌㄟˇ ㄒㄧˋ
傀儡政權,ㄎㄨㄟˇ ㄌㄟˇ ㄓㄥˋ ㄑㄩㄢˊ
傅說,ㄈㄨˋ ㄩㄝˋ
傅說版築,ㄈㄨˋ ㄩㄝˋ ㄅㄢˇ ㄓㄨˊ
傈僳族,ㄌㄧˋ ㄙㄨˋ ㄗㄨˊ
傍亮兒,ㄅㄤ ㄌㄧㄤˋ ㄦ
傍人,ㄆㄤˊ ㄖㄣˊ
傍今,ㄅㄤ ㄐㄧㄣ
傍個影兒,ㄅㄤˋ ˙ㄍㄜ ㄧㄥˇ ㄦ
傍偟,ㄆㄤˊ ㄏㄨㄤˊ
傍午,ㄅㄤ ㄨˇ
傍妻,ㄆㄤˊ ㄑㄧ
傍尊,ㄆㄤˊ ㄗㄨㄣ
傍排,ㄆㄤˊ ㄆㄞˊ
傍晌,ㄅㄤ ㄕㄤˇ
傍晚,ㄅㄤ ㄨㄢˇ
傍牌,ㄆㄤˊ ㄆㄞˊ
傍生,ㄆㄤˊ ㄕㄥ
傍若無人,ㄆㄤˊ ㄖㄨㄛˋ ㄨˊ ㄖㄣˊ
傍薄,ㄆㄤˊ ㄅㄛˊ
傍觀,ㄆㄤˊ ㄍㄨㄢ
傍通,ㄆㄤˊ ㄊㄨㄥ
傍邊,ㄆㄤˊ ㄅㄧㄢ
傍門,ㄆㄤˊ ㄇㄣˊ
傍門外道,ㄆㄤˊ ㄇㄣˊ ㄨㄞˋ ㄉㄠˋ
傍黑兒,ㄅㄤ ㄏㄟ ㄦ
傑佛士,ㄐㄧㄝˊ ㄈㄛˊ ㄕˋ
傑克遜,ㄐㄧㄝˊ ㄎㄜˋ ㄙㄨㄣˋ
傑弗遜,ㄐㄧㄝˊ ㄈㄨˊ ㄙㄨㄣˋ
傔從,ㄑㄧㄢˋ ㄗㄨㄥˋ
傖父,ㄘㄤ ㄈㄨˇ
傢伙,ㄐㄧㄚ ˙ㄏㄨㄛ
傢伙座兒,ㄐㄧㄚ ˙ㄏㄨㄛ ㄗㄨㄛˋ ㄦ
催吐劑,ㄘㄨㄟ ㄊㄨˋ ㄐㄧˋ
催眠曲,ㄘㄨㄟ ㄇㄧㄢˊ ㄑㄩˇ
傭作,ㄩㄥ ㄗㄨㄛ
傭給,ㄩㄥ ㄐㄧˇ
傳乘,ㄓㄨㄢˋ ㄔㄥˊ
傳神阿堵,ㄔㄨㄢˊ ㄕㄣˊ ㄚˋ ㄉㄨˇ
傳舍,ㄓㄨㄢˋ ㄕㄜˋ
傳記,ㄓㄨㄢˋ ㄐㄧˋ
傳記文學,ㄓㄨㄢˋ ㄐㄧˋ ㄨㄣˊ ㄒㄩㄝˊ
傳贊,ㄓㄨㄢˋ ㄗㄢˋ
傳踏,ㄓㄨㄢˋ ㄊㄚˋ
傳車,ㄓㄨㄢˋ ㄐㄩ
傳驛,ㄓㄨㄢˋ ㄧˋ
傷亡枕藉,ㄕㄤ ㄨㄤˊ ㄓㄣˋ ㄐㄧㄝˋ
傷和氣,ㄕㄤ ㄏㄜˊ ˙ㄑㄧ
傷痕累累,ㄕㄤ ㄏㄣˊ ㄌㄟˇ ㄌㄟˇ
傷耗,ㄕㄤ ˙ㄏㄠ
傻勁兒,ㄕㄚˇ ㄐㄧㄣˋ ㄦ
傻帽兒,ㄕㄚˇ ㄇㄠˋ ㄦ
傻楞楞,ㄕㄚˇ ㄌㄥˋ ㄌㄥˋ
傻瓜照相機,ㄕㄚˇ ㄍㄨㄚ ㄓㄠˋ ㄒㄧㄤˋ ㄐㄧ
傻瓜相機,ㄕㄚˇ ㄍㄨㄚ ㄒㄧㄤˋ ㄐㄧ
傾倒,ㄑㄧㄥ ㄉㄠˇ
僆子,ㄌㄧㄢˋ ㄗˇ
像生兒,ㄒㄧㄤˋ ˙ㄕㄥ ㄦ
僕射,ㄆㄨˊ ㄧㄝˋ
僕射姑,ㄆㄨˊ ㄧㄝˋ ㄍㄨ
僕從,ㄆㄨˊ ㄗㄨㄥˋ
僗什子,ㄌㄠˊ ㄕˊ ˙ㄗ
僦舍,ㄐㄧㄡˋ ㄕㄜˋ
僧行,ㄙㄥ ㄏㄤˊ
僨興,ㄈㄣˋ ㄒㄧㄥ
僬僥,ㄐㄧㄠ ㄧㄠˊ
僮族,ㄓㄨㄤˋ ㄗㄨˊ
價錢,ㄐㄧㄚˋ ˙ㄑㄧㄢ
價電子,ㄐㄧㄚˋ ㄉㄧㄢˋ ㄗˇ
僻格剌子,ㄆㄧˋ ㄍㄜˊ ㄌㄚˋ ˙ㄗ
僻處一方,ㄆㄧˋ ㄔㄨˇ ㄧ ㄈㄤ
儀從,ㄧˊ ㄗㄨㄥˋ
儃佪,ㄔㄢˊ ㄏㄨㄟˊ
儃儃,ㄊㄢˇ ㄊㄢˇ
億載金城,ㄧˋ ㄗㄞˇ ㄐㄧㄣ ㄔㄥˊ
儇子,ㄒㄩㄢ ㄗˇ
儇薄,ㄒㄩㄢ ㄅㄛˊ
儉薄,ㄐㄧㄢˇ ㄅㄛˊ
儋石,ㄉㄢ ㄉㄢˋ
儋石之畜,ㄉㄢ ㄉㄢˋ ㄓ ㄒㄩˋ
儐相,ㄅㄧㄣ ㄒㄧㄤˋ
儒將,ㄖㄨˊ ㄐㄧㄤˋ
儘落尾,ㄐㄧㄣˇ ㄌㄚˋ ㄨㄟˇ
儘裡邊兒,ㄐㄧㄣˇ ㄌㄧˇ ㄅㄧㄢ ㄦ
償得夙願,ㄔㄤˊ ㄉㄜˊ ㄙㄨˋ ㄩㄢˋ
償還,ㄔㄤˊ ㄏㄨㄢˊ
優婆塞,ㄧㄡ ㄆㄛˊ ㄙㄜˋ
優曇華,ㄧㄡ ㄊㄢˊ ㄏㄨㄚ
優洽,ㄧㄡ ㄒㄧㄚˊ
優質,ㄧㄡ ㄓˊ
優酪乳,ㄧㄡ ㄌㄨㄛˋ ㄖㄨˇ
優長,ㄧㄡ ㄔㄤˊ
儱侗,ㄌㄨㄥˇ ㄊㄨㄥˊ
儲蓄銀行,ㄔㄨˊ ㄒㄩˋ ㄧㄣˊ ㄏㄤˊ
儵怳,ㄕㄨˋ ㄏㄨㄤˇ
兀剌,ㄨˋ ㄌㄚˋ
兀剌赤,ㄨˋ ㄌㄚˋ ㄔˋ
兀的,ㄨˋ ㄉㄧˋ
兀的不,ㄨˋ ㄉㄧˋ ㄅㄨˋ
允洽,ㄩㄣˇ ㄒㄧㄚˊ
允當,ㄩㄣˇ ㄉㄤˋ
元好問,ㄩㄢˊ ㄏㄠˋ ㄨㄣˋ
元子,ㄩㄢˊ ㄗˇ
元曲,ㄩㄢˊ ㄑㄩˇ
元曲四大家,ㄩㄢˊ ㄑㄩˇ ㄙˋ ㄉㄚˋ ㄐㄧㄚ
充內行,ㄔㄨㄥ ㄋㄟˋ ㄏㄤˊ
充分,ㄔㄨㄥ ㄈㄣˋ
充分就業,ㄔㄨㄥ ㄈㄣˋ ㄐㄧㄡˋ ㄧㄝˋ
充場面,ㄔㄨㄥ ㄔㄤˊ ㄇㄧㄢˋ
充塞,ㄔㄨㄥ ㄙㄜˋ
充排場,ㄔㄨㄥ ㄆㄞˊ ㄔㄤˊ
充能幹,ㄔㄨㄥ ㄋㄥˊ ˙ㄍㄢ
充行家,ㄔㄨㄥ ㄏㄤˊ ˙ㄐㄧㄚ
兆頭,ㄓㄠˋ ˙ㄊㄡ
先下手為強,ㄒㄧㄢ ㄒㄧㄚˋ ㄕㄡˇ ㄨㄟˊ ㄑㄧㄤˊ
先兒,ㄒㄧㄢ ㄦ
先入為主,ㄒㄧㄢ ㄖㄨˋ ㄨㄟˊ ㄓㄨˇ
先吾著鞭,ㄒㄧㄢ ㄨˊ ㄓㄨㄛˊ ㄅㄧㄢ
先睹為快,ㄒㄧㄢ ㄉㄨˇ ㄨㄟˊ ㄎㄨㄞˋ
先秦諸子,ㄒㄧㄢ ㄑㄧㄣˊ ㄓㄨ ㄗˇ
先零,ㄒㄧㄢ ㄌㄧㄢˊ
先馳得點,ㄒㄧㄢ ㄔˊ ㄉㄜˊ ㄉㄧㄢˇ
光了了,ㄍㄨㄤ ㄌㄧㄠˇ ㄌㄧㄠˇ
光位反應,ㄍㄨㄤ ㄨㄟˋ ㄈㄢˇ ㄧㄥˋ
光反應,ㄍㄨㄤ ㄈㄢˇ ㄧㄥˋ
光子,ㄍㄨㄤ ㄗˇ
光子火箭,ㄍㄨㄤ ㄗˇ ㄏㄨㄛˇ ㄐㄧㄢˋ
光學玻璃,ㄍㄨㄤ ㄒㄩㄝˊ ㄅㄛ ˙ㄌㄧ
光宅,ㄍㄨㄤ ㄓㄜˋ
光屁股,ㄍㄨㄤ ㄆㄧˋ ˙ㄍㄨ
光巴,ㄍㄨㄤ ˙ㄅㄚ
光效應藝術,ㄍㄨㄤ ㄒㄧㄠˋ ㄧㄥˋ ㄧˋ ㄕㄨˋ
光暈,ㄍㄨㄤ ㄩㄣˋ
光木頭上鑽眼,ㄍㄨㄤ ㄇㄨˋ ˙ㄊㄡ ˙ㄕㄤ ㄗㄨㄢ ㄧㄢˇ
光板兒,ㄍㄨㄤ ㄅㄢˇ ㄦ
光桿兒,ㄍㄨㄤ ㄍㄢˇ ㄦ
光棍不吃眼前虧,ㄍㄨㄤ ˙ㄍㄨㄣ ㄅㄨˋ ㄔ ㄧㄢˇ ㄑㄧㄢˊ ㄎㄨㄟ
光武中興,ㄍㄨㄤ ㄨˇ ㄓㄨㄥ ㄒㄧㄥ
光溜,ㄍㄨㄤ ˙ㄌㄧㄡ
光炕蓆兒,ㄍㄨㄤ ㄎㄤˋ ㄒㄧˊ ㄦ
光皮散兒,ㄍㄨㄤ ㄆㄧˊ ㄙㄢˇ ㄦ
光睜睜兒,ㄍㄨㄤ ㄓㄥ ㄓㄥ ㄦ
光脊梁,ㄍㄨㄤ ㄐㄧˊ ˙ㄌㄧㄤ
光行差,ㄍㄨㄤ ㄒㄧㄥˊ ㄔㄚ
光身人兒,ㄍㄨㄤ ㄕㄣ ㄖㄣˊ ㄦ
光陰彈指,ㄍㄨㄤ ㄧㄣ ㄊㄢˊ ㄓˇ
光電子,ㄍㄨㄤ ㄉㄧㄢˋ ㄗˇ
光電效應,ㄍㄨㄤ ㄉㄧㄢˋ ㄒㄧㄠˋ ㄧㄥˋ
克分子,ㄎㄜˋ ㄈㄣ ㄗˇ
克勒特,ㄎㄜˋ ㄌㄜˋ ㄊㄜˋ
克卜勒,ㄎㄜˋ ㄅㄨˇ ㄌㄜˋ
克卜勒定律,ㄎㄜˋ ㄅㄨˇ ㄌㄜˋ ㄉㄧㄥˋ ㄌㄩˋ
克原子,ㄎㄜˋ ㄩㄢˊ ㄗˇ
克家子,ㄎㄜˋ ㄐㄧㄚ ㄗˇ
克汗,ㄎㄜˋ ㄏㄢˊ
克萊斯勒,ㄎㄜˋ ㄌㄞˊ ㄙ ㄌㄜˋ
兌頭,ㄉㄨㄟˋ ˙ㄊㄡ
免不了,ㄇㄧㄢˇ ˙ㄅㄨ ㄌㄧㄠˇ
免不得,ㄇㄧㄢˇ ˙ㄅㄨ ˙ㄉㄜ
免喪,ㄇㄧㄢˇ ㄙㄤ
免帖,ㄇㄧㄢˇ ㄊㄧㄝˇ
兒女情長,ㄦˊ ㄋㄩˇ ㄑㄧㄥˊ ㄔㄤˊ
兒女英雄傳,ㄦˊ ㄋㄩˇ ㄧㄥ ㄒㄩㄥˊ ㄓㄨㄢˋ
兒媳婦兒,ㄦˊ ㄒㄧˊ ㄈㄨˋ ㄦ
兒子,ㄦˊ ㄗˇ
兒孩兒,ㄦˊ ㄏㄞˊ ㄦ
兒寬,ㄋㄧˊ ㄎㄨㄢ
兔兒不喫窠邊草,ㄊㄨˋ ㄦ ㄅㄨˋ ㄔ ㄎㄜ ㄅㄧㄢ ㄘㄠˇ
兔兒爺,ㄊㄨˋ ㄦ ㄧㄝˊ
兔起鶻落,ㄊㄨˋ ㄑㄧˇ ㄏㄨˊ ㄌㄨㄛˋ
党太尉吃匾食,ㄉㄤˇ ㄊㄞˋ ㄨㄟˋ ㄔ ㄅㄧㄢˇ ˙ㄕ
兜兜答答,ㄉㄡ ㄉㄡ ㄉㄚ ㄉㄚ
兜兜褲兒,ㄉㄡ ㄉㄡ ㄎㄨˋ ㄦ
兜攬生意,ㄉㄡ ㄌㄢˇ ㄕㄥ ˙ㄧ
兜率天,ㄉㄡ ㄕㄨㄞˋ ㄊㄧㄢ
兜率天宮,ㄉㄡ ㄕㄨㄞˋ ㄊㄧㄢ ㄍㄨㄥ
兜率宮,ㄉㄡ ㄕㄨㄞˋ ㄍㄨㄥ
兜答,ㄉㄡ ㄉㄚ
兜籠,ㄉㄡ ㄌㄨㄥˇ
兜肚,ㄉㄡ ˙ㄉㄨ
兜肚兒,ㄉㄡ ㄉㄨˋ ㄦ
兜肚斷了帶子,ㄉㄡ ˙ㄉㄨ ㄉㄨㄢˋ ˙ㄌㄜ ㄉㄞˋ ˙ㄗ
入土為安,ㄖㄨˋ ㄊㄨˇ ㄨㄟˊ ㄢ
入場,ㄖㄨˋ ㄔㄤˊ
入場券,ㄖㄨˋ ㄔㄤˊ ㄑㄩㄢˋ
入室弟子,ㄖㄨˋ ㄕˋ ㄉㄧˋ ㄗˇ
入舍,ㄖㄨˋ ㄕㄜˋ
內傳,ㄋㄟˋ ㄓㄨㄢˋ
內姊,ㄋㄟˋ ㄐㄧㄝˇ
內子,ㄋㄟˋ ㄗˇ
內應,ㄋㄟˋ ㄧㄥˋ
內相,ㄋㄟˋ ㄒㄧㄤˋ
內省,ㄋㄟˋ ㄒㄧㄥˇ
內省不疚,ㄋㄟˋ ㄒㄧㄥˇ ㄅㄨˋ ㄐㄧㄡˋ
內興安嶺,ㄋㄟˋ ㄒㄧㄥ ㄢ ㄌㄧㄥˇ
內行,ㄋㄟˋ ㄏㄤˊ
內行人,ㄋㄟˋ ㄏㄤˊ ㄖㄣˊ
內道場,ㄋㄟˋ ㄉㄠˋ ㄔㄤˊ
內長城,ㄋㄟˋ ㄔㄤˊ ㄔㄥˊ
內難,ㄋㄟˋ ㄋㄢˋ
全分,ㄑㄩㄢˊ ㄈㄣˋ
全帖,ㄑㄩㄢˊ ㄊㄧㄝˇ
全彩乾式印表機,ㄑㄩㄢˊ ㄘㄞˇ ㄍㄢ ㄕˋ ㄧㄣˋ ㄅㄧㄠˇ ㄐㄧ
全武行,ㄑㄩㄢˊ ㄨˇ ㄏㄤˊ
全球定位系統衛星測量,ㄑㄩㄢˊ ㄑㄧㄡˊ ㄉㄧㄥˋ ㄨㄟˋ ㄒㄧˋ ㄊㄨㄥˇ ㄨㄟˋ ㄒㄧㄥ ㄘㄜˋ ㄌㄧㄤˊ
全真先生,ㄑㄩㄢˊ ㄓㄣ ㄒㄧㄢ ˙ㄕㄥ
全職媽媽,ㄑㄩㄢˊ ㄓˊ ㄇㄚ ˙ㄇㄚ
全身遠害,ㄑㄩㄢˊ ㄕㄣ ㄩㄢˋ ㄏㄞˋ
全軍覆沒,ㄑㄩㄢˊ ㄐㄩㄣ ㄈㄨˋ ㄇㄛˋ
全長,ㄑㄩㄢˊ ㄔㄤˊ
兩個肩膀扛張嘴,ㄌㄧㄤˇ ˙ㄍㄜ ㄐㄧㄢ ㄅㄤˇ ㄎㄤˊ ㄓㄤ ㄗㄨㄟˇ
兩口兒,ㄌㄧㄤˇ ㄎㄡˇ ㄦ
兩性差異,ㄌㄧㄤˇ ㄒㄧㄥˋ ㄔㄚ ㄧˋ
兩撇鬍,ㄌㄧㄤˇ ㄆㄧㄝˇ ㄏㄨˊ
兩日三朝,ㄌㄧㄤˇ ㄖˋ ㄙㄢ ㄓㄠ
兩處為難,ㄌㄧㄤˇ ㄔㄨˋ ㄨㄟˊ ㄋㄢˊ
兩豆塞耳,ㄌㄧㄤˇ ㄉㄡˋ ㄙㄜˋ ㄦˇ
兩邊倒,ㄌㄧㄤˇ ㄅㄧㄢ ㄉㄠˇ
兩部鼓吹,ㄌㄧㄤˇ ㄅㄨˋ ㄍㄨˇ ㄔㄨㄟˋ
兩都,ㄌㄧㄤˇ ㄉㄨ
兩都賦,ㄌㄧㄤˇ ㄉㄨ ㄈㄨˋ
兩重人格,ㄌㄧㄤˇ ㄔㄨㄥˊ ㄖㄣˊ ㄍㄜˊ
兩頭不著,ㄌㄧㄤˇ ㄊㄡˊ ㄅㄨˋ ㄓㄠˊ
八千子弟,ㄅㄚ ㄑㄧㄢ ㄗˇ ㄉㄧˋ
八埏,ㄅㄚ ㄧㄢˊ
八大胡同,ㄅㄚ ㄉㄚˋ ㄏㄨˊ ˙ㄊㄨㄥ
八子七婿,ㄅㄚ ㄗˇ ㄑㄧ ㄒㄩˋ
八字全帖,ㄅㄚ ㄗˋ ㄑㄩㄢˊ ㄊㄧㄝˇ
八字帖,ㄅㄚ ㄗˋ ㄊㄧㄝˇ
八字沒見一撇,ㄅㄚ ㄗˋ ㄇㄟˊ ㄐㄧㄢˋ ㄧ ㄆㄧㄝˇ
八字還沒一撇兒,ㄅㄚ ㄗˋ ㄏㄞˊ ㄇㄟˊ ㄧ ㄆㄧㄝˇ ㄦ
八字都沒一撇,ㄅㄚ ㄗˋ ㄉㄡ ㄇㄟˊ ㄧ ㄆㄧㄝˇ
八家將,ㄅㄚ ㄐㄧㄚ ㄐㄧㄤˋ
八斗子,ㄅㄚ ㄉㄡˇ ㄗˇ
八方呼應,ㄅㄚ ㄈㄤ ㄏㄨ ㄧㄥˋ
八旗都統,ㄅㄚ ㄑㄧˊ ㄉㄨ ㄊㄨㄥˇ
八更,ㄅㄚ ㄍㄥ
八棍子撂不著,ㄅㄚ ㄍㄨㄣˋ ˙ㄗ ㄌㄧㄠˋ ㄅㄨˋ ㄓㄠˊ
八瓣兒五,ㄅㄚ ㄅㄢˋ ㄦ ㄨˇ
八相,ㄅㄚ ㄒㄧㄤˋ
八竿子打不著,ㄅㄚ ㄍㄢ ˙ㄗ ㄉㄚˇ ㄅㄨˋ ㄓㄠˊ
八答鞋,ㄅㄚ ㄉㄚ ㄒㄧㄝˊ
八答麻鞋,ㄅㄚ ㄉㄚ ㄇㄚˊ ㄒㄧㄝˊ
八蜡,ㄅㄚ ㄓㄚˋ
八行,ㄅㄚ ㄏㄤˊ
八行書,ㄅㄚ ㄏㄤˊ ㄕㄨ
八輩兒五沒根基,ㄅㄚ ㄅㄟˋ ㄦ ㄨˇ ㄇㄟˊ ㄍㄣ ㄐㄧ
八辟,ㄅㄚ ㄅㄧˋ
八都,ㄅㄚ ㄉㄨ
八都兒,ㄅㄚ ㄉㄨ ㄦˊ
八都魯,ㄅㄚ ㄉㄨ ㄌㄨˇ
八風吹不倒,ㄅㄚ ㄈㄥ ㄔㄨㄟ ㄅㄨˋ ㄉㄠˇ
公了,ㄍㄨㄥ ㄌㄧㄠˇ
公份兒,ㄍㄨㄥ ㄈㄣˋ ㄦ
公假,ㄍㄨㄥ ㄐㄧㄚˋ
公公,ㄍㄨㄥ ˙ㄍㄨㄥ
公公婆婆,ㄍㄨㄥ ˙ㄍㄨㄥ ㄆㄛˊ ˙ㄆㄛ
公公道道,ㄍㄨㄥ ˙ㄍㄨㄥ ㄉㄠˋ ㄉㄠˋ
公共場所,ㄍㄨㄥ ㄍㄨㄥˋ ㄔㄤˊ ㄙㄨㄛˇ
公共浴場,ㄍㄨㄥ ㄍㄨㄥˋ ㄩˋ ㄔㄤˊ
公共給水,ㄍㄨㄥ ㄍㄨㄥˋ ㄐㄧˇ ㄕㄨㄟˇ
公冶長,ㄍㄨㄥ ㄧㄝˇ ㄔㄤˊ
公切線,ㄍㄨㄥ ㄑㄧㄝ ㄒㄧㄢˋ
公切面,ㄍㄨㄥ ㄑㄧㄝ ㄇㄧㄢˋ
公勺,ㄍㄨㄥ ㄕㄨㄛˋ
公司行號,ㄍㄨㄥ ㄙ ㄏㄤˊ ㄏㄠˋ
公司重整,ㄍㄨㄥ ㄙ ㄔㄨㄥˊ ㄓㄥˇ
公合,ㄍㄨㄥ ㄍㄜˇ
公子,ㄍㄨㄥ ㄗˇ
公子哥兒,ㄍㄨㄥ ㄗˇ ㄍㄜ ㄦ
公子家,ㄍㄨㄥ ㄗˇ ㄐㄧㄚ
公子小白,ㄍㄨㄥ ㄗˇ ㄒㄧㄠˇ ㄅㄞˊ
公子王孫,ㄍㄨㄥ ㄗˇ ㄨㄤˊ ㄙㄨㄣ
公子糾,ㄍㄨㄥ ㄗˇ ㄐㄧㄡ
公孫龍子,ㄍㄨㄥ ㄙㄨㄣ ㄌㄨㄥˊ ㄗˇ
公家,ㄍㄨㄥ ˙ㄐㄧㄚ
公家人,ㄍㄨㄥ ˙ㄐㄧㄚ ㄖㄣˊ
公差,ㄍㄨㄥ ㄔㄞ
公擔,ㄍㄨㄥ ㄉㄢˋ
公法上職務關係,ㄍㄨㄥ ㄈㄚˇ ㄕㄤˋ ㄓˊ ㄨˋ ㄍㄨㄢ ˙ㄒㄧ
公爺,ㄍㄨㄥ ˙ㄧㄝ
公相,ㄍㄨㄥ ㄒㄧㄤˋ
公眾參與,ㄍㄨㄥ ㄓㄨㄥˋ ㄘㄢ ㄩˋ
公石,ㄍㄨㄥ ㄉㄢˋ
公示行為,ㄍㄨㄥ ㄕˋ ㄒㄧㄥˊ ㄨㄟˊ
公筷母匙,ㄍㄨㄥ ㄎㄨㄞˋ ㄇㄨˇ ㄔˊ
公羊傳,ㄍㄨㄥ ㄧㄤˊ ㄓㄨㄢˋ
公老兒,ㄍㄨㄥ ㄌㄠˇ ㄦ
公許碼頭,ㄍㄨㄥ ㄒㄩˇ ㄇㄚˇ ˙ㄊㄡ
公諸同好,ㄍㄨㄥ ㄓㄨ ㄊㄨㄥˊ ㄏㄠˋ
公輸子,ㄍㄨㄥ ㄕㄨ ㄗˇ
公轉,ㄍㄨㄥ ㄓㄨㄢˋ
公道伯,ㄍㄨㄥ ˙ㄉㄠ ㄅㄛˊ
公道話,ㄍㄨㄥ ˙ㄉㄠ ㄏㄨㄚˋ
公開場合,ㄍㄨㄥ ㄎㄞ ㄔㄤˊ ㄏㄜˊ
公開市場,ㄍㄨㄥ ㄎㄞ ㄕˋ ㄔㄤˊ
公開市場操作,ㄍㄨㄥ ㄎㄞ ㄕˋ ㄔㄤˊ ㄘㄠ ㄗㄨㄛˋ
公開市場政策,ㄍㄨㄥ ㄎㄞ ㄕˋ ㄔㄤˊ ㄓㄥˋ ㄘㄜˋ
公開市場活動,ㄍㄨㄥ ㄎㄞ ㄕˋ ㄔㄤˊ ㄏㄨㄛˊ ㄉㄨㄥˋ
六十甲子,ㄌㄧㄡˋ ㄕˊ ㄐㄧㄚˇ ㄗˇ
六十種曲,ㄌㄧㄡˋ ㄕˊ ㄓㄨㄥˇ ㄑㄩˇ
六君子,ㄌㄧㄡˋ ㄐㄩㄣ ㄗˇ
六帖,ㄌㄧㄡˋ ㄊㄧㄝˋ
六才子書,ㄌㄧㄡˋ ㄘㄞˊ ㄗˇ ㄕㄨ
六指兒抓癢癢兒,ㄌㄧㄡˋ ㄓˇ ㄦ ㄓㄨㄚ ㄧㄤˇ ˙ㄧㄤ ㄦ
六柄,ㄌㄧㄡˋ ㄅㄧㄥˋ
六樂,ㄌㄧㄡˋ ㄩㄝˋ
六相圓融,ㄌㄧㄡˋ ㄒㄧㄤˋ ㄩㄢˊ ㄖㄨㄥˊ
六脈調和,ㄌㄧㄡˋ ㄇㄞˋ ㄊㄧㄠˊ ㄏㄜˊ
共同市場,ㄍㄨㄥˋ ㄊㄨㄥˊ ㄕˋ ㄔㄤˊ
共工,ㄍㄨㄥ ㄍㄨㄥ
共患難,ㄍㄨㄥˋ ㄏㄨㄢˋ ㄋㄢˋ
共為脣齒,ㄍㄨㄥˋ ㄨㄟˊ ㄔㄨㄣˊ ㄔˇ
共相,ㄍㄨㄥˋ ㄒㄧㄤˋ
共處,ㄍㄨㄥˋ ㄔㄨˇ
兵不由將,ㄅㄧㄥ ㄅㄨˋ ㄧㄡˊ ㄐㄧㄤˋ
兵不血刃,ㄅㄧㄥ ㄅㄨˋ ㄒㄩㄝˋ ㄖㄣˋ
兵多將廣,ㄅㄧㄥ ㄉㄨㄛ ㄐㄧㄤˋ ㄍㄨㄤˇ
兵少將微,ㄅㄧㄥ ㄕㄠˇ ㄐㄧㄤˋ ㄨㄟˊ
兵強將勇,ㄅㄧㄥ ㄑㄧㄤˊ ㄐㄧㄤˋ ㄩㄥˇ
兵強將盛,ㄅㄧㄥ ㄑㄧㄤˊ ㄐㄧㄤˋ ㄕㄥˋ
兵微將寡,ㄅㄧㄥ ㄨㄟˊ ㄐㄧㄤˋ ㄍㄨㄚˇ
兵敗如山倒,ㄅㄧㄥ ㄅㄞˋ ㄖㄨˊ ㄕㄢ ㄉㄠˇ
兵敗將亡,ㄅㄧㄥ ㄅㄞˋ ㄐㄧㄤˋ ㄨㄤˊ
兵無血刃,ㄅㄧㄥ ㄨˊ ㄒㄩㄝˋ ㄖㄣˋ
兵精將勇,ㄅㄧㄥ ㄐㄧㄥ ㄐㄧㄤˋ ㄩㄥˇ
兵荒將亂,ㄅㄧㄥ ㄏㄨㄤ ㄐㄧㄤˋ ㄌㄨㄢˋ
兵難,ㄅㄧㄥ ㄋㄢˋ
兵馬倥傯,ㄅㄧㄥ ㄇㄚˇ ㄎㄨㄥˇ ㄗㄨㄥˇ
兵馬司倒了牆,ㄅㄧㄥ ㄇㄚˇ ㄙ ㄉㄠˇ ˙ㄌㄜ ㄑㄧㄤˊ
其從如雲,ㄑㄧˊ ㄗㄨㄥˋ ㄖㄨˊ ㄩㄣˊ
其應若響,ㄑㄧˊ ㄧㄥˋ ㄖㄨㄛˋ ㄒㄧㄤˇ
典沒,ㄉㄧㄢˇ ㄇㄛˋ
典當,ㄉㄧㄢˇ ㄉㄤˋ
典範長存,ㄉㄧㄢˇ ㄈㄢˋ ㄔㄤˊ ㄘㄨㄣˊ
兼差,ㄐㄧㄢ ㄔㄞ
兼署,ㄐㄧㄢ ㄕㄨˋ
再不,ㄗㄞˋ ˙ㄅㄨ
再不然,ㄗㄞˋ ˙ㄅㄨ ㄖㄢˊ
冒兒咕冬,ㄇㄠˋ ㄦ ㄍㄨ ㄉㄨㄥ
冒失,ㄇㄠˋ ˙ㄕ
冒失鬼,ㄇㄠˋ ˙ㄕ ㄍㄨㄟˇ
冒泡兒,ㄇㄠˋ ㄆㄠˋ ㄦ
冒金星兒,ㄇㄠˋ ㄐㄧㄣ ㄒㄧㄥ ㄦ
冒險犯難,ㄇㄠˋ ㄒㄧㄢˇ ㄈㄢˋ ㄋㄢˋ
冒頓,ㄇㄛˋ ㄉㄨˊ
冗散,ㄖㄨㄥˇ ㄙㄢˇ
冗長,ㄖㄨㄥˇ ㄔㄤˊ
冘豫,ㄧㄡˊ ㄩˋ
冠世之才,ㄍㄨㄢˋ ㄕˋ ㄓ ㄘㄞˊ
冠禮,ㄍㄨㄢˋ ㄌㄧˇ
冠絕,ㄍㄨㄢˋ ㄐㄩㄝˊ
冠絕古今,ㄍㄨㄢˋ ㄐㄩㄝˊ ㄍㄨˇ ㄐㄧㄣ
冠群,ㄍㄨㄢˋ ㄑㄩㄣˊ
冠者,ㄍㄨㄢˋ ㄓㄜˇ
冠蓋相屬,ㄍㄨㄢ ㄍㄞˋ ㄒㄧㄤ ㄓㄨˇ
冠詞,ㄍㄨㄢˋ ㄘˊ
冠軍,ㄍㄨㄢˋ ㄐㄩㄣ
冠軍賽,ㄍㄨㄢˋ ㄐㄩㄣ ㄙㄞˋ
冢子,ㄓㄨㄥˇ ㄗˇ
冢藏,ㄓㄨㄥˇ ㄗㄤˋ
冥行擿埴,ㄇㄧㄥˊ ㄒㄧㄥˊ ㄊㄧˋ ㄓˊ
冰人兒,ㄅㄧㄥ ㄖㄣˊ ㄦ
冰檗,ㄅㄧㄥ ㄅㄛˋ
冰爪,ㄅㄧㄥ ㄓㄨㄚˇ
冰碴兒,ㄅㄧㄥ ㄔㄚˊ ㄦ
冰窨,ㄅㄧㄥ ㄧㄣˋ
冰糖葫蘆,ㄅㄧㄥ ㄊㄤˊ ㄏㄨˊ ˙ㄌㄨ
冶父,ㄧㄝˇ ㄈㄨˇ
冶葉倡條,ㄧㄝˇ ㄧㄝˋ ㄔㄤ ㄊㄧㄠˊ
冷凍調理食品,ㄌㄥˇ ㄉㄨㄥˋ ㄊㄧㄠˊ ㄌㄧˇ ㄕˊ ㄆㄧㄣˇ
冷場,ㄌㄥˇ ㄔㄤˊ
冷手撾不著熱饅首,ㄌㄥˇ ㄕㄡˇ ㄓㄨㄚ ㄅㄨˋ ㄓㄠˊ ㄖㄜˋ ㄇㄢˊ ㄕㄡˇ
冷板曲,ㄌㄥˇ ㄅㄢˇ ㄑㄩˇ
冷處理,ㄌㄥˇ ㄔㄨˇ ㄌㄧˇ
冷酒兒後犯,ㄌㄥˇ ㄐㄧㄡˇ ㄦ ㄏㄡˋ ㄈㄢˋ
准假,ㄓㄨㄣˇ ㄐㄧㄚˋ
准將,ㄓㄨㄣˇ ㄐㄧㄤˋ
凌波仙子,ㄌㄧㄥˊ ㄅㄛ ㄒㄧㄢ ㄗˇ
凌遲處死,ㄌㄧㄥˊ ㄔˊ ㄔㄨˇ ㄙˇ
凍凌觜臉,ㄉㄨㄥˋ ㄌㄧㄥˊ ㄗㄨㄟˇ ㄌㄧㄢˇ
凍豆腐,ㄉㄨㄥˋ ㄉㄡˋ ˙ㄈㄨ
凝咽,ㄋㄧㄥˊ ㄧㄝˋ
凝結反應,ㄋㄧㄥˊ ㄐㄧㄝˊ ㄈㄢˇ ㄧㄥˋ
凝血因子,ㄋㄧㄥˊ ㄒㄧㄝˇ ㄧㄣ ㄗˇ
凡夫俗子,ㄈㄢˊ ㄈㄨ ㄙㄨˊ ㄗˇ
凡知,ㄈㄢˊ ㄓˋ
凱樂,ㄎㄞˇ ㄩㄝˋ
凶橫,ㄒㄩㄥ ㄏㄥˋ
凶煞,ㄒㄩㄥ ㄕㄚˋ
凶相畢露,ㄒㄩㄥ ㄒㄧㄤˋ ㄅㄧˋ ㄌㄨˋ
凶神惡煞,ㄒㄩㄥ ㄕㄣˊ ㄜˋ ㄕㄚˋ
凹心臉兒,ㄨㄚˋ ㄒㄧㄣ ㄌㄧㄢˇ ㄦ
出乖露醜,ㄔㄨ ㄍㄨㄞ ㄌㄡˋ ㄔㄡˇ
出事情,ㄔㄨ ㄕˋ ˙ㄑㄧㄥ
出倒,ㄔㄨ ㄉㄠˇ
出入將相,ㄔㄨ ㄖㄨˋ ㄐㄧㄤˋ ㄒㄧㄤˋ
出公差,ㄔㄨ ㄍㄨㄥ ㄔㄞ
出分子,ㄔㄨ ㄈㄣˋ ˙ㄗ
出喪,ㄔㄨ ㄙㄤ
出圈兒,ㄔㄨ ㄑㄩㄢ ㄦ
出場,ㄔㄨ ㄔㄤˊ
出塞,ㄔㄨ ㄙㄞˋ
出大差,ㄔㄨ ㄉㄚˋ ㄔㄞ
出將入相,ㄔㄨ ㄐㄧㄤˋ ㄖㄨˋ ㄒㄧㄤˋ
出岔兒,ㄔㄨ ㄔㄚˋ ㄦ
出差,ㄔㄨ ㄔㄞ
出差費,ㄔㄨ ㄔㄞ ㄈㄟˋ
出差錯,ㄔㄨ ㄔㄚ ㄘㄨㄛˋ
出手得盧,ㄔㄨ ㄕㄡˇ ㄉㄜˊ ㄌㄨˊ
出挑,ㄔㄨ ˙ㄊㄧㄠ
出數兒,ㄔㄨ ㄕㄨˋ ㄦ
出水夥計,ㄔㄨ ㄕㄨㄟˇ ㄏㄨㄛˇ ˙ㄐㄧ
出沒,ㄔㄨ ㄇㄛˋ
出沒無常,ㄔㄨ ㄇㄛˋ ㄨˊ ㄔㄤˊ
出洋相,ㄔㄨ ㄧㄤˊ ㄒㄧㄤˋ
出溜,ㄔㄨ ˙ㄌㄧㄡ
出溜兒,ㄔㄨ ˙ㄌㄧㄡ ㄦ
出紅差,ㄔㄨ ㄏㄨㄥˊ ㄔㄞ
出花兒,ㄔㄨ ㄏㄨㄚ ㄦ
出處,ㄔㄨ ㄔㄨˇ
出蟄,ㄔㄨ ㄓˊ
出豁,ㄔㄨ ㄏㄨㄛˋ
出跳,ㄔㄨ ˙ㄊㄧㄠ
出鋒頭,ㄔㄨ ㄈㄥ ˙ㄊㄡ
出頭椽兒先朽爛,ㄔㄨ ㄊㄡˊ ㄔㄨㄢˊ ㄦ ㄒㄧㄢ ㄒㄧㄡˇ ㄌㄢˋ
出頭露角,ㄔㄨ ㄊㄡˊ ㄌㄡˋ ㄐㄧㄠˇ
出頭露面,ㄔㄨ ㄊㄡˊ ㄌㄡˋ ㄇㄧㄢˋ
出風頭,ㄔㄨ ㄈㄥ ˙ㄊㄡ
刀切斧砍,ㄉㄠ ㄑㄧㄝ ㄈㄨˇ ㄎㄢˇ
刀切豆腐,ㄉㄠ ㄑㄧㄝ ㄉㄡˋ ㄈㄨˇ
刀削冰,ㄉㄠ ㄒㄧㄠ ㄅㄧㄥ
刀削麵,ㄉㄠ ㄒㄧㄠ ㄇㄧㄢˋ
刀創藥,ㄉㄠ ㄔㄨㄤ ㄧㄠˋ
刀把兒,ㄉㄠ ㄅㄚˋ ㄦ
刀耕火種,ㄉㄠ ㄍㄥ ㄏㄨㄛˇ ㄓㄨㄥˋ
刀靶兒,ㄉㄠ ㄅㄚˇ ㄦ
刃兒,ㄖㄣˋ ㄦ
分上,ㄈㄣˋ ㄕㄤˋ
分兒,ㄈㄣˋ ㄦ
分內,ㄈㄣˋ ㄋㄟˋ
分內事,ㄈㄣˋ ㄋㄟˋ ㄕˋ
分外,ㄈㄣˋ ㄨㄞˋ
分外夭夭,ㄈㄣˋ ㄨㄞˋ ㄧㄠ ㄧㄠ
分外眼紅,ㄈㄣˋ ㄨㄞˋ ㄧㄢˇ ㄏㄨㄥˊ
分子,ㄈㄣˋ ㄗˇ
分子力,ㄈㄣ ㄗˇ ㄌㄧˋ
分子式,ㄈㄣ ㄗˇ ㄕˋ
分子結構,ㄈㄣ ㄗˇ ㄐㄧㄝˊ ㄍㄡˋ
分得,ㄈㄣ ㄉㄜˊ
分攜,ㄈㄣ ㄒㄧ
分毫不差,ㄈㄣ ㄏㄠˊ ㄅㄨˋ ㄔㄚ
分淺緣慳,ㄈㄣˋ ㄑㄧㄢˇ ㄩㄢˊ ㄑㄧㄢ
分淺緣薄,ㄈㄣˋ ㄑㄧㄢˇ ㄩㄢˊ ㄅㄛˊ
分渾元,ㄈㄣ ㄏㄨㄣˋ ㄩㄢˊ
分相,ㄈㄣ ㄒㄧㄤˋ
分緣,ㄈㄣˋ ㄩㄢˊ
分義,ㄈㄣˋ ㄧˋ
分而為二,ㄈㄣ ㄦˊ ㄨㄟˊ ㄦˋ
分薄緣慳,ㄈㄣˋ ㄅㄛˊ ㄩㄢˊ ㄑㄧㄢ
分行,ㄈㄣ ㄏㄤˊ
分行布白,ㄈㄣ ㄏㄤˊ ㄅㄨˋ ㄅㄞˊ
分豁,ㄈㄣ ㄏㄨㄛˋ
分資,ㄈㄣˋ ㄗ
分量,ㄈㄣˋ ㄌㄧㄤˋ
分際,ㄈㄣˋ ㄐㄧˋ
分頭兒,ㄈㄣ ㄊㄡˊ ㄦ
分餾,ㄈㄣ ㄌㄧㄡˋ
切中,ㄑㄧㄝˋ ㄓㄨㄥˋ
切中時弊,ㄑㄧㄝˋ ㄓㄨㄥˋ ㄕˊ ㄅㄧˋ
切入,ㄑㄧㄝ ㄖㄨˋ
切分法,ㄑㄧㄝ ㄈㄣ ㄈㄚˇ
切分音,ㄑㄧㄝ ㄈㄣ ㄧㄣ
切削,ㄑㄧㄝ ㄒㄧㄠ
切割,ㄑㄧㄝ ㄍㄜ
切口,ㄑㄧㄝ ㄎㄡˇ
切接法,ㄑㄧㄝ ㄐㄧㄝ ㄈㄚˇ
切換,ㄑㄧㄝ ㄏㄨㄢˋ
切斷,ㄑㄧㄝ ㄉㄨㄢˋ
切片,ㄑㄧㄝ ㄆㄧㄢˋ
切片檢查,ㄑㄧㄝ ㄆㄧㄢˋ ㄐㄧㄢˇ ㄔㄚˊ
切球,ㄑㄧㄝ ㄑㄧㄡˊ
切當,ㄑㄧㄝˋ ㄉㄤˋ
切碎,ㄑㄧㄝ ㄙㄨㄟˋ
切磋,ㄑㄧㄝ ㄘㄨㄛ
切磋琢磨,ㄑㄧㄝ ㄘㄨㄛ ㄓㄨㄛˊ ㄇㄛˊ
切線,ㄑㄧㄝ ㄒㄧㄢˋ
切除,ㄑㄧㄝ ㄔㄨˊ
切麵,ㄑㄧㄝ ㄇㄧㄢˋ
刈蓍遺簪,ㄧˋ ㄕ ㄧˊ ㄗㄣ
刑場,ㄒㄧㄥˊ ㄔㄤˊ
刓方為圓,ㄨㄢˊ ㄈㄤ ㄨㄟˊ ㄩㄢˊ
列傳,ㄌㄧㄝˋ ㄓㄨㄢˋ
列女傳,ㄌㄧㄝˋ ㄋㄩˇ ㄓㄨㄢˋ
列子,ㄌㄧㄝˋ ㄗˇ
列宿,ㄌㄧㄝˋ ㄒㄧㄡˋ
列寧格勒,ㄌㄧㄝˋ ㄋㄧㄥˊ ㄍㄜˊ ㄌㄜˋ
列觀,ㄌㄧㄝˋ ㄍㄨㄢˋ
列鼎重裀,ㄌㄧㄝˋ ㄉㄧㄥˇ ㄔㄨㄥˊ ㄧㄣ
初喪,ㄔㄨ ㄙㄤ
初更,ㄔㄨ ㄍㄥ
初露鋒芒,ㄔㄨ ㄌㄡˋ ㄈㄥ ㄇㄤˊ
初露頭角,ㄔㄨ ㄌㄡˋ ㄊㄡˊ ㄐㄧㄠˇ
判押,ㄆㄢˋ ㄧㄚˊ
判處,ㄆㄢˋ ㄔㄨˇ
判酩酊,ㄆㄢˋ ㄇㄧㄥˊ ㄉㄧㄥˇ
別傳,ㄅㄧㄝˊ ㄓㄨㄢˋ
別將,ㄅㄧㄝˊ ㄐㄧㄤˋ
別無長物,ㄅㄧㄝˊ ㄨˊ ㄓㄤˋ ㄨˋ
別頦腮,ㄅㄧㄝˊ ㄎㄜ ㄙㄞ
刨冰,ㄅㄠˋ ㄅㄧㄥ
刨冰機,ㄅㄠˋ ㄅㄧㄥ ㄐㄧ
刨花水,ㄅㄠˋ ㄏㄨㄚ ㄕㄨㄟˇ
利口捷給,ㄌㄧˋ ㄎㄡˇ ㄐㄧㄝˊ ㄐㄧˇ
利害得失,ㄌㄧˋ ㄏㄞˋ ㄉㄜˊ ㄕ
利弊得失,ㄌㄧˋ ㄅㄧˋ ㄉㄜˊ ㄕ
利潤所得,ㄌㄧˋ ㄖㄨㄣˋ ㄙㄨㄛˇ ㄉㄜˊ
利落,ㄌㄧˋ ˙ㄌㄨㄛ
利齒兒,ㄌㄧˋ ㄔˇ ㄦ
刮剌,ㄍㄨㄚ ˙ㄌㄚ
刮剌剌,ㄍㄨㄚ ㄌㄚˋ ㄌㄚˋ
刮喇,ㄍㄨㄚ ㄌㄚ
刮著,ㄍㄨㄚ ㄓㄠˊ
到三不著兩,ㄉㄠˋ ㄙㄢ ㄅㄨˋ ㄓㄨㄛˊ ㄌㄧㄤˇ
到場,ㄉㄠˋ ㄔㄤˊ
到差,ㄉㄠˋ ㄔㄞ
到得,ㄉㄠˋ ㄉㄜˊ
到處為家,ㄉㄠˋ ㄔㄨˋ ㄨㄟˊ ㄐㄧㄚ
制動因子,ㄓˋ ㄉㄨㄥˋ ㄧㄣ ㄗˇ
制禮作樂,ㄓˋ ㄌㄧˇ ㄗㄨㄛˋ ㄩㄝˋ
制約反應,ㄓˋ ㄩㄝ ㄈㄢˇ ㄧㄥˋ
刷卷,ㄕㄨㄚ ㄐㄩㄢˋ
刷白,ㄕㄨㄚˋ ㄅㄞˊ
刷選,ㄕㄨㄚˋ ㄒㄩㄢˇ
券帖,ㄑㄩㄢˋ ㄊㄧㄝˇ
刺兒頭,ㄘˋ ㄦ ㄊㄡˊ
刺參,ㄘˋ ㄕㄣ
刺柏,ㄘˋ ㄅㄛˊ
刺激反應論,ㄘˋ ㄐㄧ ㄈㄢˇ ㄧㄥˋ ㄌㄨㄣˋ
刻木為吏,ㄎㄜˋ ㄇㄨˋ ㄨㄟˊ ㄌㄧˋ
刻著,ㄎㄜˋ ㄓㄨˋ
刻薄,ㄎㄜˋ ㄅㄛˊ
刻薄寡恩,ㄎㄜˋ ㄅㄛˊ ㄍㄨㄚˇ ㄣ
剃頭擔子,ㄊㄧˋ ㄊㄡˊ ㄉㄢˋ ˙ㄗ
削價,ㄒㄧㄠ ㄐㄧㄚˋ
削方為圓,ㄒㄩㄝˋ ㄈㄤ ㄨㄟˊ ㄩㄢˊ
削木為吏,ㄒㄩㄝˋ ㄇㄨˋ ㄨㄟˊ ㄌㄧˋ
削瘦,ㄒㄧㄠ ㄕㄡˋ
削觚為圓,ㄒㄩㄝˋ ㄍㄨ ㄨㄟˊ ㄩㄢˊ
削髮為僧,ㄒㄩㄝˋ ㄈㄚˇ ㄨㄟˊ ㄙㄥ
削麵,ㄒㄧㄠ ㄇㄧㄢˋ
剌剌,ㄌㄚˋ ㄌㄚˋ
剌剌撒撒,ㄌㄚˋ ㄌㄚˋ ㄙㄚ ㄙㄚ
剌子,ㄌㄚˋ ˙ㄗ
剌戾,ㄌㄚˋ ㄌㄧˋ
剌謬,ㄌㄚˋ ㄇㄧㄡˋ
前七子,ㄑㄧㄢˊ ㄑㄧ ㄗˇ
前人撒土迷了後人的眼,ㄑㄧㄢˊ ㄖㄣˊ ㄙㄚˇ ㄊㄨˇ ㄇㄧˊ ˙ㄌㄜ ㄏㄡˋ ㄖㄣˊ ˙ㄉㄜ ㄧㄢˇ
前兒,ㄑㄧㄢˊ ㄦ
前兒個,ㄑㄧㄢˊ ㄦ ˙ㄍㄜ
前呼後應,ㄑㄧㄢˊ ㄏㄨ ㄏㄡˋ ㄧㄥˋ
前奏曲,ㄑㄧㄢˊ ㄗㄡˋ ㄑㄩˇ
前後腳兒,ㄑㄧㄢˊ ㄏㄡˋ ㄐㄧㄠˇ ㄦ
前車之鑑,ㄑㄧㄢˊ ㄐㄩ ㄓ ㄐㄧㄢˋ
前車之鑒,ㄑㄧㄢˊ ㄐㄩ ㄓ ㄐㄧㄢˋ
前車可鑒,ㄑㄧㄢˊ ㄐㄩ ㄎㄜˇ ㄐㄧㄢˋ
前長後短,ㄑㄧㄢˊ ㄔㄤˊ ㄏㄡˋ ㄉㄨㄢˇ
前頭,ㄑㄧㄢˊ ˙ㄊㄡ
剎帝利,ㄔㄚˋ ㄉㄧˋ ㄌㄧˋ
剎時,ㄔㄚˋ ㄕˊ
剎那,ㄔㄚˋ ㄋㄚˋ
剔團圞,ㄊㄧ ㄊㄨㄢˊ ㄌㄨㄢˊ
剔蠍撩蜂,ㄊㄧ ㄒㄧㄝ ㄌㄧㄠˊ ㄈㄥ
剖肝泣血,ㄆㄡˇ ㄍㄢ ㄑㄧˋ ㄒㄩㄝˋ
剖豁,ㄆㄡˇ ㄏㄨㄛˋ
剗著,ㄔㄢˇ ㄓㄠˊ
剛勁,ㄍㄤ ㄐㄧㄥˋ
剛口,ㄍㄤ ˙ㄎㄡ
剛正不阿,ㄍㄤ ㄓㄥˋ ㄅㄨˋ ㄜ
剛過門的小媳婦,ㄍㄤ ㄍㄨㄛˋ ㄇㄣˊ ˙ㄉㄜ ㄒㄧㄠˇ ㄒㄧˊ ˙ㄈㄨ
剝剝啄啄,ㄅㄛ ˙ㄅㄛ ㄓㄨㄛˊ ㄓㄨㄛˊ
剡剡,ㄧㄢˇ ㄧㄢˇ
剩下,ㄕㄥˋ ˙ㄒㄧㄚ
剩頭兒,ㄕㄥˋ ㄊㄡˊ ㄦ
副將,ㄈㄨˋ ㄐㄧㄤˋ
副曲,ㄈㄨˋ ㄑㄩˇ
副睪丸,ㄈㄨˋ ㄍㄠ ㄨㄢˊ
副署,ㄈㄨˋ ㄕㄨˋ
副角,ㄈㄨˋ ㄐㄩㄝˊ
副車,ㄈㄨˋ ㄐㄩ
副都市中心,ㄈㄨˋ ㄉㄨ ㄕˋ ㄓㄨㄥ ㄒㄧㄣ
割切,ㄍㄜ ㄑㄧㄝ
割貓兒尾拌貓兒飯,ㄍㄜ ㄇㄠ ㄦ ㄨㄟˇ ㄅㄢˋ ㄇㄠ ㄦ ㄈㄢˋ
創傷,ㄔㄨㄤ ㄕㄤ
創口,ㄔㄨㄤ ㄎㄡˇ
創夷,ㄔㄨㄤ ㄧˊ
創意曲,ㄔㄨㄤˋ ㄧˋ ㄑㄩˇ
創業興家,ㄔㄨㄤˋ ㄧㄝˋ ㄒㄧㄥ ㄐㄧㄚ
創痕,ㄔㄨㄤ ㄏㄣˊ
創痛,ㄔㄨㄤ ㄊㄨㄥˋ
創鉅痛深,ㄔㄨㄤ ㄐㄩˋ ㄊㄨㄥˋ ㄕㄣ
創面,ㄔㄨㄤ ㄇㄧㄢˋ
剸行,ㄓㄨㄢ ㄒㄧㄥˊ
劃地為王,ㄏㄨㄚˋ ㄉㄧˋ ㄨㄟˊ ㄨㄤˊ
劃拉,ㄏㄨㄚˊ ˙ㄌㄚ
劃然,ㄏㄨㄚˊ ㄖㄢˊ
劇場,ㄐㄩˋ ㄔㄤˊ
劇曲,ㄐㄩˋ ㄑㄩˇ
劈叉,ㄆㄧˇ ㄔㄚ
劈地價來,ㄆㄧ ㄉㄧˋ ˙ㄍㄚ ㄌㄞˊ
劈拉,ㄆㄧˇ ˙ㄌㄚ
劈拉著腿坐崖頭,ㄆㄧˇ ˙ㄌㄚ ˙ㄓㄜ ㄊㄨㄟˇ ㄗㄨㄛˋ ㄧㄞˊ ㄊㄡˊ
劈柴,ㄆㄧˇ ˙ㄔㄞ
劈著,ㄆㄧ ㄓㄠˊ
劈角兒,ㄆㄧ ㄐㄧㄠˇ ㄦ
劈里啪啦,ㄆㄧ ㄌㄧˇ ㄆㄚ ㄌㄚ
劉九兒,ㄌㄧㄡˊ ㄐㄧㄡˇ ㄦ
劉姥姥進大觀園,ㄌㄧㄡˊ ㄌㄠˇ ˙ㄌㄠ ㄐㄧㄣˋ ㄉㄚˋ ㄍㄨㄢ ㄩㄢˊ
劉子翬,ㄌㄧㄡˊ ㄗˇ ㄏㄨㄟ
劉子驥,ㄌㄧㄡˊ ㄗˇ ㄐㄧˋ
劉知幾,ㄌㄧㄡˊ ㄓ ㄐㄧ
劍合珠還,ㄐㄧㄢˋ ㄏㄜˊ ㄓㄨ ㄏㄨㄢˊ
力不勝任,ㄌㄧˋ ㄅㄨˋ ㄕㄥ ㄖㄣˋ
力不自勝,ㄌㄧˋ ㄅㄨˋ ㄗˋ ㄕㄥ
力巴,ㄌㄧˋ ˙ㄅㄚ
力巴兒,ㄌㄧˋ ˙ㄅㄚ ㄦ
力巴頭,ㄌㄧˋ ˙ㄅㄚ ㄊㄡˊ
力把,ㄌㄧˋ ˙ㄅㄚ
力把兒頭,ㄌㄧˋ ˙ㄅㄚ ㄦ ㄊㄡˊ
力有未逮,ㄌㄧˋ ㄧㄡˇ ㄨㄟˋ ㄉㄞˋ
力氣,ㄌㄧˋ ˙ㄑㄧ
力氣活,ㄌㄧˋ ˙ㄑㄧ ㄏㄨㄛˊ
力薄才疏,ㄌㄧˋ ㄅㄛˊ ㄘㄞˊ ㄕㄨ
力量,ㄌㄧˋ ˙ㄌㄧㄤ
力錢,ㄌㄧˋ ˙ㄑㄧㄢ
功不可沒,ㄍㄨㄥ ㄅㄨˋ ㄎㄜˇ ㄇㄛˋ
功同良相,ㄍㄨㄥ ㄊㄨㄥˊ ㄌㄧㄤˊ ㄒㄧㄤˋ
功墮垂成,ㄍㄨㄥ ㄏㄨㄟ ㄔㄨㄟˊ ㄔㄥˊ
功夫,ㄍㄨㄥ ˙ㄈㄨ
功微德薄,ㄍㄨㄥ ㄨㄟˊ ㄉㄜˊ ㄅㄛˊ
加勒比海,ㄐㄧㄚ ㄌㄜˋ ㄅㄧˇ ㄏㄞˇ
加勒比海共同市場,ㄐㄧㄚ ㄌㄜˋ ㄅㄧˇ ㄏㄞˇ ㄍㄨㄥˋ ㄊㄨㄥˊ ㄕˋ ㄔㄤˇ
加勒比海共同體,ㄐㄧㄚ ㄌㄜˋ ㄅㄧˇ ㄏㄞˇ ㄍㄨㄥˋ ㄊㄨㄥˊ ㄊㄧˇ
加哩,ㄐㄧㄚ ㄌㄧˇ
加德滿都,ㄐㄧㄚ ㄉㄜˊ ㄇㄢˇ ㄉㄨ
加楔兒,ㄐㄧㄚ ㄒㄧㄝˋ ㄦ
加給,ㄐㄧㄚ ㄐㄧˇ
加里波的,ㄐㄧㄚ ㄌㄧˇ ㄅㄛ ㄉㄧˋ
加鹽兒,ㄐㄧㄚ ㄧㄢˊ ㄦ
劣怯,ㄌㄧㄝˋ ㄑㄩㄝˋ
劣把,ㄌㄧㄝˋ ˙ㄅㄚ
劣把頭,ㄌㄧㄝˋ ˙ㄅㄚ ㄊㄡˊ
劣相,ㄌㄧㄝˋ ㄒㄧㄤˋ
劣行,ㄌㄧㄝˋ ㄒㄧㄥˋ
劣質,ㄌㄧㄝˋ ㄓˊ
劣跡昭著,ㄌㄧㄝˋ ㄐㄧ ㄓㄠ ㄓㄨˋ
助人為樂,ㄓㄨˋ ㄖㄣˊ ㄨㄟˊ ㄌㄜˋ
助桀為虐,ㄓㄨˋ ㄐㄧㄝˊ ㄨㄟˊ ㄋㄩㄝˋ
助紂為虐,ㄓㄨˋ ㄓㄡˋ ㄨㄟˊ ㄋㄩㄝˋ
努勁兒,ㄋㄨˇ ㄐㄧㄣˋ ㄦ
劫後英雄傳,ㄐㄧㄝˊ ㄏㄡˋ ㄧㄥ ㄒㄩㄥˊ ㄓㄨㄢˋ
劫法場,ㄐㄧㄝˊ ㄈㄚˇ ㄔㄤˊ
劫難,ㄐㄧㄝˊ ㄋㄢˋ
勁兵,ㄐㄧㄥˋ ㄅㄧㄥ
勁士,ㄐㄧㄥˋ ㄕˋ
勁弩,ㄐㄧㄥˋ ㄋㄨˇ
勁拔,ㄐㄧㄥˋ ㄅㄚˊ
勁捷,ㄐㄧㄥˋ ㄐㄧㄝˊ
勁敵,ㄐㄧㄥˋ ㄉㄧˊ
勁旅,ㄐㄧㄥˋ ㄌㄩˇ
勁秋,ㄐㄧㄥˋ ㄑㄧㄡ
勁節,ㄐㄧㄥˋ ㄐㄧㄝˊ
勁翮,ㄐㄧㄥˋ ㄏㄜˊ
勁草,ㄐㄧㄥˋ ㄘㄠˇ
勁風,ㄐㄧㄥˋ ㄈㄥ
勁骨豐肌,ㄐㄧㄥˋ ㄍㄨˇ ㄈㄥ ㄐㄧ
勃喇喇,ㄅㄛˊ ㄌㄚ ㄌㄚ
勃興,ㄅㄛˊ ㄒㄧㄥ
勇冠三軍,ㄩㄥˇ ㄍㄨㄢˋ ㄙㄢ ㄐㄩㄣ
勇將,ㄩㄥˇ ㄐㄧㄤˋ
勉強,ㄇㄧㄢˇ ㄑㄧㄤˇ
勉為其難,ㄇㄧㄢˇ ㄨㄟˊ ㄑㄧˊ ㄋㄢˊ
勒交,ㄌㄜˋ ㄐㄧㄠ
勒令,ㄌㄜˋ ㄌㄧㄥˋ
勒休,ㄌㄜˋ ㄒㄧㄡ
勒借,ㄌㄜˋ ㄐㄧㄝˋ
勒停,ㄌㄜˋ ㄊㄧㄥˊ
勒克司,ㄌㄜˋ ㄎㄜˋ ㄙ
勒兵,ㄌㄜˋ ㄅㄧㄥ
勒口,ㄌㄜˋ ㄎㄡˇ
勒尤,ㄌㄜˋ ㄧㄡˊ
勒戒,ㄌㄜˋ ㄐㄧㄝˋ
勒抑,ㄌㄜˋ ㄧˋ
勒掯,ㄌㄜˋ ㄎㄣˋ
勒派,ㄌㄜˋ ㄆㄞˋ
勒狀,ㄌㄜˋ ㄓㄨㄤˋ
勒石,ㄌㄜˋ ㄕˊ
勒碑,ㄌㄜˋ ㄅㄟ
勒索,ㄌㄜˋ ㄙㄨㄛˇ
勒詐,ㄌㄜˋ ㄓㄚˋ
勒贖,ㄌㄜˋ ㄕㄨˊ
勒迫,ㄌㄜˋ ㄆㄛˋ
勒逼,ㄌㄜˋ ㄅㄧ
勒里勒得,ㄌㄟ ˙ㄌㄧ ㄌㄟ ㄉㄜˊ
勒銘,ㄌㄜˋ ㄇㄧㄥˊ
勒銜,ㄌㄜˋ ㄒㄧㄢˊ
勒開,ㄌㄜˋ ㄎㄞ
勒限,ㄌㄜˋ ㄒㄧㄢˋ
勒馬,ㄌㄜˋ ㄇㄚˇ
勒馬懸崖,ㄌㄜˋ ㄇㄚˇ ㄒㄩㄢˊ ㄧㄞˊ
動中窾要,ㄉㄨㄥˋ ㄓㄨㄥˋ ㄎㄨㄢˇ ㄧㄠˋ
動如參商,ㄉㄨㄥˋ ㄖㄨˊ ㄕㄣ ㄕㄤ
動彈,ㄉㄨㄥˋ ˙ㄊㄢ
動彈不得,ㄉㄨㄥˋ ˙ㄊㄢ ㄅㄨˋ ㄉㄜˊ
動物性蛋白質,ㄉㄨㄥˋ ㄨˋ ㄒㄧㄥˋ ㄉㄢˋ ㄅㄞˊ ㄓˊ
動秤兒的,ㄉㄨㄥˋ ㄔㄥˋ ㄦ ˙ㄉㄜ
動輒得咎,ㄉㄨㄥˋ ㄓㄜˊ ㄉㄜˊ ㄐㄧㄡˋ
勗率,ㄒㄩˋ ㄕㄨㄞˋ
勛伐,ㄒㄩㄣ ㄈㄚˊ
勝任,ㄕㄥ ㄖㄣˋ
勝任愉快,ㄕㄥ ㄖㄣˋ ㄩˊ ㄎㄨㄞˋ
勝衣,ㄕㄥ ㄧ
勞什子,ㄌㄠˊ ㄕˊ ˙ㄗ
勞什骨子,ㄌㄠˊ ㄕˊ ㄍㄨˇ ˙ㄗ
勞來,ㄌㄠˋ ㄌㄞˊ
勞勞叨叨,ㄌㄠˊ ˙ㄌㄠ ㄉㄠ ㄉㄠ
勞師,ㄌㄠˋ ㄕ
勞怯,ㄌㄠˊ ㄑㄩㄝˋ
勞改場,ㄌㄠˊ ㄍㄞˇ ㄔㄤˊ
勞軍,ㄌㄠˋ ㄐㄩㄣ
勞軍團,ㄌㄠˋ ㄐㄩㄣ ㄊㄨㄢˊ
勢不可當,ㄕˋ ㄅㄨˋ ㄎㄜˇ ㄉㄤˇ
勢不得已,ㄕˋ ㄅㄨˋ ㄉㄜˊ ㄧˇ
勢利眼,ㄕˋ ˙ㄌㄧ ㄧㄢˇ
勢利鬼,ㄕˋ ˙ㄌㄧ ㄍㄨㄟˇ
勢單力薄,ㄕˋ ㄉㄢ ㄌㄧˋ ㄅㄛˊ
勢如山倒,ㄕˋ ㄖㄨˊ ㄕㄢ ㄉㄠˇ
勢煞,ㄕˋ ㄕㄚˋ
勦兒,ㄐㄧㄠˇ ㄦˊ
勦撫兼施,ㄐㄧㄠˇ ㄈㄨˇ ㄐㄧㄢ ㄕ
勦滅,ㄐㄧㄠˇ ㄇㄧㄝˋ
勦除,ㄐㄧㄠˇ ㄔㄨˊ
勸降,ㄑㄩㄢˋ ㄒㄧㄤˊ
勻停,ㄩㄣˊ ˙ㄊㄧㄥ
勻兌,ㄩㄣˊ ˙ㄉㄨㄟ
勻實,ㄩㄣˊ ˙ㄕ
勻淨,ㄩㄣˊ ˙ㄐㄧㄥ
勻溜,ㄩㄣˊ ˙ㄌㄧㄡ
勻稱,ㄩㄣˊ ㄔㄥˋ
勾勒,ㄍㄡ ㄌㄜˋ
勾拽,ㄍㄡ ㄓㄨㄞˋ
勾當,ㄍㄡˋ ㄉㄤ
勿以善小而不為,ㄨˋ ㄧˇ ㄕㄢˋ ㄒㄧㄠˇ ㄦˊ ㄅㄨˋ ㄨㄟˊ
勿以惡小而為之,ㄨˋ ㄧˇ ㄜˋ ㄒㄧㄠˇ ㄦˊ ㄨㄟˊ ㄓ
包元兒,ㄅㄠ ㄩㄢˊ ㄦ
包兒,ㄅㄠ ㄦ
包圓兒,ㄅㄠ ㄩㄢˊ ㄦ
包場,ㄅㄠ ㄔㄤˊ
包彈,ㄅㄠ ㄊㄢˊ
包括,ㄅㄠ ㄎㄨㄛˋ
包晶反應,ㄅㄠ ㄐㄧㄥ ㄈㄢˇ ㄧㄥˋ
包析反應,ㄅㄠ ㄒㄧ ㄈㄢˇ ㄧㄥˋ
包涵兒,ㄅㄠ ㄏㄢˊ ㄦ
包葫蘆頭,ㄅㄠ ㄏㄨˊ ˙ㄌㄨ ㄊㄡˊ
包袱底兒,ㄅㄠ ㄈㄨˊ ㄉㄧˇ ㄦ
匍匐奔喪,ㄆㄨˊ ㄈㄨˊ ㄅㄣ ㄙㄤ
化人場,ㄏㄨㄚˋ ㄖㄣˊ ㄔㄤˊ
化子,ㄏㄨㄚ ˙ㄗ
化學反應,ㄏㄨㄚˋ ㄒㄩㄝˊ ㄈㄢˇ ㄧㄥˋ
化學性質,ㄏㄨㄚˋ ㄒㄩㄝˊ ㄒㄧㄥˋ ㄓˊ
化干戈為玉帛,ㄏㄨㄚˋ ㄍㄢ ㄍㄜ ㄨㄟˊ ㄩˋ ㄅㄛˊ
化整為零,ㄏㄨㄚˋ ㄓㄥˇ ㄨㄟˊ ㄌㄧㄥˊ
化敵為友,ㄏㄨㄚˋ ㄉㄧˊ ㄨㄟˊ ㄧㄡˇ
化暗為明,ㄏㄨㄚˋ ㄢˋ ㄨㄟˊ ㄇㄧㄥˊ
化為泡影,ㄏㄨㄚˋ ㄨㄟˊ ㄆㄠˋ ㄧㄥˇ
化為烏有,ㄏㄨㄚˋ ㄨㄟˊ ㄨ ㄧㄡˇ
化繁為簡,ㄏㄨㄚˋ ㄈㄢˊ ㄨㄟˊ ㄐㄧㄢˇ
化腐朽為神奇,ㄏㄨㄚˋ ㄈㄨˇ ㄒㄧㄡˇ ㄨㄟˊ ㄕㄣˊ ㄑㄧˊ
化險為夷,ㄏㄨㄚˋ ㄒㄧㄢˇ ㄨㄟˊ ㄧˊ
化零為整,ㄏㄨㄚˋ ㄌㄧㄥˊ ㄨㄟˊ ㄓㄥˇ
化鴟為鳳,ㄏㄨㄚˋ ㄔ ㄨㄟˊ ㄈㄥˋ
北俱盧洲,ㄅㄟˇ ㄐㄩ ㄌㄨˊ ㄓㄡ
北方佛教,ㄅㄟˇ ㄈㄤ ㄈㄛˊ ㄐㄧㄠˋ
北曲,ㄅㄟˇ ㄑㄩˇ
北燕,ㄅㄟˇ ㄧㄢ
北碑南帖論,ㄅㄟˇ ㄅㄟ ㄋㄢˊ ㄊㄧㄝˇ ㄌㄨㄣˋ
北美事務協調委員會,ㄅㄟˇ ㄇㄟˇ ㄕˋ ㄨˋ ㄒㄧㄝˊ ㄊㄧㄠˊ ㄨㄟˇ ㄩㄢˊ ㄏㄨㄟˋ
北轍南轅,ㄅㄟˇ ㄔㄜˋ ㄋㄢˊ ㄩㄢˊ
匙大碗小之事,ㄔˊ ㄉㄚˋ ㄨㄢˇ ㄒㄧㄠˇ ㄓ ㄕˋ
匙子,ㄔˊ ˙ㄗ
匡我不逮,ㄎㄨㄤ ㄨㄛˇ ㄅㄨˋ ㄉㄞˋ
匪朝伊夕,ㄈㄟˇ ㄓㄠ ㄧ ㄒㄧˋ
匱乏,ㄎㄨㄟˋ ㄈㄚˊ
匱盟,ㄎㄨㄟˋ ㄇㄥˊ
匱缺,ㄎㄨㄟˋ ㄑㄩㄝ
匹似閑,ㄆㄧ ㄙˋ ㄒㄧㄢˊ
匹力撲六,ㄆㄧ ㄌㄧˋ ㄆㄨ ㄌㄨˋ
匹如閑,ㄆㄧ ㄖㄨˊ ㄒㄧㄢˊ
匹如閒,ㄆㄧ ㄖㄨˊ ㄒㄧㄢˊ
匹撲,ㄆㄧ ㄆㄨ
匹特曼,ㄆㄧ ㄊㄜˋ ㄇㄢˋ
匹茲堡,ㄆㄧ ㄗ ㄅㄠˇ
匹角兒,ㄆㄧ ㄐㄧㄠˇ ㄦ
匹面,ㄆㄧ ㄇㄧㄢˋ
匹頭,ㄆㄧˇ ˙ㄊㄡ
匹頭裡,ㄆㄧ ㄊㄡˊ ㄌㄧˇ
匹馬不還,ㄆㄧ ㄇㄚˇ ㄅㄨˋ ㄏㄨㄢˊ
匹馬單槍,ㄆㄧ ㄇㄚˇ ㄉㄢ ㄑㄧㄤ
匹馬單鎗,ㄆㄧ ㄇㄚˇ ㄉㄢ ㄑㄧㄤ
匹馬隻輪,ㄆㄧ ㄇㄚˇ ㄓ ㄌㄨㄣˊ
匽廁,ㄧㄢˇ ㄘˋ
匾扎,ㄅㄧㄢˇ ㄓㄚˊ
匾擔,ㄅㄧㄢˇ ˙ㄉㄢ
匾食,ㄅㄧㄢˇ ˙ㄕ
匿喪,ㄋㄧˋ ㄙㄤ
區域變質,ㄑㄩ ㄩˋ ㄅㄧㄢˋ ㄓˊ
區脫,ㄡ ㄊㄨㄛ
區蓋,ㄡ ㄍㄞˋ
區處,ㄑㄩ ㄔㄨˇ
十七帖,ㄕˊ ㄑㄧ ㄊㄧㄝˋ
十三經注疏,ㄕˊ ㄙㄢ ㄐㄧㄥ ㄓㄨˋ ㄕㄨˋ
十三行,ㄕˊ ㄙㄢ ㄏㄤˊ
十三行遺址,ㄕˊ ㄙㄢ ㄏㄤˊ ㄧˊ ㄓˇ
十中八九,ㄕˊ ㄓㄨㄥˋ ㄅㄚ ㄐㄧㄡˇ
十二子,ㄕˊ ㄦˋ ㄗˇ
十個指頭咬著都痛,ㄕˊ ˙ㄍㄜ ㄓˇ ˙ㄊㄡ ㄧㄠˇ ˙ㄓㄜ ㄉㄡ ㄊㄨㄥˋ
十個指頭有長短,ㄕˊ ˙ㄍㄜ ㄓˇ ˙ㄊㄡ ㄧㄡˇ ㄔㄤˊ ㄉㄨㄢˇ
十個指頭朝裡彎,ㄕˊ ˙ㄍㄜ ㄓˇ ˙ㄊㄡ ㄔㄠˊ ㄌㄧˇ ㄨㄢ
十個明星當不的月,ㄕˊ ˙ㄍㄜ ㄇㄧㄥˊ ㄒㄧㄥ ㄉㄤ ㄅㄨˋ ˙ㄉㄜ ㄩㄝˋ
十四行詩,ㄕˊ ㄙˋ ㄏㄤˊ ㄕ
十大弟子,ㄕˊ ㄉㄚˋ ㄉㄧˋ ㄗˇ
十字鎬,ㄕˊ ㄗˋ ㄍㄠˇ
十指有長短,ㄕˊ ㄓˇ ㄧㄡˇ ㄔㄤˊ ㄉㄨㄢˇ
十捉九著,ㄕˊ ㄓㄨㄛ ㄐㄧㄡˇ ㄓㄠˊ
十目一行,ㄕˊ ㄇㄨˋ ㄧ ㄏㄤˊ
十相具足,ㄕˊ ㄒㄧㄤˋ ㄐㄩˋ ㄗㄨˊ
十行俱下,ㄕˊ ㄏㄤˊ ㄐㄩˋ ㄒㄧㄚˋ
十載寒窗,ㄕˊ ㄗㄞˇ ㄏㄢˊ ㄔㄨㄤ
十里洋場,ㄕˊ ㄌㄧˇ ㄧㄤˊ ㄔㄤˊ
十里長亭,ㄕˊ ㄌㄧˇ ㄔㄤˊ ㄊㄧㄥˊ
千乘,ㄑㄧㄢ ㄕㄥˋ
千乘萬騎,ㄑㄧㄢ ㄕㄥˋ ㄨㄢˋ ㄐㄧˋ
千了百當,ㄑㄧㄢ ㄌㄧㄠˇ ㄅㄞˇ ㄉㄤˋ
千佛塔,ㄑㄧㄢ ㄈㄛˊ ㄊㄚˇ
千佛山,ㄑㄧㄢ ㄈㄛˊ ㄕㄢ
千佛洞,ㄑㄧㄢ ㄈㄛˊ ㄉㄨㄥˋ
千妥萬當,ㄑㄧㄢ ㄊㄨㄛˇ ㄨㄢˋ ㄉㄤˋ
千岐萬轍,ㄑㄧㄢ ㄑㄧˊ ㄨㄢˋ ㄔㄜˋ
千差萬別,ㄑㄧㄢ ㄔㄚ ㄨㄢˋ ㄅㄧㄝˊ
千年萬載,ㄑㄧㄢ ㄋㄧㄢˊ ㄨㄢˋ ㄗㄞˇ
千慮一得,ㄑㄧㄢ ㄌㄩˋ ㄧ ㄉㄜˊ
千石,ㄑㄧㄢ ㄉㄢˋ
千載,ㄑㄧㄢ ㄗㄞˇ
千載一合,ㄑㄧㄢ ㄗㄞˇ ㄧ ㄏㄜˊ
千載一時,ㄑㄧㄢ ㄗㄞˇ ㄧ ㄕˊ
千載一會,ㄑㄧㄢ ㄗㄞˇ ㄧ ㄏㄨㄟˋ
千載一逢,ㄑㄧㄢ ㄗㄞˇ ㄧ ㄈㄥˊ
千載一遇,ㄑㄧㄢ ㄗㄞˇ ㄧ ㄩˋ
千載揚名,ㄑㄧㄢ ㄗㄞˇ ㄧㄤˊ ㄇㄧㄥˊ
千載獨步,ㄑㄧㄢ ㄗㄞˇ ㄉㄨˊ ㄅㄨˋ
千載難逢,ㄑㄧㄢ ㄗㄞˇ ㄋㄢˊ ㄈㄥˊ
千里搭長棚,ㄑㄧㄢ ㄌㄧˇ ㄉㄚ ㄔㄤˊ ㄆㄥˊ
千金之子,ㄑㄧㄢ ㄐㄧㄣ ㄓ ㄗˇ
午覺,ㄨˇ ㄐㄧㄠˋ
半些兒,ㄅㄢˋ ㄒㄧㄝ ㄦ
半個,ㄅㄢˋ ˙ㄍㄜ
半個人,ㄅㄢˋ ˙ㄍㄜ ㄖㄣˊ
半刻工夫,ㄅㄢˋ ㄎㄜˋ ㄍㄨㄥ ˙ㄈㄨ
半包兒,ㄅㄢˋ ㄅㄠ ㄦ
半合兒,ㄅㄢˋ ㄏㄜˊ ㄦ
半夜三更,ㄅㄢˋ ㄧㄝˋ ㄙㄢ ㄍㄥ
半子,ㄅㄢˋ ㄗˇ
半師之分,ㄅㄢˋ ㄕ ㄓ ㄈㄣˋ
半截門兒,ㄅㄢˋ ㄐㄧㄝˊ ㄇㄣˊ ㄦ
半扎,ㄅㄢˋ ㄓㄚˊ
半抄兒,ㄅㄢˋ ㄔㄠ ㄦ
半會,ㄅㄢˋ ㄏㄨㄟˇ
半為憐春半惱春,ㄅㄢˋ ㄨㄟˊ ㄌㄧㄢˊ ㄔㄨㄣ ㄅㄢˋ ㄋㄠˇ ㄔㄨㄣ
半瘋兒,ㄅㄢˋ ㄈㄥ ㄦ
半米兒,ㄅㄢˋ ㄇㄧˇ ㄦ
半舍,ㄅㄢˋ ㄕㄜˋ
半身不遂,ㄅㄢˋ ㄕㄣ ㄅㄨˋ ㄙㄨㄟˊ
半道兒,ㄅㄢˋ ㄉㄠˋ ㄦ
半道兒認姐姐,ㄅㄢˋ ㄉㄠˋ ㄦ ㄖㄣˋ ㄐㄧㄝˇ ˙ㄐㄧㄝ
半部論語治天下,ㄅㄢˋ ㄅㄨˋ ㄌㄨㄣˊ ㄩˇ ㄓˋ ㄊㄧㄢ ㄒㄧㄚˋ
半間不界,ㄅㄢˋ ㄐㄧㄢˋ ㄅㄨˋ ㄐㄧㄝˋ
半頓飯工夫,ㄅㄢˋ ㄉㄨㄣˋ ㄈㄢˋ ㄍㄨㄥ ˙ㄈㄨ
卑宮菲食,ㄅㄟ ㄍㄨㄥ ㄈㄟˇ ㄕˊ
卑怯,ㄅㄟ ㄑㄩㄝˋ
卑薄,ㄅㄟ ㄅㄛˊ
卒乍,ㄘㄨˋ ㄓㄚˋ
卒乘,ㄗㄨˊ ㄕㄥˋ
卒卒,ㄘㄨˋ ㄘㄨˋ
卒律律,ㄘㄨˋ ㄌㄩˋ ㄌㄩˋ
卒然,ㄘㄨˋ ㄖㄢˊ
卓著,ㄓㄨㄛˊ ㄓㄨˋ
卓躒,ㄓㄨㄛˊ ㄌㄨㄛˋ
協奏曲,ㄒㄧㄝˊ ㄗㄡˋ ㄑㄩˇ
協調,ㄒㄧㄝˊ ㄊㄧㄠˊ
南帖,ㄋㄢˊ ㄊㄧㄝˋ
南征北伐,ㄋㄢˊ ㄓㄥ ㄅㄟˇ ㄈㄚˊ
南曲,ㄋㄢˊ ㄑㄩˇ
南柯太守傳,ㄋㄢˊ ㄎㄜ ㄊㄞˋ ㄕㄡˇ ㄓㄨㄢˋ
南樂,ㄋㄢˊ ㄩㄝˋ
南無,ㄋㄚˊ ㄇㄛˊ
南無佛,ㄋㄚˊ ㄇㄛˊ ㄈㄛˊ
南無耶,ㄋㄚˊ ㄇㄛˊ ㄧㄝˊ
南燕,ㄋㄢˊ ㄧㄢ
南箕北斗,ㄋㄢˊ ㄐㄧ ㄅㄛˋ ㄉㄡˇ
南轅北轍,ㄋㄢˊ ㄩㄢˊ ㄅㄟˇ ㄔㄜˋ
南都,ㄋㄢˊ ㄉㄨ
南門市場,ㄋㄢˊ ㄇㄣˊ ㄕˋ ㄔㄤˊ
南面為王,ㄋㄢˊ ㄇㄧㄢˋ ㄨㄟˊ ㄨㄤˊ
南面百城,ㄋㄢˊ ㄇㄧㄢˋ ㄅㄛˊ ㄔㄥˊ
南面稱伯,ㄋㄢˊ ㄇㄧㄢˋ ㄔㄥ ㄅㄚˋ
博古兒,ㄅㄛˊ ㄍㄨˇ ㄦ
博士弟子,ㄅㄛˊ ㄕˋ ㄉㄧˋ ㄗˇ
博得,ㄅㄛˊ ㄉㄜˊ
博文反應系列,ㄅㄛˊ ㄨㄣˊ ㄈㄢˇ ㄧㄥˋ ㄒㄧˋ ㄌㄧㄝˋ
博浪飛椎,ㄅㄛˊ ㄌㄤˋ ㄈㄟ ㄔㄨㄟˊ
博聞強識,ㄅㄛˊ ㄨㄣˊ ㄑㄧㄤˊ ㄓˋ
博興,ㄅㄛˊ ㄒㄧㄥ
博覽五車,ㄅㄛˊ ㄌㄢˇ ㄨˇ ㄐㄩ
卜宅,ㄅㄨˇ ㄓㄜˋ
卜度,ㄅㄨˇ ㄉㄨㄛˋ
卞嚴子,ㄅㄧㄢˋ ㄧㄢˊ ㄗˇ
卞莊子,ㄅㄧㄢˋ ㄓㄨㄤ ㄗˇ
占人,ㄓㄢ ㄖㄣˊ
占便宜,ㄓㄢˋ ㄆㄧㄢˊ ˙ㄧ
占候,ㄓㄢ ㄏㄡˋ
占卜,ㄓㄢ ㄅㄨˇ
占卦,ㄓㄢ ㄍㄨㄚˋ
占場兒,ㄓㄢˋ ㄔㄤˊ ㄦ
占夢,ㄓㄢ ㄇㄥˋ
占射,ㄓㄢ ㄕㄜˋ
占拜,ㄓㄢ ㄅㄞˋ
占斷,ㄓㄢ ㄉㄨㄢˋ
占星,ㄓㄢ ㄒㄧㄥ
占星術,ㄓㄢ ㄒㄧㄥ ㄕㄨˋ
占為己有,ㄓㄢˋ ㄨㄟˊ ㄐㄧˇ ㄧㄡˇ
占盡便宜,ㄓㄢˋ ㄐㄧㄣˋ ㄆㄧㄢˊ ˙ㄧ
占親,ㄓㄢ ㄑㄧㄣ
占課,ㄓㄢ ㄎㄜˋ
占身,ㄓㄢ ㄕㄣ
占風使帆,ㄓㄢ ㄈㄥ ㄕˇ ㄈㄢˊ
占驗,ㄓㄢ ㄧㄢˋ
占鳳,ㄓㄢ ㄈㄥˋ
卡子,ㄑㄧㄚˇ ˙ㄗ
卡繆,ㄎㄚˇ ㄇㄧㄡˋ
卡脖子,ㄑㄧㄚˇ ㄅㄛˊ ˙ㄗ
卦攤兒,ㄍㄨㄚˋ ㄊㄢ ㄦ
卬首信眉,ㄤˊ ㄕㄡˇ ㄕㄣ ㄇㄟˊ
卯上,ㄇㄠˇ ˙ㄕㄤ
卯酉參辰,ㄇㄠˇ ㄧㄡˇ ㄕㄣ ㄔㄣˊ
卯酉子午,ㄇㄠˇ ㄧㄡˇ ㄗˇ ㄨˇ
印人傳,ㄧㄣˋ ㄖㄣˊ ㄓㄨㄢˋ
印把子,ㄧㄣˋ ㄅㄚˋ ˙ㄗ
印板兒,ㄧㄣˋ ㄅㄢˇ ㄦ
印相,ㄧㄣˋ ㄒㄧㄤˋ
印相箱,ㄧㄣˋ ㄒㄧㄤˋ ㄒㄧㄤ
印相紙,ㄧㄣˋ ㄒㄧㄤˋ ㄓˇ
危如累卵,ㄨㄟˊ ㄖㄨˊ ㄌㄟˇ ㄌㄨㄢˇ
危於累卵,ㄨㄟˊ ㄩˊ ㄌㄟˇ ㄌㄨㄢˇ
危若朝露,ㄨㄟˊ ㄖㄨㄛˋ ㄓㄠ ㄌㄨˋ
危行,ㄨㄟˊ ㄒㄧㄥˋ
危言危行,ㄨㄟˊ ㄧㄢˊ ㄨㄟˊ ㄒㄧㄥˋ
危險分子,ㄨㄟˊ ㄒㄧㄢˇ ㄈㄣˋ ㄗˇ
危難,ㄨㄟˊ ㄋㄢˋ
即心即佛,ㄐㄧˊ ㄒㄧㄣ ㄐㄧˊ ㄈㄛˊ
即早兒,ㄐㄧˊ ㄗㄠˇ ㄦ
即溜,ㄐㄧˊ ˙ㄌㄧㄡ
即身成佛,ㄐㄧˊ ㄕㄣ ㄔㄥˊ ㄈㄛˊ
卵子,ㄌㄨㄢˇ ㄗˇ
卵子移植,ㄌㄨㄢˇ ㄗˇ ㄧˊ ㄓˊ
卵巢癌,ㄌㄨㄢˇ ㄔㄠˊ ㄞˊ
卷土重來,ㄐㄩㄢˇ ㄊㄨˇ ㄔㄨㄥˊ ㄌㄞˊ
卷婁,ㄑㄩㄢˊ ㄌㄡˊ
卷子,ㄐㄩㄢˋ ˙ㄗ
卷宗,ㄐㄩㄢˋ ㄗㄨㄥ
卷帙,ㄐㄩㄢˋ ㄓˋ
卷帙浩繁,ㄐㄩㄢˋ ㄓˋ ㄏㄠˋ ㄈㄢˊ
卷曲,ㄑㄩㄢˊ ㄑㄩ
卷柏,ㄐㄩㄢˇ ㄅㄛˊ
卷紙,ㄐㄩㄢˋ ㄓˇ
卷軸,ㄐㄩㄢˋ ㄓㄡˊ
卷軸裝,ㄐㄩㄢˋ ㄓㄡˊ ㄓㄨㄤ
卷阿,ㄑㄩㄢˊ ㄜ
卷髮,ㄑㄩㄢˊ ㄈㄚˇ
卸包袱,ㄒㄧㄝˋ ㄅㄠ ˙ㄈㄨ
卸擔子,ㄒㄧㄝˋ ㄉㄢˋ ˙ㄗ
卸磨殺驢,ㄒㄧㄝˋ ㄇㄛˋ ㄕㄚ ㄌㄩˊ
卻少,ㄑㄩㄝˋ ㄕㄠˋ
卿子,ㄑㄧㄥ ㄗˇ
厄利垂亞,ㄜˋ ㄌㄧˋ ㄔㄨㄟˊ ㄧㄚˇ
厄難,ㄜˋ ㄋㄢˋ
厚今薄古,ㄏㄡˋ ㄐㄧㄣ ㄅㄛˊ ㄍㄨˇ
厚古薄今,ㄏㄡˋ ㄍㄨˇ ㄅㄛˊ ㄐㄧㄣ
厚實,ㄏㄡˋ ˙ㄕ
厚彼薄此,ㄏㄡˋ ㄅㄧˇ ㄅㄛˊ ㄘˇ
厚朴,ㄏㄡˋ ㄆㄛˋ
厚此薄彼,ㄏㄡˋ ㄘˇ ㄅㄛˊ ㄅㄧˇ
厚薄,ㄏㄡˋ ㄅㄛˊ
厜㕒,ㄔㄨㄟˊ ㄨㄟˊ
原始佛教,ㄩㄢˊ ㄕˇ ㄈㄛˊ ㄐㄧㄠˋ
原子,ㄩㄢˊ ㄗˇ
原子吸收光譜儀,ㄩㄢˊ ㄗˇ ㄒㄧ ㄕㄡ ㄍㄨㄤ ㄆㄨˇ ㄧˊ
原子團,ㄩㄢˊ ㄗˇ ㄊㄨㄢˊ
原子序,ㄩㄢˊ ㄗˇ ㄒㄩˋ
原子序數,ㄩㄢˊ ㄗˇ ㄒㄩˋ ㄕㄨˋ
原子彈,ㄩㄢˊ ㄗˇ ㄉㄢˋ
原子戰爭,ㄩㄢˊ ㄗˇ ㄓㄢˋ ㄓㄥ
原子時代,ㄩㄢˊ ㄗˇ ㄕˊ ㄉㄞˋ
原子核,ㄩㄢˊ ㄗˇ ㄏㄜˊ
原子熱,ㄩㄢˊ ㄗˇ ㄖㄜˋ
原子爐,ㄩㄢˊ ㄗˇ ㄌㄨˊ
原子發電廠,ㄩㄢˊ ㄗˇ ㄈㄚ ㄉㄧㄢˋ ㄔㄤˇ
原子符號,ㄩㄢˊ ㄗˇ ㄈㄨˊ ㄏㄠˋ
原子能,ㄩㄢˊ ㄗˇ ㄋㄥˊ
原子能發電,ㄩㄢˊ ㄗˇ ㄋㄥˊ ㄈㄚ ㄉㄧㄢˋ
原子落塵,ㄩㄢˊ ㄗˇ ㄌㄨㄛˋ ㄔㄣˊ
原子論,ㄩㄢˊ ㄗˇ ㄌㄨㄣˋ
原子量,ㄩㄢˊ ㄗˇ ㄌㄧㄤˋ
原子鐘,ㄩㄢˊ ㄗˇ ㄓㄨㄥ
原子雲,ㄩㄢˊ ㄗˇ ㄩㄣˊ
原形質,ㄩㄢˊ ㄒㄧㄥˊ ㄓˊ
原生質,ㄩㄢˊ ㄕㄥ ㄓˊ
原著,ㄩㄢˊ ㄓㄨˋ
原質,ㄩㄢˊ ㄓˊ
厥角,ㄐㄩㄝˊ ㄐㄩㄝˊ
厭厭,ㄧㄢ ㄧㄢ
厭惡,ㄧㄢˋ ㄨˋ
厭氣,ㄧㄢˋ ˙ㄑㄧ
厭煩,ㄧㄢˋ ˙ㄈㄢ
厭薄,ㄧㄢˋ ㄅㄛˊ
厲精更始,ㄌㄧˋ ㄐㄧㄥ ㄍㄥ ㄕˇ
厹矛,ㄑㄧㄡˊ ㄇㄠˊ
去就之分,ㄑㄩˋ ㄐㄧㄡˋ ㄓ ㄈㄣˋ
去年,ㄑㄩˋ ˙ㄋㄧㄢ
參假,ㄘㄢ ㄐㄧㄚˋ
參商,ㄕㄣ ㄕㄤ
參場,ㄘㄢ ㄔㄤˊ
參將,ㄘㄢ ㄐㄧㄤˋ
參差,ㄘㄣ ㄘ
參差不齊,ㄘㄣ ㄘ ㄅㄨˋ ㄑㄧˊ
參度,ㄘㄢ ㄉㄨㄛˋ
參校,ㄘㄢ ㄐㄧㄠˋ
參湯,ㄕㄣ ㄊㄤ
參與,ㄘㄢ ㄩˋ
參辰,ㄕㄣ ㄔㄣˊ
參辰卯酉,ㄕㄣ ㄔㄣˊ ㄇㄠˇ ㄧㄡˇ
參辰日月,ㄕㄣ ㄔㄣˊ ㄖˋ ㄩㄝˋ
參錯,ㄘㄣ ㄘㄨㄛˋ
又弱一個,ㄧㄡˋ ㄖㄨㄛˋ ㄧ ˙ㄍㄜ
叉劈,ㄔㄚˇ ˙ㄆㄧ
叉灰泥,ㄔㄚˇ ㄏㄨㄟ ㄋㄧˊ
叉車,ㄔㄚˊ ㄔㄜ
叉門,ㄔㄚˇ ㄇㄣˊ
及冠,ㄐㄧˊ ㄍㄨㄢˋ
友風子雨,ㄧㄡˇ ㄈㄥ ㄗˇ ㄩˇ
反反,ㄈㄢˋ ㄈㄢˋ
反客為主,ㄈㄢˇ ㄎㄜˋ ㄨㄟˊ ㄓㄨˇ
反將計,ㄈㄢˇ ㄐㄧㄤˋ ㄐㄧˋ
反差,ㄈㄢˇ ㄔㄚ
反巴掌,ㄈㄢˇ ㄅㄚ ˙ㄓㄤ
反彈,ㄈㄢˇ ㄊㄢˊ
反彈琵琶,ㄈㄢˇ ㄊㄢˊ ㄆㄧˊ ˙ㄆㄚ
反應,ㄈㄢˇ ㄧㄥˋ
反敗為勝,ㄈㄢˇ ㄅㄞˋ ㄨㄟˊ ㄕㄥˋ
反文兒,ㄈㄢˇ ㄨㄣˊ ㄦ
反景,ㄈㄢˇ ㄧㄥˇ
反本還原,ㄈㄢˇ ㄅㄣˇ ㄏㄨㄢˊ ㄩㄢˊ
反物質,ㄈㄢˇ ㄨˋ ㄓˊ
反犬旁兒,ㄈㄢˇ ㄑㄩㄢˇ ㄆㄤˊ ㄦ
反相,ㄈㄢˇ ㄒㄧㄤˋ
反省,ㄈㄢˇ ㄒㄧㄥˇ
反磕兒,ㄈㄢˇ ㄎㄜ ㄦ
反粒子,ㄈㄢˇ ㄌㄧˋ ㄗˇ
反老還童,ㄈㄢˇ ㄌㄠˇ ㄏㄨㄢˊ ㄊㄨㄥˊ
反賓為主,ㄈㄢˇ ㄅㄧㄣ ㄨㄟˊ ㄓㄨˇ
反躬自省,ㄈㄢˇ ㄍㄨㄥ ㄗˋ ㄒㄧㄥˇ
反輸一帖,ㄈㄢˇ ㄕㄨ ㄧ ㄊㄧㄝˇ
反間,ㄈㄢˇ ㄐㄧㄢˋ
反間細作,ㄈㄢˇ ㄐㄧㄢˋ ㄒㄧˋ ㄗㄨㄛˋ
反間計,ㄈㄢˇ ㄐㄧㄢˋ ㄐㄧˋ
反間諜,ㄈㄢˇ ㄐㄧㄢˋ ㄉㄧㄝˊ
叔叔,ㄕㄨˊ ˙ㄕㄨ
取得,ㄑㄩˇ ㄉㄜˊ
取應,ㄑㄩˇ ㄧㄥˋ
取燈兒,ㄑㄩˇ ㄉㄥ ㄦ
取給,ㄑㄩˇ ㄐㄧˇ
取長補短,ㄑㄩˇ ㄔㄤˊ ㄅㄨˇ ㄉㄨㄢˇ
取青媲白,ㄑㄩˇ ㄑㄧㄥ ㄆㄧˋ ㄅㄛˊ
受不了,ㄕㄡˋ ˙ㄅㄨ ㄌㄧㄠˇ
受不得,ㄕㄡˋ ˙ㄅㄨ ˙ㄉㄜ
受不起,ㄕㄡˋ ˙ㄅㄨ ㄑㄧˇ
受創,ㄕㄡˋ ㄔㄨㄤ
受委屈,ㄕㄡˋ ㄨㄟˇ ˙ㄑㄩ
受禪,ㄕㄡˋ ㄕㄢˋ
受累,ㄕㄡˋ ㄌㄟˇ
受降,ㄕㄡˋ ㄒㄧㄤˊ
受降城,ㄕㄡˋ ㄒㄧㄤˊ ㄔㄥˊ
受難,ㄕㄡˋ ㄋㄢˋ
受難曲,ㄕㄡˋ ㄋㄢˋ ㄑㄩˇ
受難節,ㄕㄡˋ ㄋㄢˋ ㄐㄧㄝˊ
叟兵,ㄙㄡ ㄅㄧㄥ
叟叟,ㄙㄡ ㄙㄡ
叢帖,ㄘㄨㄥˊ ㄊㄧㄝˋ
叢薄,ㄘㄨㄥˊ ㄅㄛˊ
口乾舌燥,ㄎㄡˇ ㄍㄢ ㄕㄜˊ ㄗㄠˋ
口兒,ㄎㄡˇ ㄦ
口吃,ㄎㄡˇ ㄐㄧˊ
口尚乳臭,ㄎㄡˇ ㄕㄤˋ ㄖㄨˇ ㄒㄧㄡˋ
口才辨給,ㄎㄡˇ ㄘㄞˊ ㄅㄧㄢˋ ㄐㄧˇ
口燥脣乾,ㄎㄡˇ ㄗㄠˋ ㄔㄨㄣˊ ㄍㄢ
口給,ㄎㄡˇ ㄐㄧˇ
口能舌便,ㄎㄡˇ ㄋㄥˊ ㄕㄜˊ ㄆㄧㄢˊ
口血未乾,ㄎㄡˇ ㄒㄩㄝˋ ㄨㄟˋ ㄍㄢ
口齒便給,ㄎㄡˇ ㄔˇ ㄆㄧㄢˊ ㄐㄧˇ
古之君子,ㄍㄨˇ ㄓ ㄐㄩㄣ ㄗˇ
古井重波,ㄍㄨˇ ㄐㄧㄥˇ ㄔㄨㄥˊ ㄅㄛ
古今兒,ㄍㄨˇ ㄐㄧㄣ ㄦ
古公亶父,ㄍㄨˇ ㄍㄨㄥ ㄉㄢˇ ㄈㄨˇ
古典音樂,ㄍㄨˇ ㄉㄧㄢˇ ㄧㄣ ㄩㄝˋ
古剌水,ㄍㄨˇ ㄌㄚˋ ㄕㄨㄟˇ
古剎,ㄍㄨˇ ㄔㄚˋ
古樂,ㄍㄨˇ ㄩㄝˋ
古為今用,ㄍㄨˇ ㄨㄟˊ ㄐㄧㄣ ㄩㄥˋ
古玩,ㄍㄨˇ ㄨㄢˋ
古裡古怪,ㄍㄨˇ ˙ㄌㄧ ㄍㄨˇ ㄍㄨㄞˋ
古記兒,ㄍㄨˇ ㄐㄧˋ ㄦ
古調獨彈,ㄍㄨˇ ㄉㄧㄠˋ ㄉㄨˊ ㄊㄢˊ
古都,ㄍㄨˇ ㄉㄨ
句卒,ㄍㄡ ㄗㄨˊ
句吳,ㄍㄡ ㄨˊ
句子成分,ㄐㄩˋ ˙ㄗ ㄔㄥˊ ㄈㄣˋ
句廉,ㄍㄡ ㄌㄧㄢˊ
句戟,ㄍㄡ ㄐㄧˇ
句無,ㄍㄡ ㄨˊ
句芒,ㄍㄡ ㄇㄤˊ
句讀,ㄐㄩˋ ㄉㄡˋ
句踐,ㄍㄡ ㄐㄧㄢˋ
句踐復國,ㄍㄡ ㄐㄧㄢˋ ㄈㄨˋ ㄍㄨㄛˊ
句驪,ㄍㄡ ㄌㄧˊ
叨任,ㄊㄠ ㄖㄣˋ
叨光,ㄊㄠ ㄍㄨㄤ
叨叨,ㄉㄠ ˙ㄉㄠ
叨叨絮絮,ㄉㄠ ˙ㄉㄠ ㄒㄩˋ ㄒㄩˋ
叨名,ㄊㄠ ㄇㄧㄥˊ
叨咕,ㄉㄠ ˙ㄍㄨ
叨嘮,ㄉㄠ ˙ㄌㄠ
叨在知己,ㄊㄠ ㄗㄞˋ ㄓ ㄐㄧˇ
叨擾,ㄊㄠ ㄖㄠˇ
叨攬,ㄊㄠ ㄌㄢˇ
叨教,ㄊㄠ ㄐㄧㄠˋ
叨沓,ㄊㄠ ㄊㄚˋ
叨濫,ㄊㄠ ㄌㄢˋ
叨登,ㄉㄠ ˙ㄉㄥ
叨竊,ㄊㄠ ㄑㄧㄝˋ
叨被,ㄊㄠ ㄅㄟˋ
叨貼,ㄊㄠ ㄊㄧㄝ
叨賴,ㄊㄠ ㄌㄞˋ
叨蹬,ㄉㄠ ˙ㄉㄥ
叨陪,ㄊㄠ ㄆㄟˊ
叨餂,ㄊㄠ ㄊㄧㄢˇ
叩應,ㄎㄡˋ ㄧㄥˋ
只得,ㄓˇ ㄉㄜˊ
只甚,ㄓˇ ㄕㄣˊ
叫化,ㄐㄧㄠˋ ㄏㄨㄚ
叫化子,ㄐㄧㄠˋ ㄏㄨㄚ ˙ㄗ
叫化子雞,ㄐㄧㄠˋ ㄏㄨㄚ ˙ㄗ ㄐㄧ
叫哥哥,ㄐㄧㄠˋ ㄍㄜ ˙ㄍㄜ
叫字號,ㄐㄧㄠˋ ㄗˋ ˙ㄏㄠ
叫號,ㄐㄧㄠˋ ㄏㄠˊ
叫頭,ㄐㄧㄠˋ ˙ㄊㄡ
召南,ㄕㄠˋ ㄋㄢˊ
召棠,ㄕㄠˋ ㄊㄤˊ
召父杜母,ㄕㄠˋ ㄈㄨˋ ㄉㄨˋ ㄇㄨˇ
叮叮噹噹,ㄉㄧㄥ ˙ㄉㄧㄥ ㄉㄤ ㄉㄤ
叮叮噹噹響的婆娘,ㄉㄧㄥ ˙ㄉㄧㄥ ㄉㄤ ㄉㄤ ㄒㄧㄤˇ ˙ㄉㄜ ㄆㄛˊ ˙ㄋㄧㄤ
可不好,ㄎㄜˇ ˙ㄅㄨ ㄏㄠˇ
可不是,ㄎㄜˇ ˙ㄅㄨ ㄕˋ
可不道,ㄎㄜˇ ˙ㄅㄨ ㄉㄠˋ
可了不得,ㄎㄜˇ ㄌㄧㄠˇ ˙ㄅㄨ ˙ㄉㄜ
可共患難不可共安樂,ㄎㄜˇ ㄍㄨㄥˋ ㄏㄨㄢˋ ㄋㄢˋ ㄅㄨˋ ㄎㄜˇ ㄍㄨㄥˋ ㄢ ㄌㄜˋ
可厭相,ㄎㄜˇ ㄧㄢˋ ㄒㄧㄤˋ
可孕物質,ㄎㄜˇ ㄩㄣˋ ㄨˋ ㄓˊ
可惡,ㄎㄜˇ ㄨˋ
可敦,ㄎㄜˋ ㄉㄨㄣ
可曾,ㄎㄜˇ ㄗㄥ
可汗,ㄎㄜˋ ㄏㄢˊ
可煞,ㄎㄜˇ ㄕㄚˋ
可煞作怪,ㄎㄜˇ ㄕㄚˋ ㄗㄨㄛˋ ㄍㄨㄞˋ
可甚麼,ㄎㄜˇ ㄕㄣˊ ˙ㄇㄜ
可逆反應,ㄎㄜˇ ㄋㄧˋ ㄈㄢˇ ㄧㄥˋ
叱喝,ㄔˋ ㄏㄜˋ
史乘,ㄕˇ ㄕㄥˋ
史賓塞,ㄕˇ ㄅㄧㄣ ㄙㄜˋ
史賓格勒,ㄕˇ ㄅㄧㄣ ㄍㄜˊ ㄌㄜˋ
右相,ㄧㄡˋ ㄒㄧㄤˋ
右翼分子,ㄧㄡˋ ㄧˋ ㄈㄣˋ ㄗˇ
司更,ㄙ ㄍㄥ
司空伎倆,ㄙ ㄎㄨㄥ ㄐㄧˋ ㄌㄧㄤˇ
吁咈都俞,ㄒㄩ ㄈㄨˊ ㄉㄨ ㄩˊ
吃不上,ㄔ ˙ㄅㄨ ㄕㄤˋ
吃不下,ㄔ ˙ㄅㄨ ㄒㄧㄚˋ
吃不了,ㄔ ˙ㄅㄨ ㄌㄧㄠˇ
吃不住,ㄔ ˙ㄅㄨ ㄓㄨˋ
吃不來,ㄔ ˙ㄅㄨ ㄌㄞˊ
吃不得,ㄔ ˙ㄅㄨ ˙ㄉㄜ
吃不得慢酒,ㄔ ˙ㄅㄨ ˙ㄉㄜ ㄇㄢˋ ㄐㄧㄡˇ
吃不得緊酒,ㄔ ˙ㄅㄨ ˙ㄉㄜ ㄐㄧㄣˇ ㄐㄧㄡˇ
吃不服,ㄔ ˙ㄅㄨ ㄈㄨˊ
吃不消,ㄔ ˙ㄅㄨ ㄒㄧㄠ
吃不開,ㄔ ˙ㄅㄨ ㄎㄞ
吃乾醋,ㄔ ㄍㄢ ㄘㄨˋ
吃了蜜蜂兒屎似的,ㄔ ˙ㄌㄜ ㄇㄧˋ ㄈㄥ ㄦ ㄕˇ ㄙˋ ˙ㄉㄜ
吃人不吐骨頭,ㄔ ㄖㄣˊ ㄅㄨˋ ㄊㄨˇ ㄍㄨˊ ˙ㄊㄡ
吃人兒的,ㄔ ㄖㄣˊ ㄦ ˙ㄉㄜ
吃兒,ㄔ ㄦ
吃口令,ㄐㄧˊ ㄎㄡˇ ㄌㄧㄥˋ
吃味兒,ㄔ ㄨㄟˋ ㄦ
吃喝兒,ㄔ ˙ㄏㄜ ㄦ
吃墨船兒,ㄔ ㄇㄛˋ ㄔㄨㄢˊ ㄦ
吃子,ㄐㄧˊ ˙ㄗ
吃子孫飯,ㄔ ㄗˇ ㄙㄨㄣ ㄈㄢˋ
吃官司,ㄔ ㄍㄨㄢ ˙ㄙ
吃幾碗乾飯,ㄔ ㄐㄧˇ ㄨㄢˇ ㄍㄢ ㄈㄢˋ
吃排頭,ㄔ ㄆㄞˊ ˙ㄊㄡ
吃掛絡兒,ㄔ ㄍㄨㄚˋ ㄌㄠˋ ㄦ
吃犒勞,ㄔ ㄎㄠˋ ˙ㄌㄠ
吃瓦片兒,ㄔ ㄨㄚˇ ㄆㄧㄢˋ ㄦ
吃生米兒的,ㄔ ㄕㄥ ㄇㄧˇ ㄦ ˙ㄉㄜ
吃盡當光,ㄔ ㄐㄧㄣˋ ㄉㄤˋ ㄍㄨㄤ
吃紅白口兒,ㄔ ㄏㄨㄥˊ ㄅㄞˊ ㄎㄡˇ ㄦ
吃虧就是占便宜,ㄔ ㄎㄨㄟ ㄐㄧㄡˋ ㄕˋ ㄓㄢˋ ㄆㄧㄢˊ ˙ㄧ
吃裡扒外,ㄔ ㄌㄧˇ ㄆㄚˊ ㄨㄞˋ
吃豆腐,ㄔ ㄉㄡˋ ˙ㄈㄨ
吃食,ㄔ ˙ㄕ
吃飯別忘了種穀人,ㄔ ㄈㄢˋ ㄅㄧㄝˊ ㄨㄤˋ ˙ㄌㄜ ㄓㄨㄥˋ ㄍㄨˇ ㄖㄣˊ
吃黑棗兒,ㄔ ㄏㄟ ㄗㄠˇ ㄦ
吃齋唸佛,ㄔ ㄓㄞ ㄋㄧㄢˋ ㄈㄛˊ
各人兒洗面兒各人兒光,ㄍㄜˋ ㄖㄣˊ ㄦ ㄒㄧˇ ㄇㄧㄢˋ ㄦ ㄍㄜˋ ㄖㄣˊ ㄦ ㄍㄨㄤ
各個,ㄍㄜˋ ˙ㄍㄜ
各個擊破,ㄍㄜˋ ˙ㄍㄜ ㄐㄧˊ ㄆㄛˋ
各剌剌,ㄍㄜˋ ㄌㄚˋ ㄌㄚˋ
各展其長,ㄍㄜˋ ㄓㄢˇ ㄑㄧˊ ㄔㄤˊ
各得其宜,ㄍㄜˋ ㄉㄜˊ ㄑㄧˊ ㄧˊ
各得其所,ㄍㄜˋ ㄉㄜˊ ㄑㄧˊ ㄙㄨㄛˇ
各有所長,ㄍㄜˋ ㄧㄡˇ ㄙㄨㄛˇ ㄔㄤˊ
各肉兒各疼,ㄍㄜˋ ㄖㄡˋ ㄦ ㄍㄜˋ ㄊㄥˊ
各自為戰,ㄍㄜˋ ㄗˋ ㄨㄟˊ ㄓㄢˋ
各自為政,ㄍㄜˋ ㄗˋ ㄨㄟˊ ㄓㄥˋ
各行各業,ㄍㄜˋ ㄏㄤˊ ㄍㄜˋ ㄧㄝˋ
吆三喝四,ㄧㄠ ㄙㄢ ㄏㄜˋ ㄙˋ
吆五喝六,ㄧㄠ ㄨˇ ㄏㄜˋ ㄌㄧㄡˋ
吆喝,ㄧㄠ ˙ㄏㄜ
合不來,ㄏㄜˊ ˙ㄅㄨ ㄌㄞˊ
合不著,ㄏㄜˊ ˙ㄅㄨ ㄓㄠˊ
合作無間,ㄏㄜˊ ㄗㄨㄛˋ ㄨˊ ㄐㄧㄢˋ
合作農場,ㄏㄜˊ ㄗㄨㄛˋ ㄋㄨㄥˊ ㄔㄤˊ
合傳,ㄏㄜˊ ㄓㄨㄢˋ
合兒,ㄏㄜˊ ㄦ
合刻,ㄏㄜˊ ㄎㄜ
合同,ㄏㄜˊ ˙ㄊㄨㄥ
合同文字,ㄏㄜˊ ˙ㄊㄨㄥ ㄨㄣˊ ㄗˋ
合子,ㄏㄜˊ ㄗˇ
合得著,ㄏㄜˊ ˙ㄉㄜ ㄓㄠˊ
合從,ㄏㄜˊ ㄗㄨㄥ
合意兒,ㄏㄜˊ ㄧˋ ㄦ
合成樂器,ㄏㄜˊ ㄔㄥˊ ㄩㄝˋ ㄑㄧˋ
合浦珠還,ㄏㄜˊ ㄆㄨˇ ㄓㄨ ㄏㄨㄢˊ
合浦還珠,ㄏㄜˊ ㄆㄨˇ ㄏㄨㄢˊ ㄓㄨ
合縱,ㄏㄜˊ ㄗㄨㄥ
合零為整,ㄏㄜˊ ㄌㄧㄥˊ ㄨㄟˊ ㄓㄥˇ
吉丁疙疸,ㄐㄧˊ ㄉㄧㄥ ㄍㄜ ˙ㄉㄚ
吉人天相,ㄐㄧˊ ㄖㄣˊ ㄊㄧㄢ ㄒㄧㄤˋ
吉人自有天相,ㄐㄧˊ ㄖㄣˊ ㄗˋ ㄧㄡˇ ㄊㄧㄢ ㄒㄧㄤˋ
吉占,ㄐㄧˊ ㄓㄢ
吉娃娃,ㄐㄧˊ ㄨㄚˊ ˙ㄨㄚ
吉帖,ㄐㄧˊ ㄊㄧㄝˇ
吉羊,ㄐㄧˊ ㄒㄧㄤˊ
吉藏,ㄐㄧˊ ㄗㄤˋ
吊兒郎當,ㄉㄧㄠˋ ㄦ ㄌㄤˊ ㄉㄤ
吊場,ㄉㄧㄠˋ ㄔㄤˊ
吊子曰兒,ㄉㄧㄠˋ ㄗˇ ㄩㄝ ㄦ
吊腳兒,ㄉㄧㄠˋ ㄐㄧㄠˇ ㄦ
同好,ㄊㄨㄥˊ ㄏㄠˋ
同工異曲,ㄊㄨㄥˊ ㄍㄨㄥ ㄧˋ ㄑㄩˇ
同心方勝兒,ㄊㄨㄥˊ ㄒㄧㄣ ㄈㄤ ㄕㄥˋ ㄦ
同志酒吧,ㄊㄨㄥˊ ㄓˋ ㄐㄧㄡˇ ㄅㄚ
同性戀酒吧,ㄊㄨㄥˊ ㄒㄧㄥˋ ㄌㄧㄢˋ ㄐㄧㄡˇ ㄅㄚ
同緣同相,ㄊㄨㄥˊ ㄩㄢˊ ㄊㄨㄥˊ ㄒㄧㄤˋ
同聲相應,ㄊㄨㄥˊ ㄕㄥ ㄒㄧㄤ ㄧㄥˋ
同舍生,ㄊㄨㄥˊ ㄕㄜˋ ㄕㄥ
同行,ㄊㄨㄥˊ ㄏㄤˊ
同行相忌,ㄊㄨㄥˊ ㄏㄤˊ ㄒㄧㄤ ㄐㄧˋ
同行語,ㄊㄨㄥˊ ㄏㄤˊ ㄩˇ
名不見經傳,ㄇㄧㄥˊ ㄅㄨˋ ㄐㄧㄢˋ ㄐㄧㄥ ㄓㄨㄢˋ
名兒,ㄇㄧㄥˊ ㄦ
名分,ㄇㄧㄥˊ ㄈㄣˋ
名利場,ㄇㄧㄥˊ ㄌㄧˋ ㄔㄤˊ
名場,ㄇㄧㄥˊ ㄔㄤˊ
名實相稱,ㄇㄧㄥˊ ㄕˊ ㄒㄧㄤ ㄔㄥˋ
名將,ㄇㄧㄥˊ ㄐㄧㄤˋ
名帖,ㄇㄧㄥˊ ㄊㄧㄝˋ
名微德薄,ㄇㄧㄥˊ ㄨㄟˊ ㄉㄜˊ ㄅㄛˊ
名曲,ㄇㄧㄥˊ ㄑㄩˇ
名相,ㄇㄧㄥˊ ㄒㄧㄤˋ
名義所得,ㄇㄧㄥˊ ㄧˋ ㄙㄨㄛˇ ㄉㄜˊ
名聞,ㄇㄧㄥˊ ㄨㄣˋ
名臣言行錄,ㄇㄧㄥˊ ㄔㄣˊ ㄧㄢˊ ㄒㄧㄥˋ ㄌㄨˋ
名著,ㄇㄧㄥˊ ㄓㄨˋ
名角,ㄇㄧㄥˊ ㄐㄩㄝˊ
名都,ㄇㄧㄥˊ ㄉㄨ
后辟,ㄏㄡˋ ㄅㄧˋ
吐劑,ㄊㄨˋ ㄐㄧˋ
吐屬,ㄊㄨˇ ㄓㄨˇ
吐沫,ㄊㄨˋ ˙ㄇㄛ
吐瀉,ㄊㄨˋ ㄒㄧㄝˋ
吐舌頭,ㄊㄨˇ ㄕㄜˊ ˙ㄊㄡ
吐血,ㄊㄨˋ ㄒㄧㄝˇ
吐谷渾,ㄊㄨˇ ㄩˋ ㄏㄨㄣˊ
吐退,ㄊㄨˋ ㄊㄨㄟˋ
吐逆,ㄊㄨˋ ㄋㄧˋ
君子,ㄐㄩㄣ ㄗˇ
君子三樂,ㄐㄩㄣ ㄗˇ ㄙㄢ ㄌㄜˋ
君子三畏,ㄐㄩㄣ ㄗˇ ㄙㄢ ㄨㄟˋ
君子不器,ㄐㄩㄣ ㄗˇ ㄅㄨˋ ㄑㄧˋ
君子不奪人所好,ㄐㄩㄣ ㄗˇ ㄅㄨˋ ㄉㄨㄛˊ ㄖㄣˊ ㄙㄨㄛˇ ㄏㄠˋ
君子不念舊惡,ㄐㄩㄣ ㄗˇ ㄅㄨˋ ㄋㄧㄢˋ ㄐㄧㄡˋ ㄜˋ
君子之交,ㄐㄩㄣ ㄗˇ ㄓ ㄐㄧㄠ
君子之交淡如水,ㄐㄩㄣ ㄗˇ ㄓ ㄐㄧㄠ ㄉㄢˋ ㄖㄨˊ ㄕㄨㄟˇ
君子于役,ㄐㄩㄣ ㄗˇ ㄩˊ ㄧˋ
君子偕老,ㄐㄩㄣ ㄗˇ ㄒㄧㄝˊ ㄌㄠˇ
君子協定,ㄐㄩㄣ ㄗˇ ㄒㄧㄝˊ ㄉㄧㄥˋ
君子國,ㄐㄩㄣ ㄗˇ ㄍㄨㄛˊ
君子成人之美,ㄐㄩㄣ ㄗˇ ㄔㄥˊ ㄖㄣˊ ㄓ ㄇㄟˇ
君子花,ㄐㄩㄣ ㄗˇ ㄏㄨㄚ
君子言先不言後,ㄐㄩㄣ ㄗˇ ㄧㄢˊ ㄒㄧㄢ ㄅㄨˋ ㄧㄢˊ ㄏㄡˋ
君子豹變,ㄐㄩㄣ ㄗˇ ㄅㄠˋ ㄅㄧㄢˋ
君子遠庖廚,ㄐㄩㄣ ㄗˇ ㄩㄢˋ ㄆㄠˊ ㄔㄨˊ
君子鄉,ㄐㄩㄣ ㄗˇ ㄒㄧㄤ
君子陽陽,ㄐㄩㄣ ㄗˇ ㄧㄤˊ ㄧㄤˊ
君子風度,ㄐㄩㄣ ㄗˇ ㄈㄥ ㄉㄨˋ
君遷子,ㄐㄩㄣ ㄑㄧㄢ ㄗˇ
吞沒,ㄊㄨㄣ ㄇㄛˋ
吞聲屏氣,ㄊㄨㄣ ㄕㄥ ㄅㄧㄥˇ ㄑㄧˋ
吟哦,ㄧㄣˊ ㄜˊ
吠舍,ㄈㄟˋ ㄕㄜˋ
吡啶,ㄅㄧˇ ㄉㄧㄥˋ
否剝,ㄆㄧˇ ㄅㄛ
否去泰來,ㄆㄧˇ ㄑㄩˋ ㄊㄞˋ ㄌㄞˊ
否往泰來,ㄆㄧˇ ㄨㄤˇ ㄊㄞˋ ㄌㄞˊ
否德,ㄆㄧˇ ㄉㄜˊ
否極必泰,ㄆㄧˇ ㄐㄧˊ ㄅㄧˋ ㄊㄞˋ
否極泰來,ㄆㄧˇ ㄐㄧˊ ㄊㄞˋ ㄌㄞˊ
否極生泰,ㄆㄧˇ ㄐㄧˊ ㄕㄥ ㄊㄞˋ
否泰,ㄆㄧˇ ㄊㄞˋ
否滯,ㄆㄧˇ ㄓˋ
否終而泰,ㄆㄧˇ ㄓㄨㄥ ㄦˊ ㄊㄞˋ
否隔,ㄆㄧˇ ㄍㄜˊ
吧吧,ㄅㄚ ㄅㄚ
吧唧,ㄅㄚ ˙ㄐㄧ
吧嗒,ㄅㄚ ㄉㄚ
吧女,ㄅㄚ ㄋㄩˇ
吧檯,ㄅㄚ ㄊㄞˊ
含情脈脈,ㄏㄢˊ ㄑㄧㄥˊ ㄇㄛˋ ㄇㄛˋ
含混,ㄏㄢˊ ㄏㄨㄣˇ
含著骨頭露著肉,ㄏㄢˊ ˙ㄓㄜ ㄍㄨˊ ˙ㄊㄡ ㄌㄡˋ ˙ㄓㄜ ㄖㄡˋ
听听,ㄧㄣˇ ㄧㄣˇ
吱吱咯咯,ㄓ ㄓ ㄍㄜˊ ㄍㄜˊ
吳下阿蒙,ㄨˊ ㄒㄧㄚˋ ㄚˋ ㄇㄥˊ
吳子,ㄨˊ ㄗˇ
吳昌碩,ㄨˊ ㄔㄤ ㄕˊ
吳興縣,ㄨˊ ㄒㄧㄥ ㄒㄧㄢˋ
吳質,ㄨˊ ㄓˊ
吳道子,ㄨˊ ㄉㄠˋ ㄗˇ
吳都,ㄨˊ ㄉㄨ
吸力豁剌,ㄒㄧ ㄌㄧˋ ㄏㄨㄛˋ ㄌㄚˋ
吸熱反應,ㄒㄧ ㄖㄜˋ ㄈㄢˇ ㄧㄥˋ
吸熱玻璃,ㄒㄧ ㄖㄜˋ ㄅㄛ ˙ㄌㄧ
吹呼,ㄔㄨㄟ ˙ㄏㄨ
吹喇叭,ㄔㄨㄟ ㄌㄚˇ ˙ㄅㄚ
吹奏樂器,ㄔㄨㄟ ㄗㄡˋ ㄩㄝˋ ㄑㄧˋ
吹彈,ㄔㄨㄟ ㄊㄢˊ
吹樂器,ㄔㄨㄟ ㄩㄝˋ ㄑㄧˋ
吹燈兒,ㄔㄨㄟ ㄉㄥ ㄦ
吹玻璃,ㄔㄨㄟ ㄅㄛ ˙ㄌㄧ
吹糖人兒,ㄔㄨㄟ ㄊㄤˊ ㄖㄣˊ ㄦ
吾吾,ㄩˊ ㄩˊ
吾子,ㄨˊ ㄗˇ
呀呷,ㄒㄧㄚ ㄒㄧㄚˊ
呀然,ㄒㄧㄚ ㄖㄢˊ
呀豁,ㄒㄧㄚ ㄏㄨㄛˋ
呂相,ㄌㄩˇ ㄒㄧㄤˋ
呆呆地,ㄉㄞ ㄉㄞ ˙ㄉㄜ
呆打頦,ㄉㄞ ㄉㄚˊ ㄏㄞˊ
呆答答,ㄉㄞ ㄉㄚ ㄉㄚ
告人死罪得死罪,ㄍㄠˋ ㄖㄣˊ ㄙˇ ㄗㄨㄟˋ ㄉㄜˊ ㄙˇ ㄗㄨㄟˋ
告假,ㄍㄠˋ ㄐㄧㄚˋ
告喪,ㄍㄠˋ ㄙㄤ
告喪帖,ㄍㄠˋ ㄙㄤ ㄊㄧㄝˇ
告子,ㄍㄠˋ ㄗˇ
告朔,ㄍㄨˋ ㄕㄨㄛˋ
告朔餼羊,ㄍㄨˋ ㄕㄨㄛˋ ㄒㄧˋ ㄧㄤˊ
告示,ㄍㄠˋ ˙ㄕ
告老還鄉,ㄍㄠˋ ㄌㄠˇ ㄏㄨㄢˊ ㄒㄧㄤ
告誦,ㄍㄠˋ ˙ㄙㄨㄥ
告謊假,ㄍㄠˋ ㄏㄨㄤˇ ㄐㄧㄚˋ
告送,ㄍㄠˋ ˙ㄙㄨㄥ
呢呢痴痴,ㄋㄧˊ ㄋㄧˊ ㄔ ㄔ
呢喃,ㄋㄧˊ ㄋㄢˊ
呢喃細語,ㄋㄧˊ ㄋㄢˊ ㄒㄧˋ ㄩˇ
呢子,ㄋㄧˊ ˙ㄗ
呢料,ㄋㄧˊ ㄌㄧㄠˋ
呢絨,ㄋㄧˊ ㄖㄨㄥˊ
呢衣,ㄋㄧˊ ㄧ
周內,ㄓㄡ ㄋㄚˋ
周召,ㄓㄡ ㄕㄠˋ
周召共和,ㄓㄡ ㄕㄠˋ ㄍㄨㄥˋ ㄏㄜˊ
周年視差,ㄓㄡ ㄋㄧㄢˊ ㄕˋ ㄔㄚ
周正,ㄓㄡ ˙ㄓㄥ
周給,ㄓㄡ ㄐㄧˇ
周而不比,ㄓㄡ ㄦˊ ㄅㄨˋ ㄅㄧˋ
周處,ㄓㄡ ㄔㄨˇ
周郎顧曲,ㄓㄡ ㄌㄤˊ ㄍㄨˋ ㄑㄩˇ
呫囁,ㄔㄜˋ ㄓㄜˊ
呱呱,ㄨㄚ ㄨㄚ
呱呱叫,ㄍㄨㄚ ㄍㄨㄚ ㄐㄧㄠˋ
呱呱墜地,ㄨㄚ ㄨㄚ ㄓㄨㄟˋ ㄉㄧˋ
呱呱墮地,ㄨㄚ ㄨㄚ ㄉㄨㄛˋ ㄉㄧˋ
呱嗒板兒,ㄍㄨㄚ ㄉㄚ ㄅㄢˇ ㄦ
呱噪,ㄍㄨㄚ ㄗㄠˋ
味兒,ㄨㄟˋ ㄦ
味道,ㄨㄟˋ ˙ㄉㄠ
呴喻,ㄒㄩˇ ㄩˊ
呵佛罵祖,ㄏㄜ ㄈㄛˊ ㄇㄚˋ ㄗㄨˇ
呵喝,ㄏㄜ ㄏㄜˋ
呼三喝四,ㄏㄨ ㄙㄢ ㄏㄜˋ ㄙˋ
呼么喝六,ㄏㄨ ㄧㄠ ㄏㄜˋ ㄌㄧㄡˋ
呼吸調節中樞,ㄏㄨ ㄒㄧ ㄊㄧㄠˊ ㄐㄧㄝˊ ㄓㄨㄥ ㄕㄨ
呼喝,ㄏㄨ ㄏㄜˋ
呼天搶地,ㄏㄨ ㄊㄧㄢ ㄑㄧㄤ ㄉㄧˋ
呼家將,ㄏㄨ ㄐㄧㄚ ㄐㄧㄤˋ
呼應,ㄏㄨ ㄧㄥˋ
呼搧,ㄏㄨ ˙ㄕㄢ
呼畢勒罕,ㄏㄨ ㄅㄧˋ ㄌㄜˋ ㄏㄢˇ
呼盧喝雉,ㄏㄨ ㄌㄨˊ ㄏㄜˋ ㄓˋ
呼號,ㄏㄨ ㄏㄠˊ
命中,ㄇㄧㄥˋ ㄓㄨㄥˋ
命中率,ㄇㄧㄥˋ ㄓㄨㄥˋ ㄌㄩˋ
命分,ㄇㄧㄥˋ ㄈㄣˋ
命小福薄,ㄇㄧㄥˋ ㄒㄧㄠˇ ㄈㄨˊ ㄅㄛˊ
命相,ㄇㄧㄥˋ ㄒㄧㄤˋ
命薄,ㄇㄧㄥˋ ㄅㄛˊ
命薄如花,ㄇㄧㄥˋ ㄅㄛˊ ㄖㄨˊ ㄏㄨㄚ
命薄相窮,ㄇㄧㄥˋ ㄅㄛˊ ㄒㄧㄤˋ ㄑㄩㄥˊ
命運交響曲,ㄇㄧㄥˋ ㄩㄣˋ ㄐㄧㄠ ㄒㄧㄤˇ ㄑㄩˇ
咂兒,ㄗㄚ ㄦ
咂摸,ㄗㄚ ˙ㄇㄛ
咄嗟,ㄉㄨㄛˋ ㄐㄧㄝˋ
咄嗟便辦,ㄉㄨㄛˋ ㄐㄧㄝˋ ㄅㄧㄢˋ ㄅㄢˋ
咄嗟可辦,ㄉㄨㄛˋ ㄐㄧㄝˋ ㄎㄜˇ ㄅㄢˋ
咄嗟而辦,ㄉㄨㄛˋ ㄐㄧㄝˋ ㄦˊ ㄅㄢˋ
咆哮,ㄆㄠˊ ㄒㄧㄠˋ
咆哮山莊,ㄆㄠˊ ㄒㄧㄠˋ ㄕㄢ ㄓㄨㄤ
咇咇,ㄅㄧˋ ㄅㄧˋ
咋呼,ㄗㄜˊ ㄏㄨ
咋舌,ㄗㄜˊ ㄕㄜˊ
和丸教子,ㄏㄨㄛˋ ㄨㄢˊ ㄐㄧㄠˋ ㄗˇ
和事天子,ㄏㄜˊ ㄕˋ ㄊㄧㄢ ㄗˇ
和和氣氣,ㄏㄜˊ ˙ㄏㄜ ˙ㄑㄧ ˙ㄑㄧ
和哄,ㄏㄜˊ ㄏㄨㄥ
和囉,ㄏㄜˊ ㄌㄨㄛˊ
和囉槌,ㄏㄜˊ ㄌㄨㄛˊ ㄔㄨㄟˊ
和墨,ㄏㄨㄛˋ ㄇㄛˋ
和尚拖木頭,ㄏㄜˊ ㄕㄤˋ ㄊㄨㄛ ㄇㄨˋ ˙ㄊㄡ
和尚無兒孝子多,ㄏㄜˊ ㄕㄤˋ ㄨˊ ㄦˊ ㄒㄧㄠˋ ㄗˇ ㄉㄨㄛ
和平共處,ㄏㄜˊ ㄆㄧㄥˊ ㄍㄨㄥˋ ㄔㄨˇ
和弄,ㄏㄨㄛˋ ㄋㄨㄥˋ
和牌,ㄏㄨˊ ㄆㄞˊ
和珅,ㄏㄜˊ ㄕㄣ
和稀泥,ㄏㄨㄛˋ ㄒㄧ ㄋㄧˊ
和聲樂器,ㄏㄜˊ ㄕㄥ ㄩㄝˋ ㄑㄧˋ
和詩,ㄏㄜˋ ㄕ
和調,ㄏㄜˊ ㄊㄧㄠˊ
和韻詩,ㄏㄜˋ ㄩㄣˋ ㄕ
和麵,ㄏㄨㄛˋ ㄇㄧㄢˋ
咎繇,ㄍㄠ ㄧㄠˊ
咎陶,ㄍㄠ ㄧㄠˊ
咕咾肉,ㄍㄨ ㄌㄠˇ ㄖㄡˋ
咕唧,ㄍㄨ ˙ㄐㄧ
咕噥,ㄍㄨ ˙ㄋㄨㄥ
咕嚕,ㄍㄨ ˙ㄌㄨ
咕嚷,ㄍㄨ ㄖㄤ
咕容,ㄍㄨ ˙ㄖㄨㄥ
咕隆,ㄍㄨ ˙ㄌㄨㄥ
咖哩,ㄎㄚ ㄌㄧˇ
咧咧,ㄌㄧㄝ ˙ㄌㄧㄝ
咧子,ㄌㄧㄝ ˙ㄗ
咫角驂駒,ㄓˇ ㄐㄩㄝˊ ㄘㄢ ㄐㄩ
咬人的狗兒不露齒,ㄧㄠˇ ㄖㄣˊ ˙ㄉㄜ ㄍㄡˇ ㄦ ㄅㄨˋ ㄌㄡˋ ㄔˇ
咬合調整,ㄧㄠˇ ㄏㄜˊ ㄊㄧㄠˊ ㄓㄥˇ
咬咬,ㄐㄧㄠ ㄐㄧㄠ
咬字兒,ㄧㄠˇ ㄗˋ ㄦ
咬字眼兒,ㄧㄠˇ ㄗˋ ㄧㄢˇ ㄦ
咬文嚼字,ㄧㄠˇ ㄨㄣˊ ㄐㄧㄠˊ ㄗˋ
咬耳朵,ㄧㄠˇ ㄦˇ ˙ㄉㄨㄛ
咬舌兒,ㄧㄠˇ ㄕㄜˊ ㄦ
咬舌頭,ㄧㄠˇ ㄕㄜˊ ˙ㄊㄡ
咬頭,ㄧㄠˇ ˙ㄊㄡ
咭力骨碌,ㄐㄧ ˙ㄌㄧ ㄍㄨ ˙ㄌㄨ
咭咭呱呱,ㄐㄧ ㄐㄧ ㄍㄨㄚ ㄍㄨㄚ
咯噠,ㄍㄜ ˙ㄉㄚ
咯血,ㄌㄨㄛˋ ㄒㄩㄝˋ
咱家,ㄗㄚˊ ㄐㄧㄚ
咱每,ㄗㄢˊ ˙ㄇㄟ
咳歌打戰,ㄏㄞ ㄍㄜ ㄉㄚˇ ㄓㄢˋ
咳痰,ㄎㄚˇ ㄊㄢˊ
咳聲嘆息,ㄏㄞ ㄕㄥ ㄊㄢˋ ㄒㄧˊ
咳聲打氣,ㄏㄞ ㄕㄥ ㄉㄚˇ ㄑㄧˋ
咳聲歎氣,ㄏㄞ ㄕㄥ ㄊㄢˋ ㄑㄧˋ
咳血,ㄎㄚˇ ㄒㄧㄝˇ
咽喉,ㄧㄢ ㄏㄡˊ
咽喉要路,ㄧㄢ ㄏㄡˊ ㄧㄠˋ ㄌㄨˋ
咽門,ㄧㄢ ㄇㄣˊ
咽領,ㄧㄢ ㄌㄧㄥˇ
咽頭,ㄧㄢ ㄊㄡˊ
咽頭炎,ㄧㄢ ㄊㄡˊ ㄧㄢˊ
咿哩呱喇,ㄧ ㄌㄧ ㄍㄨㄚ ㄌㄚ
咿喔,ㄧ ㄨㄛˋ
哀子,ㄞ ㄗˇ
哀恫,ㄞ ㄊㄨㄥ
哀的美敦書,ㄞ ㄉㄧˋ ㄇㄟˇ ㄉㄨㄣ ㄕㄨ
哀號,ㄞ ㄏㄠˊ
品度,ㄆㄧㄣˇ ㄉㄨㄛˋ
品相,ㄆㄧㄣˇ ㄒㄧㄤˋ
品竹彈絲,ㄆㄧㄣˇ ㄓㄨˊ ㄊㄢˊ ㄙ
品竹調弦,ㄆㄧㄣˇ ㄓㄨˊ ㄊㄧㄠˊ ㄒㄧㄢˊ
品竹調絲,ㄆㄧㄣˇ ㄓㄨˊ ㄊㄧㄠˊ ㄙ
品行,ㄆㄧㄣˇ ㄒㄧㄥˋ
品行端醇,ㄆㄧㄣˇ ㄒㄧㄥˋ ㄉㄨㄢ ㄔㄨㄣˊ
品質,ㄆㄧㄣˇ ㄓˊ
品質管制,ㄆㄧㄣˇ ㄓˊ ㄍㄨㄢˇ ㄓˋ
品量,ㄆㄧㄣˇ ㄌㄧㄤˊ
哄傳,ㄏㄨㄥ ㄔㄨㄢˊ
哄傳一時,ㄏㄨㄥ ㄔㄨㄢˊ ㄧ ㄕˊ
哄動,ㄏㄨㄥ ㄉㄨㄥˋ
哄哄翕翕,ㄏㄨㄥ ㄏㄨㄥ ㄒㄧˋ ㄒㄧˋ
哄嚇騙詐,ㄏㄨㄥˇ ㄏㄜˋ ㄆㄧㄢˋ ㄓㄚˋ
哄堂,ㄏㄨㄥ ㄊㄤˊ
哄堂大笑,ㄏㄨㄥ ㄊㄤˊ ㄉㄚˋ ㄒㄧㄠˋ
哄抬,ㄏㄨㄥ ㄊㄞˊ
哄抬物價,ㄏㄨㄥ ㄊㄞˊ ㄨˋ ㄐㄧㄚˋ
哄搶,ㄏㄨㄥ ㄑㄧㄤˇ
哄然,ㄏㄨㄥ ㄖㄢˊ
哄賺,ㄏㄨㄥˇ ㄗㄨㄢˋ
哆嗦,ㄉㄨㄛ ˙ㄙㄨㄛ
哆囉哆嗦,ㄉㄨㄛ ˙ㄌㄨㄛ ㄉㄨㄛ ˙ㄙㄨㄛ
哆張,ㄔㄜˇ ㄓㄤ
哇哇,ㄨㄚ ㄨㄚ
哇哇叫,ㄨㄚ ㄨㄚ ㄐㄧㄠˋ
哈佛大學,ㄏㄚ ㄈㄛˊ ㄉㄚˋ ㄒㄩㄝˊ
哈叭狗,ㄏㄚˇ ㄅㄚ ㄍㄡˇ
哈叭狗兒咬虼蚤,ㄏㄚˇ ㄅㄚ ㄍㄡˇ ㄦ ㄧㄠˇ ㄍㄜˋ ㄗㄠˇ
哈哈兒,ㄏㄚ ˙ㄏㄚ ㄦ
哈喇,ㄏㄚ ˙ㄌㄚ
哈喇子,ㄏㄚ ㄌㄚˊ ˙ㄗ
哈囉,ㄏㄚ ㄌㄨㄛˊ
哈巴,ㄏㄚˇ ˙ㄅㄚ
哈巴狗,ㄏㄚˇ ˙ㄅㄚ ㄍㄡˇ
哈德門,ㄏㄚˇ ㄉㄜˊ ㄇㄣˊ
哈拉,ㄏㄚ ˙ㄌㄚ
哈辣,ㄏㄚ ˙ㄌㄚ
哏哏,ㄏㄣ ㄏㄣ
哏毒,ㄏㄣ ㄉㄨˊ
哥們兒,ㄍㄜ ˙ㄇㄣ ㄦ
哥兒,ㄍㄜ ㄦ
哥兒倆,ㄍㄜ ㄦ ㄌㄧㄚˇ
哥兒們,ㄍㄜ ㄦ ˙ㄇㄣ
哥兒大爺,ㄍㄜ ㄦ ㄉㄚˋ ㄧㄝˊ
哥哥,ㄍㄜ ˙ㄍㄜ
哥哥不在家,ㄍㄜ ˙ㄍㄜ ㄅㄨˋ ㄗㄞˋ ㄐㄧㄚ
哦詩,ㄜˊ ㄕ
哩哩啦啦,ㄌㄧ ˙ㄌㄧ ㄌㄚ ㄌㄚ
哩哩囉囉,ㄌㄧ ˙ㄌㄧ ㄌㄨㄛ ㄌㄨㄛ
哩嗹花兒,ㄌㄧ ㄌㄧㄢˊ ㄏㄨㄚ ㄦ
哪兒的話,ㄋㄚˇ ㄦ ˙ㄉㄜ ㄏㄨㄚˋ
哪吒,ㄋㄨㄛˊ ㄓㄚˋ
哪堝兒,ㄋㄚˇ ㄍㄨㄛ ㄦ
哪裡摔倒哪裡爬,ㄋㄚˇ ㄌㄧˇ ㄕㄨㄞ ㄉㄠˇ ㄋㄚˇ ㄌㄧˇ ㄆㄚˊ
哭哭啼啼,ㄎㄨ ˙ㄎㄨ ㄊㄧˊ ㄊㄧˊ
哭喪棒,ㄎㄨ ㄙㄤ ㄅㄤˋ
哭喪臉,ㄎㄨ ㄙㄤ ㄌㄧㄢˇ
哭喪著臉,ㄎㄨ ㄙㄤ ˙ㄓㄜ ㄌㄧㄢˇ
哭天兒抹淚,ㄎㄨ ㄊㄧㄢ ㄦ ㄇㄛˇ ㄌㄟˋ
哭笑不得,ㄎㄨ ㄒㄧㄠˋ ㄅㄨˋ ㄉㄜˊ
哭臨,ㄎㄨ ㄌㄧㄣˋ
哮吼,ㄒㄧㄠˋ ㄏㄡˇ
哮闞,ㄒㄧㄠ ㄏㄢˇ
哱囉,ㄆㄛˋ ㄌㄨㄛˊ
哼兒哈兒,ㄏㄥ ㄦ ㄏㄚ ㄦ
哼哼唧唧,ㄏㄥ ˙ㄏㄥ ㄐㄧ ㄐㄧ
哼唧,ㄏㄥ ˙ㄐㄧ
哽咽,ㄍㄥˇ ㄧㄝˋ
哽哽咽咽,ㄍㄥˇ ㄍㄥˇ ㄧㄝˋ ㄧㄝˋ
唁勞,ㄧㄢˋ ㄌㄠˋ
唄唱,ㄅㄞˋ ㄔㄤˋ
唄讚,ㄅㄞˋ ㄗㄢˋ
唆調,ㄙㄨㄛ ㄊㄧㄠˊ
唏哩花啦,ㄒㄧ ㄌㄧ ㄏㄨㄚ ㄌㄚ
唐三藏,ㄊㄤˊ ㄙㄢ ㄗㄤˋ
唐塞,ㄊㄤˊ ㄙㄜˋ
唐樂,ㄊㄤˊ ㄩㄝˋ
唐臨晉帖,ㄊㄤˊ ㄌㄧㄣˊ ㄐㄧㄣˋ ㄊㄧㄝˋ
唧咕,ㄐㄧ ˙ㄍㄨ
唧唧,ㄐㄧˊ ㄐㄧˊ
唧唧呱呱,ㄐㄧ ㄐㄧ ㄍㄨㄚ ㄍㄨㄚ
唧唧咕咕,ㄐㄧ ˙ㄐㄧ ㄍㄨ ㄍㄨ
唧唧啾啾,ㄐㄧ ˙ㄐㄧ ㄐㄧㄡ ㄐㄧㄡ
唧唧喳喳,ㄐㄧ ˙ㄐㄧ ㄓㄚ ㄓㄚ
唧唧嘟嘟,ㄐㄧ ˙ㄐㄧ ㄉㄨ ㄉㄨ
唧唧噥噥,ㄐㄧ ˙ㄐㄧ ㄋㄨㄥˊ ㄋㄨㄥˊ
唧嗾,ㄐㄧˊ ㄙㄡˇ
唧嘖,ㄐㄧˊ ㄗㄜˊ
唧噥,ㄐㄧ ˙ㄋㄨㄥ
唫嗻,ㄧㄣˊ ㄓㄜˋ
唯唯,ㄨㄟˇ ㄨㄟˇ
唯唯否否,ㄨㄟˇ ㄨㄟˇ ㄈㄡˇ ㄈㄡˇ
唯唯諾諾,ㄨㄟˇ ㄨㄟˇ ㄋㄨㄛˋ ㄋㄨㄛˋ
唯諾,ㄨㄟˇ ㄋㄨㄛˋ
唱和,ㄔㄤˋ ㄏㄜˋ
唱喏,ㄔㄤˋ ㄖㄜˇ
唱曲,ㄔㄤˋ ㄑㄩˇ
唱籌量沙,ㄔㄤˋ ㄔㄡˊ ㄌㄧㄤˊ ㄕㄚ
唼佞,ㄑㄧㄝˋ ㄋㄧㄥˋ
唼喋,ㄕㄚˋ ㄓㄚˊ
唼血,ㄕㄚˋ ㄒㄩㄝˋ
唾手可得,ㄊㄨㄛˋ ㄕㄡˇ ㄎㄜˇ ㄉㄜˊ
唾沫,ㄊㄨㄛˋ ˙ㄇㄛ
唾沫星子,ㄊㄨㄛˋ ˙ㄇㄛ ㄒㄧㄥ ˙ㄗ
唾面自乾,ㄊㄨㄛˋ ㄇㄧㄢˋ ㄗˋ ㄍㄢ
啁噍,ㄓㄡ ㄐㄧㄡ
啃骨頭,ㄎㄣˇ ㄍㄨˊ ˙ㄊㄡ
啄針兒,ㄓㄨㄛˊ ㄓㄣ ㄦ
商場,ㄕㄤ ㄔㄤˊ
商業銀行,ㄕㄤ ㄧㄝˋ ㄧㄣˊ ㄏㄤˊ
商行,ㄕㄤ ㄏㄤˊ
商賈,ㄕㄤ ㄍㄨˇ
商量,ㄕㄤ ˙ㄌㄧㄤ
啊呀,ㄚ ㄧㄚ
啊哈,ㄚ ㄏㄚ
啊唷,ㄚ ㄧㄛ
啊喲,ㄚ ㄧㄠ
問住,ㄨㄣˋ ˙ㄓㄨ
問卷,ㄨㄣˋ ㄐㄩㄢˋ
問卷調查,ㄨㄣˋ ㄐㄩㄢˋ ㄉㄧㄠˋ ㄔㄚˊ
問舍求田,ㄨㄣˋ ㄕㄜˋ ㄑㄧㄡˊ ㄊㄧㄢˊ
問遺,ㄨㄣˋ ㄨㄟˋ
問長問短,ㄨㄣˋ ㄔㄤˊ ㄨㄣˋ ㄉㄨㄢˇ
問難,ㄨㄣˋ ㄋㄢˋ
啑喋,ㄕㄚˋ ㄓㄚˊ
啑血,ㄐㄧㄝˊ ㄒㄩㄝˋ
啜茗,ㄔㄨㄛˋ ㄇㄧㄥˇ
啜賺,ㄔㄨㄛˋ ㄗㄨㄢˋ
啞叭夢見媽,ㄧㄚˇ ˙ㄅㄚ ㄇㄥˋ ㄐㄧㄢˋ ㄇㄚ
啞吒,ㄧㄚ ㄓㄚˋ
啞咽,ㄧㄚ ㄧㄝˋ
啞啞,ㄧㄚ ㄧㄚ
啞子得夢,ㄧㄚˇ ˙ㄗ ㄉㄜˊ ㄇㄥˋ
啞巴,ㄧㄚˇ ˙ㄅㄚ
啞巴吃黃連,ㄧㄚˇ ˙ㄅㄚ ㄔ ㄏㄨㄤˊ ㄌㄧㄢˊ
啞巴虧,ㄧㄚˇ ˙ㄅㄚ ㄎㄨㄟ
啞然,ㄜˋ ㄖㄢˊ
啞然失笑,ㄜˋ ㄖㄢˊ ㄕ ㄒㄧㄠˋ
啞然失色,ㄜˋ ㄖㄢˊ ㄕ ㄙㄜˋ
啞然無言,ㄜˋ ㄖㄢˊ ㄨˊ ㄧㄢˊ
啞穴,ㄧㄚˇ ㄒㄩㄝˊ
啟白,ㄑㄧˇ ㄅㄛˊ
啟處,ㄑㄧˇ ㄔㄨˇ
啟蟄,ㄑㄧˇ ㄓˊ
啦啦隊,ㄌㄚ ㄌㄚ ㄉㄨㄟˋ
啪嚓,ㄆㄚ ㄘㄚ
啼啼哭哭,ㄊㄧˊ ˙ㄊㄧ ㄎㄨ ㄎㄨ
啼飢號寒,ㄊㄧˊ ㄐㄧ ㄏㄠˊ ㄏㄢˊ
啾唧,ㄐㄧㄡ ㄐㄧˊ
喀什噶爾,ㄎㄚˋ ㄕˊ ㄍㄜˊ ㄦˇ
喀什米爾,ㄎㄚˋ ㄕˊ ㄇㄧˇ ㄦˇ
喀喀,ㄎㄜˋ ㄎㄜˋ
喀喇崑崙山,ㄎㄚˋ ㄌㄚˇ ㄎㄨㄣ ㄌㄨㄣˊ ㄕㄢ
喀嚓,ㄎㄚ ㄘㄚ
喀布爾,ㄎㄚˋ ㄅㄨˋ ㄦˇ
喀布爾河,ㄎㄚˋ ㄅㄨˋ ㄦˇ ㄏㄜˊ
喀拉蚩,ㄎㄚˋ ㄌㄚ ㄔ
喀斯特地形,ㄎㄚˋ ㄙ ㄊㄜˋ ㄉㄧˋ ㄒㄧㄥˊ
喀爾巴阡山脈,ㄎㄚˋ ㄦˇ ㄅㄚ ㄑㄧㄢ ㄕㄢ ㄇㄞˋ
喀爾文教派,ㄎㄚˋ ㄦˇ ㄨㄣˊ ㄐㄧㄠˋ ㄆㄞˋ
喀血,ㄎㄜˋ ㄒㄧㄝˇ
喀麥隆,ㄎㄚˋ ㄇㄞˋ ㄌㄨㄥˊ
喀麥隆共和國,ㄎㄚˋ ㄇㄞˋ ㄌㄨㄥˊ ㄍㄨㄥˋ ㄏㄜˊ ㄍㄨㄛˊ
喁喁噥噥,ㄩˊ ㄩˊ ㄋㄨㄥˊ ㄋㄨㄥˊ
喁喁細語,ㄩˊ ㄩˊ ㄒㄧˋ ㄩˇ
善善從長,ㄕㄢˋ ㄕㄢˋ ㄘㄨㄥˊ ㄔㄤˊ
善善惡惡,ㄕㄢˋ ㄕㄢˋ ㄨˋ ㄜˋ
善巧便佞,ㄕㄢˋ ㄑㄧㄠˇ ㄆㄧㄢˊ ㄋㄧㄥˋ
善才童子,ㄕㄢˋ ㄘㄞˊ ㄊㄨㄥˊ ㄗˇ
善行,ㄕㄢˋ ㄒㄧㄥˋ
善賈,ㄕㄢˋ ㄍㄨˇ
善賈而沽,ㄕㄢˋ ㄐㄧㄚˋ ㄦˊ ㄍㄨ
善馬熟人,ㄕㄢˋ ㄇㄚˇ ㄕㄡˊ ㄖㄣˊ
喇叭,ㄌㄚˇ ˙ㄅㄚ
喇叭口兒,ㄌㄚˇ ˙ㄅㄚ ㄎㄡˇ ㄦ
喇叭手,ㄌㄚˇ ˙ㄅㄚ ㄕㄡˇ
喇叭筒,ㄌㄚˇ ˙ㄅㄚ ㄊㄨㄥˇ
喇叭花,ㄌㄚˇ ˙ㄅㄚ ㄏㄨㄚ
喇叭蟲,ㄌㄚˇ ˙ㄅㄚ ㄔㄨㄥˊ
喇叭褲,ㄌㄚˇ ˙ㄅㄚ ㄎㄨˋ
喇喇叭叭,ㄌㄚ ˙ㄌㄚ ㄅㄚ ㄅㄚ
喇喇哩哩,ㄌㄚ ˙ㄌㄚ ㄌㄧ ㄌㄧ
喉咽,ㄏㄡˊ ㄧㄢ
喉嚨,ㄏㄡˊ ˙ㄌㄨㄥ
喉塞音,ㄏㄡˊ ㄙㄜˋ ㄧㄣ
喉長氣短,ㄏㄡˊ ㄔㄤˊ ㄑㄧˋ ㄉㄨㄢˇ
喋喋便便,ㄉㄧㄝˊ ㄉㄧㄝˊ ㄆㄧㄢˊ ㄆㄧㄢˊ
喋血,ㄉㄧㄝˊ ㄒㄩㄝˋ
喑惡叱吒,ㄧㄣ ㄨ ㄔˋ ㄓㄚˋ
喓五喝六,ㄧㄠ ㄨˇ ㄏㄜˋ ㄌㄧㄡˋ
喓喝,ㄧㄠ ˙ㄏㄜ
喔咿,ㄨㄛˋ ㄧ
喔咿嚅唲,ㄨㄛˋ ㄧ ㄖㄨˊ ㄦˊ
喘不過氣來,ㄔㄨㄢˇ ㄅㄨˋ ㄍㄨㄛˋ ㄑㄧˋ ˙ㄌㄞ
喙長三尺,ㄏㄨㄟˋ ㄔㄤˊ ㄙㄢ ㄔˇ
喚頭,ㄏㄨㄢˋ ˙ㄊㄡ
喜不自勝,ㄒㄧˇ ㄅㄨˋ ㄗˋ ㄕㄥ
喜不自禁,ㄒㄧˇ ㄅㄨˋ ㄗˋ ㄐㄧㄣ
喜好,ㄒㄧˇ ㄏㄠˋ
喜帖,ㄒㄧˇ ㄊㄧㄝˇ
喜得,ㄒㄧˇ ㄉㄜˊ
喜洽,ㄒㄧˇ ㄒㄧㄚˊ
喜蟲兒,ㄒㄧˇ ㄔㄨㄥˊ ㄦ
喝五吆三,ㄏㄜˋ ㄨˇ ㄧㄠ ㄙㄢ
喝令,ㄏㄜˋ ㄌㄧㄥˋ
喝住,ㄏㄜˋ ㄓㄨˋ
喝倒彩,ㄏㄜˋ ㄉㄠˋ ㄘㄞˇ
喝倒采,ㄏㄜˋ ㄉㄠˋ ㄘㄞˇ
喝六呼么,ㄏㄜˋ ㄌㄧㄡˋ ㄏㄨ ㄧㄠ
喝參,ㄏㄜˋ ㄘㄢ
喝吆,ㄏㄜˋ ㄧㄠ
喝命,ㄏㄜˋ ㄇㄧㄥˋ
喝囉,ㄏㄜˋ ㄌㄨㄛˊ
喝彩,ㄏㄜˋ ㄘㄞˇ
喝掇,ㄏㄜˋ ㄉㄨㄛˊ
喝探,ㄏㄜˋ ㄊㄢˋ
喝攛箱,ㄏㄜˋ ㄘㄨㄢ ㄒㄧㄤ
喝斥,ㄏㄜˋ ㄔˋ
喝止,ㄏㄜˋ ㄓˇ
喝神斷鬼,ㄏㄜˋ ㄕㄣˊ ㄉㄨㄢˋ ㄍㄨㄟˇ
喝禮,ㄏㄜˋ ㄌㄧˇ
喝道,ㄏㄜˋ ㄉㄠˋ
喝采,ㄏㄜˋ ㄘㄞˇ
喝雉呼盧,ㄏㄜˋ ㄓˋ ㄏㄨ ㄌㄨˊ
喧哄,ㄒㄩㄢ ㄏㄨㄥ
喪主,ㄙㄤ ㄓㄨˇ
喪亂,ㄙㄤ ㄌㄨㄢˋ
喪亂帖,ㄙㄤ ㄌㄨㄢˋ ㄊㄧㄝˋ
喪事,ㄙㄤ ㄕˋ
喪具,ㄙㄤ ㄐㄩˋ
喪冢,ㄙㄤ ㄓㄨㄥˇ
喪天害理,ㄙㄤ ㄊㄧㄢ ㄏㄞˋ ㄌㄧˇ
喪家,ㄙㄤ ㄐㄧㄚ
喪居,ㄙㄤ ㄐㄩ
喪服,ㄙㄤ ㄈㄨˊ
喪榜,ㄙㄤ ㄅㄤˇ
喪煞,ㄙㄤ ㄕㄚˋ
喪祭,ㄙㄤ ㄐㄧˋ
喪禮,ㄙㄤ ㄌㄧˇ
喪紀,ㄙㄤ ㄐㄧˋ
喪聲嚎氣,ㄙㄤ ㄕㄥ ㄏㄠˊ ㄑㄧˋ
喪聲歪氣,ㄙㄤ ㄕㄥ ㄨㄞ ㄑㄧˋ
喪葬,ㄙㄤ ㄗㄤˋ
喪謗,ㄙㄤˋ ˙ㄅㄤ
喪鐘,ㄙㄤ ㄓㄨㄥ
喪門,ㄙㄤ ㄇㄣˊ
喪門星,ㄙㄤ ㄇㄣˊ ㄒㄧㄥ
喫甜頭,ㄔ ㄊㄧㄢˊ ˙ㄊㄡ
喫著不盡,ㄔ ㄓㄨㄛˊ ㄅㄨˋ ㄐㄧㄣˋ
喬做胡為,ㄑㄧㄠˊ ㄗㄨㄛˋ ㄏㄨˊ ㄨㄟˊ
喬怯,ㄐㄧㄠ ㄑㄧㄝˋ
喬模喬樣,ㄑㄧㄠˊ ㄇㄨˊ ㄑㄧㄠˊ ㄧㄤˋ
單于,ㄔㄢˊ ㄩˊ
單個兒,ㄉㄢ ㄍㄜˋ ㄦ
單口相聲,ㄉㄢ ㄎㄡˇ ㄒㄧㄤˋ ㄕㄥ
單孢子,ㄉㄢ ㄅㄠ ㄗˇ
單掉兒,ㄉㄢ ㄉㄧㄠˋ ㄦ
單撒手兒,ㄉㄢ ㄙㄚ ㄕㄡˇ ㄦ
單槍匹馬,ㄉㄢ ㄑㄧㄤ ㄆㄧ ㄇㄚˇ
單獨行為,ㄉㄢ ㄉㄨˊ ㄒㄧㄥˊ ㄨㄟˊ
單相,ㄉㄢ ㄒㄧㄤˋ
單眼相機,ㄉㄢ ㄧㄢˇ ㄒㄧㄤˋ ㄐㄧ
單縣,ㄕㄢˋ ㄒㄧㄢˋ
單腳鞋銀行,ㄉㄢ ㄐㄧㄠˇ ㄒㄧㄝˊ ㄧㄣˊ ㄏㄤˊ
單薄,ㄉㄢ ㄅㄛˊ
單騎,ㄉㄢ ㄐㄧˋ
喳呼,ㄔㄚ ㄏㄨ
嗄程,ㄕㄚˋ ㄔㄥˊ
嗄飯,ㄕㄚˋ ㄈㄢˋ
嗆咳,ㄑㄧㄤˋ ㄎㄜˊ
嗆鼻,ㄑㄧㄤˋ ㄅㄧˊ
嗇刻,ㄙㄜˋ ˙ㄎㄜ
嗌塞,ㄧˋ ㄙㄜˋ
嗎兒,ㄇㄚˇ ㄦ
嗎呢,ㄇㄚˇ ˙ㄋㄜ
嗎呼,ㄇㄚˇ ˙ㄏㄨ
嗎啡,ㄇㄚˇ ㄈㄟ
嗎啡中毒,ㄇㄚˇ ㄈㄟ ㄓㄨㄥˋ ㄉㄨˊ
嗎啡針,ㄇㄚˇ ㄈㄟ ㄓㄣ
嗑牙,ㄎㄜˋ ㄧㄚˊ
嗑牙料嘴,ㄎㄜˋ ㄧㄚˊ ㄌㄧㄠˋ ㄗㄨㄟˇ
嗒喪,ㄊㄚˋ ㄙㄤˋ
嗒嗒,ㄊㄚˋ ㄊㄚˋ
嗒然,ㄊㄚˋ ㄖㄢˊ
嗓兒,ㄙㄤˇ ㄦ
嗓門兒,ㄙㄤˇ ㄇㄣˊ ㄦ
嗔喝,ㄔㄣ ㄏㄜˋ
嗚咽,ㄨ ㄧㄝˋ
嗚啞,ㄨ ㄧㄚ
嗚嗚咽咽,ㄨ ㄨ ㄧㄝˋ ㄧㄝˋ
嗛志,ㄑㄧㄢ ㄓˋ
嗜好,ㄕˋ ㄏㄠˋ
嗝兒,ㄍㄜˊ ㄦ
嗟夫,ㄐㄧㄝ ㄈㄨˊ
嗣子,ㄙˋ ㄗˇ
嗣適,ㄙˋ ㄉㄧˊ
嗷嗷嘔嘔,ㄠˊ ㄠˊ ㄒㄩ ㄒㄩ
嗻兒喳兒,ㄓㄜˋ ㄦ ㄓㄚ ㄦ
嘀咕,ㄉㄧˊ ˙ㄍㄨ
嘀嘀咕咕,ㄉㄧˊ ˙ㄉㄧ ㄍㄨ ㄍㄨ
嘁哩喀喳,ㄑㄧ ˙ㄌㄧ ㄎㄚ ㄔㄚ
嘁嘁喳喳,ㄑㄧ ㄑㄧ ㄔㄚ ㄔㄚ
嘆為觀止,ㄊㄢˋ ㄨㄟˊ ㄍㄨㄢ ㄓˇ
嘉南大圳,ㄐㄧㄚ ㄋㄢˊ ㄉㄚˋ ㄗㄨㄣˋ
嘉德麗亞蘭,ㄐㄧㄚ ㄉㄜˊ ㄌㄧˋ ㄧㄚˇ ㄌㄢˊ
嘉興,ㄐㄧㄚ ㄒㄧㄥ
嘉言善行,ㄐㄧㄚ ㄧㄢˊ ㄕㄢˋ ㄒㄧㄥˋ
嘉言懿行,ㄐㄧㄚ ㄧㄢˊ ㄧˋ ㄒㄧㄥˋ
嘌呤,ㄆㄧㄠ ㄌㄧㄥˊ
嘍囉,ㄌㄡˊ ㄌㄨㄛˊ
嘎兒,ㄍㄚˊ ㄦ
嘎啦,ㄍㄚ ㄌㄚ
嘎嘎兒,ㄍㄚˊ ˙ㄍㄚ ㄦ
嘎嘎兒天,ㄍㄚˊ ˙ㄍㄚ ㄦ ㄊㄧㄢ
嘎嘎棗兒,ㄍㄚˊ ˙ㄍㄚ ㄗㄠˇ ㄦ
嘎嘎渣渣,ㄍㄚ ˙ㄍㄚ ㄓㄚ ㄓㄚ
嘎巴,ㄍㄚ ˙ㄅㄚ
嘎巴兒,ㄍㄚ ˙ㄅㄚ ㄦ
嘎巴流星,ㄍㄚ ˙ㄅㄚ ㄌㄧㄡˊ ㄒㄧㄥ
嘎渣兒,ㄍㄚ ㄓㄚ ㄦ
嘎調,ㄍㄚˊ ㄉㄧㄠˋ
嘑爾,ㄏㄨˋ ㄦˇ
嘑頭,ㄏㄨ ˙ㄊㄡ
嘓啅,ㄍㄨㄛ ˙ㄓㄨㄛ
嘓啅嘓啅的,ㄍㄨㄛ ˙ㄓㄨㄛ ㄍㄨㄛ ˙ㄓㄨㄛ ˙ㄉㄜ
嘓嘓噥噥,ㄍㄨㄛ ˙ㄍㄨㄛ ㄋㄨㄥˊ ㄋㄨㄥ
嘓噥,ㄍㄨㄛ ˙ㄋㄨㄥ
嘓都嘓都,ㄍㄨㄛ ㄉㄨ ㄍㄨㄛ ㄉㄨ
嘔吐,ㄡˇ ㄊㄨˋ
嘔咐,ㄒㄩ ㄈㄨˋ
嘔唲,ㄡ ㄦˊ
嘔啞,ㄡ ㄧㄚ
嘔喻,ㄒㄩ ㄩˋ
嘔嘔,ㄒㄩ ㄒㄩ
嘔嘔啞啞,ㄡ ㄡ ㄧㄚ ㄧㄚ
嘔心瀝血,ㄡˇ ㄒㄧㄣ ㄌㄧˋ ㄒㄩㄝˋ
嘔心血,ㄡˇ ㄒㄧㄣ ㄒㄩㄝˋ
嘔氣,ㄡˋ ㄑㄧˋ
嘔笑,ㄡ ㄒㄧㄠˋ
嘔血,ㄡˇ ㄒㄩㄝˋ
嘔鴉,ㄡ ㄧㄚ
嘗嘗,ㄔㄤˊ ˙ㄔㄤ
嘗甜頭,ㄔㄤˊ ㄊㄧㄢˊ ˙ㄊㄡ
嘚啵,ㄉㄜ ˙ㄅㄛ
嘟嘟噥噥,ㄉㄨ ˙ㄉㄨ ㄋㄨㄥˊ ㄋㄨㄥˊ
嘟嘟囔囔,ㄉㄨ ˙ㄉㄨ ˙ㄋㄤ ˙ㄋㄤ
嘟噥,ㄉㄨ ˙ㄋㄨㄥ
嘟嚕,ㄉㄨ ˙ㄌㄨ
嘟嚕嘴,ㄉㄨ ˙ㄌㄨ ㄗㄨㄟˇ
嘩啦,ㄏㄨㄚ ㄌㄚ
嘩啦啦,ㄏㄨㄚ ㄌㄚ ㄌㄚ
嘩喇喇,ㄏㄨㄚ ㄌㄚ ㄌㄚ
嘮叨,ㄌㄠˊ ˙ㄉㄠ
嘮嗑,ㄌㄠˊ ㄎㄜˋ
嘮嘮叨叨,ㄌㄠˊ ˙ㄌㄠ ㄉㄠ ㄉㄠ
嘰咕,ㄐㄧ ˙ㄍㄨ
嘰哩呱啦,ㄐㄧ ㄌㄧ ㄍㄨㄚ ㄌㄚ
嘰哩咕嚕,ㄐㄧ ˙ㄌㄧ ㄍㄨ ㄌㄨ
嘰嘰咕咕,ㄐㄧ ˙ㄐㄧ ㄍㄨ ㄍㄨ
嘰嘰喳喳,ㄐㄧ ˙ㄐㄧ ㄓㄚ ㄓㄚ
嘰嘰嘎嘎,ㄐㄧ ˙ㄐㄧ ㄍㄚ ㄍㄚ
嘴上抹石灰,ㄗㄨㄟˇ ˙ㄕㄤ ㄇㄛˇ ㄕˊ ㄏㄨㄟ
嘴兒,ㄗㄨㄟˇ ㄦ
嘴尖舌薄,ㄗㄨㄟˇ ㄐㄧㄢ ㄕㄜˊ ㄅㄛˊ
嘴巴,ㄗㄨㄟˇ ˙ㄅㄚ
嘴巴子,ㄗㄨㄟˇ ˙ㄅㄚ ˙ㄗ
嘴強,ㄗㄨㄟˇ ㄐㄧㄤˋ
嘴把子,ㄗㄨㄟˇ ㄅㄚˋ ˙ㄗ
嘴把式,ㄗㄨㄟˇ ㄅㄚˇ ˙ㄕ
嘴抹兒,ㄗㄨㄟˇ ㄇㄛˇ ㄦ
嘴盧都,ㄗㄨㄟˇ ㄌㄨˊ ㄉㄨ
嘴答谷,ㄗㄨㄟˇ ㄉㄚ ㄍㄨˇ
嘶喝,ㄙ ㄧㄝˋ
嘻和,ㄒㄧ ˙ㄏㄜ
嘻嘻嗄嗄,ㄒㄧ ㄒㄧ ㄕㄚˋ ㄕㄚˋ
嘽嘽,ㄊㄢ ㄊㄢ
嘽緩,ㄊㄢ ㄏㄨㄢˇ
嘿嘿無言,ㄇㄛˋ ㄇㄛˋ ㄨˊ ㄧㄢˊ
嘿嘿無語,ㄇㄛˋ ㄇㄛˋ ㄨˊ ㄩˇ
嘿然,ㄇㄛˋ ㄖㄢˊ
嘿記,ㄇㄛˋ ㄐㄧˋ
噁心,ㄜˇ ˙ㄒㄧㄣ
噌吰,ㄔㄥ ㄏㄨㄥˊ
噍吧哖事件,ㄐㄧㄠ ㄅㄚ ㄋㄧㄢˊ ㄕˋ ㄐㄧㄢˋ
噍殺,ㄐㄧㄠ ㄕㄞˋ
噘嘴兒,ㄐㄩㄝ ㄗㄨㄟˇ ㄦ
噢咻,ㄩˇ ㄒㄩˇ
器官銀行,ㄑㄧˋ ㄍㄨㄢ ㄧㄣˊ ㄏㄤˊ
器樂,ㄑㄧˋ ㄩㄝˋ
器質,ㄑㄧˋ ㄓˊ
噪音音樂,ㄗㄠˋ ㄧㄣ ㄧㄣ ㄩㄝˋ
噫吁戲,ㄧ ㄒㄩ ㄏㄨ
噫嗚,ㄧ ㄨ
噫嘻,ㄧ ㄒㄧ
噫氣,ㄧ ㄑㄧˋ
噭應,ㄐㄧㄠˋ ㄧㄥˋ
噯呀,ㄞˋ ㄧㄚ
噯唷,ㄞˋ ㄧㄛ
噯喲,ㄞˋ ㄧㄠ
噯喲喲,ㄞˋ ㄧㄠ ㄧㄠ
噯氣,ㄞˋ ㄑㄧˋ
噱頭,ㄒㄩㄝ ㄊㄡˊ
噴薄,ㄆㄣ ㄅㄛˊ
噴薄欲出,ㄆㄣ ㄅㄛˊ ㄩˋ ㄔㄨ
噴雲噯霧,ㄆㄣ ㄩㄣˊ ㄞˋ ㄨˋ
噴香,ㄆㄣˋ ㄒㄧㄤ
噴香獸,ㄆㄣˋ ㄒㄧㄤ ㄕㄡˋ
噴鼻,ㄆㄣˋ ㄅㄧˊ
噴鼻香,ㄆㄣˋ ㄅㄧˊ ㄒㄧㄤ
噶個點兒,ㄍㄚˊ ˙ㄍㄜ ㄉㄧㄢˇ ㄦ
噶倫,ㄍㄜˊ ㄌㄨㄣˊ
噶大克,ㄍㄜˊ ㄉㄚˋ ㄎㄜˋ
噶廈,ㄍㄚˊ ㄒㄧㄚˋ
嚄唶,ㄏㄨㄛˋ ㄗㄜˋ
嚇唬,ㄒㄧㄚˋ ˙ㄏㄨ
嚇嚇,ㄏㄜˋ ㄏㄜˋ
嚇詐,ㄏㄜˋ ㄓㄚˋ
嚇阻,ㄏㄜˋ ㄗㄨˇ
嚌喳,ㄐㄧˋ ㄔㄚ
嚎喪,ㄏㄠˊ ˙ㄙㄤ
嚏噴,ㄊㄧˋ ˙ㄈㄣ
嚜嚜,ㄇㄛˋ ㄇㄛˋ
嚭嚭地,ㄆㄧˇ ㄆㄧˇ ˙ㄉㄜ
嚴世蕃,ㄧㄢˊ ㄕˋ ㄈㄢˊ
嚴實,ㄧㄢˊ ˙ㄕ
嚴更,ㄧㄢˊ ㄍㄥ
嚴緊,ㄧㄢˊ ˙ㄐㄧㄣ
嚴處,ㄧㄢˊ ㄔㄨˇ
嚷嚷,ㄖㄤ ㄖㄤ
嚼咬人,ㄐㄧㄠˊ ㄧㄠˇ ㄖㄣˊ
嚼子,ㄐㄧㄠˊ ˙ㄗ
嚼用,ㄐㄧㄠˊ ㄩㄥˋ
嚼穀,ㄐㄧㄠˊ ㄍㄨˇ
嚼舌,ㄐㄧㄠˊ ㄕㄜˊ
嚼舌根,ㄐㄧㄠˊ ㄕㄜˊ ㄍㄣ
嚼舌頭,ㄐㄧㄠˊ ㄕㄜˊ ˙ㄊㄡ
嚼菜根,ㄐㄧㄠˊ ㄘㄞˋ ㄍㄣ
嚼蛆,ㄐㄧㄠˊ ㄑㄩ
嚼說,ㄐㄧㄠˊ ㄕㄨㄛ
嚼齒,ㄐㄧㄠˊ ㄔˇ
囈怔,ㄧˋ ˙ㄓㄥ
囉哩囉嗦,ㄌㄨㄛ ˙ㄌㄧ ㄌㄨㄛ ㄙㄨㄛ
囉唕,ㄌㄨㄛˊ ㄗㄠˋ
囉嗦,ㄌㄨㄛ ˙ㄙㄨㄛ
囉囉唕唕,ㄌㄨㄛ ˙ㄌㄨㄛ ㄗㄠˋ ˙ㄗㄠ
囉囉嗦嗦,ㄌㄨㄛ ˙ㄌㄨㄛ ㄙㄨㄛ ˙ㄙㄨㄛ
囉囉囌囌,ㄌㄨㄛ ˙ㄌㄨㄛ ㄙㄨ ˙ㄙㄨ
囚首喪面,ㄑㄧㄡˊ ㄕㄡˇ ㄙㄤ ㄇㄧㄢˋ
四不拗六,ㄙˋ ㄅㄨˋ ㄠˋ ㄌㄧㄡˋ
四個堅持,ㄙˋ ˙ㄍㄜ ㄐㄧㄢ ㄔˊ
四個現代化,ㄙˋ ˙ㄍㄜ ㄒㄧㄢˋ ㄉㄞˋ ㄏㄨㄚˋ
四停八當,ㄙˋ ㄊㄧㄥˊ ㄅㄚ ㄉㄤˋ
四兩棉花,ㄙˋ ㄌㄧㄤˇ ㄇㄧㄢˊ ˙ㄏㄨㄚ
四公子,ㄙˋ ㄍㄨㄥ ㄗˇ
四分子體,ㄙˋ ㄈㄣ ㄗˇ ㄊㄧˇ
四君子,ㄙˋ ㄐㄩㄣ ㄗˇ
四塞,ㄙˋ ㄙㄞˋ
四大門兒,ㄙˋ ㄉㄚˋ ㄇㄣˊ ㄦ
四季花兒,ㄙˋ ㄐㄧˋ ㄏㄨㄚ ㄦ
四才子,ㄙˋ ㄘㄞˊ ㄗˇ
四方塊兒,ㄙˋ ㄈㄤ ㄎㄨㄞˋ ㄦ
四海為家,ㄙˋ ㄏㄞˇ ㄨㄟˊ ㄐㄧㄚ
四相,ㄙˋ ㄒㄧㄤˋ
四稱,ㄙˋ ㄔㄥˋ
四至兒,ㄙˋ ㄓˋ ㄦ
四行,ㄙˋ ㄒㄧㄥˋ
四鄰八舍,ㄙˋ ㄌㄧㄣˊ ㄅㄚ ㄕㄜˋ
四重奏,ㄙˋ ㄔㄨㄥˊ ㄗㄡˋ
四門親家,ㄙˋ ㄇㄣˊ ㄑㄧㄥˋ ˙ㄐㄧㄚ
四馬攢蹄,ㄙˋ ㄇㄚˇ ㄘㄨㄢˊ ㄊㄧˊ
回來,ㄏㄨㄟˊ ˙ㄌㄞ
回去,ㄏㄨㄟˊ ˙ㄑㄩ
回回,ㄏㄨㄟˊ ˙ㄏㄨㄟ
回回曆,ㄏㄨㄟˊ ˙ㄏㄨㄟ ㄌㄧˋ
回山倒海,ㄏㄨㄟˊ ㄕㄢ ㄉㄠˇ ㄏㄞˇ
回帖,ㄏㄨㄟˊ ㄊㄧㄝˇ
回應,ㄏㄨㄟˊ ㄧㄥˋ
回椎,ㄏㄨㄟˊ ㄔㄨㄟˊ
回煞,ㄏㄨㄟˊ ㄕㄚˋ
回頭兒,ㄏㄨㄟˊ ㄊㄡˊ ㄦ
回鶻,ㄏㄨㄟˊ ㄏㄨˊ
回鶻文,ㄏㄨㄟˊ ㄏㄨˊ ㄨㄣˊ
因子,ㄧㄣ ㄗˇ
因應,ㄧㄣ ㄧㄥˋ
因應措施,ㄧㄣ ㄧㄥˋ ㄘㄨㄛˋ ㄕ
因果報應,ㄧㄣ ㄍㄨㄛˇ ㄅㄠˋ ㄧㄥˋ
因果關係,ㄧㄣ ㄍㄨㄛˇ ㄍㄨㄢ ˙ㄒㄧ
因樹為屋,ㄧㄣ ㄕㄨˋ ㄨㄟˊ ㄨ
因此上,ㄧㄣ ㄘˇ ˙ㄕㄤ
因禍得福,ㄧㄣ ㄏㄨㄛˋ ㄉㄜˊ ㄈㄨˊ
因禍為福,ㄧㄣ ㄏㄨㄛˋ ㄨㄟˊ ㄈㄨˊ
囡仔,ㄋㄢ ˙ㄗ
囤塌,ㄊㄨㄣˊ ㄊㄚ
囤積,ㄊㄨㄣˊ ㄐㄧ
囤積居奇,ㄊㄨㄣˊ ㄐㄧ ㄐㄩ ㄑㄧˊ
囤聚,ㄊㄨㄣˊ ㄐㄩˋ
囮子,ㄧㄡˊ ˙ㄗ
困處,ㄎㄨㄣˋ ㄔㄨˇ
困處泥塗,ㄎㄨㄣˋ ㄔㄨˇ ㄋㄧˊ ㄊㄨˊ
困覺,ㄎㄨㄣˋ ㄐㄧㄠˋ
困難,ㄎㄨㄣˋ ˙ㄋㄢ
囷窌,ㄐㄩㄣ ㄐㄧㄠˋ
圃畦,ㄆㄨˇ ㄒㄧ
圈兒,ㄑㄩㄢˋ ㄦ
圈檻,ㄐㄩㄢˋ ㄐㄧㄢˋ
圈肥,ㄐㄩㄢˋ ㄈㄟˊ
圈馬,ㄐㄩㄢ ㄇㄚˇ
國喪,ㄍㄨㄛˊ ㄙㄤ
國子,ㄍㄨㄛˊ ㄗˇ
國子監,ㄍㄨㄛˊ ㄗˇ ㄐㄧㄢˋ
國子監博士,ㄍㄨㄛˊ ㄗˇ ㄐㄧㄢˋ ㄅㄛˊ ㄕˋ
國子監司業,ㄍㄨㄛˊ ㄗˇ ㄐㄧㄢˋ ㄙ ㄧㄝˋ
國子監祭酒,ㄍㄨㄛˊ ㄗˇ ㄐㄧㄢˋ ㄐㄧˋ ㄐㄧㄡˇ
國定假日,ㄍㄨㄛˊ ㄉㄧㄥˋ ㄐㄧㄚˋ ㄖˋ
國家元首豁免權,ㄍㄨㄛˊ ㄐㄧㄚ ㄩㄢˊ ㄕㄡˇ ㄏㄨㄛˋ ㄇㄧㄢˇ ㄑㄩㄢˊ
國家空氣品質標準,ㄍㄨㄛˊ ㄐㄧㄚ ㄎㄨㄥ ㄑㄧˋ ㄆㄧㄣˇ ㄓˊ ㄅㄧㄠ ㄓㄨㄣˇ
國家行為主義,ㄍㄨㄛˊ ㄐㄧㄚ ㄒㄧㄥˊ ㄨㄟˊ ㄓㄨˇ ㄧˋ
國家闈場,ㄍㄨㄛˊ ㄐㄧㄚ ㄨㄟˊ ㄔㄤˊ
國家音樂廳,ㄍㄨㄛˊ ㄐㄧㄚ ㄧㄣ ㄩㄝˋ ㄊㄧㄥ
國樂,ㄍㄨㄛˊ ㄩㄝˋ
國民所得,ㄍㄨㄛˊ ㄇㄧㄣˊ ㄙㄨㄛˇ ㄉㄜˊ
國民所得毛額,ㄍㄨㄛˊ ㄇㄧㄣˊ ㄙㄨㄛˇ ㄉㄜˊ ㄇㄠˊ ㄜˊ
國民樂派音樂,ㄍㄨㄛˊ ㄇㄧㄣˊ ㄩㄝˋ ㄆㄞˋ ㄧㄣ ㄩㄝˋ
國民身分證,ㄍㄨㄛˊ ㄇㄧㄣˊ ㄕㄣ ㄈㄣˋ ㄓㄥˋ
國民銀行,ㄍㄨㄛˊ ㄇㄧㄣˊ ㄧㄣˊ ㄏㄤˊ
國都,ㄍㄨㄛˊ ㄉㄨ
國際原子能總署,ㄍㄨㄛˊ ㄐㄧˋ ㄩㄢˊ ㄗˇ ㄋㄥˊ ㄗㄨㄥˇ ㄕㄨˇ
國際日期變更線,ㄍㄨㄛˊ ㄐㄧˋ ㄖˋ ㄑㄧˊ ㄅㄧㄢˋ ㄍㄥ ㄒㄧㄢˋ
國際機場,ㄍㄨㄛˊ ㄐㄧˋ ㄐㄧ ㄔㄤˊ
國際清算銀行,ㄍㄨㄛˊ ㄐㄧˋ ㄑㄧㄥ ㄙㄨㄢˋ ㄧㄣˊ ㄏㄤˊ
國際百科資料供應業務,ㄍㄨㄛˊ ㄐㄧˋ ㄅㄞˇ ㄎㄜ ㄗ ㄌㄧㄠˋ ㄍㄨㄥ ㄧㄥˋ ㄧㄝˋ ㄨˋ
國難,ㄍㄨㄛˊ ㄋㄢˋ
圍場,ㄨㄟˊ ㄔㄤˊ
圍脖兒,ㄨㄟˊ ㄅㄛˊ ㄦ
圓仔湯,ㄩㄢˊ ˙ㄗ ㄊㄤ
圓作,ㄩㄢˊ ㄗㄨㄛ
圓全,ㄩㄢˊ ˙ㄑㄩㄢ
圓形劇場,ㄩㄢˊ ㄒㄧㄥˊ ㄐㄩˋ ㄔㄤˊ
圓籠,ㄩㄢˊ ˙ㄌㄨㄥ
圓舞曲,ㄩㄢˊ ㄨˇ ㄑㄩˇ
圓鑿方枘,ㄩㄢˊ ㄗㄨㄛˋ ㄈㄤ ㄖㄨㄟˋ
圖們江,ㄊㄨˊ ㄇㄣˊ ㄐㄧㄤ
圖度,ㄊㄨˊ ㄉㄨㄛˋ
圖為不軌,ㄊㄨˊ ㄨㄟˊ ㄅㄨˋ ㄍㄨㄟˇ
圖窮匕見,ㄊㄨˊ ㄑㄩㄥˊ ㄅㄧˇ ㄒㄧㄢˋ
圖窮匕首見,ㄊㄨˊ ㄑㄩㄥˊ ㄅㄧˇ ㄕㄡˇ ㄒㄧㄢˋ
團團轉,ㄊㄨㄢˊ ㄊㄨㄢˊ ㄓㄨㄢˋ
團圞,ㄊㄨㄢˊ ㄌㄨㄢˊ
團行,ㄊㄨㄢˊ ㄏㄤˊ
團龍兒,ㄊㄨㄢˊ ㄌㄨㄥˊ ㄦ
圜丘,ㄩㄢˊ ㄑㄧㄡ
圜扉,ㄩㄢˊ ㄈㄟ
圜牆,ㄩㄢˊ ㄑㄧㄤˊ
圜鍾,ㄩㄢˊ ㄓㄨㄥ
圜鑿方枘,ㄩㄢˊ ㄗㄨㄛˋ ㄈㄤ ㄖㄨㄟˋ
土作,ㄊㄨˇ ㄗㄨㄛ
土參,ㄊㄨˇ ㄕㄣ
土地重劃,ㄊㄨˇ ㄉㄧˋ ㄔㄨㄥˊ ㄏㄨㄚˋ
土地銀行,ㄊㄨˇ ㄉㄧˋ ㄧㄣˊ ㄏㄤˊ
土坯,ㄊㄨˇ ㄆㄧ
土杏兒,ㄊㄨˇ ㄒㄧㄥˋ ㄦ
土老兒,ㄊㄨˇ ㄌㄠˇ ㄦ
土耳其進行曲,ㄊㄨˇ ㄦˇ ㄑㄧˊ ㄐㄧㄣˋ ㄒㄧㄥˊ ㄑㄩˇ
土著,ㄊㄨˇ ㄓㄨㄛˊ
土行,ㄊㄨˇ ㄏㄤˊ
土質,ㄊㄨˇ ㄓˊ
土質液化,ㄊㄨˇ ㄓˊ ㄧㄝˋ ㄏㄨㄚˋ
土饅頭,ㄊㄨˇ ㄇㄢˊ ˙ㄊㄡ
在場,ㄗㄞˋ ㄔㄤˊ
在罈子胡同,ㄗㄞˋ ㄊㄢˊ ˙ㄗ ㄏㄨˊ ㄊㄨㄥˋ
在行,ㄗㄞˋ ㄏㄤˊ
地上,ㄉㄧˋ ˙ㄕㄤ
地下油行,ㄉㄧˋ ㄒㄧㄚˋ ㄧㄡˊ ㄏㄤˊ
地下的,ㄉㄧˋ ˙ㄒㄧㄚ ˙ㄉㄜ
地久天長,ㄉㄧˋ ㄐㄧㄡˇ ㄊㄧㄢ ㄔㄤˊ
地分,ㄉㄧˋ ㄈㄣˋ
地方戲曲,ㄉㄧˋ ㄈㄤ ㄒㄧˋ ㄑㄩˇ
地煞,ㄉㄧˋ ㄕㄚˋ
地窨子,ㄉㄧˋ ㄧㄣˋ ˙ㄗ
地老鼠,ㄉㄧˋ ㄌㄠˇ ˙ㄕㄨ
地著,ㄉㄧˋ ㄓㄨㄛˊ
地藏,ㄉㄧˋ ㄗㄤˋ
地藏寺,ㄉㄧˋ ㄗㄤˋ ㄙˋ
地藏王,ㄉㄧˋ ㄗㄤˋ ㄨㄤˊ
地藏王菩薩,ㄉㄧˋ ㄗㄤˋ ㄨㄤˊ ㄆㄨˊ ㄙㄚˋ
地藏菩薩,ㄉㄧˋ ㄗㄤˋ ㄆㄨˊ ㄙㄚˋ
地質,ㄉㄧˋ ㄓˊ
地質學,ㄉㄧˋ ㄓˊ ㄒㄩㄝˊ
地質活動,ㄉㄧˋ ㄓˊ ㄏㄨㄛˊ ㄉㄨㄥˋ
圳溝,ㄗㄨㄣˋ ㄍㄡ
坊刻本,ㄈㄤ ㄎㄜ ㄅㄣˇ
坊記,ㄈㄤˊ ㄐㄧˋ
坎兒,ㄎㄢˇ ㄦ
坎兒井,ㄎㄢˇ ㄦ ㄐㄧㄥˇ
坏土,ㄆㄟˊ ㄊㄨˇ
坐不住,ㄗㄨㄛˋ ˙ㄅㄨ ㄓㄨˋ
坐不穩,ㄗㄨㄛˋ ˙ㄅㄨ ㄨㄣˇ
坐實,ㄗㄨㄛˋ ˙ㄕ
坐床撒帳,ㄗㄨㄛˋ ㄔㄨㄤˊ ㄙㄚˇ ㄓㄤˋ
坐性,ㄗㄨㄛˋ ˙ㄒㄧㄥ
坐更,ㄗㄨㄛˋ ㄍㄥ
坐纛旂兒,ㄗㄨㄛˋ ㄉㄠˋ ㄑㄧˊ ㄦ
坐蘿蔔,ㄗㄨㄛˋ ㄌㄨㄛˊ ˙ㄅㄛ
坐賈,ㄗㄨㄛˋ ㄍㄨˇ
坐頭,ㄗㄨㄛˋ ˙ㄊㄡ
坐騎,ㄗㄨㄛˋ ㄐㄧˋ
坑兒,ㄎㄥ ㄦ
坡撇,ㄆㄛ ㄆㄧㄝˇ
坤角,ㄎㄨㄣ ㄐㄩㄝˊ
坦率,ㄊㄢˇ ㄕㄨㄞˋ
坦迤,ㄊㄢˇ ㄧˇ
坦露,ㄊㄢˇ ㄌㄡˋ
坪場,ㄆㄧㄥˊ ㄔㄤˊ
坼副,ㄔㄜˋ ㄆㄧˋ
垂手可得,ㄔㄨㄟˊ ㄕㄡˇ ㄎㄜˇ ㄉㄜˊ
垂手而得,ㄔㄨㄟˊ ㄕㄡˇ ㄦˊ ㄉㄜˊ
垂死掙扎,ㄔㄨㄟˊ ㄙˇ ㄓㄥ ㄓㄚˊ
垂簾聽政,ㄔㄨㄟˊ ㄌㄧㄢˊ ㄊㄧㄥˋ ㄓㄥˋ
垂花門,ㄔㄨㄟˊ ˙ㄏㄨㄚ ㄇㄣˊ
垃圾,ㄌㄜˋ ㄙㄜˋ
垃圾分類,ㄌㄜˋ ㄙㄜˋ ㄈㄣ ㄌㄟˋ
垃圾回收,ㄌㄜˋ ㄙㄜˋ ㄏㄨㄟˊ ㄕㄡ
垃圾堆,ㄌㄜˋ ㄙㄜˋ ㄉㄨㄟ
垃圾場,ㄌㄜˋ ㄙㄜˋ ㄔㄤˊ
垃圾子母車,ㄌㄜˋ ㄙㄜˋ ㄗˇ ㄇㄨˇ ㄔㄜ
垃圾山,ㄌㄜˋ ㄙㄜˋ ㄕㄢ
垃圾桶,ㄌㄜˋ ㄙㄜˋ ㄊㄨㄥˇ
垃圾焚化爐,ㄌㄜˋ ㄙㄜˋ ㄈㄣˊ ㄏㄨㄚˋ ㄌㄨˊ
垃圾相,ㄌㄜˋ ㄙㄜˋ ㄒㄧㄤˋ
垃圾筒,ㄌㄜˋ ㄙㄜˋ ㄊㄨㄥˇ
垃圾箱,ㄌㄜˋ ㄙㄜˋ ㄒㄧㄤ
垃圾車,ㄌㄜˋ ㄙㄜˋ ㄔㄜ
垃圾量,ㄌㄜˋ ㄙㄜˋ ㄌㄧㄤˋ
垃圾食物,ㄌㄜˋ ㄙㄜˋ ㄕˊ ㄨˋ
垓埏,ㄍㄞ ㄧㄢˊ
垛句,ㄉㄨㄛˋ ㄐㄩˋ
垛字,ㄉㄨㄛˋ ㄗˋ
垛積,ㄉㄨㄛˋ ㄐㄧ
埃佛勒斯峰,ㄞ ㄈㄛˊ ㄌㄜˋ ㄙ ㄈㄥ
埋冤,ㄇㄢˊ ㄩㄢ
埋天怨地,ㄇㄢˊ ㄊㄧㄢ ㄩㄢˋ ㄉㄧˋ
埋怨,ㄇㄢˊ ㄩㄢˋ
埋沒,ㄇㄞˊ ㄇㄛˋ
城圈兒,ㄔㄥˊ ㄑㄩㄢˋ ㄦ
城子崖遺跡,ㄔㄥˊ ㄗˇ ㄧㄞˊ ㄧˊ ㄐㄧ
城市熱效應,ㄔㄥˊ ㄕˋ ㄖㄜˋ ㄒㄧㄠˋ ㄧㄥˋ
埏隧,ㄧㄢˊ ㄙㄨㄟˋ
埠頭,ㄅㄨˋ ˙ㄊㄡ
埤堄,ㄅㄧˋ ㄋㄧˊ
埤溼,ㄅㄧˋ ㄕ
執喪,ㄓˊ ㄙㄤ
執憑文帖,ㄓˊ ㄆㄧㄥˊ ㄨㄣˊ ㄊㄧㄝˇ
執拗,ㄓˊ ㄠˋ
執旗將,ㄓˊ ㄑㄧˊ ㄐㄧㄤˋ
執法不阿,ㄓˊ ㄈㄚˇ ㄅㄨˋ ㄜ
執經問難,ㄓˊ ㄐㄧㄥ ㄨㄣˋ ㄋㄢˋ
執著,ㄓˊ ㄓㄨㄛˊ
培塿,ㄆㄡˇ ㄌㄡˇ
基本粒子,ㄐㄧ ㄅㄣˇ ㄌㄧˋ ㄗˇ
基阿連山脈,ㄐㄧ ㄚˋ ㄌㄧㄢˊ ㄕㄢ ㄇㄞˋ
堂分姑娘,ㄊㄤˊ ㄈㄣˋ ㄍㄨ ㄋㄧㄤˊ
堂姊妹,ㄊㄤˊ ㄐㄧㄝˇ ㄇㄟˋ
堂客,ㄊㄤˊ ˙ㄎㄜ
堂客船,ㄊㄤˊ ˙ㄎㄜ ㄔㄨㄢˊ
堂帖,ㄊㄤˊ ㄊㄧㄝˇ
堂構更新,ㄊㄤˊ ㄍㄡˋ ㄍㄥ ㄒㄧㄣ
堂間處燕,ㄊㄤˊ ㄐㄧㄢ ㄔㄨˇ ㄧㄢˋ
堅勁,ㄐㄧㄢ ㄐㄧㄥˋ
堆垛,ㄉㄨㄟ ㄉㄨㄛˋ
堆山塞海,ㄉㄨㄟ ㄕㄢ ㄙㄜˋ ㄏㄞˇ
堋的,ㄆㄥˊ ㄉㄧˋ
堰塞湖,ㄧㄢˋ ㄙㄜˋ ㄏㄨˊ
報任安書,ㄅㄠˋ ㄖㄣˊ ㄢ ㄕㄨ
報喏,ㄅㄠˋ ㄖㄜˇ
報喪,ㄅㄠˋ ㄙㄤ
報喪帖,ㄅㄠˋ ㄙㄤ ㄊㄧㄝˇ
報屁股,ㄅㄠˋ ㄆㄧˋ ˙ㄍㄨ
報差,ㄅㄠˋ ㄔㄞ
報帖,ㄅㄠˋ ㄊㄧㄝˇ
報應,ㄅㄠˋ ㄧㄥˋ
報應不爽,ㄅㄠˋ ㄧㄥˋ ㄅㄨˋ ㄕㄨㄤˇ
報應刑,ㄅㄠˋ ㄧㄥˋ ㄒㄧㄥˊ
報盤兒的,ㄅㄠˋ ㄆㄢˊ ㄦ ˙ㄉㄜ
報稱,ㄅㄠˋ ㄔㄥˋ
報苦窮兒,ㄅㄠˋ ㄎㄨˇ ㄑㄩㄥˊ ㄦ
報關行,ㄅㄠˋ ㄍㄨㄢ ㄏㄤˊ
場內,ㄔㄤˊ ㄋㄟˋ
場合,ㄔㄤˊ ㄏㄜˊ
場圃,ㄔㄤˊ ㄆㄨˇ
場地,ㄔㄤˊ ㄉㄧˋ
場外交易,ㄔㄤˊ ㄨㄞˋ ㄐㄧㄠ ㄧˋ
場屋,ㄔㄤˊ ㄨ
場師,ㄔㄤˊ ㄕ
場戶,ㄔㄤˊ ㄏㄨˋ
場所,ㄔㄤˊ ㄙㄨㄛˇ
場景,ㄔㄤˊ ㄐㄧㄥˇ
場期,ㄔㄤˊ ㄑㄧˊ
場次,ㄔㄤˊ ㄘˋ
場記,ㄔㄤˊ ㄐㄧˋ
場院,ㄔㄤˊ ㄩㄢˋ
場面,ㄔㄤˊ ㄇㄧㄢˋ
場面闊綽,ㄔㄤˊ ㄇㄧㄢˋ ㄎㄨㄛˋ ㄔㄨㄛˋ
堵喪,ㄉㄨˇ ˙ㄙㄤ
堵塞,ㄉㄨˇ ㄙㄜˋ
堵門兒,ㄉㄨˇ ㄇㄣˊ ㄦ
塊然獨處,ㄎㄨㄞˋ ㄖㄢˊ ㄉㄨˊ ㄔㄨˇ
塌實,ㄊㄚ ˙ㄕ
塌拉骨,ㄊㄚ ˙ㄌㄚ ㄍㄨˇ
塌秧兒,ㄊㄚ ㄧㄤ ㄦ
塌趿,ㄊㄚ ㄙㄚˋ
塑膠玻璃,ㄙㄨˋ ㄐㄧㄠ ㄅㄛ ˙ㄌㄧ
塔尖上功德,ㄊㄚˇ ㄐㄧㄢ ˙ㄕㄤ ㄍㄨㄥ ㄉㄜˊ
塗潦,ㄊㄨˊ ㄌㄠˋ
塞上曲,ㄙㄞˋ ㄕㄤˋ ㄑㄩˇ
塞下曲,ㄙㄞˋ ㄒㄧㄚˋ ㄑㄩˇ
塞內,ㄙㄞˋ ㄋㄟˋ
塞內加爾,ㄙㄜˋ ㄋㄟˋ ㄐㄧㄚ ㄦˇ
塞內加爾共和國,ㄙㄜˋ ㄋㄟˋ ㄐㄧㄚ ㄦˇ ㄍㄨㄥˋ ㄏㄜˊ ㄍㄨㄛˊ
塞北,ㄙㄞˋ ㄅㄟˇ
塞外,ㄙㄞˋ ㄨㄞˋ
塞尚,ㄙㄜˋ ㄕㄤˋ
塞席爾,ㄙㄜˋ ㄒㄧˊ ㄦˇ
塞席爾共和國,ㄙㄜˋ ㄒㄧˊ ㄦˇ ㄍㄨㄥˋ ㄏㄜˊ ㄍㄨㄛˊ
塞得港,ㄙㄞˋ ㄉㄜˊ ㄍㄤˇ
塞擦音,ㄙㄜˋ ㄘㄚ ㄧㄣ
塞淵,ㄙㄜˋ ㄩㄢ
塞爆音,ㄙㄜˋ ㄅㄠˋ ㄧㄣ
塞爾維亞,ㄙㄜˋ ㄦˇ ㄨㄟˊ ㄧㄚˋ
塞班島,ㄙㄞˋ ㄅㄢ ㄉㄠˇ
塞納河,ㄙㄜˋ ㄋㄚˋ ㄏㄜˊ
塞翁失馬,ㄙㄞˋ ㄨㄥ ㄕ ㄇㄚˇ
塞耳,ㄙㄜˋ ㄦˇ
塞耳偷鈴,ㄙㄜˋ ㄦˇ ㄊㄡ ㄌㄧㄥˊ
塞耳盜鐘,ㄙㄜˋ ㄦˇ ㄉㄠˋ ㄓㄨㄥ
塞聲,ㄙㄜˋ ㄕㄥ
塞職,ㄙㄜˋ ㄓˊ
塞責,ㄙㄜˋ ㄗㄜˊ
塞門,ㄙㄞˋ ㄇㄣˊ
塞音,ㄙㄜˋ ㄧㄣ
填咽,ㄊㄧㄢˊ ㄧㄝˋ
填塞,ㄊㄧㄢˊ ㄙㄜˋ
填空,ㄊㄧㄢˊ ㄎㄨㄥˋ
填窟窿,ㄊㄧㄢˊ ㄎㄨ ˙ㄌㄨㄥ
填街塞巷,ㄊㄧㄢˊ ㄐㄧㄝ ㄙㄜˋ ㄒㄧㄤˋ
填還,ㄊㄧㄢˊ ㄏㄨㄢˊ
塵剎,ㄔㄣˊ ㄔㄚˋ
塵累,ㄔㄣˊ ㄌㄟˇ
墊根兒,ㄉㄧㄢˋ ㄍㄣ ㄦ
墊沒,ㄉㄧㄢˋ ㄇㄛˋ
墊解,ㄉㄧㄢˋ ㄐㄧㄝˋ
墊踹兒,ㄉㄧㄢˋ ㄔㄨㄞˋ ㄦ
墜歡重拾,ㄓㄨㄟˋ ㄏㄨㄢ ㄔㄨㄥˊ ㄕˊ
墨卷,ㄇㄛˋ ㄐㄩㄢˋ
墨子,ㄇㄛˋ ㄗˇ
墨子悲素絲,ㄇㄛˋ ㄗˇ ㄅㄟ ㄙㄨˋ ㄙ
墨暈,ㄇㄛˋ ㄩㄣˋ
墳圈子,ㄈㄣˊ ㄑㄩㄢˋ ˙ㄗ
墳場,ㄈㄣˊ ㄔㄤˊ
壁宿,ㄅㄧˋ ㄒㄧㄡˋ
壅塞,ㄩㄥ ㄙㄜˋ
壇場,ㄊㄢˊ ㄔㄤˊ
壎箎相和,ㄒㄩㄣ ㄔˊ ㄒㄧㄤ ㄏㄜˋ
壓不住,ㄧㄚ ˙ㄅㄨ ㄓㄨˋ
壓倒,ㄧㄚ ㄉㄠˇ
壓倒元白,ㄧㄚ ㄉㄠˇ ㄩㄢˊ ㄅㄞˊ
壓倒性,ㄧㄚ ㄉㄠˇ ㄒㄧㄥˋ
壓倒群雄,ㄧㄚ ㄉㄠˇ ㄑㄩㄣˊ ㄒㄩㄥˊ
壓卷,ㄧㄚ ㄐㄩㄢˋ
壓子,ㄧㄚ ㄗˇ
壓子息,ㄧㄚ ㄗˇ ㄒㄧˊ
壓根兒,ㄧㄚ ㄍㄣ ㄦ
壓氣兒,ㄧㄚ ㄑㄧˋ ㄦ
壓水式反應器,ㄧㄚ ㄕㄨㄟˇ ㄕˋ ㄈㄢˇ ㄧㄥˋ ㄑㄧˋ
壓派,ㄧㄚ ˙ㄆㄞ
壓碟兒,ㄧㄚ ㄉㄧㄝˊ ㄦ
壓良為賤,ㄧㄚ ㄌㄧㄤˊ ㄨㄟˊ ㄐㄧㄢˋ
壓電效應,ㄧㄚ ㄉㄧㄢˋ ㄒㄧㄠˋ ㄧㄥˋ
壘窠兒,ㄌㄟˇ ㄎㄜ ㄦ
壞分子,ㄏㄨㄞˋ ㄈㄣˋ ㄗˇ
壟斷市場,ㄌㄨㄥˇ ㄉㄨㄢˋ ㄕˋ ㄔㄤˊ
壤子,ㄖㄤˇ ㄗˇ
壤父,ㄖㄤˇ ㄈㄨˇ
士君子,ㄕˋ ㄐㄩㄣ ㄗˇ
士子,ㄕˋ ㄗˇ
壺漿塞道,ㄏㄨˊ ㄐㄧㄤ ㄙㄜˋ ㄉㄠˋ
壽數,ㄕㄡˋ ˙ㄕㄨ
壽星吃砒霜,ㄕㄡˋ ˙ㄒㄧㄥ ㄔ ㄆㄧ ㄕㄨㄤ
壽星老兒,ㄕㄡˋ ˙ㄒㄧㄥ ㄌㄠˇ ㄦ
壽者相,ㄕㄡˋ ㄓㄜˇ ㄒㄧㄤˋ
壽藏,ㄕㄡˋ ㄗㄤˋ
夏威夷音樂,ㄒㄧㄚˋ ㄨㄟ ㄧˊ ㄧㄣ ㄩㄝˋ
夏楚,ㄐㄧㄚˇ ㄔㄨˇ
夏正,ㄒㄧㄚˋ ㄓㄥ
夏畦,ㄒㄧㄚˋ ㄒㄧ
夏蟲朝菌,ㄒㄧㄚˋ ㄔㄨㄥˊ ㄓㄠ ㄐㄩㄣˋ
夏雨雨人,ㄒㄧㄚˋ ㄩˇ ㄩˋ ㄖㄣˊ
夔龍禮樂,ㄎㄨㄟˊ ㄌㄨㄥˊ ㄌㄧˇ ㄩㄝˋ
外交豁免權,ㄨㄞˋ ㄐㄧㄠ ㄏㄨㄛˋ ㄇㄧㄢˇ ㄑㄩㄢˊ
外傳,ㄨㄞˋ ㄓㄨㄢˋ
外公切線,ㄨㄞˋ ㄍㄨㄥ ㄑㄧㄝ ㄒㄧㄢˋ
外切多邊形,ㄨㄞˋ ㄑㄧㄝ ㄉㄨㄛ ㄅㄧㄢ ㄒㄧㄥˊ
外匯市場,ㄨㄞˋ ㄏㄨㄟˋ ㄕˋ ㄔㄤˊ
外匯銀行,ㄨㄞˋ ㄏㄨㄟˋ ㄧㄣˊ ㄏㄤˊ
外合裡差,ㄨㄞˋ ㄏㄜˊ ㄌㄧˇ ㄔㄚ
外合裡應,ㄨㄞˋ ㄏㄜˊ ㄌㄧˇ ㄧㄥˋ
外四家兒,ㄨㄞˋ ㄙˋ ㄐㄧㄚ ㄦ
外場,ㄨㄞˋ ㄔㄤˊ
外場人,ㄨㄞˋ ㄔㄤˊ ㄖㄣˊ
外外,ㄨㄞˋ ˙ㄨㄞ
外子,ㄨㄞˋ ㄗˇ
外屋裡的灶君爺,ㄨㄞˋ ㄨ ˙ㄌㄧ ˙ㄉㄜ ㄗㄠˋ ㄐㄩㄣ ㄧㄝˊ
外弛內張,ㄨㄞˋ ㄔˊ ㄋㄟˋ ㄓㄤ
外強中乾,ㄨㄞˋ ㄑㄧㄤˊ ㄓㄨㄥ ㄍㄢ
外拆生意,ㄨㄞˋ ㄔㄞ ㄕㄥ ˙ㄧ
外相,ㄨㄞˋ ㄒㄧㄤˋ
外秧兒,ㄨㄞˋ ㄧㄤ ㄦ
外舍,ㄨㄞˋ ㄕㄜˋ
外行,ㄨㄞˋ ㄏㄤˊ
外行人,ㄨㄞˋ ㄏㄤˊ ㄖㄣˊ
外行話,ㄨㄞˋ ㄏㄤˊ ㄏㄨㄚˋ
外路,ㄨㄞˋ ˙ㄌㄨ
外路人,ㄨㄞˋ ˙ㄌㄨ ㄖㄣˊ
外道兒,ㄨㄞˋ ㄉㄠˋ ㄦ
外道話,ㄨㄞˋ ˙ㄉㄠ ㄏㄨㄚˋ
外面兒光,ㄨㄞˋ ㄇㄧㄢˋ ㄦ ㄍㄨㄤ
外面情兒,ㄨㄞˋ ㄇㄧㄢˋ ㄑㄧㄥˊ ㄦ
外頭,ㄨㄞˋ ˙ㄊㄡ
夙興,ㄙㄨˋ ㄒㄧㄥ
夙興夜寐,ㄙㄨˋ ㄒㄧㄥ ㄧㄝˋ ㄇㄟˋ
多不勝數,ㄉㄨㄛ ㄅㄨˋ ㄕㄥ ㄕㄨˇ
多分,ㄉㄨㄛ ㄈㄣˋ
多多少少,ㄉㄨㄛ ˙ㄉㄨㄛ ㄕㄠˇ ㄕㄠˇ
多嫌,ㄉㄨㄛ ˙ㄒㄧㄢ
多子,ㄉㄨㄛ ㄗˇ
多子多孫,ㄉㄨㄛ ㄗˇ ㄉㄨㄛ ㄙㄨㄣ
多得,ㄉㄨㄛ ㄉㄜˊ
多得不如少得,ㄉㄨㄛ ㄉㄜˊ ㄅㄨˋ ㄖㄨˊ ㄕㄠˇ ㄉㄜˊ
多文為富,ㄉㄨㄛ ㄨㄣˊ ㄨㄟˊ ㄈㄨˋ
多會兒,ㄉㄨㄛ ㄏㄨㄟˇ ㄦ
多災多難,ㄉㄨㄛ ㄗㄞ ㄉㄨㄛ ㄋㄢˋ
多羅貝勒,ㄉㄨㄛ ㄌㄨㄛˊ ㄅㄟˋ ㄌㄜˋ
多聞闕疑,ㄉㄨㄛ ㄨㄣˊ ㄑㄩㄝ ㄧˊ
多言或中,ㄉㄨㄛ ㄧㄢˊ ㄏㄨㄛˋ ㄓㄨㄥˋ
多言數窮,ㄉㄨㄛ ㄧㄢˊ ㄕㄨㄛˋ ㄑㄩㄥˊ
多財善賈,ㄉㄨㄛ ㄘㄞˊ ㄕㄢˋ ㄍㄨˇ
多道散說,ㄉㄨㄛ ㄉㄠˋ ㄙㄢˇ ㄕㄨㄛ
多重,ㄉㄨㄛ ㄔㄨㄥˊ
多重人格,ㄉㄨㄛ ㄔㄨㄥˊ ㄖㄣˊ ㄍㄜˊ
多重國籍,ㄉㄨㄛ ㄔㄨㄥˊ ㄍㄨㄛˊ ㄐㄧˊ
多重性格,ㄉㄨㄛ ㄔㄨㄥˊ ㄒㄧㄥˋ ㄍㄜˊ
多錢善賈,ㄉㄨㄛ ㄑㄧㄢˊ ㄕㄢˋ ㄍㄨˇ
多難,ㄉㄨㄛ ㄋㄢˋ
多難興邦,ㄉㄨㄛ ㄋㄢˋ ㄒㄧㄥ ㄅㄤ
多頭市場,ㄉㄨㄛ ㄊㄡˊ ㄕˋ ㄔㄤˊ
多麼,ㄉㄨㄛˊ ˙ㄇㄜ
夜作,ㄧㄝˋ ˙ㄗㄨㄛ
夜兒個,ㄧㄝˋ ㄦ ˙ㄍㄜ
夜半三更,ㄧㄝˋ ㄅㄢˋ ㄙㄢ ㄍㄥ
夜場,ㄧㄝˋ ㄔㄤˊ
夜市場,ㄧㄝˋ ㄕˋ ㄔㄤˊ
夜曲,ㄧㄝˋ ㄑㄩˇ
夜月花朝,ㄧㄝˋ ㄩㄝˋ ㄏㄨㄚ ㄓㄠ
夜盆兒,ㄧㄝˋ ㄆㄣˊ ㄦ
夜裡,ㄧㄝˋ ˙ㄌㄧ
夜貓子,ㄧㄝˋ ˙ㄇㄠ ˙ㄗ
夜長夢多,ㄧㄝˋ ㄔㄤˊ ㄇㄥˋ ㄉㄨㄛ
夜靜更深,ㄧㄝˋ ㄐㄧㄥˋ ㄍㄥ ㄕㄣ
夜靜更長,ㄧㄝˋ ㄐㄧㄥˋ ㄍㄥ ㄔㄤˊ
夜靜更闌,ㄧㄝˋ ㄐㄧㄥˋ ㄍㄥ ㄌㄢˊ
夠分量,ㄍㄡˋ ㄈㄣˋ ㄌㄧㄤˋ
夠嗆,ㄍㄡˋ ㄑㄧㄤˋ
夠朋友,ㄍㄡˋ ㄆㄥˊ ˙ㄧㄡ
夠過兒,ㄍㄡˋ ㄍㄨㄛˋ ㄦ
夢撒撩丁,ㄇㄥˋ ㄙㄚ ㄌㄧㄠˊ ㄉㄧㄥ
夢虺,ㄇㄥˋ ㄏㄨㄟˇ
夢魂顛倒,ㄇㄥˋ ㄏㄨㄣˊ ㄉㄧㄢ ㄉㄠˇ
大不了,ㄉㄚˋ ㄅㄨˋ ㄌㄧㄠˇ
大乘,ㄉㄚˋ ㄕㄥˋ
大乘佛教,ㄉㄚˋ ㄕㄥˋ ㄈㄛˊ ㄐㄧㄠˋ
大乘百法明門論,ㄉㄚˋ ㄕㄥˋ ㄅㄞˇ ㄈㄚˇ ㄇㄧㄥˊ ㄇㄣˊ ㄌㄨㄣˋ
大乘經典,ㄉㄚˋ ㄕㄥˋ ㄐㄧㄥ ㄉㄧㄢˇ
大乘起信論,ㄉㄚˋ ㄕㄥˋ ㄑㄧˇ ㄒㄧㄣˋ ㄌㄨㄣˋ
大伙兒,ㄉㄚˋ ㄏㄨㄛˇ ㄦ
大伯子,ㄉㄚˋ ㄅㄞˇ ˙ㄗ
大個兒,ㄉㄚˋ ㄍㄜˋ ㄦ
大先生,ㄉㄚˋ ㄒㄧㄢ ˙ㄕㄥ
大出喪,ㄉㄚˋ ㄔㄨ ㄙㄤ
大出鋒頭,ㄉㄚˋ ㄔㄨ ㄈㄥ ˙ㄊㄡ
大分,ㄉㄚˋ ㄈㄣˋ
大剌剌,ㄉㄚˋ ㄌㄚˋ ㄌㄚˋ
大剛來,ㄉㄞˋ ㄍㄤ ㄌㄞˊ
大剛喒,ㄉㄞˋ ㄍㄤ ㄗㄢˊ
大勇若怯,ㄉㄚˋ ㄩㄥˇ ㄖㄨㄛˋ ㄑㄩㄝˋ
大半拉,ㄉㄚˋ ㄅㄢˋ ˙ㄌㄚ
大協奏曲,ㄉㄚˋ ㄒㄧㄝˊ ㄗㄡˋ ㄑㄩˇ
大古,ㄉㄞˋ ㄍㄨˇ
大古裡彩,ㄉㄞˋ ㄍㄨˇ ㄌㄧˇ ㄘㄞˇ
大吃大嚼,ㄉㄚˋ ㄔ ㄉㄚˋ ㄐㄧㄠˊ
大吆小喝,ㄉㄚˋ ㄧㄠ ㄒㄧㄠˇ ㄏㄜˋ
大品般若,ㄉㄚˋ ㄆㄧㄣˇ ㄅㄛ ㄖㄜˇ
大哭一場,ㄉㄚˋ ㄎㄨ ㄧ ㄔㄤˊ
大唐三藏取經詩話,ㄉㄚˋ ㄊㄤˊ ㄙㄢ ㄗㄤˋ ㄑㄩˇ ㄐㄧㄥ ㄕ ㄏㄨㄚˋ
大喇叭,ㄉㄚˋ ㄌㄚˇ ˙ㄅㄚ
大喏,ㄉㄚˋ ㄖㄜˇ
大喝,ㄉㄚˋ ㄏㄜˋ
大喪,ㄉㄚˋ ㄙㄤ
大單于,ㄉㄚˋ ㄔㄢˊ ㄩˊ
大嘴巴,ㄉㄚˋ ㄗㄨㄟˇ ˙ㄅㄚ
大圈仔,ㄉㄚˋ ㄑㄩㄢ ㄗˇ
大圜,ㄉㄚˋ ㄩㄢˊ
大地重生,ㄉㄚˋ ㄉㄧˋ ㄔㄨㄥˊ ㄕㄥ
大場面,ㄉㄚˋ ㄔㄤˊ ㄇㄧㄢˋ
大塊兒,ㄉㄚˋ ㄎㄨㄞˋ ㄦ
大夥兒,ㄉㄚˋ ㄏㄨㄛˇ ㄦ
大大咧咧,ㄉㄚˋ ˙ㄉㄚ ㄌㄧㄝ ㄌㄧㄝ
大大小小,ㄉㄚˋ ˙ㄉㄚ ㄒㄧㄠˇ ㄒㄧㄠˇ
大大方方,ㄉㄚˋ ˙ㄉㄚ ㄈㄤ ㄈㄤ
大大法法,ㄉㄚˋ ˙ㄉㄚ ㄈㄚˇ ㄈㄚˇ
大大落落,ㄉㄚˋ ˙ㄉㄚ ㄌㄨㄛˋ ㄌㄨㄛˋ
大姊,ㄉㄚˋ ㄐㄧㄝˇ
大姊頭,ㄉㄚˋ ㄐㄧㄝˇ ㄊㄡˊ
大姐姐,ㄉㄚˋ ㄐㄧㄝˇ ˙ㄐㄧㄝ
大姑娘,ㄉㄚˋ ㄍㄨ ˙ㄋㄧㄤ
大姑娘坐花轎,ㄉㄚˋ ㄍㄨ ˙ㄋㄧㄤ ㄗㄨㄛˋ ㄏㄨㄚ ㄐㄧㄠˋ
大媽媽,ㄉㄚˋ ㄇㄚ ˙ㄇㄚ
大宛,ㄉㄚˋ ㄩㄢ
大家公子,ㄉㄚˋ ㄐㄧㄚ ㄍㄨㄥ ㄗˇ
大家夥兒,ㄉㄚˋ ㄐㄧㄚ ㄏㄨㄛˇ ㄦ
大將,ㄉㄚˋ ㄐㄧㄤˋ
大將之風,ㄉㄚˋ ㄐㄧㄤˋ ㄓ ㄈㄥ
大小人兒,ㄉㄚˋ ㄒㄧㄠˇ ㄖㄣˊ ㄦ
大少爺,ㄉㄚˋ ㄕㄠˋ ㄧㄝˊ
大巫嫗,ㄉㄚˋ ㄨˊ ㄩˋ
大度豁達,ㄉㄚˋ ㄉㄨˋ ㄏㄨㄛˋ ㄉㄚˊ
大廈,ㄉㄚˋ ㄒㄧㄚˋ
大廈將傾,ㄉㄚˋ ㄒㄧㄚˋ ㄐㄧㄤ ㄑㄧㄥ
大廈棟梁,ㄉㄚˋ ㄒㄧㄚˋ ㄉㄨㄥˋ ㄌㄧㄤˊ
大廟,ㄊㄞˋ ㄇㄧㄠˋ
大拇指頭,ㄉㄚˋ ㄇㄨˇ ㄓˇ ˙ㄊㄡ
大拇指頭撓癢,ㄉㄚˋ ㄇㄨˇ ㄓˇ ˙ㄊㄡ ㄋㄠˊ ㄧㄤˇ
大排場,ㄉㄚˋ ㄆㄞˊ ㄔㄤˊ
大排行,ㄉㄚˋ ㄆㄞˊ ㄏㄤˊ
大排長龍,ㄉㄚˋ ㄆㄞˊ ㄔㄤˊ ㄌㄨㄥˊ
大摺兒,ㄉㄚˋ ㄓㄜˊ ㄦ
大擺褶子,ㄉㄚˋ ㄅㄞˇ ㄒㄩㄝˊ ˙ㄗ
大曆十才子,ㄉㄚˋ ㄌㄧˋ ㄕˊ ㄘㄞˊ ㄗˇ
大曲,ㄉㄚˋ ㄑㄩˇ
大月氏,ㄉㄚˋ ㄩㄝˋ ㄓ
大有作為,ㄉㄚˋ ㄧㄡˇ ㄗㄨㄛˋ ㄨㄟˊ
大有可為,ㄉㄚˋ ㄧㄡˇ ㄎㄜˇ ㄨㄟˊ
大有為,ㄉㄚˋ ㄧㄡˇ ㄨㄟˊ
大本兒,ㄉㄚˋ ㄅㄣˇ ㄦ
大模大樣,ㄉㄚˋ ㄇㄨˊ ㄉㄚˋ ㄧㄤˋ
大模廝樣,ㄉㄚˋ ㄇㄨˊ ㄙ ㄧㄤˋ
大毒日頭地下,ㄉㄚˋ ㄉㄨˊ ㄖˋ ˙ㄊㄡ ㄉㄧˋ ˙ㄒㄧㄚ
大氣磅礴,ㄉㄚˋ ㄑㄧˋ ㄆㄤ ㄅㄛˊ
大水沖倒龍王廟,ㄉㄚˋ ㄕㄨㄟˇ ㄔㄨㄥ ㄉㄠˇ ㄌㄨㄥˊ ㄨㄤˊ ㄇㄧㄠˋ
大水沖倒龍王殿,ㄉㄚˋ ㄕㄨㄟˇ ㄔㄨㄥ ㄉㄠˇ ㄌㄨㄥˊ ㄨㄤˊ ㄉㄧㄢˋ
大汗,ㄉㄚˋ ㄏㄢˊ
大災難,ㄉㄚˋ ㄗㄞ ㄋㄢˋ
大為受用,ㄉㄚˋ ㄨㄟˊ ㄕㄡˋ ㄩㄥˋ
大為失望,ㄉㄚˋ ㄨㄟˊ ㄕ ㄨㄤˋ
大煞,ㄉㄚˋ ㄕㄚˋ
大爺公,ㄉㄚˋ ˙ㄧㄝ ㄍㄨㄥ
大猩猩,ㄉㄚˋ ㄒㄧㄥ ˙ㄒㄧㄥ
大率,ㄉㄚˋ ㄕㄨㄞˋ
大發脾氣,ㄉㄚˋ ㄈㄚ ㄆㄧˊ ˙ㄑㄧ
大白日裡借不出個乾燈盞來,ㄉㄚˋ ㄅㄞˊ ㄖˋ ㄌㄧˇ ㄐㄧㄝˋ ㄅㄨˋ ㄔㄨ ˙ㄍㄜ ㄍㄢ ㄉㄥ ㄓㄢˇ ㄌㄞˊ
大相國寺,ㄉㄚˋ ㄒㄧㄤˋ ㄍㄨㄛˊ ㄙˋ
大瞧瞧,ㄉㄚˋ ㄑㄧㄠˊ ˙ㄑㄧㄠ
大羹玄酒,ㄊㄞˋ ㄍㄥ ㄒㄩㄢˊ ㄐㄧㄡˇ
大老婆,ㄉㄚˋ ㄌㄠˇ ˙ㄆㄛ
大而無當,ㄉㄚˋ ㄦˊ ㄨˊ ㄉㄤˋ
大耳朵,ㄉㄚˋ ㄦˇ ˙ㄉㄨㄛ
大聲吆喝,ㄉㄚˋ ㄕㄥ ㄧㄠ ㄏㄜˋ
大腔當,ㄉㄚˋ ㄑㄧㄤ ㄉㄤˋ
大腦出血性中風,ㄉㄚˋ ㄋㄠˇ ㄔㄨ ㄒㄧㄝˇ ㄒㄧㄥˋ ㄓㄨㄥˋ ㄈㄥ
大腦皮質,ㄉㄚˋ ㄋㄠˇ ㄆㄧˊ ㄓˊ
大腦門兒,ㄉㄚˋ ㄋㄠˇ ㄇㄣˊ ㄦ
大腦髓質,ㄉㄚˋ ㄋㄠˇ ㄙㄨㄟˇ ㄓˊ
大腹便便,ㄉㄚˋ ㄈㄨˋ ㄆㄧㄢˊ ㄆㄧㄢˊ
大腹賈,ㄉㄚˋ ㄈㄨˋ ㄍㄨˇ
大膽妄為,ㄉㄚˋ ㄉㄢˇ ㄨㄤˋ ㄨㄟˊ
大興土木,ㄉㄚˋ ㄒㄧㄥ ㄊㄨˇ ㄇㄨˋ
大興安嶺,ㄉㄚˋ ㄒㄧㄥ ㄢ ㄌㄧㄥˇ
大舌頭,ㄉㄚˋ ㄕㄜˊ ˙ㄊㄡ
大舍,ㄉㄚˋ ㄕㄜˋ
大般涅槃經,ㄉㄚˋ ㄅㄛ ㄋㄧㄝˋ ㄆㄢˊ ㄐㄧㄥ
大著,ㄉㄚˋ ㄓㄨˋ
大蒜效應,ㄉㄚˋ ㄙㄨㄢˋ ㄒㄧㄠˋ ㄧㄥˋ
大藏經,ㄉㄚˋ ㄗㄤˋ ㄐㄧㄥ
大處著眼,ㄉㄚˋ ㄔㄨˋ ㄓㄨㄛˊ ㄧㄢˇ
大蜡,ㄉㄚˋ ㄓㄚˋ
大行院,ㄉㄚˋ ㄏㄤˊ ㄩㄢˋ
大衾長枕,ㄉㄚˋ ㄑㄧㄣ ㄔㄤˊ ㄓㄣˇ
大補帖,ㄉㄚˋ ㄅㄨˇ ㄊㄧㄝˇ
大觀帖,ㄉㄚˋ ㄍㄨㄢ ㄊㄧㄝˋ
大賈,ㄉㄚˋ ㄍㄨˇ
大軸子,ㄉㄚˋ ㄓㄡˋ ˙ㄗ
大通銀行,ㄉㄚˋ ㄊㄨㄥ ㄧㄣˊ ㄏㄤˊ
大部分,ㄉㄚˋ ㄅㄨˋ ㄈㄣˋ
大都,ㄉㄚˋ ㄉㄨ
大都來,ㄉㄚˋ ㄉㄨ ㄌㄞˊ
大都會,ㄉㄚˋ ㄉㄨ ㄏㄨㄟˋ
大都會區,ㄉㄚˋ ㄉㄨ ㄏㄨㄟˋ ㄑㄩ
大都會歌劇院,ㄉㄚˋ ㄉㄨ ㄏㄨㄟˋ ㄍㄜ ㄐㄩˋ ㄩㄢˋ
大都護,ㄉㄚˋ ㄉㄨ ㄏㄨˋ
大長日子,ㄉㄚˋ ㄔㄤˊ ㄖˋ ˙ㄗ
大阿姐,ㄉㄚˋ ㄚˋ ㄐㄧㄝˇ
大雅君子,ㄉㄚˋ ㄧㄚˇ ㄐㄩㄣ ㄗˇ
大難,ㄉㄚˋ ㄋㄢˋ
大難不死,ㄉㄚˋ ㄋㄢˋ ㄅㄨˋ ㄙˇ
大難臨頭,ㄉㄚˋ ㄋㄢˋ ㄌㄧㄣˊ ㄊㄡˊ
大面兒上,ㄉㄚˋ ㄇㄧㄢˋ ㄦ ㄕㄤˋ
大面皮兒,ㄉㄚˋ ㄇㄧㄢˋ ㄆㄧˊ ㄦ
大頭兒,ㄉㄚˋ ㄊㄡˊ ㄦ
大頭覺,ㄉㄚˋ ㄊㄡˊ ㄐㄧㄠˋ
天下為一,ㄊㄧㄢ ㄒㄧㄚˋ ㄨㄟˊ ㄧ
天下為公,ㄊㄧㄢ ㄒㄧㄚˋ ㄨㄟˊ ㄍㄨㄥ
天下為家,ㄊㄧㄢ ㄒㄧㄚˋ ㄨㄟˊ ㄐㄧㄚ
天不著風兒晴不的,ㄊㄧㄢ ㄅㄨˋ ㄓㄨㄛˊ ㄈㄥ ㄦ ㄑㄧㄥˊ ㄅㄨˋ ˙ㄉㄜ
天之驕子,ㄊㄧㄢ ㄓ ㄐㄧㄠ ㄗˇ
天乾物燥,ㄊㄧㄢ ㄍㄢ ㄨˋ ㄗㄠˋ
天人感應,ㄊㄧㄢ ㄖㄣˊ ㄍㄢˇ ㄧㄥˋ
天分,ㄊㄧㄢ ㄈㄣˋ
天可汗,ㄊㄧㄢ ㄎㄜˋ ㄏㄢˊ
天姥山,ㄊㄧㄢ ㄇㄨˇ ㄕㄢ
天子,ㄊㄧㄢ ㄗˇ
天子無戲言,ㄊㄧㄢ ㄗˇ ㄨˊ ㄒㄧˋ ㄧㄢˊ
天子門生,ㄊㄧㄢ ㄗˇ ㄇㄣˊ ㄕㄥ
天官賜福,ㄊㄧㄢ ㄍㄨㄢ ㄙˋ ㄈㄨˊ
天將,ㄊㄧㄢ ㄐㄧㄤˋ
天差地別,ㄊㄧㄢ ㄔㄚ ㄉㄧˋ ㄅㄧㄝˊ
天差地遠,ㄊㄧㄢ ㄔㄚ ㄉㄧˋ ㄩㄢˇ
天底下,ㄊㄧㄢ ㄉㄧˇ ˙ㄒㄧㄚ
天涯若比鄰,ㄊㄧㄢ ㄧㄚˊ ㄖㄨㄛˋ ㄅㄧˋ ㄌㄧㄣˊ
天然鈾,ㄊㄧㄢ ㄖㄢˊ ㄧㄡˊ
天理報應,ㄊㄧㄢ ㄌㄧˇ ㄅㄠˋ ㄧㄥˋ
天生麗質,ㄊㄧㄢ ㄕㄥ ㄌㄧˋ ㄓˊ
天相吉人,ㄊㄧㄢ ㄒㄧㄤˋ ㄐㄧˊ ㄖㄣˊ
天真未鑿,ㄊㄧㄢ ㄓㄣ ㄨㄟˋ ㄗㄨㄛˋ
天穹,ㄊㄧㄢ ㄑㄩㄥˊ
天老兒,ㄊㄧㄢ ㄌㄠˇ ㄦ
天與人歸,ㄊㄧㄢ ㄩˋ ㄖㄣˊ ㄍㄨㄟ
天落饅頭狗造化,ㄊㄧㄢ ㄌㄨㄛˋ ㄇㄢˊ ˙ㄊㄡ ㄍㄡˇ ㄗㄠˋ ㄏㄨㄚˋ
天道好還,ㄊㄧㄢ ㄉㄠˋ ㄏㄠˇ ㄏㄨㄢˊ
天都,ㄊㄧㄢ ㄉㄨ
天長地久,ㄊㄧㄢ ㄔㄤˊ ㄉㄧˋ ㄐㄧㄡˇ
天長地老,ㄊㄧㄢ ㄔㄤˊ ㄉㄧˋ ㄌㄠˇ
天長地遠,ㄊㄧㄢ ㄔㄤˊ ㄉㄧˋ ㄩㄢˇ
天長日久,ㄊㄧㄢ ㄔㄤˊ ㄖˋ ㄐㄧㄡˇ
天長節,ㄊㄧㄢ ㄔㄤˊ ㄐㄧㄝˊ
天靈,ㄊㄧㄢ ˙ㄌㄧㄥ
天靈蓋,ㄊㄧㄢ ˙ㄌㄧㄥ ㄍㄞˋ
太上感應篇,ㄊㄞˋ ㄕㄤˋ ㄍㄢˇ ㄧㄥˋ ㄆㄧㄢ
太太,ㄊㄞˋ ˙ㄊㄞ
太夫子,ㄊㄞˋ ㄈㄨ ㄗˇ
太子,ㄊㄞˋ ㄗˇ
太子太保,ㄊㄞˋ ㄗˇ ㄊㄞˋ ㄅㄠˇ
太子太傅,ㄊㄞˋ ㄗˇ ㄊㄞˋ ㄈㄨˋ
太子太師,ㄊㄞˋ ㄗˇ ㄊㄞˋ ㄕ
太子少保,ㄊㄞˋ ㄗˇ ㄕㄠˋ ㄅㄠˇ
太子少師,ㄊㄞˋ ㄗˇ ㄕㄠˋ ㄕ
太子洗馬,ㄊㄞˋ ㄗˇ ㄒㄧㄢˇ ㄇㄚˇ
太子港,ㄊㄞˋ ㄗˇ ㄍㄤˇ
太子舍人,ㄊㄞˋ ㄗˇ ㄕㄜˋ ㄖㄣˊ
太子黨,ㄊㄞˋ ㄗˇ ㄉㄤˇ
太平天子,ㄊㄞˋ ㄆㄧㄥˊ ㄊㄧㄢ ㄗˇ
太平興國,ㄊㄞˋ ㄆㄧㄥˊ ㄒㄧㄥ ㄍㄨㄛˊ
太監,ㄊㄞˋ ㄐㄧㄢˋ
太老先生,ㄊㄞˋ ㄌㄠˇ ㄒㄧㄢ ˙ㄕㄥ
太興,ㄊㄞˋ ㄒㄧㄥ
太華山,ㄊㄞˋ ㄏㄨㄚˋ ㄕㄢ
太行山,ㄊㄞˋ ㄏㄤˊ ㄕㄢ
太阿,ㄊㄞˋ ㄜ
太阿之柄,ㄊㄞˋ ㄜ ㄓ ㄅㄧㄥˇ
太阿倒持,ㄊㄞˋ ㄜ ㄉㄠˋ ㄔˊ
太阿在握,ㄊㄞˋ ㄜ ㄗㄞˋ ㄨㄛˋ
太陽自轉,ㄊㄞˋ ㄧㄤˊ ㄗˋ ㄓㄨㄢˋ
太陽黑子,ㄊㄞˋ ㄧㄤˊ ㄏㄟ ㄗˇ
夫妻相,ㄈㄨ ㄑㄧ ㄒㄧㄤˋ
夫子,ㄈㄨ ㄗˇ
夫子自道,ㄈㄨ ㄗˇ ㄗˋ ㄉㄠˋ
夫差,ㄈㄨˊ ㄔㄞ
夭亡,ㄧㄠˇ ㄨㄤˊ
夭娜,ㄧㄠ ㄋㄨㄛˊ
夭折,ㄧㄠˇ ㄓㄜˊ
夭昏,ㄧㄠˇ ㄏㄨㄣ
夭札,ㄧㄠˇ ㄓㄚˊ
夭枉,ㄧㄠˇ ㄨㄤˇ
夭殂,ㄧㄠˇ ㄘㄨˊ
夭殞,ㄧㄠˇ ㄩㄣˇ
夭逝,ㄧㄠˇ ㄕˋ
夭遏,ㄧㄠˇ ㄜˋ
夭閼,ㄧㄠˇ ㄜˋ
央告,ㄧㄤ ˙ㄍㄠ
央央戧戧,ㄧㄤ ˙ㄧㄤ ㄑㄧㄤ ㄑㄧㄤ
央戧,ㄧㄤ ˙ㄑㄧㄤ
夯雀兒先飛,ㄏㄤ ㄑㄩㄝˋ ㄦ ㄒㄧㄢ ㄈㄟ
失張倒怪,ㄕ ㄓㄤ ㄉㄠˇ ㄍㄨㄞˋ
失心兒,ㄕ ㄒㄧㄣ ㄦ
失滅,ㄕ ˙ㄇㄧㄝ
失當,ㄕ ㄉㄤˋ
失而復得,ㄕ ㄦˊ ㄈㄨˋ ㄉㄜˊ
失脫,ㄕ ˙ㄊㄨㄛ
失著,ㄕ ㄓㄠ
失調,ㄕ ㄊㄧㄠˊ
失賊,ㄕ ㄗㄜˊ
失身分,ㄕ ㄕㄣ ˙ㄈㄣ
失閃,ㄕ ˙ㄕㄢ
夷俟,ㄧˊ ㄙˋ
夷為平地,ㄧˊ ㄨㄟˊ ㄆㄧㄥˊ ㄉㄧˋ
夷靡,ㄧˊ ㄇㄧˇ
夸姣,ㄎㄨㄚ ㄐㄧㄠ
夾和,ㄐㄧㄚˊ ㄏㄨㄛˋ
夾屁股,ㄐㄧㄚˊ ㄆㄧˋ ˙ㄍㄨ
夾心餅乾,ㄐㄧㄚˊ ㄒㄧㄣ ㄅㄧㄥˇ ㄍㄢ
夾生,ㄐㄧㄚˋ ˙ㄕㄥ
夾生飯,ㄐㄧㄚˋ ˙ㄕㄥ ㄈㄢˋ
夾磨,ㄐㄧㄚˊ ˙ㄇㄛ
夾竹桃,ㄐㄧㄚˋ ㄓㄨˊ ㄊㄠˊ
夾著尾巴,ㄐㄧㄚˊ ˙ㄓㄜ ㄨㄟˇ ˙ㄅㄚ
夾餡兒,ㄐㄧㄚˊ ㄒㄧㄢˋ ㄦ
奄人,ㄧㄢ ㄖㄣˊ
奄冉,ㄧㄢ ㄖㄢˇ
奄奄,ㄧㄢ ㄧㄢ
奄奄一息,ㄧㄢ ㄧㄢ ㄧ ㄒㄧˊ
奄奄垂絕,ㄧㄢ ㄧㄢ ㄔㄨㄟˊ ㄐㄩㄝˊ
奄奄無力,ㄧㄢ ㄧㄢ ㄨˊ ㄌㄧˋ
奄宦,ㄧㄢ ㄏㄨㄢˋ
奄尹,ㄧㄢ ㄧㄣˇ
奄欻,ㄧㄢˇ ㄏㄨ
奄老,ㄧㄢ ㄌㄠˇ
奇偶,ㄐㄧ ㄡˇ
奇數,ㄐㄧ ㄕㄨˋ
奇日,ㄐㄧ ㄖˋ
奇男子,ㄑㄧˊ ㄋㄢˊ ㄗˇ
奇節瑰行,ㄑㄧˊ ㄐㄧㄝˊ ㄍㄨㄟ ㄒㄧㄥˋ
奇羨,ㄐㄧ ㄒㄧㄢˋ
奇贏,ㄐㄧ ㄧㄥˊ
奇蹄目,ㄐㄧ ㄊㄧˊ ㄇㄨˋ
奇零,ㄐㄧ ㄌㄧㄥˊ
奉公不阿,ㄈㄥˋ ㄍㄨㄥ ㄅㄨˋ ㄜ
奉其正朔,ㄈㄥˋ ㄑㄧˊ ㄓㄥ ㄕㄨㄛˋ
奉氂纓,ㄈㄥˋ ㄇㄠˊ ㄧㄥ
奉為圭臬,ㄈㄥˋ ㄨㄟˊ ㄍㄨㄟ ㄋㄧㄝˋ
奉為楷模,ㄈㄥˋ ㄨㄟˊ ㄎㄞˇ ㄇㄛˊ
奉蘋蘩,ㄈㄥˋ ㄆㄧㄣˊ ㄈㄢˊ
奉被,ㄈㄥˋ ㄆㄧ
奉還,ㄈㄥˋ ㄏㄨㄢˊ
奉養,ㄈㄥˋ ㄧㄤˋ
奏樂,ㄗㄡˋ ㄩㄝˋ
奏鳴曲,ㄗㄡˋ ㄇㄧㄥˊ ㄑㄩˇ
奏鳴曲式,ㄗㄡˋ ㄇㄧㄥˊ ㄑㄩˇ ㄕˋ
契分,ㄑㄧˋ ㄈㄣˋ
契闊,ㄑㄧㄝˋ ㄎㄨㄛˋ
契闊談讌,ㄑㄧㄝˋ ㄎㄨㄛˋ ㄊㄢˊ ㄧㄢˋ
契需,ㄑㄧㄝˋ ㄒㄩ
奓沙,ㄓㄚ ˙ㄕㄚ
奓靡,ㄕㄜ ㄇㄧˇ
奔井投河,ㄅㄣˋ ㄐㄧㄥˇ ㄊㄡˊ ㄏㄜˊ
奔命,ㄅㄣˋ ㄇㄧㄥˋ
奔喪,ㄅㄣ ㄙㄤ
套交情,ㄊㄠˋ ㄐㄧㄠ ˙ㄑㄧㄥ
套兒,ㄊㄠˋ ㄦ
套套,ㄊㄠˋ ˙ㄊㄠ
套拉攏,ㄊㄠˋ ㄌㄚ ˙ㄌㄨㄥ
套曲,ㄊㄠˋ ㄑㄩˇ
套環兒,ㄊㄠˋ ㄏㄨㄢˊ ㄦ
套種,ㄊㄠˋ ㄓㄨㄥˋ
奠都,ㄉㄧㄢˋ ㄉㄨ
奢靡,ㄕㄜ ㄇㄧˇ
奧勒岡州,ㄠˋ ㄌㄜˋ ㄍㄤ ㄓㄡ
奧古斯都,ㄠˋ ㄍㄨˇ ㄙ ㄉㄨ
奧古斯都時期,ㄠˋ ㄍㄨˇ ㄙ ㄉㄨ ㄕˊ ㄑㄧˊ
奧得河,ㄠˋ ㄉㄜˊ ㄏㄜˊ
奧林匹克,ㄠˋ ㄌㄧㄣˊ ㄆㄧ ㄎㄜˋ
奧林匹克委員會,ㄠˋ ㄌㄧㄣˊ ㄆㄧ ㄎㄜˋ ㄨㄟˇ ㄩㄢˊ ㄏㄨㄟˋ
奧林匹克運動會,ㄠˋ ㄌㄧㄣˊ ㄆㄧ ㄎㄜˋ ㄩㄣˋ ㄉㄨㄥˋ ㄏㄨㄟˋ
奧渫,ㄩˋ ㄒㄧㄝˋ
奧登塞,ㄠˋ ㄉㄥ ㄙㄜˋ
奪冠,ㄉㄨㄛˊ ㄍㄨㄢˋ
奮發有為,ㄈㄣˋ ㄈㄚ ㄧㄡˇ ㄨㄟˊ
奮袂攘襟,ㄈㄣˋ ㄇㄟˋ ㄖㄤˊ ㄐㄧㄣ
女儐相,ㄋㄩˇ ㄅㄧㄣ ㄒㄧㄤˋ
女先生,ㄋㄩˇ ㄒㄧㄢ ˙ㄕㄥ
女光棍,ㄋㄩˇ ㄍㄨㄤ ˙ㄍㄨㄣ
女公子,ㄋㄩˇ ㄍㄨㄥ ㄗˇ
女又十撇兒,ㄋㄩˇ ㄧㄡˋ ㄕˊ ㄆㄧㄝˇ ㄦ
女大不中留,ㄋㄩˇ ㄉㄚˋ ㄅㄨˋ ㄓㄨㄥˋ ㄌㄧㄡˊ
女婿有半子之勞,ㄋㄩˇ ㄒㄩˋ ㄧㄡˇ ㄅㄢˋ ㄗˇ ㄓ ㄌㄠˊ
女子,ㄋㄩˇ ㄗˇ
女子參政主義,ㄋㄩˇ ㄗˇ ㄘㄢ ㄓㄥˋ ㄓㄨˇ ㄧˋ
女子教育,ㄋㄩˇ ㄗˇ ㄐㄧㄠˋ ㄩˋ
女子文戲,ㄋㄩˇ ㄗˇ ㄨㄣˊ ㄒㄧˋ
女子無才便是德,ㄋㄩˇ ㄗˇ ㄨˊ ㄘㄞˊ ㄅㄧㄢˋ ㄕˋ ㄉㄜˊ
女孩兒,ㄋㄩˇ ㄏㄞˊ ㄦ
女宿,ㄋㄩˇ ㄒㄧㄡˋ
女將,ㄋㄩˇ ㄐㄧㄤˋ
女巫,ㄋㄩˇ ㄨˊ
女弟子,ㄋㄩˇ ㄉㄧˋ ㄗˇ
女校尉,ㄋㄩˇ ㄐㄧㄠˋ ㄨㄟˋ
女校書,ㄋㄩˇ ㄐㄧㄠˋ ㄕㄨ
女樂,ㄋㄩˇ ㄩㄝˋ
女氣,ㄋㄩˇ ˙ㄑㄧ
女童子軍,ㄋㄩˇ ㄊㄨㄥˊ ㄗˇ ㄐㄩㄣ
女紅,ㄋㄩˇ ㄍㄨㄥ
女給,ㄋㄩˇ ㄐㄧˇ
女落子,ㄋㄩˇ ㄌㄠˋ ˙ㄗ
女角,ㄋㄩˇ ㄐㄩㄝˊ
女起解,ㄋㄩˇ ㄑㄧˇ ㄐㄧㄝˋ
奴子,ㄋㄨˊ ㄗˇ
奴產子,ㄋㄨˊ ㄔㄢˇ ㄗˇ
奶奶,ㄋㄞˇ ˙ㄋㄞ
奶嬤嬤,ㄋㄞˇ ㄇㄚ ˙ㄇㄚ
奶膀子,ㄋㄞˇ ㄆㄤ ˙ㄗ
奶酪,ㄋㄞˇ ㄌㄨㄛˋ
奸細,ㄐㄧㄢ ˙ㄒㄧ
好一日兒,ㄏㄠˇ ㄧ ㄖˋ ㄦ
好一會,ㄏㄠˇ ㄧ ㄏㄨㄟˇ
好丹非素,ㄏㄠˋ ㄉㄢ ㄈㄟ ㄙㄨˋ
好了歌,ㄏㄠˇ ㄌㄧㄠˇ ㄍㄜ
好事之徒,ㄏㄠˋ ㄕˋ ㄓ ㄊㄨˊ
好事者,ㄏㄠˋ ㄕˋ ㄓㄜˇ
好事貪功,ㄏㄠˋ ㄕˋ ㄊㄢ ㄍㄨㄥ
好個,ㄏㄠˇ ˙ㄍㄜ
好兒,ㄏㄠˇ ㄦ
好內,ㄏㄠˋ ㄋㄟˋ
好利,ㄏㄠˋ ㄌㄧˋ
好利忘義,ㄏㄠˋ ㄌㄧˋ ㄨㄤˋ ㄧˋ
好勇鬥狠,ㄏㄠˋ ㄩㄥˇ ㄉㄡˋ ㄏㄣˇ
好動,ㄏㄠˋ ㄉㄨㄥˋ
好勝,ㄏㄠˋ ㄕㄥˋ
好口,ㄏㄠˋ ㄎㄡˇ
好古,ㄏㄠˋ ㄍㄨˇ
好吃懶做,ㄏㄠˋ ㄔ ㄌㄢˇ ㄗㄨㄛˋ
好問,ㄏㄠˋ ㄨㄣˋ
好善嫉惡,ㄏㄠˋ ㄕㄢˋ ㄐㄧˊ ㄜˋ
好善惡惡,ㄏㄠˋ ㄕㄢˋ ㄨˋ ㄜˋ
好善樂施,ㄏㄠˋ ㄕㄢˋ ㄌㄜˋ ㄕ
好大喜功,ㄏㄠˋ ㄉㄚˋ ㄒㄧˇ ㄍㄨㄥ
好奇,ㄏㄠˋ ㄑㄧˊ
好奇心,ㄏㄠˋ ㄑㄧˊ ㄒㄧㄣ
好學,ㄏㄠˋ ㄒㄩㄝˊ
好學不倦,ㄏㄠˋ ㄒㄩㄝˊ ㄅㄨˋ ㄐㄩㄢˋ
好學專輯,ㄏㄠˋ ㄒㄩㄝˊ ㄓㄨㄢ ㄐㄧˊ
好學深思,ㄏㄠˋ ㄒㄩㄝˊ ㄕㄣ ㄙ
好客,ㄏㄠˋ ㄎㄜˋ
好寡拉主兒,ㄏㄠˇ ㄍㄨㄚˇ ㄌㄚ ㄓㄨˇ ㄦ
好尚,ㄏㄠˋ ㄕㄤˋ
好弄玄虛,ㄏㄠˋ ㄋㄨㄥˋ ㄒㄩㄢˊ ㄒㄩ
好強,ㄏㄠˋ ㄑㄧㄤˊ
好心不得好報,ㄏㄠˇ ㄒㄧㄣ ㄅㄨˋ ㄉㄜˊ ㄏㄠˇ ㄅㄠˋ
好惡,ㄏㄠˋ ㄨˋ
好意思,ㄏㄠˇ ㄧˋ ˙ㄙ
好愻,ㄏㄠˇ ㄙㄨㄣˋ
好戰,ㄏㄠˋ ㄓㄢˋ
好收場,ㄏㄠˇ ㄕㄡ ㄔㄤˊ
好整以暇,ㄏㄠˋ ㄓㄥˇ ㄧˇ ㄒㄧㄚˊ
好施小惠,ㄏㄠˋ ㄕ ㄒㄧㄠˇ ㄏㄨㄟˋ
好施樂善,ㄏㄠˋ ㄕ ㄌㄜˋ ㄕㄢˋ
好景不長,ㄏㄠˇ ㄐㄧㄥˇ ㄅㄨˋ ㄔㄤˊ
好樣兒的,ㄏㄠˇ ㄧㄤˋ ㄦ ˙ㄉㄜ
好沒意思,ㄏㄠˇ ㄇㄟˊ ㄧˋ ˙ㄙ
好法子,ㄏㄠˇ ㄈㄚˊ ˙ㄗ
好消息,ㄏㄠˇ ㄒㄧㄠ ˙ㄒㄧ
好為人師,ㄏㄠˋ ㄨㄟˊ ㄖㄣˊ ㄕ
好生之德,ㄏㄠˋ ㄕㄥ ㄓ ㄉㄜˊ
好生惡殺,ㄏㄠˋ ㄕㄥ ㄨˋ ㄕㄚ
好生意,ㄏㄠˇ ㄕㄥ ˙ㄧ
好管閒事,ㄏㄠˋ ㄍㄨㄢˇ ㄒㄧㄢˊ ㄕˋ
好義,ㄏㄠˋ ㄧˋ
好自在性兒,ㄏㄠˇ ㄗˋ ㄗㄞˋ ㄒㄧㄥˋ ㄦ
好自為之,ㄏㄠˇ ㄗˋ ㄨㄟˊ ㄓ
好自矜誇,ㄏㄠˋ ㄗˋ ㄐㄧㄣ ㄎㄨㄚ
好色,ㄏㄠˋ ㄙㄜˋ
好行小惠,ㄏㄠˋ ㄒㄧㄥˊ ㄒㄧㄠˇ ㄏㄨㄟˋ
好行小慧,ㄏㄠˋ ㄒㄧㄥˊ ㄒㄧㄠˇ ㄏㄨㄟˋ
好話兒,ㄏㄠˇ ㄏㄨㄚˋ ㄦ
好諛惡直,ㄏㄠˋ ㄩˊ ㄨˋ ㄓˊ
好謀,ㄏㄠˋ ㄇㄡˊ
好謀善斷,ㄏㄠˋ ㄇㄡˊ ㄕㄢˋ ㄉㄨㄢˋ
好謀無斷,ㄏㄠˋ ㄇㄡˊ ㄨˊ ㄉㄨㄢˋ
好謀而成,ㄏㄠˋ ㄇㄡˊ ㄦˊ ㄔㄥˊ
好財,ㄏㄠˋ ㄘㄞˊ
好賢禮士,ㄏㄠˋ ㄒㄧㄢˊ ㄌㄧˇ ㄕˋ
好賭,ㄏㄠˋ ㄉㄨˇ
好辯,ㄏㄠˋ ㄅㄧㄢˋ
好逸惡勞,ㄏㄠˋ ㄧˋ ㄨˋ ㄌㄠˊ
好音,ㄏㄠˋ ㄧㄣ
好高騖遠,ㄏㄠˋ ㄍㄠ ㄨˋ ㄩㄢˇ
好鬥,ㄏㄠˋ ㄉㄡˋ
好麼,ㄏㄠˇ ˙ㄇㄚ
如不勝衣,ㄖㄨˊ ㄅㄨˋ ㄕㄥ ㄧ
如今晚兒,ㄖㄨˊ ㄐㄧㄣ ㄨㄢˇ ㄦ
如來藏,ㄖㄨˊ ㄌㄞˊ ㄗㄤˋ
如出一轍,ㄖㄨˊ ㄔㄨ ㄧ ㄔㄜˋ
如切如磋,ㄖㄨˊ ㄑㄧㄝ ㄖㄨˊ ㄘㄨㄛ
如壎如箎,ㄖㄨˊ ㄒㄩㄣ ㄖㄨˊ ㄔˊ
如履薄冰,ㄖㄨˊ ㄌㄩˇ ㄅㄛˊ ㄅㄧㄥ
如數家珍,ㄖㄨˊ ㄕㄨˇ ㄐㄧㄚ ㄓㄣ
如法炮製,ㄖㄨˊ ㄈㄚˇ ㄆㄠˊ ㄓˋ
如火燎原,ㄖㄨˊ ㄏㄨㄛˇ ㄌㄧㄠˋ ㄩㄢˊ
如砍瓜切菜一般,ㄖㄨˊ ㄎㄢˇ ㄍㄨㄚ ㄑㄧㄝ ㄘㄞˋ ㄧ ㄅㄢ
如虎得翼,ㄖㄨˊ ㄏㄨˇ ㄉㄜˊ ㄧˋ
如魚得水,ㄖㄨˊ ㄩˊ ㄉㄜˊ ㄕㄨㄟˇ
妃匹,ㄆㄟˋ ㄆㄧˇ
妃子,ㄈㄟ ㄗˇ
妃子笑,ㄈㄟ ㄗˇ ㄒㄧㄠˋ
妃耦,ㄆㄟˋ ㄡˇ
妄為,ㄨㄤˋ ㄨㄟˊ
妄生穿鑿,ㄨㄤˋ ㄕㄥ ㄔㄨㄢ ㄗㄨㄛˋ
妄自菲薄,ㄨㄤˋ ㄗˋ ㄈㄟˇ ㄅㄛˊ
妍倡,ㄧㄢˊ ㄔㄤ
妖妖調調,ㄧㄠ ㄧㄠ ㄊㄧㄠˊ ㄊㄧㄠˊ
妖氣,ㄧㄠ ˙ㄑㄧ
妖由人興,ㄧㄠ ㄧㄡˊ ㄖㄣˊ ㄒㄧㄥ
妖調,ㄧㄠ ㄊㄧㄠˊ
妙曲,ㄇㄧㄠˋ ㄑㄩˇ
妙法蓮華經,ㄇㄧㄠˋ ㄈㄚˇ ㄌㄧㄢˊ ㄏㄨㄚ ㄐㄧㄥ
妝誣,ㄓㄨㄤ ㄨˊ
妞妞,ㄋㄧㄡ ˙ㄋㄧㄡ
妥妥貼貼,ㄊㄨㄛˇ ˙ㄊㄨㄛ ㄊㄧㄝ ㄊㄧㄝ
妥洽,ㄊㄨㄛˇ ㄒㄧㄚˊ
妥當,ㄊㄨㄛˇ ˙ㄉㄤ
妥當人,ㄊㄨㄛˇ ˙ㄉㄤ ㄖㄣˊ
妯娌,ㄓㄡˊ ˙ㄌㄧ
妹妹,ㄇㄟˋ ˙ㄇㄟ
妻子,ㄑㄧ ㄗˇ
妻梅子鶴,ㄑㄧ ㄇㄟˊ ㄗˇ ㄏㄜˋ
妻離子散,ㄑㄧ ㄌㄧˊ ㄗˇ ㄙㄢˋ
姊兒,ㄗˇ ㄦ
姊姊,ㄗˇ ˙ㄗ
姐兒,ㄐㄧㄝˇ ㄦ
姐姐,ㄐㄧㄝˇ ˙ㄐㄧㄝ
姑丈人,ㄍㄨ ㄓㄤˋ ˙ㄖㄣ
姑太太,ㄍㄨ ㄊㄞˋ ˙ㄊㄞ
姑夫,ㄍㄨ ˙ㄈㄨ
姑奶奶,ㄍㄨ ㄋㄞˇ ˙ㄋㄞ
姑姑,ㄍㄨ ˙ㄍㄨ
姑娘家,ㄍㄨ ˙ㄋㄧㄤ ㄐㄧㄚ
姑娘氣,ㄍㄨ ˙ㄋㄧㄤ ㄑㄧˋ
姑射神人,ㄍㄨ ㄧㄝˋ ㄕㄣˊ ㄖㄣˊ
姑洗,ㄍㄨ ㄒㄧㄢˇ
姑爺,ㄍㄨ ˙ㄧㄝ
姑爺爺,ㄍㄨ ㄧㄝˊ ˙ㄧㄝ
姑老爺,ㄍㄨ ㄌㄠˇ ˙ㄧㄝ
委屈,ㄨㄟˇ ˙ㄑㄩ
委蛇,ㄨㄟ ㄧˊ
委託行,ㄨㄟˇ ㄊㄨㄛ ㄏㄤˊ
委靡,ㄨㄟˇ ㄇㄧˇ
委靡不振,ㄨㄟˇ ㄇㄧˇ ㄅㄨˋ ㄓㄣˋ
姚興,ㄧㄠˊ ㄒㄧㄥ
姜子牙,ㄐㄧㄤ ㄗˇ ㄧㄚˊ
姥姥,ㄌㄠˇ ˙ㄌㄠ
姨太太,ㄧˊ ㄊㄞˋ ˙ㄊㄞ
姨奶奶,ㄧˊ ㄋㄞˇ ˙ㄋㄞ
姿質,ㄗ ㄓˊ
威嚇,ㄨㄟ ㄏㄜˋ
威爾遜,ㄨㄟ ㄦˇ ㄙㄨㄣˋ
娃兒,ㄨㄚˊ ㄦ
娃娃,ㄨㄚˊ ˙ㄨㄚ
娃娃生,ㄨㄚˊ ˙ㄨㄚ ㄕㄥ
娃娃裝,ㄨㄚˊ ˙ㄨㄚ ㄓㄨㄤ
娃娃車,ㄨㄚˊ ˙ㄨㄚ ㄔㄜ
娃娃魚,ㄨㄚˊ ˙ㄨㄚ ㄩˊ
娘兒們,ㄋㄧㄤˊ ㄦ ˙ㄇㄣ
娘娘,ㄋㄧㄤˊ ˙ㄋㄧㄤ
娘娘腔,ㄋㄧㄤˊ ˙ㄋㄧㄤ ㄑㄧㄤ
娘子,ㄋㄧㄤˊ ㄗˇ
娘子軍,ㄋㄧㄤˊ ㄗˇ ㄐㄩㄣ
娘子關,ㄋㄧㄤˊ ㄗˇ ㄍㄨㄢ
娘家,ㄋㄧㄤˊ ˙ㄐㄧㄚ
娘母子,ㄋㄧㄤˊ ˙ㄇㄨ ˙ㄗ
娛樂場所,ㄩˊ ㄌㄜˋ ㄔㄤˊ ㄙㄨㄛˇ
娜娜,ㄋㄨㄛˊ ㄋㄨㄛˊ
娶妻生子,ㄑㄩˇ ㄑㄧ ㄕㄥ ㄗˇ
娶媳婦,ㄑㄩˇ ㄒㄧˊ ˙ㄈㄨ
婀娜,ㄜ ㄋㄨㄛˊ
婀娜多姿,ㄜ ㄋㄨㄛˊ ㄉㄨㄛ ㄗ
婆兒,ㄆㄛˊ ㄦ
婆兒氣,ㄆㄛˊ ㄦ ㄑㄧˋ
婆婆,ㄆㄛˊ ˙ㄆㄛ
婆婆媽媽,ㄆㄛˊ ㄆㄛˊ ㄇㄚ ˙ㄇㄚ
婆藪槃豆法師傳,ㄆㄛˊ ㄙㄡˇ ㄆㄢˊ ㄉㄡˋ ㄈㄚˇ ㄕ ㄓㄨㄢˋ
婆那娑,ㄆㄛˊ ㄋㄨㄛˊ ㄙㄨㄛ
婉娩,ㄨㄢˇ ㄨㄢˇ
婉孌,ㄨㄢˇ ㄌㄩㄢˇ
婚喪喜慶,ㄏㄨㄣ ㄙㄤ ㄒㄧˇ ㄑㄧㄥˋ
婚姻失調,ㄏㄨㄣ ㄧㄣ ㄕ ㄊㄧㄠˊ
婚生子女,ㄏㄨㄣ ㄕㄥ ㄗˇ ㄋㄩˇ
婠妠,ㄨㄢ ㄋㄚˋ
婢子,ㄅㄧˋ ㄗˇ
婦人家,ㄈㄨˋ ㄖㄣˊ ˙ㄐㄧㄚ
婦子,ㄈㄨˋ ㄗˇ
婦道人家,ㄈㄨˋ ˙ㄉㄠ ㄖㄣˊ ˙ㄐㄧㄚ
婦道家,ㄈㄨˋ ˙ㄉㄠ ˙ㄐㄧㄚ
婼羌,ㄖㄨㄛˋ ㄑㄧㄤ
媒人,ㄇㄟˊ ˙ㄖㄣ
媒人嘴,ㄇㄟˊ ˙ㄖㄣ ㄗㄨㄟˇ
媒人婆拾馬糞,ㄇㄟˊ ˙ㄖㄣ ㄆㄛˊ ㄕˊ ㄇㄚˇ ㄈㄣˋ
媒人婆迷了路,ㄇㄟˊ ˙ㄖㄣ ㄆㄛˊ ㄇㄧˊ ˙ㄌㄜ ㄌㄨˋ
媒兒,ㄇㄟˊ ㄦ
媒質,ㄇㄟˊ ㄓˊ
媒頭,ㄇㄟˊ ˙ㄊㄡ
媚子,ㄇㄟˋ ㄗˇ
媳婦兒,ㄒㄧˊ ㄈㄨˋ ㄦ
媼相,ㄠˇ ㄒㄧㄤˋ
媽兒,ㄇㄚ ㄦ
媽媽,ㄇㄚ ˙ㄇㄚ
媽媽令兒,ㄇㄚ ˙ㄇㄚ ㄌㄧㄥˋ ㄦ
媽媽教室,ㄇㄚ ˙ㄇㄚ ㄐㄧㄠˋ ㄕˋ
媽媽論兒,ㄇㄚ ˙ㄇㄚ ㄌㄨㄣˋ ㄦ
媽媽頭,ㄇㄚ ˙ㄇㄚ ㄊㄡˊ
媽媽頭主子,ㄇㄚ ˙ㄇㄚ ㄊㄡˊ ㄓㄨˇ ˙ㄗ
嫂夫人,ㄙㄠˇ ㄈㄨ ˙ㄖㄣ
嫂嫂,ㄙㄠˇ ˙ㄙㄠ
嫉惡好善,ㄐㄧˊ ㄜˋ ㄏㄠˋ ㄕㄢˋ
嫋娜,ㄋㄧㄠˇ ㄋㄨㄛˊ
嫋嫋娜娜,ㄋㄧㄠˇ ㄋㄧㄠˇ ㄋㄨㄛˊ ㄋㄨㄛˊ
嫌好道惡,ㄒㄧㄢˊ ㄏㄠˇ ㄉㄠˋ ㄨˋ
嫌惡,ㄒㄧㄢˊ ˙ㄨ
嫌疑分子,ㄒㄧㄢˊ ㄧˊ ㄈㄣˋ ㄗˇ
嫖姚,ㄆㄧㄠ ㄧㄠˊ
嫗𡟥,ㄩˋ ㄑㄩˇ
嫡傳弟子,ㄉㄧˊ ㄔㄨㄢˊ ㄉㄧˋ ㄗˇ
嫡嫡親親,ㄉㄧˊ ˙ㄉㄧ ㄑㄧㄣ ㄑㄧㄣ
嫡子,ㄉㄧˊ ㄗˇ
嫡長子,ㄉㄧˊ ㄓㄤˇ ㄗˇ
嫩骨頭,ㄋㄣˋ ㄍㄨˊ ˙ㄊㄡ
嬈嬈,ㄧㄠˇ ㄧㄠˇ
嬈惱,ㄖㄠˇ ㄋㄠˇ
嬋媛,ㄔㄢˊ ㄩㄢˊ
嬌哥兒,ㄐㄧㄠ ㄍㄜ ㄦ
嬌娜,ㄐㄧㄠ ㄋㄨㄛˊ
嬌嫋不勝,ㄐㄧㄠ ㄋㄧㄠˇ ㄅㄨˋ ㄕㄥ
嬌嬾,ㄐㄧㄠ ㄌㄢˇ
嬌子如殺子,ㄐㄧㄠ ㄗˇ ㄖㄨˊ ㄕㄚ ㄗˇ
嬌怯,ㄐㄧㄠ ㄑㄩㄝˋ
嬌怯怯,ㄐㄧㄠ ㄑㄩㄝˋ ㄑㄩㄝˋ
嬛佞,ㄒㄩㄢ ㄋㄧㄥˋ
嬛嬛,ㄒㄩㄢ ㄒㄩㄢ
嬝娜,ㄋㄧㄠˇ ㄋㄨㄛˊ
嬝娜纖巧,ㄋㄧㄠˇ ㄋㄨㄛˊ ㄒㄧㄢ ㄑㄧㄠˇ
嬝娜風流,ㄋㄧㄠˇ ㄋㄨㄛˊ ㄈㄥ ㄌㄧㄡˊ
嬝嬝娜娜,ㄋㄧㄠˇ ㄋㄧㄠˇ ㄋㄨㄛˊ ㄋㄨㄛˊ
嬤嬤,ㄇㄚ ˙ㄇㄚ
嬤嬤媽,ㄇㄚ ˙ㄇㄚ ㄇㄚ
嬤嬤爹,ㄇㄚ ˙ㄇㄚ ㄉㄧㄝ
嬪從,ㄆㄧㄣˊ ㄗㄨㄥˋ
嬰薄,ㄧㄥ ㄅㄛˊ
嬸嬸,ㄕㄣˇ ˙ㄕㄣ
子代,ㄗˇ ㄉㄞˋ
子來,ㄗˇ ㄌㄞˊ
子兒,ㄗˇ ㄦ
子兒鹽,ㄗˇ ㄦ ㄧㄢˊ
子午卯酉,ㄗˇ ㄨˇ ㄇㄠˇ ㄧㄡˇ
子午線,ㄗˇ ㄨˇ ㄒㄧㄢˋ
子午蓮,ㄗˇ ㄨˇ ㄌㄧㄢˊ
子卯不樂,ㄗˇ ㄇㄠˇ ㄅㄨˋ ㄩㄝˋ
子口,ㄗˇ ˙ㄎㄡ
子囊,ㄗˇ ㄋㄤˊ
子囊城郢,ㄗˇ ㄋㄤˊ ㄔㄥˊ ㄧㄥˇ
子囊孢子,ㄗˇ ㄋㄤˊ ㄅㄠ ㄗˇ
子囊果,ㄗˇ ㄋㄤˊ ㄍㄨㄛˇ
子囊菌,ㄗˇ ㄋㄤˊ ㄐㄩㄣˋ
子城,ㄗˇ ㄔㄥˊ
子埝,ㄗˇ ㄋㄧㄢˋ
子夏,ㄗˇ ㄒㄧㄚˋ
子夏懸鶉,ㄗˇ ㄒㄧㄚˋ ㄒㄩㄢˊ ㄔㄨㄣˊ
子夏肥,ㄗˇ ㄒㄧㄚˋ ㄈㄟˊ
子夜,ㄗˇ ㄧㄝˋ
子夜歌,ㄗˇ ㄧㄝˋ ㄍㄜ
子大夫,ㄗˇ ㄉㄚˋ ㄈㄨ
子女,ㄗˇ ㄋㄩˇ
子女玉帛,ㄗˇ ㄋㄩˇ ㄩˋ ㄅㄛˊ
子姓,ㄗˇ ㄒㄧㄥˋ
子姪,ㄗˇ ㄓˊ
子婦,ㄗˇ ㄈㄨˋ
子婿,ㄗˇ ㄒㄩˋ
子嬰,ㄗˇ ㄧㄥ
子子孫孫,ㄗˇ ㄗˇ ㄙㄨㄣ ㄙㄨㄣ
子孝孫賢,ㄗˇ ㄒㄧㄠˋ ㄙㄨㄣ ㄒㄧㄢˊ
子孫,ㄗˇ ㄙㄨㄣ
子孫桶,ㄗˇ ㄙㄨㄣ ㄊㄨㄥˇ
子孫滿堂,ㄗˇ ㄙㄨㄣ ㄇㄢˇ ㄊㄤˊ
子宮,ㄗˇ ㄍㄨㄥ
子宮內膜異位症,ㄗˇ ㄍㄨㄥ ㄋㄟˋ ㄇㄛˋ ㄧˋ ㄨㄟˋ ㄓㄥˋ
子宮內膜癌,ㄗˇ ㄍㄨㄥ ㄋㄟˋ ㄇㄛˋ ㄧㄢˊ
子宮內避孕器,ㄗˇ ㄍㄨㄥ ㄋㄟˋ ㄅㄧˋ ㄩㄣˋ ㄑㄧˋ
子宮外孕,ㄗˇ ㄍㄨㄥ ㄨㄞˋ ㄩㄣˋ
子宮抹片檢查,ㄗˇ ㄍㄨㄥ ㄇㄛˇ ㄆㄧㄢˋ ㄐㄧㄢˇ ㄔㄚˊ
子宮環,ㄗˇ ㄍㄨㄥ ㄏㄨㄢˊ
子宮頸,ㄗˇ ㄍㄨㄥ ㄐㄧㄥˇ
子宮頸抹片檢查,ㄗˇ ㄍㄨㄥ ㄐㄧㄥˇ ㄇㄛˇ ㄆㄧㄢˋ ㄐㄧㄢˇ ㄔㄚˊ
子宮頸炎,ㄗˇ ㄍㄨㄥ ㄐㄧㄥˇ ㄧㄢˊ
子宮頸癌,ㄗˇ ㄍㄨㄥ ㄐㄧㄥˇ ㄧㄢˊ
子實,ㄗˇ ㄕˊ
子平,ㄗˇ ㄆㄧㄥˊ
子平畢娶,ㄗˇ ㄆㄧㄥˊ ㄅㄧˋ ㄑㄩˇ
子建,ㄗˇ ㄐㄧㄢˋ
子弟,ㄗˇ ㄉㄧˋ
子弟兵,ㄗˇ ㄉㄧˋ ㄅㄧㄥ
子弟書,ㄗˇ ㄉㄧˋ ㄕㄨ
子弦,ㄗˇ ㄒㄧㄢˊ
子張,ㄗˇ ㄓㄤ
子彈,ㄗˇ ㄉㄢˋ
子思,ㄗˇ ㄙ
子息,ㄗˇ ㄒㄧˊ
子房,ㄗˇ ㄈㄤˊ
子承父業,ㄗˇ ㄔㄥˊ ㄈㄨˋ ㄧㄝˋ
子推,ㄗˇ ㄊㄨㄟ
子春之疾,ㄗˇ ㄔㄨㄣ ㄓ ㄐㄧˊ
子時,ㄗˇ ㄕˊ
子曰行,ㄗˇ ㄩㄝ ㄏㄤˊ
子曰詩云,ㄗˇ ㄩㄝ ㄕ ㄩㄣˊ
子書,ㄗˇ ㄕㄨ
子母印,ㄗˇ ㄇㄨˇ ㄧㄣˋ
子母扣兒,ㄗˇ ㄇㄨˇ ㄎㄡˋ ㄦ
子母相權,ㄗˇ ㄇㄨˇ ㄒㄧㄤ ㄑㄩㄢˊ
子母船,ㄗˇ ㄇㄨˇ ㄔㄨㄢˊ
子民,ㄗˇ ㄇㄧㄣˊ
子法,ㄗˇ ㄈㄚˇ
子游,ㄗˇ ㄧㄡˊ
子牙河,ㄗˇ ㄧㄚˊ ㄏㄜˊ
子犯,ㄗˇ ㄈㄢˋ
子產,ㄗˇ ㄔㄢˇ
子皋,ㄗˇ ㄍㄠ
子目,ㄗˇ ㄇㄨˋ
子童,ㄗˇ ㄊㄨㄥˊ
子細,ㄗˇ ㄒㄧˋ
子罕辭寶,ㄗˇ ㄏㄢˇ ㄘˊ ㄅㄠˇ
子職,ㄗˇ ㄓˊ
子胤,ㄗˇ ㄧㄣˋ
子葉,ㄗˇ ㄧㄝˋ
子虛,ㄗˇ ㄒㄩ
子虛烏有,ㄗˇ ㄒㄩ ㄨ ㄧㄡˇ
子虛賦,ㄗˇ ㄒㄩ ㄈㄨˋ
子衣,ㄗˇ ㄧ
子衿,ㄗˇ ㄐㄧㄣ
子規,ㄗˇ ㄍㄨㄟ
子貢,ㄗˇ ㄍㄨㄥˋ
子路,ㄗˇ ㄌㄨˋ
子路結纓,ㄗˇ ㄌㄨˋ ㄐㄧㄝˊ ㄧㄥ
子路負米,ㄗˇ ㄌㄨˋ ㄈㄨˋ ㄇㄧˇ
子輿,ㄗˇ ㄩˊ
子部,ㄗˇ ㄅㄨˋ
子都,ㄗˇ ㄉㄨ
子金,ㄗˇ ㄐㄧㄣ
子錢,ㄗˇ ㄑㄧㄢˊ
子音,ㄗˇ ㄧㄣ
孔佛,ㄎㄨㄥˇ ㄈㄛˊ
孔叢子,ㄎㄨㄥˇ ㄘㄨㄥˊ ㄗˇ
孔夫子,ㄎㄨㄥˇ ㄈㄨ ㄗˇ
孔夫子門前賣文章,ㄎㄨㄥˇ ㄈㄨ ㄗˇ ㄇㄣˊ ㄑㄧㄢˊ ㄇㄞˋ ㄨㄣˊ ㄓㄤ
孔子,ㄎㄨㄥˇ ㄗˇ
孔子家語,ㄎㄨㄥˇ ㄗˇ ㄐㄧㄚ ㄩˇ
孔子廟,ㄎㄨㄥˇ ㄗˇ ㄇㄧㄠˋ
孔子廟堂碑,ㄎㄨㄥˇ ㄗˇ ㄇㄧㄠˋ ㄊㄤˊ ㄅㄟ
孔子白,ㄎㄨㄥˇ ㄗˇ ㄅㄞˊ
孔子誕辰紀念,ㄎㄨㄥˇ ㄗˇ ㄉㄢˋ ㄔㄣˊ ㄐㄧˋ ㄋㄧㄢˋ
孔父嘉,ㄎㄨㄥˇ ㄈㄨˇ ㄐㄧㄚ
孕吐,ㄩㄣˋ ㄊㄨˋ
字帖,ㄗˋ ㄊㄧㄝˋ
字相學,ㄗˋ ㄒㄧㄤˋ ㄒㄩㄝˊ
字眼兒,ㄗˋ ㄧㄢˇ ㄦ
字裡行間,ㄗˋ ㄌㄧˇ ㄏㄤˊ ㄐㄧㄢ
存勞,ㄘㄨㄣˊ ㄌㄠˋ
存沒,ㄘㄨㄣˊ ㄇㄛˋ
存省,ㄘㄨㄣˊ ㄒㄧㄥˇ
孚乳,ㄈㄨ ㄖㄨˇ
孛婁,ㄅㄛˊ ㄌㄡˊ
孛孛,ㄅㄛˊ ㄅㄛˊ
孛相,ㄅㄛˊ ㄒㄧㄤˋ
孛籃,ㄅㄛˊ ㄌㄢˊ
孛羅,ㄅㄛˊ ㄌㄨㄛˊ
孛老,ㄅㄛˊ ㄌㄠˇ
孛蘭,ㄅㄛˊ ㄌㄢˊ
孝先便腹,ㄒㄧㄠˋ ㄒㄧㄢ ㄆㄧㄢˊ ㄈㄨˋ
孝子,ㄒㄧㄠˋ ㄗˇ
孝子慈孫,ㄒㄧㄠˋ ㄗˇ ㄘˊ ㄙㄨㄣ
孝子賢孫,ㄒㄧㄠˋ ㄗˇ ㄒㄧㄢˊ ㄙㄨㄣ
孝家,ㄒㄧㄠˋ ˙ㄐㄧㄚ
孝弟,ㄒㄧㄠˋ ㄊㄧˋ
孝弟力田,ㄒㄧㄠˋ ㄊㄧˋ ㄌㄧˋ ㄊㄧㄢˊ
孝行,ㄒㄧㄠˋ ㄒㄧㄥˋ
孝行可嘉,ㄒㄧㄠˋ ㄒㄧㄥˋ ㄎㄜˇ ㄐㄧㄚ
孝養,ㄒㄧㄠˋ ㄧㄤˋ
孟什維克,ㄇㄥˋ ㄕˊ ㄨㄟˊ ㄎㄜˋ
孟子,ㄇㄥˋ ㄗˇ
孟懿子,ㄇㄥˋ ㄧˋ ㄗˇ
孟賁,ㄇㄥˋ ㄅㄣ
孢子,ㄅㄠ ㄗˇ
孢子世代,ㄅㄠ ㄗˇ ㄕˋ ㄉㄞˋ
孢子器,ㄅㄠ ㄗˇ ㄑㄧˋ
孢子囊,ㄅㄠ ㄗˇ ㄋㄤˊ
孢子囊群,ㄅㄠ ㄗˇ ㄋㄤˊ ㄑㄩㄣˊ
孢子植物,ㄅㄠ ㄗˇ ㄓˊ ㄨˋ
孢子葉,ㄅㄠ ㄗˇ ㄧㄝˋ
孢子蟲,ㄅㄠ ㄗˇ ㄔㄨㄥˊ
孢子體,ㄅㄠ ㄗˇ ㄊㄧˇ
季子,ㄐㄧˋ ㄗˇ
季子囊空,ㄐㄧˋ ㄗˇ ㄋㄤˊ ㄎㄨㄥ
季子裘敝,ㄐㄧˋ ㄗˇ ㄑㄧㄡˊ ㄅㄧˋ
孤力難為,ㄍㄨ ㄌㄧˋ ㄋㄢˊ ㄨㄟˊ
孤哀子,ㄍㄨ ㄞ ㄗˇ
孤子,ㄍㄨ ㄗˇ
孤帆,ㄍㄨ ㄈㄢˊ
孤燈挑盡,ㄍㄨ ㄉㄥ ㄊㄧㄠˇ ㄐㄧㄣˋ
孤臣孽子,ㄍㄨ ㄔㄣˊ ㄋㄧㄝˋ ㄗˇ
孤鬼兒,ㄍㄨ ㄍㄨㄟˇ ㄦ
孩兒們,ㄏㄞˊ ㄦ ˙ㄇㄣ
孫子兵法,ㄙㄨㄣ ㄗˇ ㄅㄧㄥ ㄈㄚˇ
孱困,ㄔㄢˊ ㄎㄨㄣˋ
孱夫,ㄔㄢˊ ㄈㄨ
孱弱,ㄔㄢˊ ㄖㄨㄛˋ
孱王,ㄔㄢˊ ㄨㄤˊ
孱瑣,ㄔㄢˊ ㄙㄨㄛˇ
孱羸,ㄔㄢˊ ㄌㄟˊ
孱軀,ㄔㄢˊ ㄑㄩ
孱頭,ㄘㄢˋ ˙ㄊㄡ
孱頭貨,ㄘㄢˋ ˙ㄊㄡ ㄏㄨㄛˋ
孳尾,ㄗˋ ㄨㄟˇ
學了個不留,ㄒㄩㄝˊ ˙ㄌㄜ ˙ㄍㄜ ㄅㄨˋ ㄌㄧㄡˊ
學子,ㄒㄩㄝˊ ㄗˇ
學富五車,ㄒㄩㄝˊ ㄈㄨˋ ㄨˇ ㄐㄩ
學舍,ㄒㄩㄝˊ ㄕㄜˋ
學行,ㄒㄩㄝˊ ㄒㄧㄥˋ
孺子,ㄖㄨˊ ㄗˇ
孺子可教,ㄖㄨˊ ㄗˇ ㄎㄜˇ ㄐㄧㄠˋ
孺子嬰,ㄖㄨˊ ㄗˇ ㄧㄥ
孺子牛,ㄖㄨˊ ㄗˇ ㄋㄧㄡˊ
孽子,ㄋㄧㄝˋ ㄗˇ
孽子孤臣,ㄋㄧㄝˋ ㄗˇ ㄍㄨ ㄔㄣˊ
孽障種子,ㄋㄧㄝˋ ㄓㄤˋ ㄓㄨㄥˇ ㄗˇ
孿子,ㄌㄨㄢˊ ㄗˇ
孿生子,ㄌㄨㄢˊ ㄕㄥ ㄗˇ
它們,ㄊㄨㄛ ˙ㄇㄣ
它囂,ㄊㄨㄛ ㄒㄧㄠ
宅相,ㄓㄞˊ ㄒㄧㄤˋ
守分,ㄕㄡˇ ㄈㄣˋ
守喪,ㄕㄡˇ ㄙㄤ
守更,ㄕㄡˇ ㄍㄥ
守株伺兔,ㄕㄡˇ ㄓㄨ ㄙˋ ㄊㄨˋ
守正不阿,ㄕㄡˇ ㄓㄥˋ ㄅㄨˋ ㄜ
守舍,ㄕㄡˇ ㄕㄜˋ
安上,ㄢ ˙ㄕㄤ
安內攘外,ㄢ ㄋㄟˋ ㄖㄤˊ ㄨㄞˋ
安全玻璃,ㄢ ㄑㄩㄢˊ ㄅㄛ ˙ㄌㄧ
安公子,ㄢ ㄍㄨㄥ ㄗˇ
安分,ㄢ ㄈㄣˋ
安分守己,ㄢ ㄈㄣˋ ㄕㄡˇ ㄐㄧˇ
安分守紀,ㄢ ㄈㄣˋ ㄕㄡˇ ㄐㄧˋ
安南子,ㄢ ㄋㄢˊ ㄗˇ
安宅,ㄢ ㄓㄜˋ
安宅正路,ㄢ ㄓㄜˋ ㄓㄥˋ ㄌㄨˋ
安守本分,ㄢ ㄕㄡˇ ㄅㄣˇ ㄈㄣˋ
安家帖,ㄢ ㄐㄧㄚ ㄊㄧㄝˇ
安常處順,ㄢ ㄔㄤˊ ㄔㄨˇ ㄕㄨㄣˋ
安得,ㄢ ㄉㄜˊ
安得列夫,ㄢ ㄉㄜˊ ㄌㄧㄝˋ ㄈㄨ
安扎,ㄢ ㄓㄚˊ
安提阿,ㄢ ㄊㄧˊ ㄚˋ
安時處順,ㄢ ㄕˊ ㄔㄨˇ ㄕㄨㄣˋ
安步當車,ㄢ ㄅㄨˋ ㄉㄤ ㄐㄩ
安營紮寨,ㄢ ㄧㄥˊ ㄓㄚˊ ㄓㄞˋ
安老懷少,ㄢ ㄌㄠˇ ㄏㄨㄞˊ ㄕㄠˋ
安著,ㄢ ㄓㄨㄛˊ
安處,ㄢ ㄔㄨˇ
安闍那,ㄢ ㄕㄜˊ ㄋㄚˋ
安難,ㄢ ㄋㄢˋ
安魂曲,ㄢ ㄏㄨㄣˊ ㄑㄩˇ
宋應星,ㄙㄨㄥˋ ㄧㄥˋ ㄒㄧㄥ
完全蛋白質,ㄨㄢˊ ㄑㄩㄢˊ ㄉㄢˋ ㄅㄞˊ ㄓˊ
宏碩,ㄏㄨㄥˊ ㄕˊ
宏都拉斯,ㄏㄨㄥˊ ㄉㄨ ㄌㄚ ㄙ
宏都拉斯共和國,ㄏㄨㄥˊ ㄉㄨ ㄌㄚ ㄙ ㄍㄨㄥˋ ㄏㄜˊ ㄍㄨㄛˊ
宓妃,ㄈㄨˊ ㄈㄟ
宓子賤彈鳴琴,ㄈㄨˊ ㄗˇ ㄐㄧㄢˋ ㄊㄢˊ ㄇㄧㄥˊ ㄑㄧㄣˊ
宓戲,ㄈㄨˊ ㄒㄧˋ
宓羲,ㄈㄨˊ ㄒㄧ
宕子,ㄉㄤˋ ㄗˇ
宗喀巴,ㄗㄨㄥ ㄎㄚˋ ㄅㄚ
宗子,ㄗㄨㄥ ㄗˇ
宗教音樂,ㄗㄨㄥ ㄐㄧㄠˋ ㄧㄣ ㄩㄝˋ
官不威牙爪威,ㄍㄨㄢ ㄅㄨˋ ㄨㄟ ㄧㄚˊ ㄓㄨㄚˇ ㄨㄟ
官倒,ㄍㄨㄢ ㄉㄠˇ
官兒,ㄍㄨㄢ ㄦ
官刻本,ㄍㄨㄢ ㄎㄜ ㄅㄣˇ
官卑祿薄,ㄍㄨㄢ ㄅㄟ ㄌㄨˋ ㄅㄛˊ
官卷,ㄍㄨㄢ ㄐㄩㄢˋ
官司,ㄍㄨㄢ ˙ㄙ
官場,ㄍㄨㄢ ㄔㄤˊ
官場如戲,ㄍㄨㄢ ㄔㄤˊ ㄖㄨˊ ㄒㄧˋ
官客,ㄍㄨㄢ ˙ㄎㄜ
官差,ㄍㄨㄢ ㄔㄞ
官帖,ㄍㄨㄢ ㄊㄧㄝˋ
官座兒,ㄍㄨㄢ ㄗㄨㄛˋ ㄦ
官情紙薄,ㄍㄨㄢ ㄑㄧㄥˊ ㄓˇ ㄅㄛˊ
官星透露,ㄍㄨㄢ ㄒㄧㄥ ㄊㄡˋ ㄌㄡˋ
官會子,ㄍㄨㄢ ㄏㄨㄟˋ ㄗˇ
官板兒,ㄍㄨㄢ ㄅㄢˇ ㄦ
官樣,ㄍㄨㄢ ˙ㄧㄤ
官稱兒,ㄍㄨㄢ ㄔㄥ ㄦ
官舍,ㄍㄨㄢ ㄕㄜˋ
官衫帔子,ㄍㄨㄢ ㄕㄢ ㄆㄟˋ ㄗˇ
官面兒,ㄍㄨㄢ ㄇㄧㄢˋ ㄦ
定光油兒,ㄉㄧㄥˋ ㄍㄨㄤ ㄧㄡˊ ㄦ
定分,ㄉㄧㄥˋ ㄈㄣˋ
定場白,ㄉㄧㄥˋ ㄔㄤˊ ㄅㄞˊ
定場詩,ㄉㄧㄥˋ ㄔㄤˊ ㄕ
定應,ㄉㄧㄥˋ ㄧㄥˋ
定更,ㄉㄧㄥˋ ㄍㄥ
定相,ㄉㄧㄥˋ ㄒㄧㄤˋ
定省,ㄉㄧㄥˋ ㄒㄧㄥˇ
定睛一相,ㄉㄧㄥˋ ㄐㄧㄥ ㄧ ㄒㄧㄤˋ
定都,ㄉㄧㄥˋ ㄉㄨ
宜春帖,ㄧˊ ㄔㄨㄣ ㄊㄧㄝˇ
宜母子,ㄧˊ ㄇㄨˇ ㄗˇ
宜興壺,ㄧˊ ㄒㄧㄥ ㄏㄨˊ
宜興瓷,ㄧˊ ㄒㄧㄥ ㄘˊ
宜興縣,ㄧˊ ㄒㄧㄥ ㄒㄧㄢˋ
客作兒,ㄎㄜˋ ㄗㄨㄛˋ ㄦ
客子,ㄎㄜˋ ㄗˇ
客將司,ㄎㄜˋ ㄐㄧㄤˋ ㄙ
客氣,ㄎㄜˋ ˙ㄑㄧ
客氣話,ㄎㄜˋ ˙ㄑㄧ ㄏㄨㄚˋ
客舍,ㄎㄜˋ ㄕㄜˋ
宣卷,ㄒㄩㄢ ㄐㄩㄢˋ
宣父,ㄒㄩㄢ ㄈㄨˇ
室內樂,ㄕˋ ㄋㄟˋ ㄩㄝˋ
宮掖,ㄍㄨㄥ ㄧㄝˋ
宮本武藏,ㄍㄨㄥ ㄅㄣˇ ㄨˇ ㄗㄤˋ
宮觀,ㄍㄨㄥ ㄍㄨㄢˋ
宮車晏駕,ㄍㄨㄥ ㄐㄩ ㄧㄢˋ ㄐㄧㄚˋ
宰予,ㄗㄞˇ ㄩˊ
宰相,ㄗㄞˇ ㄒㄧㄤˋ
宰相肚裡好撐船,ㄗㄞˇ ㄒㄧㄤˋ ㄉㄨˋ ㄌㄧˇ ㄏㄠˇ ㄔㄥ ㄔㄨㄢˊ
害臊,ㄏㄞˋ ㄙㄠˋ
宵分,ㄒㄧㄠ ㄈㄣˋ
家乘,ㄐㄧㄚ ㄕㄥˋ
家人子,ㄐㄧㄚ ㄖㄣˊ ㄗˇ
家什,ㄐㄧㄚ ㄕˊ
家伙,ㄐㄧㄚ ˙ㄏㄨㄛ
家和萬事興,ㄐㄧㄚ ㄏㄜˊ ㄨㄢˋ ㄕˋ ㄒㄧㄥ
家將,ㄐㄧㄚ ㄐㄧㄤˋ
家底兒,ㄐㄧㄚ ㄉㄧˇ ㄦ
家樂,ㄐㄧㄚ ㄩㄝˋ
家無儋石,ㄐㄧㄚ ㄨˊ ㄉㄢ ㄉㄢˋ
家無擔石,ㄐㄧㄚ ㄨˊ ㄉㄢˋ ㄕˊ
家無長物,ㄐㄧㄚ ㄨˊ ㄓㄤˋ ㄨˋ
家當,ㄐㄧㄚ ˙ㄉㄤ
家相,ㄐㄧㄚ ㄒㄧㄤˋ
家種,ㄐㄧㄚ ㄓㄨㄥˋ
家累,ㄐㄧㄚ ㄌㄟˇ
家給,ㄐㄧㄚ ㄐㄧˇ
家給人足,ㄐㄧㄚ ㄐㄧˇ ㄖㄣˊ ㄗㄨˊ
家給戶贍,ㄐㄧㄚ ㄐㄧˇ ㄏㄨˋ ㄕㄢˋ
家給民足,ㄐㄧㄚ ㄐㄧˇ ㄇㄧㄣˊ ㄗㄨˊ
家老兒,ㄐㄧㄚ ㄌㄠˇ ㄦ
家行,ㄐㄧㄚ ㄒㄧㄥˋ
家裡,ㄐㄧㄚ ˙ㄌㄧ
家道從容,ㄐㄧㄚ ㄉㄠˋ ㄘㄨㄥ ㄖㄨㄥˊ
家長裡短,ㄐㄧㄚ ㄔㄤˊ ㄌㄧˇ ㄉㄨㄢˇ
容不下,ㄖㄨㄥˊ ˙ㄅㄨ ㄒㄧㄚˋ
容俟,ㄖㄨㄥˊ ㄙˋ
容臭,ㄖㄨㄥˊ ㄒㄧㄡˋ
容質,ㄖㄨㄥˊ ㄓˊ
容車,ㄖㄨㄥˊ ㄐㄩ
容長臉,ㄖㄨㄥˊ ㄔㄤˊ ㄌㄧㄢˇ
宿將,ㄙㄨˋ ㄐㄧㄤˋ
宿將舊卒,ㄙㄨˋ ㄐㄧㄤˋ ㄐㄧㄡˋ ㄗㄨˊ
宿舍,ㄙㄨˋ ㄕㄜˋ
密勒日巴,ㄇㄧˋ ㄌㄜˋ ㄖˋ ㄅㄚ
密集部署,ㄇㄧˋ ㄐㄧˊ ㄅㄨˋ ㄕㄨˋ
富商大賈,ㄈㄨˋ ㄕㄤ ㄉㄚˋ ㄍㄨˇ
富埒天子,ㄈㄨˋ ㄌㄜˋ ㄊㄧㄢ ㄗˇ
富家子,ㄈㄨˋ ㄐㄧㄚ ㄗˇ
富態,ㄈㄨˋ ˙ㄊㄞ
富而好施,ㄈㄨˋ ㄦˊ ㄏㄠˋ ㄕ
富而好禮,ㄈㄨˋ ㄦˊ ㄏㄠˋ ㄌㄧˇ
富貴一場春夢,ㄈㄨˋ ㄍㄨㄟˋ ㄧ ㄔㄤˊ ㄔㄨㄣ ㄇㄥˋ
富餘,ㄈㄨˋ ˙ㄩ
寒假,ㄏㄢˊ ㄐㄧㄚˋ
寒傖相,ㄏㄢˊ ㄘㄤ ㄒㄧㄤˋ
寒山子,ㄏㄢˊ ㄕㄢ ㄗˇ
寒怯,ㄏㄢˊ ㄑㄩㄝˋ
寒木春華,ㄏㄢˊ ㄇㄨˋ ㄔㄨㄣ ㄏㄨㄚ
寒燠,ㄏㄢˊ ㄠˋ
寒相,ㄏㄢˊ ㄒㄧㄤˋ
寒磣,ㄏㄢˊ ˙ㄔㄣ
寒舍,ㄏㄢˊ ㄕㄜˋ
寒薄,ㄏㄢˊ ㄅㄛˊ
寒號蟲,ㄏㄢˊ ㄏㄠˊ ㄔㄨㄥˊ
察合臺汗國,ㄔㄚˊ ㄏㄜˊ ㄊㄞˊ ㄏㄢˊ ㄍㄨㄛˊ
察察為明,ㄔㄚˊ ㄔㄚˊ ㄨㄟˊ ㄇㄧㄥˊ
察相,ㄔㄚˊ ㄒㄧㄤˋ
察罕帖木兒,ㄔㄚˊ ㄏㄢˇ ㄊㄧㄝˋ ㄇㄨˋ ㄦˊ
寡剌,ㄍㄨㄚˇ ㄌㄚˋ
寡將,ㄍㄨㄚˇ ㄐㄧㄤˋ
寡廉鮮恥,ㄍㄨㄚˇ ㄌㄧㄢˊ ㄒㄧㄢˇ ㄔˇ
寡拉主兒,ㄍㄨㄚˇ ㄌㄚ ㄓㄨˇ ㄦ
寡見鮮聞,ㄍㄨㄚˇ ㄐㄧㄢˋ ㄒㄧㄢˇ ㄨㄣˊ
寢苫枕塊,ㄑㄧㄣˇ ㄕㄢ ㄓㄣˋ ㄎㄨㄞˋ
寢苫枕草,ㄑㄧㄣˇ ㄕㄢ ㄓㄣˋ ㄘㄠˇ
寢處,ㄑㄧㄣˇ ㄔㄨˇ
寥寥可數,ㄌㄧㄠˊ ㄌㄧㄠˊ ㄎㄜˇ ㄕㄨˇ
實打實,ㄕˊ ˙ㄉㄚ ㄕˊ
實相,ㄕˊ ㄒㄧㄤˋ
實習銀行,ㄕˊ ㄒㄧˊ ㄧㄣˊ ㄏㄤˊ
實葫蘆,ㄕˊ ㄏㄨˊ ˙ㄌㄨ
實質,ㄕˊ ㄓˊ
實質利率,ㄕˊ ㄓˊ ㄌㄧˋ ㄌㄩˋ
實質所得,ㄕˊ ㄓˊ ㄙㄨㄛˇ ㄉㄜˊ
實質違建,ㄕˊ ㄓˊ ㄨㄟˊ ㄐㄧㄢˋ
實驗劇場,ㄕˊ ㄧㄢˋ ㄐㄩˋ ㄔㄤˊ
寧個,ㄋㄧㄥˊ ˙ㄍㄜ
寧馨,ㄋㄧㄥˊ ㄒㄧㄥ
寧馨兒,ㄋㄧㄥˊ ㄒㄧㄥ ㄦˊ
審囚刷卷,ㄕㄣˇ ㄑㄧㄡˊ ㄕㄨㄚ ㄐㄩㄢˋ
審己度人,ㄕㄣˇ ㄐㄧˇ ㄉㄨㄛˋ ㄖㄣˊ
審度,ㄕㄣˇ ㄉㄨㄛˋ
審時度勢,ㄕㄣˇ ㄕˊ ㄉㄨㄛˋ ㄕˋ
審處,ㄕㄣˇ ㄔㄨˇ
寫字兒,ㄒㄧㄝˇ ㄗˋ ㄦ
寫意兒,ㄒㄧㄝˋ ㄧˋ ㄦ
寬大為懷,ㄎㄨㄢ ㄉㄚˋ ㄨㄟˊ ㄏㄨㄞˊ
寬心丸兒,ㄎㄨㄢ ㄒㄧㄣ ㄨㄢˊ ㄦ
寶剎,ㄅㄠˇ ㄔㄚˋ
寶匳,ㄅㄠˇ ㄌㄧㄢˊ
寶卷,ㄅㄠˇ ㄐㄩㄢˋ
寶子,ㄅㄠˇ ㄗˇ
寶應,ㄅㄠˇ ㄧㄥˋ
寶應縣,ㄅㄠˇ ㄧㄥˋ ㄒㄧㄢˋ
寶晉齋法帖,ㄅㄠˇ ㄐㄧㄣˋ ㄓㄞ ㄈㄚˇ ㄊㄧㄝˋ
寶玩,ㄅㄠˇ ㄨㄢˋ
寶生佛,ㄅㄠˇ ㄕㄥ ㄈㄛˊ
寶相,ㄅㄠˇ ㄒㄧㄤˋ
寶相莊嚴,ㄅㄠˇ ㄒㄧㄤˋ ㄓㄨㄤ ㄧㄢˊ
寶興縣,ㄅㄠˇ ㄒㄧㄥ ㄒㄧㄢˋ
寶藏,ㄅㄠˇ ㄗㄤˋ
寸善片長,ㄘㄨㄣˋ ㄕㄢˋ ㄆㄧㄢˋ ㄔㄤˊ
寸積銖累,ㄘㄨㄣˋ ㄐㄧ ㄓㄨ ㄌㄟˇ
寸長,ㄘㄨㄣˋ ㄔㄤˊ
寸長尺技,ㄘㄨㄣˋ ㄔㄤˊ ㄔˇ ㄐㄧˋ
寸長尺短,ㄘㄨㄣˋ ㄔㄤˊ ㄔˇ ㄉㄨㄢˇ
寺舍,ㄙˋ ㄕㄜˋ
封侯拜相,ㄈㄥ ㄏㄡˊ ㄅㄞˋ ㄒㄧㄤˋ
封侯賜爵,ㄈㄥ ㄏㄡˊ ㄙˋ ㄐㄩㄝˊ
封兒,ㄈㄥ ㄦ
封妻廕子,ㄈㄥ ㄑㄧ ㄧㄣˋ ㄗˇ
封神傳,ㄈㄥ ㄕㄣˊ ㄓㄨㄢˋ
封禪,ㄈㄥ ㄕㄢˋ
封豕長蛇,ㄈㄥ ㄕˇ ㄔㄤˊ ㄕㄜˊ
封鎖現場,ㄈㄥ ㄙㄨㄛˇ ㄒㄧㄢˋ ㄔㄤˊ
射中,ㄕㄜˋ ㄓㄨㄥˋ
射干,ㄧㄝˋ ㄍㄢ
將令,ㄐㄧㄤˋ ㄌㄧㄥˋ
將仲子,ㄐㄧㄤ ㄓㄨㄥˋ ㄗˇ
將伯,ㄑㄧㄤ ㄅㄛˊ
將伯之助,ㄑㄧㄤ ㄅㄛˊ ㄓ ㄓㄨˋ
將佐,ㄐㄧㄤˋ ㄗㄨㄛˇ
將假當真,ㄐㄧㄤ ㄐㄧㄚˇ ㄉㄤˋ ㄓㄣ
將傍,ㄐㄧㄤ ㄅㄤ
將兵,ㄐㄧㄤˋ ㄅㄧㄥ
將兵長史,ㄐㄧㄤˋ ㄅㄧㄥ ㄓㄤˇ ㄕˇ
將印,ㄐㄧㄤˋ ㄧㄣˋ
將吏,ㄐㄧㄤˋ ㄌㄧˋ
將在謀不在勇,ㄐㄧㄤˋ ㄗㄞˋ ㄇㄡˊ ㄅㄨˋ ㄗㄞˋ ㄩㄥˇ
將士,ㄐㄧㄤˋ ㄕˋ
將士用命,ㄐㄧㄤˋ ㄕˋ ㄩㄥˋ ㄇㄧㄥˋ
將官,ㄐㄧㄤˋ ㄍㄨㄢ
將將,ㄑㄧㄤ ㄑㄧㄤ
將帥,ㄐㄧㄤˋ ㄕㄨㄞˋ
將帶,ㄐㄧㄤˋ ㄉㄞˋ
將弁,ㄐㄧㄤˋ ㄅㄧㄢˋ
將才,ㄐㄧㄤˋ ㄘㄞˊ
將指,ㄐㄧㄤˋ ㄓˇ
將星,ㄐㄧㄤˋ ㄒㄧㄥ
將校,ㄐㄧㄤˋ ㄒㄧㄠˋ
將為,ㄐㄧㄤ ㄨㄟˊ
將略,ㄐㄧㄤˋ ㄌㄩㄝˋ
將相,ㄐㄧㄤˋ ㄒㄧㄤˋ
將相和,ㄐㄧㄤˋ ㄒㄧㄤˋ ㄏㄜˊ
將相器,ㄐㄧㄤˋ ㄒㄧㄤˋ ㄑㄧˋ
將相本無種,ㄐㄧㄤˋ ㄒㄧㄤˋ ㄅㄣˇ ㄨˊ ㄓㄨㄥˇ
將相雙權,ㄐㄧㄤˋ ㄒㄧㄤˋ ㄕㄨㄤ ㄑㄩㄢˊ
將遇良才,ㄐㄧㄤˋ ㄩˋ ㄌㄧㄤˊ ㄘㄞˊ
將銳兵驍,ㄐㄧㄤˋ ㄖㄨㄟˋ ㄅㄧㄥ ㄒㄧㄠ
將門,ㄐㄧㄤˋ ㄇㄣˊ
將門之子,ㄐㄧㄤˋ ㄇㄣˊ ㄓ ㄗˇ
將門虎子,ㄐㄧㄤˋ ㄇㄣˊ ㄏㄨˇ ㄗˇ
將領,ㄐㄧㄤˋ ㄌㄧㄥˇ
專差,ㄓㄨㄢ ㄔㄞ
專橫,ㄓㄨㄢ ㄏㄥˋ
專橫跋扈,ㄓㄨㄢ ㄏㄥˋ ㄅㄚˊ ㄏㄨˋ
專著,ㄓㄨㄢ ㄓㄨˋ
專長,ㄓㄨㄢ ㄔㄤˊ
尉犁縣,ㄩˋ ㄌㄧˊ ㄒㄧㄢˋ
尉遲,ㄩˋ ㄔˊ
尉遲乙僧,ㄩˋ ㄔˊ ㄧˇ ㄙㄥ
尉遲敬德,ㄩˋ ㄔˊ ㄐㄧㄥˋ ㄉㄜˊ
尊王攘夷,ㄗㄨㄣ ㄨㄤˊ ㄖㄤˊ ㄧˊ
尊相,ㄗㄨㄣ ㄒㄧㄤˋ
尋由頭兒,ㄒㄩㄣˊ ㄧㄡˊ ㄊㄡˊ ㄦ
尋行數墨,ㄒㄩㄣˊ ㄏㄤˊ ㄕㄨˇ ㄇㄛˋ
尋行逐隊,ㄒㄩㄣˊ ㄏㄤˊ ㄓㄨˊ ㄉㄨㄟˋ
尋錢,ㄒㄧㄣˊ ㄑㄧㄢˊ
對上,ㄉㄨㄟˋ ˙ㄕㄤ
對不住,ㄉㄨㄟˋ ˙ㄅㄨ ㄓㄨˋ
對不起,ㄉㄨㄟˋ ˙ㄅㄨ ㄑㄧˇ
對了檻兒,ㄉㄨㄟˋ ˙ㄌㄜ ㄎㄢˇ ㄦ
對付,ㄉㄨㄟˋ ˙ㄈㄨ
對光兒,ㄉㄨㄟˋ ㄍㄨㄤ ㄦ
對口相聲,ㄉㄨㄟˋ ㄎㄡˇ ㄒㄧㄤˋ ㄕㄥ
對天長嘆,ㄉㄨㄟˋ ㄊㄧㄢ ㄔㄤˊ ㄊㄢˋ
對應,ㄉㄨㄟˋ ㄧㄥˋ
對牛彈琴,ㄉㄨㄟˋ ㄋㄧㄡˊ ㄊㄢˊ ㄑㄧㄣˊ
對當,ㄉㄨㄟˋ ㄉㄤˋ
對稱,ㄉㄨㄟˋ ㄔㄥˋ
對聯兒,ㄉㄨㄟˋ ㄌㄧㄢˊ ㄦ
對茌兒,ㄉㄨㄟˋ ㄔˊ ㄦ
對著和尚罵賊禿,ㄉㄨㄟˋ ˙ㄓㄜ ㄏㄜˊ ˙ㄕㄤ ㄇㄚˋ ㄗㄟˊ ㄊㄨ
對質,ㄉㄨㄟˋ ㄓˊ
對還,ㄉㄨㄟˋ ㄏㄨㄢˊ
導管分子,ㄉㄠˇ ㄍㄨㄢˇ ㄈㄣ ㄗˇ
小不點兒,ㄒㄧㄠˇ ㄅㄨˋ ㄉㄧㄢˇ ㄦ
小丫頭,ㄒㄧㄠˇ ㄧㄚ ˙ㄊㄡ
小么兒,ㄒㄧㄠˇ ㄧㄠ ㄦ
小乘,ㄒㄧㄠˇ ㄕㄥˋ
小乘戒,ㄒㄧㄠˇ ㄕㄥˋ ㄐㄧㄝˋ
小人兒,ㄒㄧㄠˇ ㄖㄣˊ ㄦ
小人兒書,ㄒㄧㄠˇ ㄖㄣˊ ㄦ ㄕㄨ
小人得志,ㄒㄧㄠˇ ㄖㄣˊ ㄉㄜˊ ㄓˋ
小价,ㄒㄧㄠˇ ㄐㄧㄝˋ
小便宜,ㄒㄧㄠˇ ㄆㄧㄢˊ ㄧˊ
小倆口,ㄒㄧㄠˇ ㄌㄧㄤˇ ㄎㄡˇ
小傳,ㄒㄧㄠˇ ㄓㄨㄢˋ
小先生,ㄒㄧㄠˇ ㄒㄧㄢ ˙ㄕㄥ
小兩口兒,ㄒㄧㄠˇ ㄌㄧㄤˇ ㄎㄡˇ ㄦ
小劇場,ㄒㄧㄠˇ ㄐㄩˋ ㄔㄤˊ
小命兒,ㄒㄧㄠˇ ㄇㄧㄥˋ ㄦ
小哥兒們,ㄒㄧㄠˇ ㄍㄜ ㄦ ˙ㄇㄣ
小喇叭,ㄒㄧㄠˇ ㄌㄚˇ ˙ㄅㄚ
小嘍囉,ㄒㄧㄠˇ ㄌㄡˊ ㄌㄨㄛˊ
小器相,ㄒㄧㄠˇ ㄑㄧˋ ㄒㄧㄤˋ
小場面,ㄒㄧㄠˇ ㄔㄤˊ ㄇㄧㄢˋ
小夜曲,ㄒㄧㄠˇ ㄧㄝˋ ㄑㄩˇ
小夥計,ㄒㄧㄠˇ ㄏㄨㄛˇ ˙ㄐㄧ
小大姐兒裁械子,ㄒㄧㄠˇ ㄉㄚˋ ㄐㄧㄝˇ ㄦ ㄘㄞˊ ㄒㄧㄝˋ ˙ㄗ
小女人,ㄒㄧㄠˇ ㄋㄩˇ ˙ㄖㄣ
小女子,ㄒㄧㄠˇ ㄋㄩˇ ㄗˇ
小姐們兒,ㄒㄧㄠˇ ㄐㄧㄝˇ ˙ㄇㄣ ㄦ
小姑娘,ㄒㄧㄠˇ ㄍㄨ ˙ㄋㄧㄤ
小姑獨處,ㄒㄧㄠˇ ㄍㄨ ㄉㄨˊ ㄔㄨˇ
小娃娃,ㄒㄧㄠˇ ㄨㄚˊ ˙ㄨㄚ
小媽兒,ㄒㄧㄠˇ ㄇㄚ ㄦ
小嬸兒,ㄒㄧㄠˇ ㄕㄣˇ ㄦ
小子,ㄒㄧㄠˇ ㄗˇ
小子後生,ㄒㄧㄠˇ ㄗˇ ㄏㄡˋ ㄕㄥ
小孩子脾氣,ㄒㄧㄠˇ ㄏㄞˊ ˙ㄗ ㄆㄧˊ ˙ㄑㄧ
小官兒,ㄒㄧㄠˇ ㄍㄨㄢ ㄦ
小定兒,ㄒㄧㄠˇ ㄉㄧㄥˋ ㄦ
小家子,ㄒㄧㄠˇ ㄐㄧㄚ ㄗˇ
小家子氣,ㄒㄧㄠˇ ㄐㄧㄚ ˙ㄗ ˙ㄑㄧ
小將,ㄒㄧㄠˇ ㄐㄧㄤˋ
小山樂府,ㄒㄧㄠˇ ㄕㄢ ㄩㄝˋ ㄈㄨˇ
小巫見大巫,ㄒㄧㄠˇ ㄨˊ ㄐㄧㄢˋ ㄉㄚˋ ㄨˊ
小差事兒,ㄒㄧㄠˇ ㄔㄞ ˙ㄕ ㄦ
小帖兒,ㄒㄧㄠˇ ㄊㄧㄝˇ ㄦ
小年朝,ㄒㄧㄠˇ ㄋㄧㄢˊ ㄓㄠ
小底,ㄒㄧㄠˇ ˙ㄉㄜ
小弁,ㄒㄧㄠˇ ㄆㄢˊ
小心眼兒,ㄒㄧㄠˇ ㄒㄧㄣ ㄧㄢˇ ㄦ
小性兒,ㄒㄧㄠˇ ㄒㄧㄥˋ ㄦ
小怯大勇,ㄒㄧㄠˇ ㄑㄩㄝˋ ㄉㄚˋ ㄩㄥˇ
小意兒,ㄒㄧㄠˇ ㄧˋ ㄦ
小意思,ㄒㄧㄠˇ ㄧˋ ˙ㄙ
小戲兒,ㄒㄧㄠˇ ㄒㄧˋ ㄦ
小打扮兒,ㄒㄧㄠˇ ㄉㄚˇ ㄅㄢˋ ㄦ
小拇指,ㄒㄧㄠˇ ˙ㄇㄨ ㄓˇ
小掛兒,ㄒㄧㄠˇ ㄍㄨㄚˋ ㄦ
小插曲,ㄒㄧㄠˇ ㄔㄚ ㄑㄩˇ
小曲,ㄒㄧㄠˇ ㄑㄩˇ
小書兒,ㄒㄧㄠˇ ㄕㄨ ㄦ
小月,ㄒㄧㄠˇ ˙ㄩㄝ
小末因由兒,ㄒㄧㄠˇ ㄇㄛˋ ㄧㄣ ㄧㄡˊ ㄦ
小本生意,ㄒㄧㄠˇ ㄅㄣˇ ㄕㄥ ˙ㄧ
小東西,ㄒㄧㄠˇ ㄉㄨㄥ ˙ㄒㄧ
小模樣兒,ㄒㄧㄠˇ ㄇㄨˊ ㄧㄤˋ ㄦ
小步舞曲,ㄒㄧㄠˇ ㄅㄨˋ ㄨˇ ㄑㄩˇ
小毛頭,ㄒㄧㄠˇ ㄇㄠˊ ˙ㄊㄡ
小油嘴兒,ㄒㄧㄠˇ ㄧㄡˊ ㄗㄨㄟˇ ㄦ
小滑頭,ㄒㄧㄠˇ ㄏㄨㄚˊ ˙ㄊㄡ
小爐兒匠,ㄒㄧㄠˇ ㄌㄨˊ ㄦ ㄐㄧㄤˋ
小王子,ㄒㄧㄠˇ ㄨㄤˊ ㄗˇ
小玩藝兒,ㄒㄧㄠˇ ㄨㄢˊ ㄧˋ ㄦ
小畜,ㄒㄧㄠˇ ㄒㄩˋ
小相,ㄒㄧㄠˇ ㄒㄧㄤˋ
小相公,ㄒㄧㄠˇ ㄒㄧㄤˋ ㄍㄨㄥ
小線兒,ㄒㄧㄠˇ ㄒㄧㄢˋ ㄦ
小老兒,ㄒㄧㄠˇ ㄌㄠˇ ㄦ
小老頭兒,ㄒㄧㄠˇ ㄌㄠˇ ㄊㄡˊ ㄦ
小耳朵,ㄒㄧㄠˇ ㄦˇ ˙ㄉㄨㄛ
小肉兒,ㄒㄧㄠˇ ㄖㄡˋ ㄦ
小肚子兒,ㄒㄧㄠˇ ㄉㄨˋ ˙ㄗ ㄦ
小胞子囊,ㄒㄧㄠˇ ㄅㄠ ㄗˇ ㄋㄤˊ
小臉兒,ㄒㄧㄠˇ ㄌㄧㄢˇ ㄦ
小興安嶺,ㄒㄧㄠˇ ㄒㄧㄥ ㄢ ㄌㄧㄥˇ
小舍人,ㄒㄧㄠˇ ㄕㄜˋ ㄖㄣˊ
小菜碟兒,ㄒㄧㄠˇ ㄘㄞˋ ㄉㄧㄝˊ ㄦ
小蘿蔔頭,ㄒㄧㄠˇ ㄌㄨㄛˊ ˙ㄅㄛ ˙ㄊㄡ
小衣裳,ㄒㄧㄠˇ ㄧ ˙ㄕㄤ
小裡小氣,ㄒㄧㄠˇ ˙ㄌㄧ ㄒㄧㄠˇ ㄑㄧˋ
小豆兒,ㄒㄧㄠˇ ㄉㄡˋ ㄦ
小軟兒,ㄒㄧㄠˇ ㄖㄨㄢˇ ㄦ
小辮兒,ㄒㄧㄠˇ ㄅㄧㄢˋ ㄦ
小過門兒,ㄒㄧㄠˇ ㄍㄨㄛˋ ㄇㄣˊ ㄦ
小道兒,ㄒㄧㄠˇ ㄉㄠˋ ㄦ
小雛兒,ㄒㄧㄠˇ ㄔㄨˊ ㄦ
小零兒,ㄒㄧㄠˇ ㄌㄧㄥˊ ㄦ
小頭小臉兒,ㄒㄧㄠˇ ㄊㄡˊ ㄒㄧㄠˇ ㄌㄧㄢˇ ㄦ
小鹿兒,ㄒㄧㄠˇ ㄌㄨˋ ㄦ
小鹿兒心頭撞,ㄒㄧㄠˇ ㄌㄨˋ ㄦ ㄒㄧㄣ ㄊㄡˊ ㄓㄨㄤˋ
小鼓搗油兒,ㄒㄧㄠˇ ㄍㄨˇ ˙ㄉㄠ ㄧㄡˊ ㄦ
少不了,ㄕㄠˇ ˙ㄅㄨ ㄌㄧㄠˇ
少不得,ㄕㄠˇ ˙ㄅㄨ ˙ㄉㄜ
少不更事,ㄕㄠˋ ㄅㄨˋ ㄐㄧㄥ ㄕˋ
少不經事,ㄕㄠˋ ㄅㄨˋ ㄐㄧㄥ ㄕˋ
少保,ㄕㄠˋ ㄅㄠˇ
少傅,ㄕㄠˋ ㄈㄨˋ
少像,ㄕㄠˋ ㄒㄧㄤˋ
少吃無著,ㄕㄠˇ ㄔ ㄨˊ ㄓㄨㄛˊ
少商,ㄕㄠˋ ㄕㄤ
少壯,ㄕㄠˋ ㄓㄨㄤˋ
少女,ㄕㄠˋ ㄋㄩˇ
少女嫩婦,ㄕㄠˋ ㄋㄩˇ ㄋㄣˋ ㄈㄨˋ
少女情懷,ㄕㄠˋ ㄋㄩˇ ㄑㄧㄥˊ ㄏㄨㄞˊ
少奶奶,ㄕㄠˋ ㄋㄞˇ ˙ㄋㄞ
少婦,ㄕㄠˋ ㄈㄨˋ
少子,ㄕㄠˋ ㄗˇ
少尉,ㄕㄠˋ ㄨㄟˋ
少小,ㄕㄠˋ ㄒㄧㄠˇ
少差,ㄕㄠˇ ㄔㄞˋ
少師,ㄕㄠˋ ㄕ
少年,ㄕㄠˋ ㄋㄧㄢˊ
少年人,ㄕㄠˋ ㄋㄧㄢˊ ㄖㄣˊ
少年才俊,ㄕㄠˋ ㄋㄧㄢˊ ㄘㄞˊ ㄐㄩㄣˋ
少年法庭,ㄕㄠˋ ㄋㄧㄢˊ ㄈㄚˇ ㄊㄧㄥˊ
少年犯罪,ㄕㄠˋ ㄋㄧㄢˊ ㄈㄢˋ ㄗㄨㄟˋ
少年福利法,ㄕㄠˋ ㄋㄧㄢˊ ㄈㄨˊ ㄌㄧˋ ㄈㄚˇ
少年維特的煩惱,ㄕㄠˋ ㄋㄧㄢˊ ㄨㄟˊ ㄊㄜˋ ˙ㄉㄜ ㄈㄢˊ ㄋㄠˇ
少年老成,ㄕㄠˋ ㄋㄧㄢˊ ㄌㄠˇ ㄔㄥˊ
少年觀護所,ㄕㄠˋ ㄋㄧㄢˊ ㄍㄨㄢ ㄏㄨˋ ㄙㄨㄛˇ
少年輔育院,ㄕㄠˋ ㄋㄧㄢˊ ㄈㄨˇ ㄩˋ ㄩㄢˋ
少年郎,ㄕㄠˋ ㄋㄧㄢˊ ㄌㄤˊ
少府,ㄕㄠˋ ㄈㄨˇ
少康,ㄕㄠˋ ㄎㄤ
少成若性,ㄕㄠˋ ㄔㄥˊ ㄖㄨㄛˋ ㄒㄧㄥˋ
少昊,ㄕㄠˋ ㄏㄠˋ
少東,ㄕㄠˋ ㄉㄨㄥ
少林寺,ㄕㄠˋ ㄌㄧㄣˊ ㄙˋ
少林拳,ㄕㄠˋ ㄌㄧㄣˊ ㄑㄩㄢˊ
少林派,ㄕㄠˋ ㄌㄧㄣˊ ㄆㄞˋ
少棒,ㄕㄠˋ ㄅㄤˋ
少爺,ㄕㄠˋ ˙ㄧㄝ
少牢,ㄕㄠˋ ㄌㄠˊ
少白頭,ㄕㄠˋ ㄅㄞˊ ㄊㄡˊ
少艾,ㄕㄠˋ ㄞˋ
少調失教,ㄕㄠˇ ㄊㄧㄠˊ ㄕ ㄐㄧㄠˋ
少間,ㄕㄠˇ ㄐㄧㄢˋ
尖兒,ㄐㄧㄢ ㄦ
尖嘴薄舌,ㄐㄧㄢ ㄗㄨㄟˇ ㄅㄛˊ ㄕㄜˊ
尖擔兩頭脫,ㄐㄧㄢ ㄉㄢˋ ㄌㄧㄤˇ ㄊㄡˊ ㄊㄨㄛ
尖酸刻薄,ㄐㄧㄢ ㄙㄨㄢ ㄎㄜˋ ㄅㄛˊ
尚書大傳,ㄕㄤˋ ㄕㄨ ㄉㄚˋ ㄓㄨㄢˋ
尚有可為,ㄕㄤˋ ㄧㄡˇ ㄎㄜˇ ㄨㄟˊ
尤侗,ㄧㄡˊ ㄊㄨㄥˊ
尥蹶子,ㄌㄧㄠˋ ㄐㄩㄝˇ ˙ㄗ
尨然,ㄆㄤˊ ㄖㄢˊ
尨眉皓髮,ㄆㄤˊ ㄇㄟˊ ㄏㄠˋ ㄈㄚˇ
尨茸,ㄇㄥˊ ㄖㄨㄥˊ
就和,ㄐㄧㄡˋ ˙ㄏㄜ
就得,ㄐㄧㄡˋ ㄉㄟˇ
就業市場,ㄐㄧㄡˋ ㄧㄝˋ ㄕˋ ㄔㄤˊ
就逮,ㄐㄧㄡˋ ㄉㄞˋ
尸居龍見,ㄕ ㄐㄩ ㄌㄨㄥˊ ㄒㄧㄢˋ
尹文子,ㄧㄣˇ ㄨㄣˊ ㄗˇ
尺短寸長,ㄔˇ ㄉㄨㄢˇ ㄘㄨㄣˋ ㄔㄤˊ
尺頭,ㄔˇ ˙ㄊㄡ
尺頭兒,ㄔˇ ㄊㄡˊ ㄦ
尼父,ㄋㄧˊ ㄈㄨˇ
尼童子,ㄋㄧˊ ㄊㄨㄥˊ ㄗˇ
尾巴,ㄨㄟˇ ˙ㄅㄚ
尿盆兒,ㄋㄧㄠˋ ㄆㄣˊ ㄦ
屁股,ㄆㄧˋ ˙ㄍㄨ
屁股大弔了心,ㄆㄧˋ ˙ㄍㄨ ㄉㄚˋ ㄉㄧㄠˋ ˙ㄌㄜ ㄒㄧㄣ
屁股沉,ㄆㄧˋ ˙ㄍㄨ ㄔㄣˊ
屁股眼,ㄆㄧˋ ˙ㄍㄨ ㄧㄢˇ
屁股裡吃人參,ㄆㄧˋ ˙ㄍㄨ ㄌㄧˇ ㄔ ㄖㄣˊ ㄕㄣ
屁股震葫蘆,ㄆㄧˋ ˙ㄍㄨ ㄓㄣˋ ㄏㄨˊ ㄌㄨˊ
屁鳥人,ㄆㄧˋ ㄉㄧㄠˇ ㄖㄣˊ
居不重席,ㄐㄩ ㄅㄨˋ ㄔㄨㄥˊ ㄒㄧˊ
居不重茵,ㄐㄩ ㄅㄨˋ ㄔㄨㄥˊ ㄧㄣ
居中調停,ㄐㄩ ㄓㄨㄥ ㄊㄧㄠˊ ㄊㄧㄥˊ
居喪,ㄐㄩ ㄙㄤ
屈戌,ㄑㄩ ˙ㄒㄩ
屈指可數,ㄑㄩ ㄓˇ ㄎㄜˇ ㄕㄨˇ
屈枉,ㄑㄩ ˙ㄨㄤ
屋裡人,ㄨ ˙ㄌㄧ ㄖㄣˊ
屎蚵蜋,ㄕˇ ㄎㄜ ㄌㄤˊ
屏居,ㄅㄧㄥˇ ㄐㄩ
屏息,ㄅㄧㄥˇ ㄒㄧˊ
屏息凝氣,ㄅㄧㄥˇ ㄒㄧˊ ㄋㄧㄥˊ ㄑㄧˋ
屏息凝視,ㄅㄧㄥˇ ㄒㄧˊ ㄋㄧㄥˊ ㄕˋ
屏斥,ㄅㄧㄥˇ ㄔˋ
屏棄,ㄅㄧㄥˇ ㄑㄧˋ
屏氣,ㄅㄧㄥˇ ㄑㄧˋ
屏氣凝神,ㄅㄧㄥˇ ㄑㄧˋ ㄋㄧㄥˊ ㄕㄣˊ
屏氣攝息,ㄅㄧㄥˇ ㄑㄧˋ ㄕㄜˋ ㄒㄧˊ
屏氣斂息,ㄅㄧㄥˇ ㄑㄧˋ ㄌㄧㄢˋ ㄒㄧˊ
屏營,ㄅㄧㄥ ㄧㄥˊ
屏當,ㄅㄧㄥˇ ㄉㄤˋ
屏絕,ㄅㄧㄥˇ ㄐㄩㄝˊ
屏聲息氣,ㄅㄧㄥˇ ㄕㄥ ㄒㄧˊ ㄑㄧˋ
屏語,ㄅㄧㄥˇ ㄩˇ
屏跡,ㄅㄧㄥˇ ㄐㄧ
屏退,ㄅㄧㄥˇ ㄊㄨㄟˋ
屏除,ㄅㄧㄥˇ ㄔㄨˊ
屏隱,ㄅㄧㄥˇ ㄧㄣˇ
屏黜,ㄅㄧㄥˇ ㄔㄨˋ
展卷,ㄓㄢˇ ㄐㄩㄢˋ
展子虔,ㄓㄢˇ ㄗˇ ㄑㄧㄢˊ
展樣,ㄓㄢˇ ˙ㄧㄤ
展爪,ㄓㄢˇ ㄓㄨㄚˇ
屜兒,ㄊㄧˋ ㄦ
屠場,ㄊㄨˊ ㄔㄤˊ
屠宰場,ㄊㄨˊ ㄗㄞˇ ㄔㄤˊ
屠沽子,ㄊㄨˊ ㄍㄨ ㄗˇ
屠牛朝歌,ㄊㄨˊ ㄋㄧㄡˊ ㄓㄠ ㄍㄜ
屢空,ㄌㄩˇ ㄎㄨㄥˋ
層出疊見,ㄘㄥˊ ㄔㄨ ㄉㄧㄝˊ ㄒㄧㄢˋ
層見疊出,ㄘㄥˊ ㄒㄧㄢˋ ㄉㄧㄝˊ ㄔㄨ
履薄,ㄌㄩˇ ㄅㄛˊ
履薄臨深,ㄌㄩˇ ㄅㄛˊ ㄌㄧㄣˊ ㄕㄣ
履長,ㄌㄩˇ ㄔㄤˊ
屨校,ㄐㄩˋ ㄐㄧㄠˋ
屬令,ㄓㄨˇ ㄌㄧㄥˋ
屬和,ㄓㄨˇ ㄏㄜˋ
屬垣,ㄓㄨˇ ㄩㄢˊ
屬垣有耳,ㄓㄨˇ ㄩㄢˊ ㄧㄡˇ ㄦˇ
屬對,ㄓㄨˇ ㄉㄨㄟˋ
屬屬,ㄓㄨˇ ㄓㄨˇ
屬意,ㄓㄨˇ ㄧˋ
屬文,ㄓㄨˇ ㄨㄣˊ
屬望,ㄓㄨˇ ㄨㄤˋ
屬毛離裡,ㄓㄨˇ ㄇㄠˊ ㄌㄧˊ ㄌㄧˇ
屬目,ㄓㄨˇ ㄇㄨˋ
屬相,ㄕㄨˇ ㄒㄧㄤˋ
屬綴,ㄓㄨˇ ㄓㄨㄟˋ
屬纊,ㄓㄨˇ ㄎㄨㄤˋ
屬者,ㄓㄨˇ ㄓㄜˇ
屬耳目,ㄓㄨˇ ㄦˇ ㄇㄨˋ
屬草稿,ㄓㄨˇ ㄘㄠˇ ㄍㄠˇ
屬託,ㄓㄨˇ ㄊㄨㄛ
屬辭比事,ㄓㄨˇ ㄘˊ ㄅㄧˇ ㄕˋ
屯剝,ㄓㄨㄣ ㄅㄛ
屯否,ㄓㄨㄣ ㄆㄧˇ
屯坎,ㄓㄨㄣ ㄎㄢˇ
屯留縣,ㄔㄨㄣˊ ㄌㄧㄡˊ ㄒㄧㄢˋ
屯紮,ㄊㄨㄣˊ ㄓㄚˊ
屯街塞巷,ㄊㄨㄣˊ ㄐㄧㄝ ㄙㄜˋ ㄒㄧㄤˋ
屯蹇,ㄓㄨㄣ ㄐㄧㄢˇ
屯蹶否塞,ㄓㄨㄣ ㄐㄩㄝˊ ㄆㄧˇ ㄙㄜˋ
屯邅,ㄓㄨㄣ ㄓㄢ
屯難,ㄓㄨㄣ ㄋㄢˋ
山中宰相,ㄕㄢ ㄓㄨㄥ ㄗㄞˇ ㄒㄧㄤˋ
山凹,ㄕㄢ ㄨㄚ
山姆叔叔,ㄕㄢ ㄇㄨˇ ㄕㄨˊ ˙ㄕㄨ
山子,ㄕㄢ ㄗˇ
山崗,ㄕㄢ ㄍㄤ
山崩鐘應,ㄕㄢ ㄅㄥ ㄓㄨㄥ ㄧㄥˋ
山暈,ㄕㄢ ㄩㄣˋ
山桐子,ㄕㄢ ㄊㄨㄥˊ ㄗˇ
山溜穿石,ㄕㄢ ㄌㄧㄡˋ ㄔㄨㄢ ㄕˊ
山葡萄,ㄕㄢ ㄆㄨˊ ˙ㄊㄠ
山藥,ㄕㄢ ˙ㄧㄠ
山藥蛋,ㄕㄢ ˙ㄧㄠ ㄉㄢˋ
山重水複,ㄕㄢ ㄔㄨㄥˊ ㄕㄨㄟˇ ㄈㄨˋ
山長水遠,ㄕㄢ ㄔㄤˊ ㄕㄨㄟˇ ㄩㄢˇ
山阿,ㄕㄢ ㄜ
山難,ㄕㄢ ㄋㄢˋ
山高水長,ㄕㄢ ㄍㄠ ㄕㄨㄟˇ ㄔㄤˊ
岐嶷,ㄑㄧˊ ㄋㄧˋ
岑參,ㄘㄣˊ ㄕㄣ
岔兒,ㄔㄚˋ ㄦ
岔劈兒,ㄔㄚˋ ㄆㄧ ㄦ
岔批兒,ㄔㄚˋ ㄆㄧ ㄦ
岔換,ㄔㄚˋ ˙ㄏㄨㄢ
岔曲,ㄔㄚˋ ㄑㄩˇ
岡連嶺屬,ㄍㄤ ㄌㄧㄢˊ ㄌㄧㄥˇ ㄓㄨˇ
峭薄,ㄑㄧㄠˋ ㄅㄛˊ
峻阪鹽車,ㄐㄩㄣˋ ㄅㄢˇ ㄧㄢˊ ㄐㄩ
崆峒山,ㄎㄨㄥ ㄊㄨㄥˊ ㄕㄢ
崇朝,ㄔㄨㄥˊ ㄓㄠ
崇阿,ㄔㄨㄥˊ ㄜ
崑崙奴傳,ㄎㄨㄣ ㄌㄨㄣˊ ㄋㄨˊ ㄓㄨㄢˋ
崑曲,ㄎㄨㄣ ㄑㄩˇ
崔子忠,ㄘㄨㄟ ㄗˇ ㄓㄨㄥ
崔烈銅臭,ㄘㄨㄟ ㄌㄧㄝˋ ㄊㄨㄥˊ ㄒㄧㄡˋ
崛強,ㄐㄩㄝˊ ㄐㄧㄤˋ
崩倒,ㄅㄥ ㄉㄠˇ
崽子,ㄗㄞˇ ㄗˇ
嵇中散,ㄐㄧ ㄓㄨㄥ ㄙㄢˇ
嵌埋法,ㄑㄧㄢ ㄇㄞˊ ㄈㄚˇ
嵌版構造,ㄑㄧㄢ ㄅㄢˇ ㄍㄡˋ ㄗㄠˋ
嵌玻璃,ㄑㄧㄢ ㄅㄛ ˙ㄌㄧ
嵌瓷畫,ㄑㄧㄢ ㄘˊ ㄏㄨㄚˋ
嵌畫,ㄑㄧㄢ ㄏㄨㄚˋ
嵌石,ㄑㄧㄢ ㄕˊ
嵌窞,ㄑㄧㄢ ㄉㄢˋ
嵌造,ㄑㄧㄢ ㄗㄠˋ
嵌金,ㄑㄧㄢ ㄐㄧㄣ
嵌鑲磚,ㄑㄧㄢ ㄒㄧㄤ ㄓㄨㄢ
嵌飾,ㄑㄧㄢ ㄕˋ
嵩少,ㄙㄨㄥ ㄕㄠˋ
嶷岌,ㄋㄧˋ ㄐㄧˊ
嶷嶷,ㄋㄧˋ ㄋㄧˋ
嶷然,ㄋㄧˋ ㄖㄢˊ
巖居穴處,ㄧㄢˊ ㄐㄩ ㄒㄩㄝˋ ㄔㄨˇ
巖徼,ㄧㄢˊ ㄐㄧㄠˋ
巡更,ㄒㄩㄣˊ ㄍㄥ
巢居穴處,ㄔㄠˊ ㄐㄩ ㄒㄩㄝˋ ㄔㄨˇ
巢父,ㄔㄠˊ ㄈㄨˇ
工場,ㄍㄨㄥ ㄔㄤˊ
工場動員,ㄍㄨㄥ ㄔㄤˊ ㄉㄨㄥˋ ㄩㄢˊ
工尺,ㄍㄨㄥ ㄔㄜˇ
工尺字兒,ㄍㄨㄥ ㄔㄜˇ ㄗˋ ㄦ
工尺譜,ㄍㄨㄥ ㄔㄜˇ ㄆㄨˇ
工業中毒,ㄍㄨㄥ ㄧㄝˋ ㄓㄨㄥˋ ㄉㄨˊ
工碼兒,ㄍㄨㄥ ㄇㄚˇ ㄦ
工程測量,ㄍㄨㄥ ㄔㄥˊ ㄘㄜˋ ㄌㄧㄤˊ
左不過,ㄗㄨㄛˇ ˙ㄅㄨ ㄍㄨㄛˋ
左傳,ㄗㄨㄛˇ ㄓㄨㄢˋ
左右為難,ㄗㄨㄛˇ ㄧㄡˋ ㄨㄟˊ ㄋㄢˊ
左性,ㄗㄨㄛˇ ˙ㄒㄧㄥ
左撇子,ㄗㄨㄛˇ ㄆㄧㄝˇ ˙ㄗ
左鄰右舍,ㄗㄨㄛˇ ㄌㄧㄣˊ ㄧㄡˋ ㄕㄜˋ
巧主兒,ㄑㄧㄠˇ ㄓㄨˇ ㄦ
巧勁兒,ㄑㄧㄠˇ ㄐㄧㄣˋ ㄦ
巧婦做不得無麵餺飥,ㄑㄧㄠˇ ㄈㄨˋ ㄗㄨㄛˋ ㄅㄨˋ ㄉㄜˊ ㄨˊ ㄇㄧㄢˋ ㄅㄛˊ ㄊㄨㄛ
巧婦難為無米之炊,ㄑㄧㄠˇ ㄈㄨˋ ㄋㄢˊ ㄨㄟˊ ㄨˊ ㄇㄧˇ ㄓ ㄔㄨㄟ
巧媳婦煮不得沒米粥,ㄑㄧㄠˇ ㄒㄧˊ ㄈㄨˋ ㄓㄨˇ ㄅㄨˋ ㄉㄜˊ ㄇㄟˊ ㄇㄧˇ ㄓㄡ
巧當兒,ㄑㄧㄠˇ ㄉㄤ ㄦ
巧發奇中,ㄑㄧㄠˇ ㄈㄚ ㄑㄧˊ ㄓㄨㄥˋ
巨子,ㄐㄩˋ ㄗˇ
巨著,ㄐㄩˋ ㄓㄨˋ
差一點兒,ㄔㄚˋ ㄧ ㄉㄧㄢˇ ㄦ
差三錯四,ㄔㄚ ㄙㄢ ㄘㄨㄛˋ ㄙˋ
差不多,ㄔㄚˋ ˙ㄅㄨ ㄉㄨㄛ
差人,ㄔㄞ ㄖㄣˊ
差使,ㄔㄞ ㄕˇ
差價,ㄔㄚ ㄐㄧㄚˋ
差分,ㄔㄚ ㄈㄣ
差別,ㄔㄚ ㄅㄧㄝˊ
差別待遇,ㄔㄚ ㄅㄧㄝˊ ㄉㄞˋ ㄩˋ
差動滑車,ㄔㄚ ㄉㄨㄥˋ ㄏㄨㄚˊ ㄔㄜ
差半車麥秸,ㄔㄚ ㄅㄢˋ ㄔㄜ ㄇㄞˋ ㄐㄧㄝ
差可,ㄔㄚ ㄎㄜˇ
差品,ㄘ ㄆㄧㄣˇ
差失,ㄔㄚ ㄕ
差委,ㄔㄞ ㄨㄟˇ
差官,ㄔㄞ ㄍㄨㄢ
差序,ㄘ ㄒㄩˋ
差強人意,ㄔㄚ ㄑㄧㄤˊ ㄖㄣˊ ㄧˋ
差役,ㄔㄞ ㄧˋ
差忒,ㄔㄚ ㄊㄜˋ
差惡,ㄔㄚ ㄜˋ
差批,ㄔㄞ ㄆㄧ
差排,ㄔㄞ ㄆㄞˊ
差撥,ㄔㄞ ㄅㄛ
差數,ㄔㄚ ㄕㄨˋ
差旅費,ㄔㄞ ㄌㄩˇ ㄈㄟˋ
差次,ㄔㄚ ㄘˋ
差池,ㄔㄚ ㄔˊ
差法,ㄔㄞ ㄈㄚˇ
差爭,ㄔㄚ ㄓㄥ
差異,ㄔㄚ ㄧˋ
差異法,ㄔㄚ ㄧˋ ㄈㄚˇ
差發,ㄔㄞ ㄈㄚ
差票,ㄔㄞ ㄆㄧㄠˋ
差等,ㄔㄚ ㄉㄥˇ
差置,ㄔㄞ ㄓˋ
差聲兒,ㄔㄚˋ ㄕㄥ ㄦ
差肩,ㄘ ㄐㄧㄢ
差號,ㄔㄚ ㄏㄠˋ
差越,ㄔㄚ ㄩㄝˋ
差距,ㄔㄚ ㄐㄩˋ
差輪,ㄔㄞ ㄌㄨㄣˊ
差迭,ㄔㄚ ㄉㄧㄝˊ
差速齒輪,ㄔㄚ ㄙㄨˋ ㄔˇ ㄌㄨㄣˊ
差遣,ㄔㄞ ㄑㄧㄢˇ
差遲,ㄔㄚ ㄔˊ
差配兒,ㄔㄚˋ ㄆㄟˋ ㄦ
差錢,ㄔㄞ ㄑㄧㄢˊ
差錯,ㄔㄚ ㄘㄨㄛˋ
差除,ㄔㄞ ㄔㄨˊ
差額,ㄔㄚ ㄜˊ
差額選舉,ㄔㄚ ㄜˊ ㄒㄩㄢˇ ㄐㄩˇ
差點兒,ㄔㄚˋ ㄉㄧㄢˇ ㄦ
已還,ㄧˇ ㄏㄨㄢˊ
巴不得,ㄅㄚ ˙ㄅㄨ ˙ㄉㄜ
巴不得一聲兒,ㄅㄚ ˙ㄅㄨ ˙ㄉㄜ ㄧ ㄕㄥ ㄦ
巴什吉爾自治共和國,ㄅㄚ ㄕˊ ㄐㄧˊ ㄦˇ ㄗˋ ㄓˋ ㄍㄨㄥˋ ㄏㄜˊ ㄍㄨㄛˊ
巴伐利亞,ㄅㄚ ㄈㄚˊ ㄌㄧˋ ㄧㄚˋ
巴兒狗,ㄅㄚ ㄦ ㄍㄡˇ
巴剎,ㄅㄚ ㄔㄚˋ
巴劫,ㄅㄚ ˙ㄐㄧㄝ
巴勒摩,ㄅㄚ ㄌㄜˋ ㄇㄛˊ
巴勒斯坦,ㄅㄚ ㄌㄜˋ ㄙ ㄊㄢˇ
巴勒特,ㄅㄚ ㄌㄜˋ ㄊㄜˋ
巴勒維,ㄅㄚ ㄌㄜˋ ㄨㄟˊ
巴嗤,ㄅㄚ ˙ㄔ
巴塞爾,ㄅㄚ ㄙㄞˋ ㄦˇ
巴塞隆納,ㄅㄚ ㄙㄞˋ ㄌㄨㄥˊ ㄋㄚˋ
巴士噶語言,ㄅㄚ ㄕˋ ㄍㄜˊ ㄩˇ ㄧㄢˊ
巴子拳,ㄅㄚ ㄗˇ ㄑㄩㄢˊ
巴尖兒好勝,ㄅㄚ ㄐㄧㄢ ㄦ ㄏㄠˋ ㄕㄥˋ
巴巴兒的,ㄅㄚ ㄅㄚ ㄦ ˙ㄉㄜ
巴巴劫劫,ㄅㄚ ˙ㄅㄚ ˙ㄐㄧㄝ ˙ㄐㄧㄝ
巴巴急急,ㄅㄚ ˙ㄅㄚ ˙ㄐㄧ ˙ㄐㄧ
巴巴結結,ㄅㄚ ˙ㄅㄚ ˙ㄐㄧㄝ ˙ㄐㄧㄝ
巴巴罾兒,ㄅㄚ ㄅㄚ ㄗㄥˋ ㄦ
巴布亞紐幾內亞,ㄅㄚ ㄅㄨˋ ㄧㄚˋ ㄋㄧㄡˇ ㄐㄧ ㄋㄟˋ ㄧㄚˋ
巴得,ㄅㄚ ㄉㄜˊ
巴拽,ㄅㄚ ㄓㄨㄞˋ
巴掌,ㄅㄚ ˙ㄓㄤ
巴斯噶,ㄅㄚ ㄙ ㄍㄜˊ
巴曼得海峽,ㄅㄚ ㄇㄢˋ ㄉㄜˊ ㄏㄞˇ ㄒㄧㄚˊ
巴爾喀什湖,ㄅㄚ ㄦˇ ㄎㄚˋ ㄕˊ ㄏㄨˊ
巴爾的摩,ㄅㄚ ㄦˇ ㄉㄧˋ ㄇㄛˊ
巴答,ㄅㄚ ㄉㄚ
巴結,ㄅㄚ ˙ㄐㄧㄝ
巴著,ㄅㄚ ㄓㄠˊ
巴謾,ㄅㄚ ㄇㄢˋ
巴都兒,ㄅㄚ ㄉㄨ ㄦˊ
巴顏喀喇山,ㄅㄚ ㄧㄢˊ ㄎㄚˋ ㄌㄚˇ ㄕㄢ
巴高枝兒,ㄅㄚ ㄍㄠ ㄓ ㄦ
巷弄,ㄒㄧㄤˋ ㄌㄨㄥˋ
巾車,ㄐㄧㄣ ㄐㄩ
市地重劃,ㄕˋ ㄉㄧˋ ㄔㄨㄥˊ ㄏㄨㄚˋ
市場,ㄕˋ ㄔㄤˊ
市場區隔,ㄕˋ ㄔㄤˊ ㄑㄩ ㄍㄜˊ
市場深化,ㄕˋ ㄔㄤˊ ㄕㄣ ㄏㄨㄚˋ
市場調查,ㄕˋ ㄔㄤˊ ㄉㄧㄠˋ ㄔㄚˊ
布加勒斯條約,ㄅㄨˋ ㄐㄧㄚ ㄌㄜˋ ㄙ ㄊㄧㄠˊ ㄩㄝ
布加勒斯特,ㄅㄨˋ ㄐㄧㄚ ㄌㄜˋ ㄙ ㄊㄜˋ
布勒斯特,ㄅㄨˋ ㄌㄜˋ ㄙ ㄊㄜˋ
布喀河,ㄅㄨˋ ㄎㄚˋ ㄏㄜˊ
布帆,ㄅㄨˋ ㄈㄢˊ
布帆無恙,ㄅㄨˋ ㄈㄢˊ ㄨˊ ㄧㄤˋ
布拉馬普得拉河,ㄅㄨˋ ㄌㄚ ㄇㄚˇ ㄆㄨˇ ㄉㄜˊ ㄌㄚ ㄏㄜˊ
布招兒,ㄅㄨˋ ㄓㄠ ㄦ
布累爾,ㄅㄨˋ ㄌㄟˊ ㄦˇ
布署,ㄅㄨˋ ㄕㄨˋ
布衣卿相,ㄅㄨˋ ㄧ ㄑㄧㄥ ㄒㄧㄤˋ
布衫兒,ㄅㄨˋ ㄕㄢ ㄦ
布那喀,ㄅㄨˋ ㄋㄚˋ ㄎㄚˋ
布面相片,ㄅㄨˋ ㄇㄧㄢˋ ㄒㄧㄤˋ ㄆㄧㄢ
布魯塞爾,ㄅㄨˋ ㄌㄨˇ ㄙㄜˋ ㄦˇ
布魯奈勒斯基,ㄅㄨˋ ㄌㄨˇ ㄋㄞˋ ㄌㄜˋ ㄙ ㄐㄧ
帆布袋,ㄈㄢˊ ㄅㄨˋ ㄉㄞˋ
帆幔,ㄈㄢˊ ㄇㄢˋ
帆影,ㄈㄢˊ ㄧㄥˇ
帆柱,ㄈㄢˊ ㄓㄨˋ
帆檣,ㄈㄢˊ ㄑㄧㄤˊ
帆船,ㄈㄢˊ ㄔㄨㄢˊ
希希罕兒,ㄒㄧ ㄒㄧ ㄏㄢˇ ㄦ
希特勒,ㄒㄧ ㄊㄜˋ ㄌㄜˋ
帑藏,ㄊㄤˇ ㄗㄤˋ
帖兒,ㄊㄧㄝˇ ㄦ
帖子,ㄊㄧㄝˇ ˙ㄗ
帖子詞,ㄊㄧㄝˇ ˙ㄗ ㄘˊ
帖學,ㄊㄧㄝˋ ㄒㄩㄝˊ
帖括,ㄊㄧㄝˋ ㄍㄨㄚ
帖括業,ㄊㄧㄝˋ ㄍㄨㄚ ㄧㄝˋ
帖木兒,ㄊㄧㄝˋ ㄇㄨˋ ㄦˊ
帝國大廈,ㄉㄧˋ ㄍㄨㄛˊ ㄉㄚˋ ㄒㄧㄚˋ
帝都,ㄉㄧˋ ㄉㄨ
師父,ㄕ ˙ㄈㄨ
師直為壯,ㄕ ㄓˊ ㄨㄟˊ ㄓㄨㄤˋ
席勒,ㄒㄧˊ ㄌㄜˋ
帶俸差操,ㄉㄞˋ ㄈㄥˋ ㄔㄞ ㄘㄠ
帶個好,ㄉㄞˋ ˙ㄍㄜ ㄏㄠˇ
帶手兒,ㄉㄞˋ ㄕㄡˇ ㄦ
帶挾,ㄉㄞˋ ㄐㄧㄚˊ
帶教,ㄉㄞˋ ㄐㄧㄠ
帶累,ㄉㄞˋ ㄌㄟˇ
帷薄,ㄨㄟˊ ㄅㄛˊ
帷薄不修,ㄨㄟˊ ㄅㄛˊ ㄅㄨˋ ㄒㄧㄡ
常行兒,ㄔㄤˊ ㄒㄧㄥˊ ㄦ
帽兒,ㄇㄠˋ ㄦ
幡兒,ㄈㄢ ㄦ
幪幪,ㄇㄥˇ ㄇㄥˇ
幫個場子,ㄅㄤ ˙ㄍㄜ ㄔㄤˇ ˙ㄗ
幫兒,ㄅㄤ ㄦ
幫帖,ㄅㄤ ㄊㄧㄝˇ
干將莫邪,ㄍㄢ ㄐㄧㄤ ㄇㄛˋ ㄧㄝˊ
干與,ㄍㄢ ㄩˋ
平上去入,ㄆㄧㄥˊ ㄕㄤˇ ㄑㄩˋ ㄖㄨˋ
平不答的,ㄆㄧㄥˊ ㄅㄨˋ ㄉㄚ ˙ㄉㄜ
平反,ㄆㄧㄥˊ ㄈㄢ
平均國民所得,ㄆㄧㄥˊ ㄐㄩㄣ ㄍㄨㄛˊ ㄇㄧㄣˊ ㄙㄨㄛˇ ㄉㄜˊ
平均時差,ㄆㄧㄥˊ ㄐㄩㄣ ㄕˊ ㄔㄚ
平妖傳,ㄆㄧㄥˊ ㄧㄠ ㄓㄨㄢˋ
平安帖,ㄆㄧㄥˊ ㄢ ㄊㄧㄝˇ
平定準噶爾回部得勝圖,ㄆㄧㄥˊ ㄉㄧㄥˋ ㄓㄨㄣˇ ㄍㄜˊ ㄦˇ ㄏㄨㄟˊ ㄅㄨˋ ㄉㄜˊ ㄕㄥˋ ㄊㄨˊ
平平當當,ㄆㄧㄥˊ ㄆㄧㄥˊ ㄉㄤˋ ㄉㄤˋ
平復帖,ㄆㄧㄥˊ ㄈㄨˋ ㄊㄧㄝˋ
平撇,ㄆㄧㄥˊ ㄆㄧㄝˇ
平畫求長,ㄆㄧㄥˊ ㄏㄨㄚˋ ㄑㄧㄡˊ ㄔㄤˊ
平章百姓,ㄆㄧㄢˊ ㄓㄤ ㄅㄛˊ ㄒㄧㄥˋ
平衡反應,ㄆㄧㄥˊ ㄏㄥˊ ㄈㄢˇ ㄧㄥˋ
平量,ㄆㄧㄥˊ ㄌㄧㄤˊ
平釘,ㄆㄧㄥˊ ㄉㄧㄥˋ
平針縫,ㄆㄧㄥˊ ㄓㄣ ㄈㄥˊ
平鋪,ㄆㄧㄥˊ ㄆㄨ
平鋪直序,ㄆㄧㄥˊ ㄆㄨ ㄓˊ ㄒㄩˋ
平鋪直敘,ㄆㄧㄥˊ ㄆㄨ ㄓˊ ㄒㄩˋ
平面測量,ㄆㄧㄥˊ ㄇㄧㄢˋ ㄘㄜˋ ㄌㄧㄤˊ
平頭奴子,ㄆㄧㄥˊ ㄊㄡˊ ㄋㄨˊ ㄗˇ
平頭甲子,ㄆㄧㄥˊ ㄊㄡˊ ㄐㄧㄚˇ ㄗˇ
年下,ㄋㄧㄢˊ ˙ㄒㄧㄚ
年假,ㄋㄧㄢˊ ㄐㄧㄚˋ
年分,ㄋㄧㄢˊ ㄈㄣˋ
年家子,ㄋㄧㄢˊ ㄐㄧㄚ ㄗˇ
年少,ㄋㄧㄢˊ ㄕㄠˋ
年少得志,ㄋㄧㄢˊ ㄕㄠˋ ㄉㄜˊ ㄓˋ
年少氣盛,ㄋㄧㄢˊ ㄕㄠˋ ㄑㄧˋ ㄕㄥˋ
年成,ㄋㄧㄢˊ ˙ㄔㄥ
年月,ㄋㄧㄢˊ ˙ㄩㄝ
年程,ㄋㄧㄢˊ ˙ㄔㄥ
年輕有為,ㄋㄧㄢˊ ㄑㄧㄥ ㄧㄡˇ ㄨㄟˊ
并刀,ㄅㄧㄥ ㄉㄠ
并州,ㄅㄧㄥ ㄓㄡ
并州剪,ㄅㄧㄥ ㄓㄡ ㄐㄧㄢˇ
并州故鄉,ㄅㄧㄥ ㄓㄡ ㄍㄨˋ ㄒㄧㄤ
并邦,ㄅㄧㄥ ㄅㄤ
幸倡,ㄒㄧㄥˋ ㄔㄤ
幸得,ㄒㄧㄥˋ ㄉㄜˊ
幸為先容,ㄒㄧㄥˋ ㄨㄟˊ ㄒㄧㄢ ㄖㄨㄥˊ
幹上了,ㄍㄢˋ ˙ㄕㄤ ˙ㄌㄜ
幹了,ㄍㄢˋ ㄌㄧㄠˇ
幹將,ㄍㄢˋ ㄐㄧㄤˋ
幹得了,ㄍㄢˋ ˙ㄉㄜ ㄌㄧㄠˇ
幹當,ㄍㄢˋ ㄉㄤˋ
幹的停當,ㄍㄢˋ ˙ㄉㄜ ㄊㄧㄥˊ ㄉㄤˋ
幹頭,ㄍㄢˋ ˙ㄊㄡ
幹麼,ㄍㄢˋ ㄇㄚˊ
幻想曲,ㄏㄨㄢˋ ㄒㄧㄤˇ ㄑㄩˇ
幻相,ㄏㄨㄢˋ ㄒㄧㄤˋ
幼子,ㄧㄡˋ ㄗˇ
幼穉,ㄧㄡˋ ㄓˋ
幽咽,ㄧㄡ ㄧㄝˋ
幽殺,ㄧㄡ ㄕㄞˋ
幽都,ㄧㄡ ㄉㄨ
幾乎,ㄐㄧ ㄏㄨ
幾事,ㄐㄧ ㄕˋ
幾個,ㄐㄧˇ ˙ㄍㄜ
幾兒,ㄐㄧˇ ㄦ
幾兒個,ㄐㄧˇ ㄦ ˙ㄍㄜ
幾內亞,ㄐㄧ ㄋㄟˋ ㄧㄚˋ
幾內亞共和國,ㄐㄧ ㄋㄟˋ ㄧㄚˋ ㄍㄨㄥˋ ㄏㄜˊ ㄍㄨㄛˊ
幾內亞比索,ㄐㄧ ㄋㄟˋ ㄧㄚˋ ㄅㄧˇ ㄙㄨㄛˇ
幾內亞比索共和國,ㄐㄧ ㄋㄟˋ ㄧㄚˋ ㄅㄧˇ ㄙㄨㄛˇ ㄍㄨㄥˋ ㄏㄜˊ ㄍㄨㄛˊ
幾內亞灣,ㄐㄧ ㄋㄟˋ ㄧㄚˋ ㄨㄢ
幾希,ㄐㄧ ㄒㄧ
幾微,ㄐㄧ ㄨㄟˊ
幾殆,ㄐㄧ ㄉㄞˋ
幾社,ㄐㄧ ㄕㄜˋ
幾諫,ㄐㄧ ㄐㄧㄢˋ
幾頓,ㄐㄧ ㄉㄨㄣˋ
庇陰,ㄅㄧˋ ㄧㄣˋ
序曲,ㄒㄩˋ ㄑㄩˇ
底下奏樂,ㄉㄧˇ ˙ㄒㄧㄚ ㄗㄡˋ ㄩㄝˋ
底兒,ㄉㄧˇ ㄦ
底本兒,ㄉㄧˇ ㄅㄣˇ ㄦ
底根兒,ㄉㄧˇ ㄍㄣ ㄦ
底樣兒,ㄉㄧˇ ㄧㄤˋ ㄦ
店都知,ㄉㄧㄢˋ ㄉㄨ ㄓ
店頭市場,ㄉㄧㄢˋ ㄊㄡˊ ㄕˋ ㄔㄤˊ
庚子之役,ㄍㄥ ㄗˇ ㄓ ㄧˋ
庚子拳亂,ㄍㄥ ㄗˇ ㄑㄩㄢˊ ㄌㄨㄢˋ
庚子賠款,ㄍㄥ ㄗˇ ㄆㄟˊ ㄎㄨㄢˇ
庚帖,ㄍㄥ ㄊㄧㄝˇ
府宅,ㄈㄨˇ ㄓㄜˋ
度假勝地,ㄉㄨˋ ㄐㄧㄚˋ ㄕㄥˋ ㄉㄧˋ
度假村,ㄉㄨˋ ㄐㄧㄚˋ ㄘㄨㄣ
度德量力,ㄉㄨㄛˋ ㄉㄜˊ ㄌㄧㄤˋ ㄌㄧˋ
度曲,ㄉㄨˋ ㄑㄩˇ
度長絜大,ㄉㄨㄛˋ ㄔㄤˊ ㄒㄧㄝˊ ㄉㄚˋ
座兒,ㄗㄨㄛˋ ㄦ
座頭,ㄗㄨㄛˋ ˙ㄊㄡ
庪縣,ㄍㄨㄟˇ ㄒㄩㄢˊ
庫勒山,ㄎㄨˋ ㄌㄜˋ ㄕㄢ
庫狄,ㄕㄜˋ ㄉㄧˊ
庭燎,ㄊㄧㄥˊ ㄌㄧㄠˋ
庶子,ㄕㄨˋ ㄗˇ
庶幾,ㄕㄨˋ ㄐㄧ
康有為,ㄎㄤ ㄧㄡˇ ㄨㄟˊ
康瓠,ㄎㄤ ㄏㄨˊ
康白度,ㄎㄤ ㄅㄛˊ ㄉㄨˋ
庸行,ㄩㄥ ㄒㄧㄥˋ
廁牏,ㄘㄜˋ ㄊㄡˊ
廁神,ㄘˋ ㄕㄣˊ
廁身,ㄘˋ ㄕㄣ
廁身其間,ㄘˋ ㄕㄣ ㄑㄧˊ ㄐㄧㄢ
廈房,ㄒㄧㄚˋ ㄈㄤˊ
廈門市,ㄒㄧㄚˋ ㄇㄣˊ ㄕˋ
廉白,ㄌㄧㄢˊ ㄅㄛˊ
廓爾喀人,ㄎㄨㄛˋ ㄦˇ ㄎㄜˋ ㄖㄣˊ
廕監,ㄧㄣˋ ㄐㄧㄢˋ
廝撲行,ㄙ ㄆㄨ ㄏㄤˊ
廝稱,ㄙ ㄔㄥˋ
廝舍,ㄙ ㄕㄜˋ
廞塞,ㄑㄧㄣ ㄙㄜˋ
廢然長嘆,ㄈㄟˋ ㄖㄢˊ ㄔㄤˊ ㄊㄢˋ
廣場,ㄍㄨㄤˇ ㄔㄤˊ
廣寒仙子,ㄍㄨㄤˇ ㄏㄢˊ ㄒㄧㄢ ㄗˇ
廣廈,ㄍㄨㄤˇ ㄒㄧㄚˋ
廣廈萬間,ㄍㄨㄤˇ ㄒㄧㄚˋ ㄨㄢˋ ㄐㄧㄢ
廣成子,ㄍㄨㄤˇ ㄔㄥˊ ㄗˇ
廣播歌仔戲,ㄍㄨㄤˇ ㄅㄛˋ ㄍㄜ ㄗˇ ㄒㄧˋ
廣長舌,ㄍㄨㄤˇ ㄔㄤˊ ㄕㄜˊ
廣陵散,ㄍㄨㄤˇ ㄌㄧㄥˊ ㄙㄢˇ
廬舍,ㄌㄨˊ ㄕㄜˋ
廳子,ㄊㄧㄥ ㄗˇ
廳舍,ㄊㄧㄥ ㄕㄜˋ
延屬,ㄧㄢˊ ㄓㄨˇ
延釐,ㄧㄢˊ ㄒㄧ
延長,ㄧㄢˊ ㄔㄤˊ
延長線,ㄧㄢˊ ㄔㄤˊ ㄒㄧㄢˋ
延長記號,ㄧㄢˊ ㄔㄤˊ ㄐㄧˋ ㄏㄠˋ
延長賽,ㄧㄢˊ ㄔㄤˊ ㄙㄞˋ
建中告身帖,ㄐㄧㄢˋ ㄓㄨㄥ ㄍㄠˋ ㄕㄣ ㄊㄧㄝˋ
建安七子,ㄐㄧㄢˋ ㄢ ㄑㄧ ㄗˇ
建白,ㄐㄧㄢˋ ㄅㄛˊ
建都,ㄐㄧㄢˋ ㄉㄨ
弄了個魚頭來拆,ㄋㄨㄥˋ ˙ㄌㄜ ˙ㄍㄜ ㄩˊ ㄊㄡˊ ㄌㄞˊ ㄔㄞ
弄倒,ㄋㄨㄥˋ ㄉㄠˇ
弄剌子兒,ㄋㄨㄥˋ ㄌㄚˋ ㄗˇ ㄦ
弄小性兒,ㄋㄨㄥˋ ㄒㄧㄠˇ ㄒㄧㄥˋ ㄦ
弄擰了,ㄋㄨㄥˋ ㄋㄧㄥˇ ˙ㄌㄜ
弄獐宰相,ㄋㄨㄥˋ ㄓㄤ ㄗㄞˇ ㄒㄧㄤˋ
弄甏,ㄋㄨㄥˋ ㄆㄥˋ
弄白相,ㄋㄨㄥˋ ㄅㄞˊ ㄒㄧㄤˋ
弄空頭,ㄋㄨㄥˋ ㄎㄨㄥ ˙ㄊㄡ
弄粉調朱,ㄋㄨㄥˋ ㄈㄣˇ ㄊㄧㄠˊ ㄓㄨ
弄虛頭,ㄋㄨㄥˋ ㄒㄩ ˙ㄊㄡ
弄風兒,ㄋㄨㄥˋ ㄈㄥ ㄦ
弊衣簞食,ㄅㄧˋ ㄧ ㄉㄢ ㄙˋ
弋不射宿,ㄧˋ ㄅㄨˋ ㄕˊ ㄙㄨˋ
弓兒,ㄍㄨㄥ ㄦ
弓兒扯滿,ㄍㄨㄥ ㄦ ㄔㄜˇ ㄇㄢˇ
弓形鑽,ㄍㄨㄥ ㄒㄧㄥˊ ㄗㄨㄢˋ
弓調馬服,ㄍㄨㄥ ㄊㄧㄠˊ ㄇㄚˇ ㄈㄨˊ
弔喪,ㄉㄧㄠˋ ㄙㄤ
弔喪問疾,ㄉㄧㄠˋ ㄙㄤ ㄨㄣˋ ㄐㄧˊ
弔場,ㄉㄧㄠˋ ㄔㄤˊ
弔腳兒事,ㄉㄧㄠˋ ㄐㄧㄠˇ ㄦ ㄕˋ
弔膀子,ㄉㄧㄠˋ ㄅㄤˋ ˙ㄗ
引以為傲,ㄧㄣˇ ㄧˇ ㄨㄟˊ ㄠˋ
引以為戒,ㄧㄣˇ ㄧˇ ㄨㄟˊ ㄐㄧㄝˋ
引以為榮,ㄧㄣˇ ㄧˇ ㄨㄟˊ ㄖㄨㄥˊ
引以為鑑,ㄧㄣˇ ㄧˇ ㄨㄟˊ ㄐㄧㄢˋ
引以為鑒,ㄧㄣˇ ㄧˇ ㄨㄟˊ ㄐㄧㄢˋ
引分,ㄧㄣˇ ㄈㄣˋ
引吭,ㄧㄣˇ ㄏㄤˊ
引吭高歌,ㄧㄣˇ ㄏㄤˊ ㄍㄠ ㄍㄜ
引得,ㄧㄣˇ ㄉㄜˊ
引發物質,ㄧㄣˇ ㄈㄚ ㄨˋ ㄓˊ
引調,ㄧㄣˇ ㄊㄧㄠˊ
引頸翹望,ㄧㄣˇ ㄐㄧㄥˇ ㄑㄧㄠˊ ㄨㄤˋ
弟兄,ㄉㄧˋ ˙ㄒㄩㄥ
弟媳婦,ㄉㄧˋ ㄒㄧˊ ˙ㄈㄨ
弟子,ㄉㄧˋ ㄗˇ
弟子員,ㄉㄧˋ ㄗˇ ㄩㄢˊ
弟弟,ㄉㄧˋ ˙ㄉㄧ
弦切角,ㄒㄧㄢˊ ㄑㄧㄝ ㄐㄧㄠˇ
弦子,ㄒㄧㄢˊ ㄗˇ
弦樂,ㄒㄧㄢˊ ㄩㄝˋ
弦樂器,ㄒㄧㄢˊ ㄩㄝˋ ㄑㄧˋ
弱不勝衣,ㄖㄨㄛˋ ㄅㄨˋ ㄕㄥ ㄧ
弱不好弄,ㄖㄨㄛˋ ㄅㄨˋ ㄏㄠˋ ㄋㄨㄥˋ
弱不禁風,ㄖㄨㄛˋ ㄅㄨˋ ㄐㄧㄣ ㄈㄥ
弱冠,ㄖㄨㄛˋ ㄍㄨㄢˋ
弱怯怯,ㄖㄨㄛˋ ㄑㄩㄝˋ ㄑㄩㄝˋ
弱質,ㄖㄨㄛˋ ㄓˊ
張僧繇,ㄓㄤ ㄙㄥ ㄧㄡˊ
張家長李家短,ㄓㄤ ㄐㄧㄚ ㄔㄤˊ ㄌㄧˇ ㄐㄧㄚ ㄉㄨㄢˇ
張掖縣,ㄓㄤ ㄧˋ ㄒㄧㄢˋ
張羅,ㄓㄤ ˙ㄌㄨㄛ
張脈,ㄓㄤˋ ㄇㄞˋ
張角,ㄓㄤ ㄐㄩㄝˊ
張說,ㄓㄤ ㄩㄝˋ
張飲,ㄓㄤˋ ㄧㄣˇ
張黑女墓誌銘,ㄓㄤ ㄏㄜˋ ㄋㄩˇ ㄇㄨˋ ㄓˋ ㄇㄧㄥˊ
強不知以為知,ㄑㄧㄤˇ ㄅㄨˋ ㄓ ㄧˇ ㄨㄟˊ ㄓ
強人,ㄑㄧㄤˇ ㄖㄣˊ
強人所難,ㄑㄧㄤˇ ㄖㄣˊ ㄙㄨㄛˇ ㄋㄢˊ
強作鎮靜,ㄑㄧㄤˇ ㄗㄨㄛˋ ㄓㄣˋ ㄐㄧㄥˋ
強使,ㄑㄧㄤˇ ㄕˇ
強制,ㄑㄧㄤˇ ㄓˋ
強制保險,ㄑㄧㄤˇ ㄓˋ ㄅㄠˇ ㄒㄧㄢˇ
強制執行,ㄑㄧㄤˇ ㄓˋ ㄓˊ ㄒㄧㄥˊ
強制汽車責任保險法,ㄑㄧㄤˇ ㄓˋ ㄑㄧˋ ㄔㄜ ㄗㄜˊ ㄖㄣˋ ㄅㄠˇ ㄒㄧㄢˇ ㄈㄚˇ
強制猥褻罪,ㄑㄧㄤˇ ㄓˋ ㄨㄟˇ ㄒㄧㄝˋ ㄗㄨㄟˋ
強制罪,ㄑㄧㄤˇ ㄓˋ ㄗㄨㄟˋ
強制處分,ㄑㄧㄤˇ ㄓˋ ㄔㄨˇ ㄈㄣˋ
強制認領,ㄑㄧㄤˇ ㄓˋ ㄖㄣˋ ㄌㄧㄥˇ
強制辯護,ㄑㄧㄤˇ ㄓˋ ㄅㄧㄢˋ ㄏㄨˋ
強加,ㄑㄧㄤˇ ㄐㄧㄚ
強勁,ㄑㄧㄤˊ ㄐㄧㄥˋ
強勉,ㄑㄧㄤˇ ㄇㄧㄢˇ
強勒,ㄑㄧㄤˇ ㄌㄜˋ
強化玻璃,ㄑㄧㄤˊ ㄏㄨㄚˋ ㄅㄛ ˙ㄌㄧ
強嘴,ㄐㄧㄤˋ ㄗㄨㄟˇ
強將手下無弱兵,ㄑㄧㄤˊ ㄐㄧㄤˋ ㄕㄡˇ ㄒㄧㄚˋ ㄨˊ ㄖㄨㄛˋ ㄅㄧㄥ
強忍,ㄑㄧㄤˇ ㄖㄣˇ
強敵環伺,ㄑㄧㄤˊ ㄉㄧˊ ㄏㄨㄢˊ ㄙˋ
強文假醋,ㄑㄧㄤˇ ㄨㄣˊ ㄐㄧㄚˇ ㄘㄨˋ
強橫,ㄑㄧㄤˊ ㄏㄥˋ
強死強活,ㄑㄧㄤˇ ㄙˇ ㄑㄧㄤˇ ㄏㄨㄛˊ
強求,ㄑㄧㄤˇ ㄑㄧㄡˊ
強聒不舍,ㄑㄧㄤˇ ㄍㄨㄚ ㄅㄨˋ ㄕㄜˇ
強行,ㄑㄧㄤˇ ㄒㄧㄥˊ
強行法,ㄑㄧㄤˇ ㄒㄧㄥˊ ㄈㄚˇ
強詞奪理,ㄑㄧㄤˇ ㄘˊ ㄉㄨㄛˊ ㄌㄧˇ
強迫,ㄑㄧㄤˇ ㄆㄛˋ
強迫中獎,ㄑㄧㄤˇ ㄆㄛˋ ㄓㄨㄥˋ ㄐㄧㄤˇ
強迫儲蓄,ㄑㄧㄤˇ ㄆㄛˋ ㄔㄨˊ ㄒㄩˋ
強迫取分,ㄑㄧㄤˇ ㄆㄛˋ ㄑㄩˇ ㄈㄣ
強迫教育,ㄑㄧㄤˇ ㄆㄛˋ ㄐㄧㄠˋ ㄩˋ
強迫降落,ㄑㄧㄤˇ ㄆㄛˋ ㄐㄧㄤˋ ㄌㄨㄛˋ
強逼,ㄑㄧㄤˇ ㄅㄧ
強酒,ㄑㄧㄤˇ ㄐㄧㄡˇ
強顏,ㄑㄧㄤˇ ㄧㄢˊ
強顏歡笑,ㄑㄧㄤˇ ㄧㄢˊ ㄏㄨㄢ ㄒㄧㄠˋ
強飯為嘉,ㄑㄧㄤˇ ㄈㄢˋ ㄨㄟˊ ㄐㄧㄚ
彆強,ㄅㄧㄝˋ ㄐㄧㄤˋ
彆扭,ㄅㄧㄝˋ ˙ㄋㄧㄡ
彈冠,ㄊㄢˊ ㄍㄨㄢ
彈冠振衣,ㄊㄢˊ ㄍㄨㄢ ㄓㄣˋ ㄧ
彈冠相慶,ㄊㄢˊ ㄍㄨㄢ ㄒㄧㄤ ㄑㄧㄥˋ
彈冠結綬,ㄊㄢˊ ㄍㄨㄢ ㄐㄧㄝˊ ㄕㄡˋ
彈剝,ㄊㄢˊ ㄅㄛ
彈力,ㄊㄢˊ ㄌㄧˋ
彈劾,ㄊㄢˊ ㄏㄜˊ
彈劾權,ㄊㄢˊ ㄏㄜˊ ㄑㄩㄢˊ
彈劾無私,ㄊㄢˊ ㄏㄜˊ ㄨˊ ㄙ
彈包,ㄊㄢˊ ㄅㄠ
彈唱,ㄊㄢˊ ㄔㄤˋ
彈塗魚,ㄊㄢˊ ㄊㄨˊ ㄩˊ
彈壓,ㄊㄢˊ ㄧㄚ
彈奏,ㄊㄢˊ ㄗㄡˋ
彈射,ㄊㄢˊ ㄕㄜˋ
彈布爾,ㄊㄢˊ ㄅㄨˋ ㄦˇ
彈弄,ㄊㄢˊ ㄌㄨㄥˋ
彈性,ㄊㄢˊ ㄒㄧㄥˋ
彈性上班,ㄊㄢˊ ㄒㄧㄥˋ ㄕㄤˋ ㄅㄢ
彈性勢能,ㄊㄢˊ ㄒㄧㄥˋ ㄕˋ ㄋㄥˊ
彈性工時,ㄊㄢˊ ㄒㄧㄥˋ ㄍㄨㄥ ㄕˊ
彈性放假,ㄊㄢˊ ㄒㄧㄥˋ ㄈㄤˋ ㄐㄧㄚˋ
彈性模數,ㄊㄢˊ ㄒㄧㄥˋ ㄇㄛˊ ㄕㄨˋ
彈性疲乏,ㄊㄢˊ ㄒㄧㄥˋ ㄆㄧˊ ㄈㄚˊ
彈性纖維,ㄊㄢˊ ㄒㄧㄥˋ ㄒㄧㄢ ㄨㄟˊ
彈性製造系統,ㄊㄢˊ ㄒㄧㄥˋ ㄓˋ ㄗㄠˋ ㄒㄧˋ ㄊㄨㄥˇ
彈性限度,ㄊㄢˊ ㄒㄧㄥˋ ㄒㄧㄢˋ ㄉㄨˋ
彈指,ㄊㄢˊ ㄓˇ
彈指之間,ㄊㄢˊ ㄓˇ ㄓ ㄐㄧㄢ
彈指神功,ㄊㄢˊ ㄓˇ ㄕㄣˊ ㄍㄨㄥ
彈掙,ㄊㄢˊ ㄓㄥ
彈斤估兩,ㄊㄢˊ ㄐㄧㄣ ㄍㄨ ㄌㄧㄤˇ
彈棋,ㄊㄢˊ ㄑㄧˊ
彈治,ㄊㄢˊ ㄓˋ
彈琴,ㄊㄢˊ ㄑㄧㄣˊ
彈琵琶,ㄊㄢˊ ㄆㄧˊ ˙ㄆㄚ
彈空說嘴,ㄊㄢˊ ㄎㄨㄥ ㄕㄨㄛ ㄗㄨㄟˇ
彈章,ㄊㄢˊ ㄓㄤ
彈簧,ㄊㄢˊ ㄏㄨㄤˊ
彈簧刀,ㄊㄢˊ ㄏㄨㄤˊ ㄉㄠ
彈簧床,ㄊㄢˊ ㄏㄨㄤˊ ㄔㄨㄤˊ
彈簧秤,ㄊㄢˊ ㄏㄨㄤˊ ㄔㄥˋ
彈簧鋼,ㄊㄢˊ ㄏㄨㄤˊ ㄍㄤ
彈簧門,ㄊㄢˊ ㄏㄨㄤˊ ㄇㄣˊ
彈絲品竹,ㄊㄢˊ ㄙ ㄆㄧㄣˇ ㄓㄨˊ
彈腿,ㄊㄢˊ ㄊㄨㄟˇ
彈著點,ㄉㄢˋ ㄓㄨㄛˊ ㄉㄧㄢˇ
彈觔估兩,ㄊㄢˊ ㄐㄧㄣ ㄍㄨ ㄌㄧㄤˇ
彈詞,ㄊㄢˊ ㄘˊ
彈跳,ㄊㄢˊ ㄊㄧㄠˋ
彈針,ㄊㄢˊ ㄓㄣ
彈鋏,ㄊㄢˊ ㄐㄧㄚˊ
彈鋏無魚,ㄊㄢˊ ㄐㄧㄚˊ ㄨˊ ㄩˊ
彈駁,ㄊㄢˊ ㄅㄛˊ
彈黃調,ㄊㄢˊ ㄏㄨㄤˊ ㄉㄧㄠˋ
彉騎,ㄎㄨㄛˋ ㄐㄧˋ
彌勒,ㄇㄧˊ ㄌㄜˋ
彌撒曲,ㄇㄧˊ ㄙㄚ ㄑㄩˇ
彌縫,ㄇㄧˊ ㄈㄥˊ
彖傳,ㄊㄨㄢˋ ㄓㄨㄢˋ
彞倫攸斁,ㄧˊ ㄌㄨㄣˊ ㄧㄡ ㄉㄨˋ
形相,ㄒㄧㄥˊ ㄒㄧㄤˋ
形藏,ㄒㄧㄥˊ ㄗㄤˋ
形質,ㄒㄧㄥˊ ㄓˊ
彩色玻璃,ㄘㄞˇ ㄙㄜˋ ㄅㄛ ˙ㄌㄧ
彫蟲篆刻,ㄉㄧㄠ ㄔㄨㄥˊ ㄓㄨㄢˋ ㄎㄜ
彬彬君子,ㄅㄧㄣ ㄅㄧㄣ ㄐㄩㄣ ㄗˇ
彬彬文質,ㄅㄧㄣ ㄅㄧㄣ ㄨㄣˊ ㄓˊ
彭蠡,ㄆㄥˊ ㄌㄧˇ
彭蠡湖,ㄆㄥˊ ㄌㄧˇ ㄏㄨˊ
彰善癉惡,ㄓㄤ ㄕㄢˋ ㄉㄢˋ ㄜˋ
彰明較著,ㄓㄤ ㄇㄧㄥˊ ㄐㄧㄠˋ ㄓㄨˋ
彰著,ㄓㄤ ㄓㄨˋ
影像處理,ㄧㄥˇ ㄒㄧㄤˋ ㄔㄨˇ ㄌㄧˇ
影像處理系統,ㄧㄥˇ ㄒㄧㄤˋ ㄔㄨˇ ㄌㄧˇ ㄒㄧˋ ㄊㄨㄥˇ
影兒,ㄧㄥˇ ㄦ
影戲人兒,ㄧㄥˇ ㄒㄧˋ ㄖㄣˊ ㄦ
彴約,ㄅㄛˊ ㄩㄝ
彷彿,ㄈㄤˇ ㄈㄨˊ
彼倡此和,ㄅㄧˇ ㄔㄤˋ ㄘˇ ㄏㄜˋ
彼唱此和,ㄅㄧˇ ㄔㄤˋ ㄘˇ ㄏㄜˋ
彼得,ㄅㄧˇ ㄉㄜˊ
彼得大帝,ㄅㄧˇ ㄉㄜˊ ㄉㄚˋ ㄉㄧˋ
往還,ㄨㄤˇ ㄏㄨㄢˊ
征勦,ㄓㄥ ㄐㄧㄠˇ
征帆,ㄓㄥ ㄈㄢˊ
征彸,ㄓㄥ ㄓㄨㄥ
待一會兒,ㄉㄞ ㄧ ㄏㄨㄟˇ ㄦ
待不了,ㄉㄞ ㄅㄨˋ ㄌㄧㄠˇ
待人處世,ㄉㄞˋ ㄖㄣˊ ㄔㄨˇ ㄕˋ
待人處事,ㄉㄞˋ ㄖㄣˊ ㄔㄨˇ ㄕˋ
待時守分,ㄉㄞˋ ㄕˊ ㄕㄡˇ ㄈㄣˋ
待賈,ㄉㄞˋ ㄍㄨˇ
待質,ㄉㄞˋ ㄓˊ
徇務,ㄒㄩㄣˊ ㄨˋ
徇情,ㄒㄩㄣˊ ㄑㄧㄥˊ
徇情枉法,ㄒㄩㄣˊ ㄑㄧㄥˊ ㄨㄤˇ ㄈㄚˇ
徇私,ㄒㄩㄣˊ ㄙ
徇私作弊,ㄒㄩㄣˊ ㄙ ㄗㄨㄛˋ ㄅㄧˋ
徇私廢公,ㄒㄩㄣˊ ㄙ ㄈㄟˋ ㄍㄨㄥ
徇私舞弊,ㄒㄩㄣˊ ㄙ ㄨˇ ㄅㄧˋ
徇通,ㄒㄩㄣˊ ㄊㄨㄥ
律藏,ㄌㄩˋ ㄗㄤˋ
後七子,ㄏㄡˋ ㄑㄧ ㄗˇ
後不為例,ㄏㄡˋ ㄅㄨˋ ㄨㄟˊ ㄌㄧˋ
後兒,ㄏㄡˋ ㄦ
後加成分,ㄏㄡˋ ㄐㄧㄚ ㄔㄥˊ ㄈㄣˋ
後婚兒,ㄏㄡˋ ㄏㄨㄣ ㄦ
後尾兒,ㄏㄡˋ ㄨㄟˇ ㄦ
後悔藥兒,ㄏㄡˋ ㄏㄨㄟˇ ㄧㄠˋ ㄦ
後手兒,ㄏㄡˋ ㄕㄡˇ ㄦ
後燕,ㄏㄡˋ ㄧㄢ
後現代劇場,ㄏㄡˋ ㄒㄧㄢˋ ㄉㄞˋ ㄐㄩˋ ㄔㄤˊ
後腦杓,ㄏㄡˋ ㄋㄠˇ ㄕㄠˊ
後臉兒,ㄏㄡˋ ㄌㄧㄢˇ ㄦ
後藏,ㄏㄡˋ ㄗㄤˋ
後邊,ㄏㄡˋ ˙ㄅㄧㄢ
後頭,ㄏㄡˋ ˙ㄊㄡ
徐穉置芻,ㄒㄩˊ ㄓˋ ㄓˋ ㄔㄨˊ
徒子徒孫,ㄊㄨˊ ㄗˇ ㄊㄨˊ ㄙㄨㄣ
徒步當車,ㄊㄨˊ ㄅㄨˋ ㄉㄤ ㄐㄩ
得一望十,ㄉㄜˊ ㄧ ㄨㄤˋ ㄕˊ
得不償失,ㄉㄜˊ ㄅㄨˋ ㄔㄤˊ ㄕ
得不的一聲,ㄉㄜˊ ㄅㄨˋ ˙ㄉㄜ ㄧ ㄕㄥ
得不的風兒就是雨兒,ㄉㄜˊ ㄅㄨˋ ˙ㄉㄜ ㄈㄥ ㄦ ㄐㄧㄡˋ ㄕˋ ㄩˇ ㄦ
得不補失,ㄉㄜˊ ㄅㄨˋ ㄅㄨˇ ㄕ
得不酬失,ㄉㄜˊ ㄅㄨˋ ㄔㄡˊ ㄕ
得主,ㄉㄜˊ ㄓㄨˇ
得了,ㄉㄜˊ ˙ㄌㄜ
得了些顏色就開起染房來,ㄉㄜˊ ˙ㄌㄜ ㄒㄧㄝ ㄧㄢˊ ㄙㄜˋ ㄐㄧㄡˋ ㄎㄞ ㄑㄧˇ ㄖㄢˇ ㄈㄤˊ ㄌㄞˊ
得人,ㄉㄜˊ ㄖㄣˊ
得人兒,ㄉㄜˊ ㄖㄣˊ ㄦ
得人心,ㄉㄜˊ ㄖㄣˊ ㄒㄧㄣ
得人意,ㄉㄜˊ ㄖㄣˊ ㄧˋ
得人死力,ㄉㄜˊ ㄖㄣˊ ㄙˇ ㄌㄧˋ
得令,ㄉㄜˊ ㄌㄧㄥˋ
得以,ㄉㄜˊ ㄧˇ
得似,ㄉㄜˊ ㄙˋ
得來不易,ㄉㄜˊ ㄌㄞˊ ㄅㄨˋ ㄧˋ
得便宜是落便宜,ㄉㄜˊ ㄆㄧㄢˊ ˙ㄧ ㄕˋ ㄌㄨㄛˋ ㄆㄧㄢˊ ˙ㄧ
得便宜處失便宜,ㄉㄜˊ ㄆㄧㄢˊ ˙ㄧ ㄔㄨˋ ㄕ ㄆㄧㄢˊ ˙ㄧ
得償所願,ㄉㄜˊ ㄔㄤˊ ㄙㄨㄛˇ ㄩㄢˋ
得先手,ㄉㄜˊ ㄒㄧㄢ ㄕㄡˇ
得兔而忘蹄,ㄉㄜˊ ㄊㄨˋ ㄦˊ ㄨㄤˋ ㄊㄧˊ
得其三昧,ㄉㄜˊ ㄑㄧˊ ㄙㄢ ㄇㄟˋ
得其所,ㄉㄜˊ ㄑㄧˊ ㄙㄨㄛˇ
得其所哉,ㄉㄜˊ ㄑㄧˊ ㄙㄨㄛˇ ㄗㄞ
得分,ㄉㄜˊ ㄈㄣ
得利,ㄉㄜˊ ㄌㄧˋ
得到,ㄉㄜˊ ㄉㄠˋ
得力,ㄉㄜˊ ㄌㄧˋ
得勁,ㄉㄜˊ ㄐㄧㄣˋ
得勝,ㄉㄜˊ ㄕㄥˋ
得勝之兵,ㄉㄜˊ ㄕㄥˋ ㄓ ㄅㄧㄥ
得勝之師,ㄉㄜˊ ㄕㄥˋ ㄓ ㄕ
得勝口,ㄉㄜˊ ㄕㄥˋ ㄎㄡˇ
得勝回朝,ㄉㄜˊ ㄕㄥˋ ㄏㄨㄟˊ ㄔㄠˊ
得勝的貓兒歡似虎,ㄉㄜˊ ㄕㄥˋ ˙ㄉㄜ ㄇㄠ ㄦ ㄏㄨㄢ ㄙˋ ㄏㄨˇ
得勝頭回,ㄉㄜˊ ㄕㄥˋ ㄊㄡˊ ㄏㄨㄟˊ
得勝頭迴,ㄉㄜˊ ㄕㄥˋ ㄊㄡˊ ㄏㄨㄟˊ
得勢,ㄉㄜˊ ㄕˋ
得勿,ㄉㄜˊ ㄨˋ
得匣還珠,ㄉㄜˊ ㄒㄧㄚˊ ㄏㄨㄢˊ ㄓㄨ
得名,ㄉㄜˊ ㄇㄧㄥˊ
得命,ㄉㄜˊ ㄇㄧㄥˋ
得天獨厚,ㄉㄜˊ ㄊㄧㄢ ㄉㄨˊ ㄏㄡˋ
得失,ㄉㄜˊ ㄕ
得失在人,ㄉㄜˊ ㄕ ㄗㄞˋ ㄖㄣˊ
得失成敗,ㄉㄜˊ ㄕ ㄔㄥˊ ㄅㄞˋ
得失榮枯,ㄉㄜˊ ㄕ ㄖㄨㄥˊ ㄎㄨ
得失相半,ㄉㄜˊ ㄕ ㄒㄧㄤ ㄅㄢˋ
得婿如龍,ㄉㄜˊ ㄒㄩˋ ㄖㄨˊ ㄌㄨㄥˊ
得宜,ㄉㄜˊ ㄧˊ
得實,ㄉㄜˊ ㄕˊ
得寵,ㄉㄜˊ ㄔㄨㄥˇ
得寸思尺,ㄉㄜˊ ㄘㄨㄣˋ ㄙ ㄔˇ
得寸進尺,ㄉㄜˊ ㄘㄨㄣˋ ㄐㄧㄣˋ ㄔˇ
得尺得寸,ㄉㄜˊ ㄔˇ ㄉㄜˊ ㄘㄨㄣˋ
得差,ㄉㄜˊ ㄔㄞ
得年,ㄉㄜˊ ㄋㄧㄢˊ
得幸,ㄉㄜˊ ㄒㄧㄥˋ
得得,ㄉㄜˊ ㄉㄜˊ
得心應手,ㄉㄜˊ ㄒㄧㄣ ㄧㄥˋ ㄕㄡˇ
得志,ㄉㄜˊ ㄓˋ
得悉,ㄉㄜˊ ㄒㄧ
得意,ㄉㄜˊ ㄧˋ
得意之事,ㄉㄜˊ ㄧˋ ㄓ ㄕˋ
得意之狀,ㄉㄜˊ ㄧˋ ㄓ ㄓㄨㄤˋ
得意之色,ㄉㄜˊ ㄧˋ ㄓ ㄙㄜˋ
得意之餘,ㄉㄜˊ ㄧˋ ㄓ ㄩˊ
得意忘形,ㄉㄜˊ ㄧˋ ㄨㄤˋ ㄒㄧㄥˊ
得意忘言,ㄉㄜˊ ㄧˋ ㄨㄤˋ ㄧㄢˊ
得意忘象,ㄉㄜˊ ㄧˋ ㄨㄤˋ ㄒㄧㄤˋ
得意揚揚,ㄉㄜˊ ㄧˋ ㄧㄤˊ ㄧㄤˊ
得意洋洋,ㄉㄜˊ ㄧˋ ㄧㄤˊ ㄧㄤˊ
得意緣,ㄉㄜˊ ㄧˋ ㄩㄢˊ
得意門生,ㄉㄜˊ ㄧˋ ㄇㄣˊ ㄕㄥ
得意非凡,ㄉㄜˊ ㄧˋ ㄈㄟ ㄈㄢˊ
得成秦晉,ㄉㄜˊ ㄔㄥˊ ㄑㄧㄣˊ ㄐㄧㄣˋ
得所,ㄉㄜˊ ㄙㄨㄛˇ
得手,ㄉㄜˊ ㄕㄡˇ
得手應心,ㄉㄜˊ ㄕㄡˇ ㄧㄥˋ ㄒㄧㄣ
得挹芝眉,ㄉㄜˊ ㄧˋ ㄓ ㄇㄟˊ
得放手時須放手,ㄉㄜˊ ㄈㄤˋ ㄕㄡˇ ㄕˊ ㄒㄩ ㄈㄤˋ ㄕㄡˇ
得救,ㄉㄜˊ ㄐㄧㄡˋ
得新厭舊,ㄉㄜˊ ㄒㄧㄣ ㄧㄢˋ ㄐㄧㄡˋ
得新忘舊,ㄉㄜˊ ㄒㄧㄣ ㄨㄤˋ ㄐㄧㄡˋ
得新棄舊,ㄉㄜˊ ㄒㄧㄣ ㄑㄧˋ ㄐㄧㄡˋ
得時,ㄉㄜˊ ㄕˊ
得未嘗有,ㄉㄜˊ ㄨㄟˋ ㄔㄤˊ ㄧㄡˇ
得未曾有,ㄉㄜˊ ㄨㄟˋ ㄘㄥˊ ㄧㄡˇ
得果,ㄉㄜˊ ㄍㄨㄛˇ
得標,ㄉㄜˊ ㄅㄧㄠ
得樣兒,ㄉㄜˊ ㄧㄤˋ ㄦ
得權重任,ㄉㄜˊ ㄑㄩㄢˊ ㄓㄨㄥˋ ㄖㄣˋ
得步進步,ㄉㄜˊ ㄅㄨˋ ㄐㄧㄣˋ ㄅㄨˋ
得民,ㄉㄜˊ ㄇㄧㄣˊ
得沾化雨,ㄉㄜˊ ㄓㄢ ㄏㄨㄚˋ ㄩˇ
得法,ㄉㄜˊ ㄈㄚˇ
得濟,ㄉㄜˊ ㄐㄧˋ
得無,ㄉㄜˊ ㄨˊ
得獎,ㄉㄜˊ ㄐㄧㄤˇ
得理,ㄉㄜˊ ㄌㄧˇ
得理不饒人,ㄉㄜˊ ㄌㄧˇ ㄅㄨˋ ㄖㄠˊ ㄖㄣˊ
得用,ㄉㄜˊ ㄩㄥˋ
得當,ㄉㄜˊ ㄉㄤˋ
得病,ㄉㄜˊ ㄅㄧㄥˋ
得益,ㄉㄜˊ ㄧˋ
得知,ㄉㄜˊ ㄓ
得神,ㄉㄜˊ ㄕㄣˊ
得票,ㄉㄜˊ ㄆㄧㄠˋ
得票率,ㄉㄜˊ ㄆㄧㄠˋ ㄌㄩˋ
得福不知,ㄉㄜˊ ㄈㄨˊ ㄅㄨˋ ㄓ
得空,ㄉㄜˊ ㄎㄨㄥˋ
得竅,ㄉㄜˊ ㄑㄧㄠˋ
得第,ㄉㄜˊ ㄉㄧˋ
得缺,ㄉㄜˊ ㄑㄩㄝ
得罪,ㄉㄜˊ ㄗㄨㄟˋ
得而復失,ㄉㄜˊ ㄦˊ ㄈㄨˋ ㄕ
得而誅之,ㄉㄜˊ ㄦˊ ㄓㄨ ㄓ
得職,ㄉㄜˊ ㄓˊ
得臉,ㄉㄜˊ ㄌㄧㄢˇ
得色,ㄉㄜˊ ㄙㄜˋ
得衷,ㄉㄜˊ ㄓㄨㄥ
得親順親,ㄉㄜˊ ㄑㄧㄣ ㄕㄨㄣˋ ㄑㄧㄣ
得解,ㄉㄜˊ ㄐㄧㄝˇ
得計,ㄉㄜˊ ㄐㄧˋ
得詔,ㄉㄜˊ ㄓㄠˋ
得逞,ㄉㄜˊ ㄔㄥˇ
得運,ㄉㄜˊ ㄩㄣˋ
得過,ㄉㄜˊ ㄍㄨㄛˋ
得過且過,ㄉㄜˊ ㄍㄨㄛˋ ㄑㄧㄝˇ ㄍㄨㄛˋ
得道,ㄉㄜˊ ㄉㄠˋ
得道多助,ㄉㄜˊ ㄉㄠˋ ㄉㄨㄛ ㄓㄨˋ
得道成仙,ㄉㄜˊ ㄉㄠˋ ㄔㄥˊ ㄒㄧㄢ
得采,ㄉㄜˊ ㄘㄞˇ
得錢賣放,ㄉㄜˊ ㄑㄧㄢˊ ㄇㄞˋ ㄈㄤˋ
得閒,ㄉㄜˊ ㄒㄧㄢˊ
得間,ㄉㄜˊ ㄐㄧㄢˋ
得隴望蜀,ㄉㄜˊ ㄌㄨㄥˇ ㄨㄤˋ ㄕㄨˇ
得雄,ㄉㄜˊ ㄒㄩㄥˊ
得雋,ㄉㄜˊ ㄐㄩㄣˋ
得饒人處且饒人,ㄉㄜˊ ㄖㄠˊ ㄖㄣˊ ㄔㄨˋ ㄑㄧㄝˇ ㄖㄠˊ ㄖㄣˊ
得體,ㄉㄜˊ ㄊㄧˇ
得高歌處且高歌,ㄉㄜˊ ㄍㄠ ㄍㄜ ㄔㄨˋ ㄑㄧㄝˇ ㄍㄠ ㄍㄜ
得魚忘筌,ㄉㄜˊ ㄩˊ ㄨㄤˋ ㄑㄩㄢˊ
徙宅忘妻,ㄒㄧˇ ㄓㄜˋ ㄨㄤˋ ㄑㄧ
從伯,ㄗㄨㄥˋ ㄅㄛˊ
從兄,ㄗㄨㄥˋ ㄒㄩㄥ
從兄弟,ㄗㄨㄥˋ ㄒㄩㄥ ㄉㄧˋ
從刑,ㄗㄨㄥˋ ㄒㄧㄥˊ
從吏,ㄗㄨㄥˋ ㄌㄧˋ
從女,ㄗㄨㄥˋ ㄋㄩˇ
從子,ㄗㄨㄥˋ ㄗˇ
從官,ㄗㄨㄥˋ ㄍㄨㄢ
從容,ㄘㄨㄥ ㄖㄨㄥˊ
從容不迫,ㄘㄨㄥ ㄖㄨㄥˊ ㄅㄨˋ ㄆㄛˋ
從容就義,ㄘㄨㄥ ㄖㄨㄥˊ ㄐㄧㄡˋ ㄧˋ
從容自在,ㄘㄨㄥ ㄖㄨㄥˊ ㄗˋ ㄗㄞˋ
從容自若,ㄘㄨㄥ ㄖㄨㄥˊ ㄗˋ ㄖㄨㄛˋ
從弟,ㄗㄨㄥˋ ㄉㄧˋ
從從容容,ㄘㄨㄥ ㄘㄨㄥ ㄖㄨㄥˊ ㄖㄨㄥˊ
從母,ㄗㄨㄥˋ ㄇㄨˇ
從法,ㄗㄨㄥˋ ㄈㄚˇ
從父,ㄗㄨㄥˋ ㄈㄨˋ
從犯,ㄗㄨㄥˋ ㄈㄢˋ
從約,ㄗㄨㄥ ㄩㄝ
從罰,ㄗㄨㄥˋ ㄈㄚˊ
從者,ㄗㄨㄥˋ ㄓㄜˇ
從衡,ㄗㄨㄥ ㄏㄥˊ
從長計議,ㄘㄨㄥˊ ㄔㄤˊ ㄐㄧˋ ㄧˋ
從風而靡,ㄘㄨㄥˊ ㄈㄥ ㄦˊ ㄇㄧˇ
復子明辟,ㄈㄨˋ ㄗˇ ㄇㄧㄥˊ ㄅㄧˋ
復興,ㄈㄨˋ ㄒㄧㄥ
復興基地,ㄈㄨˋ ㄒㄧㄥ ㄐㄧ ㄉㄧˋ
復興崗,ㄈㄨˋ ㄒㄧㄥ ㄍㄤ
復蹈其轍,ㄈㄨˋ ㄉㄠˋ ㄑㄧˊ ㄔㄜˋ
復蹈前轍,ㄈㄨˋ ㄉㄠˋ ㄑㄧㄢˊ ㄔㄜˋ
復辟,ㄈㄨˋ ㄅㄧˋ
循分,ㄒㄩㄣˊ ㄈㄣˋ
循名校實,ㄒㄩㄣˊ ㄇㄧㄥˊ ㄐㄧㄠˋ ㄕˊ
微中子,ㄨㄟˊ ㄓㄨㄥ ㄗˇ
微子,ㄨㄟˊ ㄗˇ
微暈,ㄨㄟˊ ㄩㄣˋ
微薄,ㄨㄟˊ ㄅㄛˊ
微處理機,ㄨㄟˊ ㄔㄨˇ ㄌㄧˇ ㄐㄧ
徵辟,ㄓㄥ ㄅㄧˋ
德佛亞克,ㄉㄜˊ ㄈㄛˊ ㄧㄚˋ ㄎㄜˋ
德業長昭,ㄉㄜˊ ㄧㄝˋ ㄔㄤˊ ㄓㄠ
德流子孫,ㄉㄜˊ ㄌㄧㄡˊ ㄗˇ ㄙㄨㄣ
德淺行薄,ㄉㄜˊ ㄑㄧㄢˇ ㄒㄧㄥˋ ㄅㄛˊ
德薄才疏,ㄉㄜˊ ㄅㄛˊ ㄘㄞˊ ㄕㄨ
德薄能鮮,ㄉㄜˊ ㄅㄛˊ ㄋㄥˊ ㄒㄧㄢˇ
德行,ㄉㄜˊ ㄒㄧㄥˋ
德黑蘭,ㄉㄜˊ ㄏㄜˋ ㄌㄢˊ
德黑蘭會議,ㄉㄜˊ ㄏㄜˋ ㄌㄢˊ ㄏㄨㄟˋ ㄧˋ
徼亂,ㄐㄧㄠ ㄌㄨㄢˋ
徼亭,ㄐㄧㄠˋ ㄊㄧㄥˊ
徼外,ㄐㄧㄠˋ ㄨㄞˋ
徼巡,ㄐㄧㄠˋ ㄒㄩㄣˊ
徼循,ㄐㄧㄠˋ ㄒㄩㄣˊ
徼福,ㄧㄠ ㄈㄨˊ
徼道,ㄐㄧㄠˋ ㄉㄠˋ
心不應口,ㄒㄧㄣ ㄅㄨˋ ㄧㄥˋ ㄎㄡˇ
心事,ㄒㄧㄣ ˙ㄕ
心事重重,ㄒㄧㄣ ㄕˋ ㄔㄨㄥˊ ㄔㄨㄥˊ
心喪,ㄒㄧㄣ ㄙㄤ
心奓體忕,ㄒㄧㄣ ㄔˇ ㄊㄧˇ ㄊㄞˋ
心安理得,ㄒㄧㄣ ㄢ ㄌㄧˇ ㄉㄜˊ
心寬出少年,ㄒㄧㄣ ㄎㄨㄢ ㄔㄨ ㄕㄠˋ ㄋㄧㄢˊ
心寬體胖,ㄒㄧㄣ ㄎㄨㄢ ㄊㄧˇ ㄆㄢˊ
心廣體胖,ㄒㄧㄣ ㄍㄨㄤˇ ㄊㄧˇ ㄆㄢˊ
心律調節器,ㄒㄧㄣ ㄌㄩˋ ㄊㄧㄠˊ ㄐㄧㄝˊ ㄑㄧˋ
心得,ㄒㄧㄣ ㄉㄜˊ
心急火燎,ㄒㄧㄣ ㄐㄧˊ ㄏㄨㄛˇ ㄌㄧㄠˋ
心怯,ㄒㄧㄣ ㄑㄩㄝˋ
心手相應,ㄒㄧㄣ ㄕㄡˇ ㄒㄧㄤ ㄧㄥˋ
心旌搖曳,ㄒㄧㄣ ㄐㄧㄥ ㄧㄠˊ ㄧˋ
心病還得心藥醫,ㄒㄧㄣ ㄅㄧㄥˋ ㄏㄞˊ ㄉㄟˇ ㄒㄧㄣ ㄧㄠˋ ㄧ
心眼兒,ㄒㄧㄣ ㄧㄢˇ ㄦ
心肌梗塞,ㄒㄧㄣ ㄐㄧ ㄍㄥˇ ㄙㄜˋ
心血,ㄒㄧㄣ ㄒㄩㄝˋ
心血來潮,ㄒㄧㄣ ㄒㄩㄝˋ ㄌㄞˊ ㄔㄠˊ
心裡,ㄒㄧㄣ ˙ㄌㄧ
心裡有個譜,ㄒㄧㄣ ˙ㄌㄧ ㄧㄡˇ ˙ㄍㄜ ㄆㄨˇ
心裡有數,ㄒㄧㄣ ˙ㄌㄧ ㄧㄡˇ ㄕㄨˋ
心長髮短,ㄒㄧㄣ ㄔㄤˊ ㄈㄚˇ ㄉㄨㄢˇ
心電感應,ㄒㄧㄣ ㄉㄧㄢˋ ㄍㄢˇ ㄧㄥˋ
心靈音樂,ㄒㄧㄣ ㄌㄧㄥˊ ㄧㄣ ㄩㄝˋ
心頭小鹿撞個不住,ㄒㄧㄣ ㄊㄡˊ ㄒㄧㄠˇ ㄌㄨˋ ㄓㄨㄤˋ ˙ㄍㄜ ㄅㄨˋ ㄓㄨˋ
心願,ㄒㄧㄣ ˙ㄩㄢ
必不得已,ㄅㄧˋ ㄅㄨˋ ㄉㄜˊ ㄧˇ
必得,ㄅㄧˋ ㄉㄟˇ
忍俊不禁,ㄖㄣˇ ㄐㄩㄣˋ ㄅㄨˋ ㄐㄧㄣ
忒兒,ㄊㄜˋ ㄦ
忒兒嘍,ㄊㄜˋ ㄦ ˙ㄌㄡ
忒楞,ㄊㄜˋ ㄌㄥˋ
忒楞楞,ㄊㄜˋ ㄌㄥˋ ㄌㄥˋ
忒楞楞騰,ㄊㄜˋ ㄌㄥˋ ㄌㄥˋ ㄊㄥˊ
忒煞,ㄊㄜˋ ㄕㄚˋ
忖度,ㄘㄨㄣˇ ㄉㄨㄛˋ
忖著勁兒,ㄘㄨㄣˇ ˙ㄓㄜ ㄐㄧㄥˋ ㄦ
志分,ㄓˋ ㄈㄣˋ
志在必得,ㄓˋ ㄗㄞˋ ㄅㄧˋ ㄉㄜˊ
志得意滿,ㄓˋ ㄉㄜˊ ㄧˋ ㄇㄢˇ
志滿氣得,ㄓˋ ㄇㄢˇ ㄑㄧˋ ㄉㄜˊ
志行,ㄓˋ ㄒㄧㄥˋ
志誠君子,ㄓˋ ㄔㄥˊ ㄐㄩㄣ ㄗˇ
忘八,ㄨㄤˊ ˙ㄅㄚ
忘八羔子,ㄨㄤˊ ˙ㄅㄚ ㄍㄠ ˙ㄗ
忘性,ㄨㄤˋ ˙ㄒㄧㄥ
忘象得意,ㄨㄤˋ ㄒㄧㄤˋ ㄉㄜˊ ㄧˋ
忙不迭地,ㄇㄤˊ ㄅㄨˋ ㄉㄧㄝˊ ˙ㄉㄜ
忙惚兒,ㄇㄤˊ ㄏㄨ ㄦ
忙裡偷閒,ㄇㄤˊ ˙ㄌㄧ ㄊㄡ ㄒㄧㄢˊ
忠告,ㄓㄨㄥ ㄍㄨˋ
忠臣孝子,ㄓㄨㄥ ㄔㄣˊ ㄒㄧㄠˋ ㄗˇ
快快當當,ㄎㄨㄞˋ ˙ㄎㄨㄞ ㄉㄤ ㄉㄤ
快活,ㄎㄨㄞˋ ˙ㄏㄨㄛ
快滋生反應器,ㄎㄨㄞˋ ㄗ ㄕㄥ ㄈㄢˇ ㄧㄥˋ ㄑㄧˋ
快當,ㄎㄨㄞˋ ˙ㄉㄤ
快碼倉頡,ㄎㄨㄞˋ ㄇㄚˇ ㄘㄤ ㄐㄧㄝˊ
快速帆船,ㄎㄨㄞˋ ㄙㄨˋ ㄈㄢˊ ㄔㄨㄢˊ
快雪時晴帖,ㄎㄨㄞˋ ㄒㄩㄝˇ ㄕˊ ㄑㄧㄥˊ ㄊㄧㄝˋ
念佛,ㄋㄧㄢˋ ㄈㄛˊ
念佛三昧,ㄋㄧㄢˋ ㄈㄛˊ ㄙㄢ ㄇㄟˋ
念叨,ㄋㄧㄢˋ ˙ㄉㄠ
念央兒,ㄋㄧㄢˋ ㄧㄤ ㄦ
念子曰,ㄋㄧㄢˋ ㄗˇ ㄩㄝ
念心兒,ㄋㄧㄢˋ ㄒㄧㄣ ㄦ
念曲叫曲,ㄋㄧㄢˋ ㄑㄩˇ ㄐㄧㄠˋ ㄑㄩˇ
念米佛,ㄋㄧㄢˋ ㄇㄧˇ ㄈㄛˊ
念誦,ㄋㄧㄢˋ ˙ㄙㄨㄥ
念豆兒佛,ㄋㄧㄢˋ ㄉㄡˋ ㄦ ㄈㄛˊ
念頭,ㄋㄧㄢˋ ˙ㄊㄡ
忻忻得意,ㄒㄧㄣ ㄒㄧㄣ ㄉㄜˊ ㄧˋ
忽剌八,ㄏㄨ ㄌㄚˋ ㄅㄚ
忽剌巴,ㄏㄨ ㄌㄚˋ ㄅㄚ
忽的,ㄏㄨ ㄉㄧˋ
怎地,ㄗㄣˇ ˙ㄉㄜ
怎麼得了,ㄗㄣˇ ˙ㄇㄜ ㄉㄜˊ ㄌㄧㄠˇ
怎麼搞的,ㄗㄜˇ ˙ㄇㄜ ㄍㄠˇ ˙ㄉㄜ
怒子,ㄋㄨˋ ㄗˇ
怒目攢眉,ㄋㄨˋ ㄇㄨˋ ㄘㄨㄢˊ ㄇㄟˊ
怒臂當車,ㄋㄨˋ ㄅㄧˋ ㄉㄤˇ ㄔㄜ
怒號,ㄋㄨˋ ㄏㄠˊ
怔住,ㄌㄥˋ ㄓㄨˋ
怔呵呵,ㄌㄥˋ ㄏㄜ ㄏㄜ
怔忪,ㄓㄥ ㄓㄨㄥ
怔怔,ㄌㄥˋ ㄌㄥˋ
怕不,ㄆㄚˋ ˙ㄅㄨ
怕是,ㄆㄚˋ ˙ㄕ
怕臊,ㄆㄚˋ ㄙㄠˋ
怕長怕短,ㄆㄚˋ ㄔㄤˊ ㄆㄚˋ ㄉㄨㄢˇ
怗懘,ㄓㄢ ㄔˋ
思省,ㄙ ㄒㄧㄥˇ
思量,ㄙ ㄌㄧㄤˊ
怠玩,ㄉㄞˋ ㄨㄢˋ
怡然自得,ㄧˊ ㄖㄢˊ ㄗˋ ㄉㄜˊ
急人之難,ㄐㄧˊ ㄖㄣˊ ㄓ ㄋㄢˋ
急伶俐,ㄐㄧˊ ㄌㄧㄥˊ ˙ㄌㄧ
急來抱佛腳,ㄐㄧˊ ㄌㄞˊ ㄅㄠˋ ㄈㄛˊ ㄐㄧㄠˇ
急公好義,ㄐㄧˊ ㄍㄨㄥ ㄏㄠˋ ㄧˋ
急則抱佛腳,ㄐㄧˊ ㄗㄜˊ ㄅㄠˋ ㄈㄛˊ ㄐㄧㄠˇ
急急巴巴,ㄐㄧˊ ˙ㄐㄧ ㄅㄚ ㄅㄚ
急急忙忙,ㄐㄧˊ ˙ㄐㄧ ㄇㄤˊ ㄇㄤˊ
急急腳腳,ㄐㄧˊ ˙ㄐㄧ ㄐㄧㄠˇ ㄐㄧㄠˇ
急急鋪鋪,ㄐㄧˊ ˙ㄐㄧ ㄆㄨ ㄆㄨ
急性脊髓灰白質炎,ㄐㄧˊ ㄒㄧㄥˋ ㄐㄧˊ ㄙㄨㄟˇ ㄏㄨㄟ ㄅㄞˊ ㄓˊ ㄧㄢˊ
急時抱佛腳,ㄐㄧˊ ㄕˊ ㄅㄠˋ ㄈㄛˊ ㄐㄧㄠˇ
急水下不得槳,ㄐㄧˊ ㄕㄨㄟˇ ㄒㄧㄚˋ ㄅㄨˋ ㄉㄜˊ ㄐㄧㄤˇ
急煞,ㄐㄧˊ ˙ㄕㄚ
急留骨碌,ㄐㄧˊ ˙ㄌㄧㄡ ㄍㄨ ˙ㄌㄨ
急相,ㄐㄧˊ ㄒㄧㄤˋ
急穰穰,ㄐㄧˊ ㄖㄤˇ ㄖㄤˇ
急脈緩受,ㄐㄧˊ ㄇㄛˋ ㄏㄨㄢˇ ㄕㄡˋ
急難,ㄐㄧˊ ㄋㄢˋ
急驚風撞著慢郎中,ㄐㄧˊ ㄐㄧㄥ ㄈㄥ ㄓㄨㄤˋ ㄓㄠˊ ㄇㄢˋ ㄌㄤˊ ㄓㄨㄥ
急驚風遇著慢郎中,ㄐㄧˊ ㄐㄧㄥ ㄈㄥ ㄩˋ ㄓㄠˊ ㄇㄢˋ ㄌㄤˊ ㄓㄨㄥ
性兒,ㄒㄧㄥˋ ㄦ
性分,ㄒㄧㄥˋ ㄈㄣˋ
性相,ㄒㄧㄥˋ ㄒㄧㄤˋ
性行為,ㄒㄧㄥˋ ㄒㄧㄥˊ ㄨㄟˊ
性變態行為,ㄒㄧㄥˋ ㄅㄧㄢˋ ㄊㄞˋ ㄒㄧㄥˊ ㄨㄟˊ
性質,ㄒㄧㄥˋ ㄓˊ
怨家,ㄩㄢ ㄐㄧㄚ
怨恨,ㄩㄢˋ ˙ㄏㄣ
怨艾,ㄩㄢˋ ㄧˋ
怪模怪樣,ㄍㄨㄞˋ ㄇㄨˊ ㄍㄨㄞˋ ㄧㄤˋ
怪物相,ㄍㄨㄞˋ ㄨˋ ㄒㄧㄤˋ
怫恚,ㄈㄟˋ ㄏㄨㄟˋ
怫然,ㄈㄟˋ ㄖㄢˊ
怫然不悅,ㄈㄟˋ ㄖㄢˊ ㄅㄨˋ ㄩㄝˋ
怫然作色,ㄈㄟˋ ㄖㄢˊ ㄗㄨㄛˋ ㄙㄜˋ
怫然變色,ㄈㄟˋ ㄖㄢˊ ㄅㄧㄢˋ ㄙㄜˋ
怫異,ㄅㄟˋ ㄧˋ
怯上,ㄑㄩㄝˋ ㄕㄤˋ
怯口,ㄑㄩㄝˋ ㄎㄡˇ
怯夫,ㄑㄩㄝˋ ㄈㄨ
怯床,ㄑㄩㄝˋ ㄔㄨㄤˊ
怯弱,ㄑㄩㄝˋ ㄖㄨㄛˋ
怯怯,ㄑㄩㄝˋ ㄑㄩㄝˋ
怯怯喬喬,ㄑㄩㄝˋ ㄑㄩㄝˋ ㄑㄧㄠˊ ㄑㄧㄠˊ
怯怯羞羞,ㄑㄩㄝˋ ㄑㄩㄝˋ ㄒㄧㄡ ㄒㄧㄡ
怯憐戶,ㄑㄩㄝˋ ㄌㄧㄢˊ ㄏㄨˋ
怯懦,ㄑㄩㄝˋ ㄋㄨㄛˋ
怯死,ㄑㄩㄝˋ ㄙˇ
怯殼兒,ㄑㄩㄝˋ ㄎㄜˊ ㄦ
怯生,ㄑㄩㄝˋ ㄕㄥ
怯生生,ㄑㄩㄝˋ ㄕㄥ ㄕㄥ
怯症,ㄑㄩㄝˋ ㄓㄥˋ
怯禮,ㄑㄩㄝˋ ㄌㄧˇ
怯聲怯氣,ㄑㄩㄝˋ ㄕㄥ ㄑㄩㄝˋ ㄑㄧˋ
怯話,ㄑㄩㄝˋ ㄏㄨㄚˋ
怯陣,ㄑㄩㄝˋ ㄓㄣˋ
怯頭怯惱,ㄑㄩㄝˋ ㄊㄡˊ ㄑㄩㄝˋ ㄋㄠˇ
怵怵忐忐,ㄔㄨˋ ˙ㄔㄨ ㄊㄢˇ ㄊㄢˇ
恁地,ㄖㄣˋ ˙ㄉㄜ
恇怯,ㄎㄨㄤ ㄑㄩㄝˋ
恐嚇,ㄎㄨㄥˇ ㄏㄜˋ
恐嚇罪,ㄎㄨㄥˇ ㄏㄜˋ ㄗㄨㄟˋ
恐怖分子,ㄎㄨㄥˇ ㄅㄨˋ ㄈㄣˋ ㄗˇ
恣意妄為,ㄗˋ ㄧˋ ㄨㄤˋ ㄨㄟˊ
恣睢,ㄘ ㄙㄨㄟ
恣睢無忌,ㄘ ㄙㄨㄟ ㄨˊ ㄐㄧˋ
恨不得,ㄏㄣˋ ˙ㄅㄨ ˙ㄉㄜ
恨沒地縫兒鑽進去,ㄏㄣˋ ㄇㄟˊ ㄉㄧˋ ㄈㄥˋ ㄦ ㄗㄨㄢ ㄐㄧㄣˋ ㄑㄩˋ
恩威並著,ㄣ ㄨㄟ ㄅㄧㄥˋ ㄓㄨˋ
恩相,ㄣ ㄒㄧㄤˋ
恩給制,ㄣ ㄐㄧˇ ㄓˋ
恩賜,ㄣ ㄙˋ
恫喝,ㄉㄨㄥˋ ㄏㄜˋ
恫嚇,ㄉㄨㄥˋ ㄏㄜˋ
恫疑虛喝,ㄉㄨㄥˋ ㄧˊ ㄒㄩ ㄏㄜˋ
恫疑虛猲,ㄉㄨㄥˋ ㄧˊ ㄒㄩ ㄏㄜˋ
恫瘝,ㄊㄨㄥ ㄍㄨㄢ
恫瘝在抱,ㄊㄨㄥ ㄍㄨㄢ ㄗㄞˋ ㄅㄠˋ
恫瘝在身,ㄊㄨㄥ ㄍㄨㄢ ㄗㄞˋ ㄕㄣ
恬不為怪,ㄊㄧㄢˊ ㄅㄨˋ ㄨㄟˊ ㄍㄨㄞˋ
恬不為意,ㄊㄧㄢˊ ㄅㄨˋ ㄨㄟˊ ㄧˋ
恬淡無為,ㄊㄧㄢˊ ㄉㄢˋ ㄨˊ ㄨㄟˊ
恭本,ㄍㄨㄥ ˙ㄅㄣ
恭本正傳,ㄍㄨㄥ ˙ㄅㄣ ㄓㄥˋ ㄓㄨㄢˋ
恭維話,ㄍㄨㄥ ˙ㄨㄟ ㄏㄨㄚˋ
息賁,ㄒㄧˊ ㄅㄣ
恰如其分,ㄑㄧㄚˋ ㄖㄨˊ ㄑㄧˊ ㄈㄣˋ
恰當,ㄑㄧㄚˋ ㄉㄤˋ
悁忿,ㄐㄩㄢ ㄈㄣˋ
悁悁,ㄐㄩㄢ ㄐㄩㄢ
悁想,ㄐㄩㄢ ㄒㄧㄤˇ
悁邑,ㄐㄩㄢ ㄧˋ
悄不聲兒的,ㄑㄧㄠˇ ˙ㄅㄨ ㄕㄥ ㄦ ˙ㄉㄜ
悉數,ㄒㄧ ㄕㄨˇ
悉率,ㄒㄧ ㄕㄨㄞˋ
悉索薄賦,ㄒㄧ ㄙㄨㄛˇ ㄅㄛˊ ㄈㄨˋ
悍將,ㄏㄢˋ ㄐㄧㄤˋ
悔之亡及,ㄏㄨㄟˇ ㄓ ㄨˊ ㄐㄧˊ
悖繆,ㄅㄟˋ ㄇㄧㄡˋ
悠停,ㄧㄡ ˙ㄊㄧㄥ
悠然自得,ㄧㄡ ㄖㄢˊ ㄗˋ ㄉㄜˊ
悠長,ㄧㄡ ㄔㄤˊ
患得患失,ㄏㄨㄢˋ ㄉㄜˊ ㄏㄨㄢˋ ㄕ
患難,ㄏㄨㄢˋ ㄋㄢˋ
患難之交,ㄏㄨㄢˋ ㄋㄢˋ ㄓ ㄐㄧㄠ
患難夫妻,ㄏㄨㄢˋ ㄋㄢˋ ㄈㄨ ㄑㄧ
患難相恤,ㄏㄨㄢˋ ㄋㄢˋ ㄒㄧㄤ ㄒㄩˋ
患難相扶,ㄏㄨㄢˋ ㄋㄢˋ ㄒㄧㄤ ㄈㄨˊ
患難相死,ㄏㄨㄢˋ ㄋㄢˋ ㄒㄧㄤ ㄙˇ
患難與共,ㄏㄨㄢˋ ㄋㄢˋ ㄩˇ ㄍㄨㄥˋ
患難見真情,ㄏㄨㄢˋ ㄋㄢˋ ㄐㄧㄢˋ ㄓㄣ ㄑㄧㄥˊ
您納,ㄋㄧㄣˊ ˙ㄋㄚ
悲不自勝,ㄅㄟ ㄅㄨˋ ㄗˋ ㄕㄥ
悲咽,ㄅㄟ ㄧㄝˋ
悲愴交響曲,ㄅㄟ ㄔㄨㄤˋ ㄐㄧㄠ ㄒㄧㄤˇ ㄑㄩˇ
悲號,ㄅㄟ ㄏㄠˊ
悴薄,ㄘㄨㄟˋ ㄅㄛˊ
悵怳,ㄔㄤˋ ㄏㄨㄤˇ
悶不作聲,ㄇㄣ ㄅㄨˋ ㄗㄨㄛˋ ㄕㄥ
悶不吭聲,ㄇㄣ ㄅㄨˋ ㄎㄥ ㄕㄥ
悶厭厭,ㄇㄣˋ ㄧㄢ ㄧㄢ
悶弓兒,ㄇㄣ ㄍㄨㄥ ㄦ
悶得慌,ㄇㄣˋ ˙ㄉㄜ ˙ㄏㄨㄤ
悶悶渴渴,ㄇㄣˋ ㄇㄣˋ ㄏㄜˊ ㄏㄜˊ
悶數錢糧,ㄇㄣ ㄕㄨˇ ㄑㄧㄢˊ ㄌㄧㄤˊ
悶板,ㄇㄣ ㄅㄢˇ
悶氣,ㄇㄣ ㄑㄧˋ
悶汗,ㄇㄣ ㄏㄢˋ
悶熱,ㄇㄣ ㄖㄜˋ
悶著頭兒幹,ㄇㄣ ˙ㄓㄜ ㄊㄡˊ ㄦ ㄍㄢˋ
悶葫蘆,ㄇㄣˋ ㄏㄨˊ ˙ㄌㄨ
悶葫蘆罐,ㄇㄣˋ ㄏㄨˊ ˙ㄌㄨ ㄍㄨㄢˋ
悶頭,ㄇㄣ ㄊㄡˊ
悶騰騰,ㄇㄣˋ ㄊㄥ ㄊㄥ
悾憁,ㄎㄨㄥˇ ㄗㄨㄥˇ
惄如調饑,ㄋㄧˋ ㄖㄨˊ ㄊㄧㄠˊ ㄐㄧ
情不自勝,ㄑㄧㄥˊ ㄅㄨˋ ㄗˋ ㄕㄥ
情不自禁,ㄑㄧㄥˊ ㄅㄨˋ ㄗˋ ㄐㄧㄣ
情分,ㄑㄧㄥˊ ˙ㄈㄣ
情場,ㄑㄧㄥˊ ㄔㄤˊ
情怯,ㄑㄧㄥˊ ㄑㄩㄝˋ
情見乎言,ㄑㄧㄥˊ ㄒㄧㄢˋ ㄏㄨ ㄧㄢˊ
情見乎辭,ㄑㄧㄥˊ ㄒㄧㄢˋ ㄏㄨ ㄘˊ
情見力屈,ㄑㄧㄥˊ ㄒㄧㄢˋ ㄌㄧˋ ㄑㄩ
情見勢屈,ㄑㄧㄥˊ ㄒㄧㄢˋ ㄕˋ ㄑㄩ
情見勢竭,ㄑㄧㄥˊ ㄒㄧㄢˋ ㄕˋ ㄐㄧㄝˊ
情長紙短,ㄑㄧㄥˊ ㄔㄤˊ ㄓˇ ㄉㄨㄢˇ
情非得已,ㄑㄧㄥˊ ㄈㄟ ㄉㄜˊ ㄧˇ
情面,ㄑㄧㄥˊ ˙ㄇㄧㄢ
惏悷,ㄌㄧㄣˊ ㄌㄧˋ
惏慄,ㄌㄧㄣˊ ㄌㄧˋ
惛懵,ㄏㄨㄣ ㄇㄥˊ
惝怳,ㄔㄤˇ ㄏㄨㄤˇ
惠子,ㄏㄨㄟˋ ㄗˇ
惠子知我,ㄏㄨㄟˋ ㄗˇ ㄓ ㄨㄛˇ
惠施五車,ㄏㄨㄟˋ ㄕ ㄨˇ ㄐㄩ
惠賜,ㄏㄨㄟˋ ㄙˋ
惡哏哏,ㄜˋ ㄏㄣ ㄏㄣ
惡嫌,ㄨˋ ㄒㄧㄢˊ
惡子,ㄜˋ ㄗˇ
惡少,ㄜˋ ㄕㄠˋ
惡性倒閉,ㄜˋ ㄒㄧㄥˋ ㄉㄠˇ ㄅㄧˋ
惡惡,ㄨˋ ㄜˋ
惡惡從短,ㄨˋ ㄜˋ ㄘㄨㄥˊ ㄉㄨㄢˇ
惡有,ㄨ ㄧㄡˇ
惡濕居下,ㄨˋ ㄕ ㄐㄩ ㄒㄧㄚˋ
惡煞,ㄜˋ ㄕㄚˋ
惡病質,ㄜˋ ㄅㄧㄥˋ ㄓˊ
惡直醜正,ㄨˋ ㄓˊ ㄔㄡˇ ㄓㄥˋ
惡相,ㄜˋ ㄒㄧㄤˋ
惡眉惡眼,ㄜˋ ˙ㄇㄟ ㄜˋ ㄧㄢˇ
惡紫奪朱,ㄨˋ ㄗˇ ㄉㄨㄛˊ ㄓㄨ
惡行,ㄜˋ ㄒㄧㄥˋ
惡衣菲食,ㄜˋ ㄧ ㄈㄟˇ ㄕˊ
惡醉強酒,ㄨˋ ㄗㄨㄟˋ ㄑㄧㄤˇ ㄐㄧㄡˇ
想不透,ㄒㄧㄤˇ ˙ㄅㄨ ㄊㄡˋ
想度,ㄒㄧㄤˇ ㄉㄨㄛˋ
想法子,ㄒㄧㄤˇ ㄈㄚˊ ˙ㄗ
想碴兒,ㄒㄧㄤˇ ㄔㄚˊ ㄦ
想頭,ㄒㄧㄤˇ ˙ㄊㄡ
意味深長,ㄧˋ ㄨㄟˋ ㄕㄣ ㄔㄤˊ
意得志滿,ㄧˋ ㄉㄜˊ ㄓˋ ㄇㄢˇ
意思,ㄧˋ ˙ㄙ
意思意思,ㄧˋ ˙ㄙ ㄧˋ ˙ㄙ
意意似似,ㄧˋ ˙ㄧ ㄙˋ ㄙˋ
意意思思,ㄧˋ ˙ㄧ ㄙ ㄙ
意氣自得,ㄧˋ ㄑㄧˋ ㄗˋ ㄉㄜˊ
意滿志得,ㄧˋ ㄇㄢˇ ㄓˋ ㄉㄜˊ
意義深長,ㄧˋ ㄧˋ ㄕㄣ ㄔㄤˊ
意裡意思,ㄧˋ ˙ㄌㄧ ㄧˋ ˙ㄙ
愕眙,ㄜˋ ㄔˋ
愚懵,ㄩˊ ㄇㄥˊ
愚氓,ㄩˊ ㄇㄥˊ
愛人兒,ㄞˋ ㄖㄣˊ ㄦ
愛人好士,ㄞˋ ㄖㄣˊ ㄏㄠˋ ㄕˋ
愛八哥兒,ㄞˋ ㄅㄚ ˙ㄍㄜ ㄦ
愛好,ㄞˋ ㄏㄠˋ
愛好兒,ㄞˋ ㄏㄠˇ ㄦ
愛子,ㄞˋ ㄗˇ
愛將,ㄞˋ ㄐㄧㄤˋ
愛巴物兒,ㄞˋ ㄅㄚ ㄨˋ ㄦ
愛才好士,ㄞˋ ㄘㄞˊ ㄏㄠˋ ㄕˋ
愛民如子,ㄞˋ ㄇㄧㄣˊ ㄖㄨˊ ㄗˇ
愛物兒,ㄞˋ ㄨˋ ㄦ
愛迪生效應,ㄞˋ ㄉㄧˊ ㄕㄥ ㄒㄧㄠˋ ㄧㄥˋ
愛遠惡近,ㄞˋ ㄩㄢˇ ㄨˋ ㄐㄧㄣˋ
愜當,ㄑㄧㄝˋ ㄉㄤˋ
感恩荷德,ㄍㄢˇ ㄣ ㄏㄜˋ ㄉㄜˊ
感應,ㄍㄢˇ ㄧㄥˋ
愣兒,ㄌㄥˋ ㄦ
愣怔,ㄌㄥˋ ㄌㄥˋ
愣神兒,ㄌㄥˋ ㄕㄣˊ ㄦ
愣頭兒青,ㄌㄥˋ ㄊㄡˊ ㄦ ㄑㄧㄥ
愷悌君子,ㄎㄞˇ ㄊㄧˋ ㄐㄩㄣ ㄗˇ
愷樂,ㄎㄞˇ ㄩㄝˋ
慈孫孝子,ㄘˊ ㄙㄨㄣ ㄒㄧㄠˋ ㄗˇ
慈悲為懷,ㄘˊ ㄅㄟ ㄨㄟˊ ㄏㄨㄞˊ
慈悲為本,ㄘˊ ㄅㄟ ㄨㄟˊ ㄅㄣˇ
慌了神兒,ㄏㄨㄤ ˙ㄌㄜ ㄕㄣˊ ㄦ
慌張勢煞,ㄏㄨㄤ ㄓㄤ ㄕˋ ㄕㄚˋ
慌裡慌張,ㄏㄨㄤ ˙ㄌㄧ ㄏㄨㄤ ㄓㄤ
慎子,ㄕㄣˋ ㄗˇ
慎行,ㄕㄣˋ ㄒㄧㄥˋ
慘綠少年,ㄘㄢˇ ㄌㄩˋ ㄕㄠˋ ㄋㄧㄢˊ
慢慢兒,ㄇㄢˋ ㄇㄢˋ ㄦ
慢慢吞吞,ㄇㄢˋ ˙ㄇㄢ ㄊㄨㄣ ㄊㄨㄣ
慢散,ㄇㄢˋ ㄙㄢˇ
慢曲,ㄇㄢˋ ㄑㄩˇ
慢點兒,ㄇㄢˋ ㄉㄧㄢˇ ㄦ
慧給,ㄏㄨㄟˋ ㄐㄧˇ
慨然應允,ㄎㄞˇ ㄖㄢˊ ㄧㄥˋ ㄩㄣˇ
慰勞,ㄨㄟˋ ㄌㄠˋ
慰藉,ㄨㄟˋ ㄐㄧㄝˋ
慶流子孫,ㄑㄧㄥˋ ㄌㄧㄡˊ ㄗˇ ㄙㄨㄣ
慶父,ㄑㄧㄥˋ ㄈㄨˇ
憂闕,ㄧㄡ ㄑㄩㄝ
憋悶,ㄅㄧㄝ ˙ㄇㄣ
憋拗,ㄅㄧㄝ ㄋㄧㄡˋ
憎惡,ㄗㄥ ㄨˋ
憑噫,ㄆㄧㄥˊ ㄧ
憑藉,ㄆㄧㄥˊ ㄐㄧㄝˋ
憑虛公子,ㄆㄧㄥˊ ㄒㄩ ㄍㄨㄥ ㄗˇ
憤薄,ㄈㄣˋ ㄅㄛˊ
懂行,ㄉㄨㄥˇ ㄏㄤˊ
懈弛,ㄒㄧㄝˋ ㄔˊ
懈鬆,ㄒㄧㄝˋ ˙ㄙㄨㄥ
應世,ㄧㄥˋ ㄕˋ
應乎人心,ㄧㄥˋ ㄏㄨ ㄖㄣˊ ㄒㄧㄣ
應付,ㄧㄥˋ ㄈㄨˋ
應付自如,ㄧㄥˋ ㄈㄨˋ ㄗˋ ㄖㄨˊ
應付裕如,ㄧㄥˋ ㄈㄨˋ ㄩˋ ㄖㄨˊ
應允,ㄧㄥˋ ㄩㄣˇ
應典,ㄧㄥˋ ㄉㄧㄢˇ
應分,ㄧㄥ ㄈㄣˋ
應制,ㄧㄥˋ ㄓˋ
應力,ㄧㄥˋ ㄌㄧˋ
應劭,ㄧㄥˋ ㄕㄠˋ
應募,ㄧㄥˋ ㄇㄨˋ
應卯,ㄧㄥˋ ㄇㄠˇ
應卯吃糧,ㄧㄥˋ ㄇㄠˇ ㄔ ㄌㄧㄤˊ
應口,ㄧㄥˋ ㄎㄡˇ
應召,ㄧㄥˋ ㄓㄠˋ
應召女郎,ㄧㄥˋ ㄓㄠˋ ㄋㄩˇ ㄌㄤˊ
應召站,ㄧㄥˋ ㄓㄠˋ ㄓㄢˋ
應名,ㄧㄥˋ ㄇㄧㄥˊ
應名兒,ㄧㄥˋ ㄇㄧㄥˊ ㄦ
應名點卯,ㄧㄥˋ ㄇㄧㄥˊ ㄉㄧㄢˇ ㄇㄠˇ
應命,ㄧㄥˋ ㄇㄧㄥˋ
應和,ㄧㄥˋ ㄏㄜˋ
應嘴應舌,ㄧㄥˋ ㄗㄨㄟˇ ㄧㄥˋ ㄕㄜˊ
應圖受籙,ㄧㄥˋ ㄊㄨˊ ㄕㄡˋ ㄌㄨˋ
應天受命,ㄧㄥˋ ㄊㄧㄢ ㄕㄡˋ ㄇㄧㄥˋ
應天府,ㄧㄥˋ ㄊㄧㄢ ㄈㄨˇ
應天從人,ㄧㄥˋ ㄊㄧㄢ ㄘㄨㄥˊ ㄖㄣˊ
應天從民,ㄧㄥˋ ㄊㄧㄢ ㄘㄨㄥˊ ㄇㄧㄣˊ
應天從物,ㄧㄥˋ ㄊㄧㄢ ㄘㄨㄥˊ ㄨˋ
應天承運,ㄧㄥˋ ㄊㄧㄢ ㄔㄥˊ ㄩㄣˋ
應天書院,ㄧㄥˋ ㄊㄧㄢ ㄕㄨ ㄩㄢˋ
應天順人,ㄧㄥˋ ㄊㄧㄢ ㄕㄨㄣˋ ㄖㄣˊ
應天順時,ㄧㄥˋ ㄊㄧㄢ ㄕㄨㄣˋ ㄕˊ
應天順民,ㄧㄥˋ ㄊㄧㄢ ㄕㄨㄣˋ ㄇㄧㄣˊ
應對,ㄧㄥˋ ㄉㄨㄟˋ
應對不窮,ㄧㄥˋ ㄉㄨㄟˋ ㄅㄨˋ ㄑㄩㄥˊ
應對如流,ㄧㄥˋ ㄉㄨㄟˋ ㄖㄨˊ ㄌㄧㄡˊ
應山縣,ㄧㄥˋ ㄕㄢ ㄒㄧㄢˋ
應市,ㄧㄥˋ ㄕˋ
應弦飲羽,ㄧㄥˋ ㄒㄧㄢˊ ㄧㄣˇ ㄩˇ
應徵,ㄧㄥˋ ㄓㄥ
應徵信,ㄧㄥˋ ㄓㄥ ㄒㄧㄣˋ
應急,ㄧㄥˋ ㄐㄧˊ
應感,ㄧㄥˋ ㄍㄢˇ
應戰,ㄧㄥˋ ㄓㄢˋ
應手,ㄧㄥˋ ㄕㄡˇ
應承,ㄧㄥˋ ㄔㄥˊ
應捕,ㄧㄥˋ ㄅㄨˇ
應接,ㄧㄥˋ ㄐㄧㄝ
應接不暇,ㄧㄥˋ ㄐㄧㄝ ㄅㄨˋ ㄒㄧㄚˊ
應接如響,ㄧㄥˋ ㄐㄧㄝ ㄖㄨˊ ㄒㄧㄤˇ
應援,ㄧㄥˋ ㄩㄢˊ
應敵,ㄧㄥˋ ㄉㄧˊ
應昂,ㄧㄥˋ ㄤˊ
應昌期圍棋教育基金會,ㄧㄥˋ ㄔㄤ ㄑㄧˊ ㄨㄟˊ ㄑㄧˊ ㄐㄧㄠˋ ㄩˋ ㄐㄧ ㄐㄧㄣ ㄏㄨㄟˋ
應時,ㄧㄥˋ ㄕˊ
應時當令,ㄧㄥˋ ㄕˊ ㄉㄤ ㄌㄧㄥˋ
應時而生,ㄧㄥˋ ㄕˊ ㄦˊ ㄕㄥ
應景,ㄧㄥˋ ㄐㄧㄥˇ
應機權變,ㄧㄥˋ ㄐㄧ ㄑㄩㄢˊ ㄅㄧㄢˋ
應機立斷,ㄧㄥˋ ㄐㄧ ㄌㄧˋ ㄉㄨㄢˋ
應權通變,ㄧㄥˋ ㄑㄩㄢˊ ㄊㄨㄥ ㄅㄧㄢˋ
應物,ㄧㄥˋ ㄨˋ
應物斯感,ㄧㄥˋ ㄨˋ ㄙ ㄍㄢˇ
應物現形,ㄧㄥˋ ㄨˋ ㄒㄧㄢˋ ㄒㄧㄥˊ
應瑒,ㄧㄥˋ ㄧㄤˊ
應璩,ㄧㄥˋ ㄑㄩˊ
應用,ㄧㄥˋ ㄩㄥˋ
應用套裝軟體,ㄧㄥˋ ㄩㄥˋ ㄊㄠˋ ㄓㄨㄤ ㄖㄨㄢˇ ㄊㄧˇ
應用心理學,ㄧㄥˋ ㄩㄥˋ ㄒㄧㄣ ㄌㄧˇ ㄒㄩㄝˊ
應用數學,ㄧㄥˋ ㄩㄥˋ ㄕㄨˋ ㄒㄩㄝˊ
應用文,ㄧㄥˋ ㄩㄥˋ ㄨㄣˊ
應用科學,ㄧㄥˋ ㄩㄥˋ ㄎㄜ ㄒㄩㄝˊ
應用程式,ㄧㄥˋ ㄩㄥˋ ㄔㄥˊ ㄕˋ
應用語言學,ㄧㄥˋ ㄩㄥˋ ㄩˇ ㄧㄢˊ ㄒㄩㄝˊ
應用軟體,ㄧㄥˋ ㄩㄥˋ ㄖㄨㄢˇ ㄊㄧˇ
應答,ㄧㄥˋ ㄉㄚˊ
應答如流,ㄧㄥˋ ㄉㄚˊ ㄖㄨˊ ㄌㄧㄡˊ
應答如響,ㄧㄥˋ ㄉㄚˊ ㄖㄨˊ ㄒㄧㄤˇ
應籙受圖,ㄧㄥˋ ㄌㄨˋ ㄕㄡˋ ㄊㄨˊ
應繼分,ㄧㄥ ㄐㄧˋ ㄈㄣˋ
應考,ㄧㄥˋ ㄎㄠˇ
應聘,ㄧㄥˋ ㄆㄧㄣˋ
應聲,ㄧㄥˋ ㄕㄥ
應聲而倒,ㄧㄥˋ ㄕㄥ ㄦˊ ㄉㄠˇ
應聲蟲,ㄧㄥˋ ㄕㄥ ㄔㄨㄥˊ
應舉,ㄧㄥˋ ㄐㄩˇ
應規蹈矩,ㄧㄥˋ ㄍㄨㄟ ㄉㄠˋ ㄐㄩˇ
應訊,ㄧㄥˋ ㄒㄩㄣˋ
應許,ㄧㄥˋ ㄒㄩˇ
應診,ㄧㄥˋ ㄓㄣˇ
應詔,ㄧㄥˋ ㄓㄠˋ
應試,ㄧㄥˋ ㄕˋ
應諾,ㄧㄥˋ ㄋㄨㄛˋ
應變,ㄧㄥˋ ㄅㄧㄢˋ
應變無方,ㄧㄥˋ ㄅㄧㄢˋ ㄨˊ ㄈㄤ
應變隨機,ㄧㄥˋ ㄅㄧㄢˋ ㄙㄨㄟˊ ㄐㄧ
應運,ㄧㄥˋ ㄩㄣˋ
應運而出,ㄧㄥˋ ㄩㄣˋ ㄦˊ ㄔㄨ
應運而生,ㄧㄥˋ ㄩㄣˋ ㄦˊ ㄕㄥ
應運而起,ㄧㄥˋ ㄩㄣˋ ㄦˊ ㄑㄧˇ
應邀,ㄧㄥˋ ㄧㄠ
應酬,ㄧㄥˋ ㄔㄡˊ
應酬話,ㄧㄥˋ ㄔㄡˊ ㄏㄨㄚˋ
應鐘,ㄧㄥˋ ㄓㄨㄥ
應門,ㄧㄥˋ ㄇㄣˊ
應際而生,ㄧㄥˋ ㄐㄧˋ ㄦˊ ㄕㄥ
應驗,ㄧㄥˋ ㄧㄢˋ
應龍,ㄧㄥˋ ㄌㄨㄥˊ
懲一戒百,ㄔㄥˊ ㄧ ㄐㄧㄝˋ ㄅㄛˊ
懲一警百,ㄔㄥˊ ㄧ ㄐㄧㄥˇ ㄅㄛˊ
懲戒處分,ㄔㄥˊ ㄐㄧㄝˋ ㄔㄨˇ ㄈㄣˋ
懲處,ㄔㄥˊ ㄔㄨˇ
懵憒,ㄇㄥˊ ㄎㄨㄟˋ
懵懵,ㄇㄥˊ ㄇㄥˊ
懵撒,ㄇㄥˊ ㄙㄚ
懵然,ㄇㄥˊ ㄖㄢˊ
懵然未覺,ㄇㄥˊ ㄖㄢˊ ㄨㄟˋ ㄐㄩㄝˊ
懵然無知,ㄇㄥˊ ㄖㄢˊ ㄨˊ ㄓ
懵藥,ㄇㄥˊ ㄧㄠˋ
懵騰,ㄇㄥˊ ㄊㄥˊ
懶待,ㄌㄢˇ ˙ㄉㄞ
懶散,ㄌㄢˇ ㄙㄢˇ
懶骨頭,ㄌㄢˇ ㄍㄨˊ ˙ㄊㄡ
懷子,ㄏㄨㄞˊ ㄗˇ
懷文抱質,ㄏㄨㄞˊ ㄨㄣˊ ㄅㄠˋ ㄓˊ
懷質抱真,ㄏㄨㄞˊ ㄓˊ ㄅㄠˋ ㄓㄣ
懸崖勒馬,ㄒㄩㄢˊ ㄧㄞˊ ㄌㄜˋ ㄇㄚˇ
懸溜,ㄒㄩㄢˊ ㄌㄧㄡˋ
懸的過高,ㄒㄩㄢˊ ㄉㄧˋ ㄍㄨㄛˋ ㄍㄠ
懸絲傀儡,ㄒㄩㄢˊ ㄙ ㄎㄨㄟˇ ㄌㄟˇ
懸薄,ㄒㄩㄢˊ ㄅㄛˊ
懸針垂露,ㄒㄩㄢˊ ㄓㄣ ㄔㄨㄟˊ ㄌㄡˋ
懸鉤子,ㄒㄩㄢˊ ㄍㄡ ㄗˇ
懼怯,ㄐㄩˋ ㄑㄩㄝˋ
懿範長昭,ㄧˋ ㄈㄢˋ ㄔㄤˊ ㄓㄠ
懿行,ㄧˋ ㄒㄧㄥˋ
戀曲,ㄌㄧㄢˋ ㄑㄩˇ
戀生惡死,ㄌㄧㄢˋ ㄕㄥ ㄨˋ ㄙˇ
戇頭戇腦,ㄍㄤˋ ㄊㄡˊ ㄍㄤˋ ㄋㄠˇ
戈什,ㄍㄜ ㄕˊ
戈什哈,ㄍㄜ ㄕˊ ㄏㄚ
戊戌六君子,ㄨˋ ㄒㄩ ㄌㄧㄡˋ ㄐㄩㄣ ㄗˇ
戌削,ㄒㄩ ㄒㄧㄠ
戎行,ㄖㄨㄥˊ ㄏㄤˊ
戎馬倥傯,ㄖㄨㄥˊ ㄇㄚˇ ㄎㄨㄥˇ ㄗㄨㄥˇ
成佛,ㄔㄥˊ ㄈㄛˊ
成個兒,ㄔㄥˊ ㄍㄜˋ ㄦ
成兒,ㄔㄥˊ ㄦ
成分,ㄔㄥˊ ㄈㄣˋ
成副兒,ㄔㄥˊ ㄈㄨˋ ㄦ
成千累萬,ㄔㄥˊ ㄑㄧㄢ ㄌㄟˇ ㄨㄢˋ
成吉思汗,ㄔㄥˊ ㄐㄧˊ ㄙ ㄏㄢˊ
成年累月,ㄔㄥˊ ㄋㄧㄢˊ ㄌㄟˇ ㄩㄝˋ
成敗得失,ㄔㄥˊ ㄅㄞˋ ㄉㄜˊ ㄕ
成敗興廢,ㄔㄥˊ ㄅㄞˋ ㄒㄧㄥ ㄈㄟˋ
成方兒,ㄔㄥˊ ㄈㄤ ㄦ
成日家,ㄔㄥˊ ㄖˋ ˙ㄐㄧㄚ
成本會計,ㄔㄥˊ ㄅㄣˇ ㄎㄨㄞˋ ㄐㄧˋ
成氣候,ㄔㄥˊ ㄑㄧˋ ˙ㄏㄡ
成窩兒,ㄔㄥˊ ㄨㄛ ㄦ
成都市,ㄔㄥˊ ㄉㄨ ㄕˋ
成都平原,ㄔㄥˊ ㄉㄨ ㄆㄧㄥˊ ㄩㄢˊ
成都賣卜,ㄔㄥˊ ㄉㄨ ㄇㄞˋ ㄅㄨˇ
我黼子佩,ㄨㄛˇ ㄈㄨˇ ㄗˇ ㄆㄟˋ
戒相,ㄐㄧㄝˋ ㄒㄧㄤˋ
戕賊,ㄑㄧㄤˊ ㄗㄜˊ
戢景,ㄐㄧˊ ㄧㄥˇ
戧戧,ㄑㄧㄤˋ ㄑㄧㄤˋ
戧柱,ㄑㄧㄤˋ ㄓㄨˋ
戧金,ㄑㄧㄤˋ ㄐㄧㄣ
截蒲為牒,ㄐㄧㄝˊ ㄆㄨˊ ㄨㄟˊ ㄉㄧㄝˊ
截長補短,ㄐㄧㄝˊ ㄔㄤˊ ㄅㄨˇ ㄉㄨㄢˇ
戰場,ㄓㄢˋ ㄔㄤˊ
戰將,ㄓㄢˋ ㄐㄧㄤˋ
戲下,ㄏㄨㄟ ㄒㄧㄚˋ
戲包袱,ㄒㄧˋ ㄅㄠ ˙ㄈㄨ
戲戟,ㄏㄨㄟ ㄐㄧˇ
戲曲,ㄒㄧˋ ㄑㄩˇ
戲行,ㄒㄧˋ ㄏㄤˊ
戳兒,ㄔㄨㄛ ㄦ
戴憑重席,ㄉㄞˋ ㄆㄧㄥˊ ㄔㄨㄥˊ ㄒㄧˊ
戴笠荷鋤,ㄉㄞˋ ㄌㄧˋ ㄏㄜˋ ㄔㄨˊ
戶口校正,ㄏㄨˋ ㄎㄡˇ ㄐㄧㄠˋ ㄓㄥˋ
戶給人足,ㄏㄨˋ ㄐㄧˇ ㄖㄣˊ ㄗㄨˊ
戶限為穿,ㄏㄨˋ ㄒㄧㄢˋ ㄨㄟˊ ㄔㄨㄢ
戹屯歌,ㄜˋ ㄓㄨㄣ ㄍㄜ
房中樂,ㄈㄤˊ ㄓㄨㄥ ㄩㄝˋ
房分,ㄈㄤˊ ㄈㄣˋ
房分兄弟,ㄈㄤˊ ㄈㄣˋ ㄒㄩㄥ ㄉㄧˋ
房帖,ㄈㄤˊ ㄊㄧㄝˇ
房牙子,ㄈㄤˊ ㄧㄚˊ ㄗˇ
房舍,ㄈㄤˊ ㄕㄜˋ
所作所為,ㄙㄨㄛˇ ㄗㄨㄛˋ ㄙㄨㄛˇ ㄨㄟˊ
所向披靡,ㄙㄨㄛˇ ㄒㄧㄤˋ ㄆㄧ ㄇㄧˇ
所得,ㄙㄨㄛˇ ㄉㄜˊ
所得彈性,ㄙㄨㄛˇ ㄉㄜˊ ㄊㄢˊ ㄒㄧㄥˋ
所得稅,ㄙㄨㄛˇ ㄉㄜˊ ㄕㄨㄟˋ
所為,ㄙㄨㄛˇ ㄨㄟˊ
扁擔,ㄅㄧㄢˇ ˙ㄉㄢ
扁擔壓不出個屁來,ㄅㄧㄢˇ ˙ㄉㄢ ㄧㄚ ㄅㄨˋ ㄔㄨ ˙ㄍㄜ ㄆㄧˋ ˙ㄌㄞ
扁擔戲,ㄅㄧㄢˇ ˙ㄉㄢ ㄒㄧˋ
扁擔飯,ㄅㄧㄢˇ ˙ㄉㄢ ㄈㄢˋ
扁柏,ㄅㄧㄢˇ ㄅㄛˊ
扁毛畜生,ㄅㄧㄢˇ ㄇㄠˊ ㄔㄨˋ ˙ㄕㄥ
扁舟,ㄆㄧㄢ ㄓㄡ
扁鑽,ㄅㄧㄢˇ ㄗㄨㄢˋ
扁食,ㄅㄧㄢˇ ˙ㄕ
扃扃,ㄐㄩㄥˇ ㄐㄩㄥˇ
扇動,ㄕㄢ ㄉㄨㄥˋ
扇墜兒,ㄕㄢˋ ㄓㄨㄟˋ ㄦ
扇揚,ㄕㄢ ㄧㄤˊ
扇枕溫席,ㄕㄢ ㄓㄣˇ ㄨㄣ ㄒㄧˊ
扇枕溫衾,ㄕㄢ ㄓㄣˇ ㄨㄣ ㄑㄧㄣ
扇枕溫被,ㄕㄢ ㄓㄣˇ ㄨㄣ ㄅㄟˋ
扇涼翅兒,ㄕㄢ ㄌㄧㄤˊ ㄔˋ ㄦ
扇火止沸,ㄕㄢ ㄏㄨㄛˇ ㄓˇ ㄈㄟˋ
扇誘,ㄕㄢ ㄧㄡˋ
扇風耳朵,ㄕㄢ ㄈㄥ ㄦˇ ˙ㄉㄨㄛ
扈從,ㄏㄨˋ ㄗㄨㄥˋ
手不釋卷,ㄕㄡˇ ㄅㄨˋ ㄕˋ ㄐㄩㄢˋ
手串兒,ㄕㄡˇ ㄔㄨㄢˋ ㄦ
手作,ㄕㄡˇ ㄗㄨㄛ
手兒,ㄕㄡˇ ㄦ
手卷,ㄕㄡˇ ㄐㄩㄢˋ
手字兒,ㄕㄡˇ ㄗˋ ㄦ
手帖,ㄕㄡˇ ㄊㄧㄝˇ
手底下,ㄕㄡˇ ㄉㄧˇ ˙ㄒㄧㄚ
手彩兒,ㄕㄡˇ ㄘㄞˇ ㄦ
手扒雞,ㄕㄡˇ ㄆㄚˊ ㄐㄧ
手攜手,ㄕㄡˇ ㄒㄧ ㄕㄡˇ
手癬,ㄕㄡˇ ㄒㄧㄢˇ
手相,ㄕㄡˇ ㄒㄧㄤˋ
手相學,ㄕㄡˇ ㄒㄧㄤˋ ㄒㄩㄝˊ
手足重繭,ㄕㄡˇ ㄗㄨˊ ㄔㄨㄥˊ ㄐㄧㄢˇ
手長的,ㄕㄡˇ ㄔㄤˊ ˙ㄉㄜ
手長衣袖短,ㄕㄡˇ ㄔㄤˊ ㄧ ㄒㄧㄡˋ ㄉㄨㄢˇ
才分,ㄘㄞˊ ㄈㄣˋ
才子,ㄘㄞˊ ㄗˇ
才子佳人,ㄘㄞˊ ㄗˇ ㄐㄧㄚ ㄖㄣˊ
才子書,ㄘㄞˊ ㄗˇ ㄕㄨ
才疏德薄,ㄘㄞˊ ㄕㄨ ㄉㄜˊ ㄅㄛˊ
才秀人微,ㄘㄞˊ ㄒㄧㄡˋ ㄖㄣˊ ㄨㄟ
才輕德薄,ㄘㄞˊ ㄑㄧㄥ ㄉㄜˊ ㄅㄛˊ
才過子建,ㄘㄞˊ ㄍㄨㄛˋ ㄗˇ ㄐㄧㄢˋ
才高行厚,ㄘㄞˊ ㄍㄠ ㄒㄧㄥˋ ㄏㄡˋ
才高行潔,ㄘㄞˊ ㄍㄠ ㄒㄧㄥˋ ㄐㄧㄝˊ
扎乎,ㄓㄚ ˙ㄏㄨ
扎住,ㄓㄚˇ ㄓㄨˋ
扎墊,ㄓㄚˊ ㄉㄧㄢˋ
扎實,ㄓㄚ ˙ㄕ
扎括,ㄓㄚˊ ㄍㄨㄚ
扎掂,ㄓㄚˊ ㄉㄧㄢ
扎掙,ㄓㄚˊ ˙ㄓㄥ
扎撒,ㄓㄚ ㄙㄚˇ
扎煞,ㄓㄚ ˙ㄕㄚ
扎縛,ㄓㄚˊ ㄈㄨˊ
扎耳朵,ㄓㄚ ㄦˇ ˙ㄉㄨㄛ
扎腦門兒,ㄓㄚ ㄋㄠˇ ㄇㄣˊ ㄦ
扎腳,ㄓㄚˊ ㄐㄧㄠˇ
扒上,ㄆㄚˊ ˙ㄕㄤ
扒城,ㄆㄚˊ ㄔㄥˊ
扒山越嶺,ㄆㄚˊ ㄕㄢ ㄩㄝˋ ㄌㄧㄥˇ
扒手,ㄆㄚˊ ㄕㄡˇ
扒拉,ㄅㄚ ˙ㄌㄚ
扒推,ㄆㄚˊ ㄊㄨㄟ
扒沙,ㄆㄚˊ ㄕㄚ
扒灰,ㄆㄚˊ ㄏㄨㄟ
扒犁,ㄆㄚˊ ˙ㄌㄧ
扒竊,ㄆㄚˊ ㄑㄧㄝˋ
扒糕,ㄆㄚˊ ㄍㄠ
扒糞的,ㄆㄚˊ ㄈㄣˋ ˙ㄉㄜ
扒自飯碗兒,ㄆㄚˊ ㄗˋ ㄈㄢˋ ㄨㄢˇ ㄦ
扒街淘空,ㄆㄚˊ ㄐㄧㄝ ㄊㄠˊ ㄎㄨㄥ
扒頭兒,ㄅㄚ ˙ㄊㄡ ㄦ
扒飯,ㄆㄚˊ ㄈㄢˋ
打一個吞,ㄉㄚˇ ㄧ ˙ㄍㄜ ㄊㄨㄣ
打中,ㄉㄚˇ ㄓㄨㄥˋ
打乾噦,ㄉㄚˇ ㄍㄢ ㄩㄝ
打乾淨毬兒,ㄉㄚˇ ㄍㄢ ㄐㄧㄥˋ ㄑㄧㄡˊ ㄦ
打了一個悶雷,ㄉㄚˇ ˙ㄌㄜ ㄧ ˙ㄍㄜ ㄇㄣˋ ㄌㄟˊ
打了個千兒,ㄉㄚˇ ˙ㄌㄜ ˙ㄍㄜ ㄑㄧㄢ ㄦ
打了個寒噤,ㄉㄚˇ ˙ㄌㄜ ˙ㄍㄜ ㄏㄢˊ ㄐㄧㄣˋ
打了個照面,ㄉㄚˇ ˙ㄌㄜ ˙ㄍㄜ ㄓㄠˋ ㄇㄧㄢˋ
打了個盹兒,ㄉㄚˇ ˙ㄌㄜ ˙ㄍㄜ ㄉㄨㄣˇ ㄦ
打了個落花流水,ㄉㄚˇ ˙ㄌㄜ ˙ㄍㄜ ㄌㄨㄛˋ ㄏㄨㄚ ㄌㄧㄡˊ ㄕㄨㄟˇ
打佯兒,ㄉㄚˇ ㄧㄤˊ ㄦ
打供,ㄉㄚˇ ㄍㄨㄥˋ
打供太保,ㄉㄚˇ ㄍㄨㄥˋ ㄊㄞˋ ㄅㄠˇ
打個前失,ㄉㄚˇ ˙ㄍㄜ ㄑㄧㄢˊ ㄕ
打個千兒,ㄉㄚˇ ˙ㄍㄜ ㄑㄧㄢ ㄦ
打個問號,ㄉㄚˇ ˙ㄍㄜ ㄨㄣˋ ㄏㄠˋ
打個沉兒,ㄉㄚˇ ˙ㄍㄜ ㄔㄣˊ ㄦ
打個照會,ㄉㄚˇ ˙ㄍㄜ ㄓㄠˋ ㄏㄨㄟˋ
打個照面,ㄉㄚˇ ˙ㄍㄜ ㄓㄠˋ ㄇㄧㄢˋ
打個花,ㄉㄚˇ ˙ㄍㄜ ㄏㄨㄚ
打倒,ㄉㄚˇ ㄉㄠˇ
打剌孫,ㄉㄚˇ ㄌㄚˋ ㄙㄨㄣ
打千兒,ㄉㄚˇ ㄑㄧㄢ ㄦ
打和,ㄉㄚˇ ㄏㄨㄛˋ
打和哄,ㄉㄚˇ ㄏㄨㄛˋ ㄏㄨㄥ
打哆嗦,ㄉㄚˇ ㄉㄨㄛ ˙ㄙㄨㄛ
打哈哈,ㄉㄚˇ ㄏㄚ ˙ㄏㄚ
打哈欠,ㄉㄚˇ ㄏㄚ ˙ㄑㄧㄢ
打喳喳,ㄉㄚˇ ㄔㄚ ㄔㄚ
打嚏噴,ㄉㄚˇ ㄊㄧˋ ˙ㄈㄣ
打圓場,ㄉㄚˇ ㄩㄢˊ ㄔㄤˊ
打圓相,ㄉㄚˇ ㄩㄢˊ ㄒㄧㄤˋ
打地灘兒,ㄉㄚˇ ㄉㄧˋ ㄊㄢ ㄦ
打場,ㄉㄚˇ ㄔㄤˊ
打墜咕囉兒,ㄉㄚˇ ㄓㄨㄟˋ ㄍㄨ ㄌㄨㄛ ㄦ
打夜作,ㄉㄚˇ ㄧㄝˋ ㄗㄨㄛ
打家劫舍,ㄉㄚˇ ㄐㄧㄚ ㄐㄧㄝˊ ㄕㄜˋ
打屁股,ㄉㄚˇ ㄆㄧˋ ˙ㄍㄨ
打差,ㄉㄚˇ ㄔㄞ
打幌,ㄉㄚˇ ㄏㄨㄤˋ
打張雞兒,ㄉㄚˇ ㄓㄤ ㄐㄧ ㄦ
打張驚兒,ㄉㄚˇ ㄓㄤ ㄐㄧㄥ ㄦ
打彈子,ㄉㄚˇ ㄉㄢˋ ㄗˇ
打恭作揖,ㄉㄚˇ ㄍㄨㄥ ㄗㄨㄛ ㄧ
打悲阿,ㄉㄚˇ ㄅㄟ ㄜ
打悶葫蘆,ㄉㄚˇ ㄇㄣˋ ㄏㄨˊ ˙ㄌㄨ
打惡心,ㄉㄚˇ ㄜˇ ㄒㄧㄣ
打打殺殺,ㄉㄚˇ ˙ㄉㄚ ㄕㄚ ㄕㄚ
打打算盤,ㄉㄚˇ ˙ㄉㄚ ㄙㄨㄢˋ ㄆㄢˊ
打打鬧鬧,ㄉㄚˇ ˙ㄉㄚ ㄋㄠˋ ㄋㄠˋ
打把勢,ㄉㄚˇ ㄅㄚˇ ˙ㄕ
打把式,ㄉㄚˇ ㄅㄚˇ ˙ㄕ
打挺兒,ㄉㄚˇ ㄊㄧㄥˇ ㄦ
打挾,ㄉㄚˇ ㄐㄧㄚˊ
打擂臺,ㄉㄚˇ ㄌㄟˋ ㄊㄞˊ
打擊樂,ㄉㄚˇ ㄐㄧˊ ㄩㄝˋ
打擊樂器,ㄉㄚˇ ㄐㄧˊ ㄩㄝˋ ㄑㄧˋ
打攢盤,ㄉㄚˇ ㄘㄨㄢˊ ㄆㄢˊ
打旋磨,ㄉㄚˇ ㄒㄩㄢˊ ㄇㄛˋ
打旗兒的,ㄉㄚˇ ㄑㄧˊ ㄦ ˙ㄉㄜ
打晃兒,ㄉㄚˇ ㄏㄨㄤˋ ㄦ
打更,ㄉㄚˇ ㄍㄥ
打水撇兒,ㄉㄚˇ ㄕㄨㄟˇ ㄆㄧㄝ ㄦ
打水漂兒,ㄉㄚˇ ㄕㄨㄟˇ ㄆㄧㄠ ㄦ
打沒頭壇,ㄉㄚˇ ㄇㄛˋ ㄊㄡˊ ㄊㄢˊ
打沒頭官司,ㄉㄚˇ ㄇㄟˊ ㄊㄡˊ ㄍㄨㄢ ˙ㄙ
打淨撈乾,ㄉㄚˇ ㄐㄧㄥˋ ㄌㄠ ㄍㄢ
打渾,ㄉㄚˇ ㄏㄨㄣˋ
打牆板兒翻上下,ㄉㄚˇ ㄑㄧㄤˊ ㄅㄢˇ ㄦ ㄈㄢ ㄕㄤˋ ㄒㄧㄚˋ
打牌兒,ㄉㄚˇ ㄆㄞˊ ㄦ
打牙兒,ㄉㄚˇ ㄧㄚˊ ㄦ
打獨磨,ㄉㄚˇ ㄉㄨˊ ㄇㄛˋ
打甚麼不緊,ㄉㄚˇ ㄕㄣˊ ˙ㄇㄜ ㄅㄨˋ ㄐㄧㄣˇ
打甚麼緊,ㄉㄚˇ ㄕㄣˊ ˙ㄇㄜ ㄐㄧㄣˇ
打發,ㄉㄚˇ ˙ㄈㄚ
打盹兒,ㄉㄚˇ ㄉㄨㄣˇ ㄦ
打短兒,ㄉㄚˇ ㄉㄨㄢˇ ㄦ
打磨盤,ㄉㄚˇ ㄇㄛˋ ㄆㄢˊ
打磨磨轉,ㄉㄚˇ ㄇㄛˋ ˙ㄇㄛ ㄓㄨㄢˋ
打稻場,ㄉㄚˇ ㄉㄠˋ ㄔㄤˊ
打篤磨,ㄉㄚˇ ㄉㄨˇ ㄇㄛˋ
打篤磨槎,ㄉㄚˇ ㄉㄨˇ ㄇㄛˋ ㄔㄚˊ
打簸箕,ㄉㄚˇ ㄅㄛˋ ㄐㄧ
打糖鑼兒的,ㄉㄚˇ ㄊㄤˊ ㄌㄨㄛˊ ㄦ ˙ㄉㄜ
打老兒,ㄉㄚˇ ㄌㄠˇ ㄦ
打自得兒,ㄉㄚˇ ㄗˋ ㄉㄜˊ ㄦ
打草兒,ㄉㄚˇ ㄘㄠˇ ㄦ
打落牙齒和血吞,ㄉㄚˇ ㄌㄨㄛˋ ㄧㄚˊ ㄔˇ ㄏㄨㄛˋ ㄒㄧㄝˇ ㄊㄨㄣ
打虎還得親兄弟,ㄉㄚˇ ㄏㄨˇ ㄏㄞˊ ㄉㄟˇ ㄑㄧㄣ ㄒㄩㄥ ㄉㄧˋ
打調,ㄉㄚˇ ㄊㄧㄠˊ
打踅磨,ㄉㄚˇ ㄒㄩㄝˊ ˙ㄇㄛ
打蹔,ㄉㄚˇ ㄓㄢˋ
打躬作揖,ㄉㄚˇ ㄍㄨㄥ ㄗㄨㄛ ㄧ
打軟腿兒,ㄉㄚˇ ㄖㄨㄢˇ ㄊㄨㄟˇ ㄦ
打轉,ㄉㄚˇ ㄓㄨㄢˋ
打通兒,ㄉㄚˇ ㄊㄨㄥ ㄦ
打都磨子,ㄉㄚˇ ㄉㄨ ㄇㄛˋ ˙ㄗ
打野盤兒,ㄉㄚˇ ㄧㄝˇ ㄆㄢˊ ㄦ
打鋪蓋,ㄉㄚˇ ㄆㄨ ˙ㄍㄞ
打錢兒的,ㄉㄚˇ ㄑㄧㄢˊ ㄦ ˙ㄉㄜ
打雙關兒透,ㄉㄚˇ ㄕㄨㄤ ㄍㄨㄢ ㄦ ㄊㄡˋ
打靶場,ㄉㄚˇ ㄅㄚˇ ㄔㄤˊ
打響瓜兒,ㄉㄚˇ ㄒㄧㄤˇ ㄍㄨㄚ ㄦ
打馬將,ㄉㄚˇ ㄇㄚˇ ㄐㄧㄤˋ
打馬虎,ㄉㄚˇ ㄇㄚˇ ˙ㄏㄨ
打馬虎眼,ㄉㄚˇ ㄇㄚˇ ˙ㄏㄨ ㄧㄢˇ
打鳳撈龍,ㄉㄚˇ ㄈㄥˋ ㄌㄠˊ ㄌㄨㄥˊ
打麥場,ㄉㄚˇ ㄇㄞˋ ㄔㄤˊ
打麻將,ㄉㄚˇ ㄇㄚˊ ㄐㄧㄤˋ
打點,ㄉㄚˇ ˙ㄉㄧㄢ
打點兒,ㄉㄚˇ ㄉㄧㄢˇ ㄦ
打點行裝,ㄉㄚˇ ˙ㄉㄧㄢ ㄒㄧㄥˊ ㄓㄨㄤ
打鼓兒的,ㄉㄚˇ ㄍㄨˇ ㄦ ˙ㄉㄜ
扛喪,ㄎㄤˊ ㄙㄤ
扛子火燒,ㄍㄤ ˙ㄗ ㄏㄨㄛˇ ㄕㄠ
扛肩兒的,ㄎㄤˊ ㄐㄧㄢ ㄦ ˙ㄉㄜ
扛長活,ㄎㄤˊ ㄔㄤˊ ㄏㄨㄛˊ
扛鼎,ㄍㄤ ㄉㄧㄥˇ
扛鼎士,ㄍㄤ ㄉㄧㄥˇ ㄕˋ
扛鼎拔山,ㄍㄤ ㄉㄧㄥˇ ㄅㄚˊ ㄕㄢ
扣兒,ㄎㄡˋ ㄦ
扣環兒,ㄎㄡˋ ㄏㄨㄢˊ ㄦ
扣襻兒,ㄎㄡˋ ㄆㄢˋ ㄦ
扭嘴兒,ㄋㄧㄡˇ ㄗㄨㄟˇ ㄦ
扭搭,ㄋㄧㄡˇ ˙ㄉㄚ
扭是為非,ㄋㄧㄡˇ ㄕˋ ㄨㄟˊ ㄈㄟ
扭股兒糖,ㄋㄧㄡˇ ㄍㄨˇ ㄦ ㄊㄤˊ
扮相,ㄅㄢˋ ㄒㄧㄤˋ
扯倒,ㄔㄜˇ ㄉㄠˇ
扯尾巴,ㄔㄜˇ ㄨㄟˇ ˙ㄅㄚ
扯手,ㄔㄜˇ ˙ㄕㄡ
扯扯拽拽,ㄔㄜˇ ㄔㄜˇ ㄧㄝˋ ㄧㄝˋ
扯撮,ㄔㄜˇ ㄘㄨㄛˋ
扯曳,ㄔㄜˇ ㄧˋ
扯牛尾巴,ㄔㄜˇ ㄋㄧㄡˊ ㄨㄟˇ ˙ㄅㄚ
扯簸箕,ㄔㄜˇ ㄅㄛˋ ㄐㄧ
扯臊,ㄔㄜˇ ㄙㄠˋ
扯落,ㄔㄜˇ ˙ㄌㄨㄛ
扯謊撩白,ㄔㄜˇ ㄏㄨㄤˇ ㄌㄧㄠˊ ㄅㄞˊ
扯閑盤兒,ㄔㄜˇ ㄒㄧㄢˊ ㄆㄢˊ ㄦ
扳不倒兒,ㄅㄢ ㄅㄨˋ ㄉㄠˇ ㄦ
扳倒,ㄅㄢ ㄉㄠˇ
扳厚,ㄆㄢ ㄏㄡˋ
扳差頭,ㄅㄢ ㄘㄨㄛ ㄊㄡˊ
扳留,ㄆㄢ ㄌㄧㄡˊ
扳藤附葛,ㄆㄢ ㄊㄥˊ ㄈㄨˋ ㄍㄜˊ
扳話,ㄆㄢ ㄏㄨㄚˋ
扳談,ㄆㄢ ㄊㄢˊ
扶手,ㄈㄨˊ ˙ㄕㄡ
扶手匣,ㄈㄨˊ ˙ㄕㄡ ㄒㄧㄚˊ
扶掖,ㄈㄨˊ ㄧㄝˋ
扶東倒西,ㄈㄨˊ ㄉㄨㄥ ㄉㄠˇ ㄒㄧ
扶老攜幼,ㄈㄨˊ ㄌㄠˇ ㄒㄧ ㄧㄡˋ
批次處理,ㄆㄧ ㄘˋ ㄔㄨˇ ㄌㄧˇ
批發市場,ㄆㄧ ㄈㄚ ㄕˋ ㄔㄤˊ
扼吭,ㄜˋ ㄏㄤˊ
扼吭拊背,ㄜˋ ㄏㄤˊ ㄈㄨˇ ㄅㄟˋ
找尋,ㄓㄠˇ ˙ㄒㄩㄣ
找對頭,ㄓㄠˇ ㄉㄨㄟˋ ˙ㄊㄡ
找沒味兒,ㄓㄠˇ ㄇㄟˊ ㄨㄟˋ ㄦ
找碴兒,ㄓㄠˇ ㄔㄚˊ ㄦ
找補,ㄓㄠˇ ˙ㄅㄨ
找頭,ㄓㄠˇ ˙ㄊㄡ
找麻煩,ㄓㄠˇ ㄇㄚˊ ˙ㄈㄢ
承差,ㄔㄥˊ ㄔㄞ
承應,ㄔㄥˊ ㄧㄥˋ
技倆,ㄐㄧˋ ㄌㄧㄤˇ
抄扎,ㄔㄠ ㄓㄚˊ
抄撮,ㄔㄠ ㄘㄨㄛˋ
抄沒,ㄔㄠ ㄇㄛˋ
抄空兒,ㄔㄠ ㄎㄨㄥˋ ㄦ
抄總兒,ㄔㄠ ㄗㄨㄥˇ ㄦ
抉擿,ㄐㄩㄝˊ ㄊㄧˋ
抉瑕擿釁,ㄐㄩㄝˊ ㄒㄧㄚˊ ㄊㄧˋ ㄒㄧㄣˋ
把兒,ㄅㄚˇ ㄦ
把兒缸子,ㄅㄚˋ ㄦ ㄍㄤ ˙ㄗ
把兒鏡子,ㄅㄚˋ ㄦ ㄐㄧㄥˋ ˙ㄗ
把勢,ㄅㄚˇ ˙ㄕ
把卷,ㄅㄚˇ ㄐㄩㄢˋ
把場,ㄅㄚˇ ㄔㄤˊ
把式,ㄅㄚˇ ˙ㄕ
把弦兒,ㄅㄚˇ ㄒㄧㄢˊ ㄦ
把把,ㄅㄚˇ ˙ㄅㄚ
把攬,ㄅㄚˇ ˙ㄌㄢ
把斂,ㄅㄚˇ ˙ㄌㄧㄢ
把玩,ㄅㄚˇ ㄨㄢˋ
把突兒,ㄅㄚˇ ㄊㄨˊ ㄦ
把都兒,ㄅㄚˇ ㄉㄨ ㄦˊ
抑勒,ㄧˋ ㄌㄜˋ
抑塞,ㄧˋ ㄙㄜˋ
抑塞磊落,ㄧˋ ㄙㄜˋ ㄌㄟˇ ㄌㄨㄛˋ
抓子兒,ㄔㄨㄚˇ ㄗˇ ㄦ
抓尖兒,ㄓㄨㄚ ㄐㄧㄢ ㄦ
抓工夫,ㄓㄨㄚ ㄍㄨㄥ ˙ㄈㄨ
抓抓掗掗,ㄓㄨㄚ ˙ㄓㄨㄚ ㄧㄚˋ ㄧㄚˋ
抓抓撓撓,ㄓㄨㄚ ˙ㄓㄨㄚ ㄋㄠˊ ㄋㄠˊ
抓撓,ㄓㄨㄚ ˙ㄋㄠ
抓撓兒,ㄓㄨㄚ ˙ㄋㄠ ㄦ
抓破臉兒,ㄓㄨㄚ ㄆㄛˋ ㄌㄧㄢˇ ㄦ
抓碴兒,ㄓㄨㄚ ㄔㄚˊ ㄦ
抓角兒,ㄓㄨㄚ ㄐㄧㄠˇ ㄦ
抔土未乾,ㄆㄡˊ ㄊㄨˇ ㄨㄟˋ ㄍㄢ
投其所好,ㄊㄡˊ ㄑㄧˊ ㄙㄨㄛˇ ㄏㄠˋ
投分,ㄊㄡˊ ㄈㄣˋ
投奔,ㄊㄡˊ ㄅㄣˋ
投奔無門,ㄊㄡˊ ㄅㄣˋ ㄨˊ ㄇㄣˊ
投機倒把,ㄊㄡˊ ㄐㄧ ㄉㄠˇ ㄅㄚˇ
投機分子,ㄊㄡˊ ㄐㄧ ㄈㄣˋ ㄗˇ
投洽,ㄊㄡˊ ㄒㄧㄚˊ
投袂荷戈,ㄊㄡˊ ㄇㄟˋ ㄏㄜˋ ㄍㄜ
投解,ㄊㄡˊ ㄐㄧㄝˋ
投門路,ㄊㄡˊ ㄇㄣˊ ˙ㄌㄨ
投閒置散,ㄊㄡˊ ㄒㄧㄢˊ ㄓˋ ㄙㄢˇ
投降,ㄊㄡˊ ㄒㄧㄤˊ
抖摟,ㄉㄡˇ ˙ㄌㄡ
抖機伶兒,ㄉㄡˇ ㄐㄧ ˙ㄌㄧㄥ ㄦ
抖翻,ㄉㄡˇ ˙ㄈㄢ
抗戰歌曲,ㄎㄤˋ ㄓㄢˋ ㄍㄜ ㄑㄩˇ
抗疏,ㄎㄤˋ ㄕㄨˋ
抗行,ㄎㄤˋ ㄏㄤˊ
折倒,ㄓㄜˊ ㄉㄠˇ
折本,ㄕㄜˊ ㄅㄣˇ
折殺,ㄓㄜˊ ˙ㄕㄚ
折當,ㄓㄜˊ ㄉㄤˋ
折碗,ㄓㄜ ㄨㄢˇ
折秤,ㄕㄜˊ ㄔㄥˋ
折箭為誓,ㄓㄜˊ ㄐㄧㄢˋ ㄨㄟˊ ㄕˋ
折籮,ㄓㄜ ㄌㄨㄛˊ
折耗,ㄕㄜˊ ㄏㄠˋ
折莫,ㄓㄜ ㄇㄛˋ
折返,ㄓㄜ ㄈㄢˇ
折長補短,ㄓㄜˊ ㄔㄤˊ ㄅㄨˇ ㄉㄨㄢˇ
折頭,ㄓㄜˊ ˙ㄊㄡ
折騰,ㄓㄜ ˙ㄊㄥ
抨彈,ㄆㄥ ㄊㄢˊ
披卷,ㄆㄧ ㄐㄩㄢˋ
披哆,ㄆㄧ ㄔㄜˇ
披撇,ㄆㄧ ㄆㄧㄝˇ
披散,ㄆㄧ ˙ㄙㄢ
披玩,ㄆㄧ ㄨㄢˋ
披豁,ㄆㄧ ㄏㄨㄛˋ
披靡,ㄆㄧ ㄇㄧˇ
抬帖,ㄊㄞˊ ㄊㄧㄝˇ
抬行市,ㄊㄞˊ ㄏㄤˊ ㄕˋ
抱佛腳,ㄅㄠˋ ㄈㄛˊ ㄐㄧㄠˇ
抱子弄孫,ㄅㄠˋ ㄗˇ ㄋㄨㄥˋ ㄙㄨㄣ
抱廈廳,ㄅㄠˋ ㄒㄧㄚˋ ㄊㄧㄥ
抱朴子,ㄅㄠˋ ㄆㄨˊ ㄗˇ
抱盆兒擲,ㄅㄠˋ ㄆㄣˊ ㄦ ㄓˊ
抱腳兒,ㄅㄠˋ ㄐㄧㄠˇ ㄦ
抱腿兒,ㄅㄠˋ ㄊㄨㄟˇ ㄦ
抱身兒,ㄅㄠˋ ㄕㄣ ㄦ
抵不過,ㄉㄧˇ ˙ㄅㄨ ㄍㄨㄛˋ
抵得,ㄉㄧˇ ㄉㄜˊ
抵死漫生,ㄉㄧˇ ㄙˇ ㄇㄢˊ ㄕㄥ
抵當,ㄉㄧˇ ㄉㄤˋ
抹不著影,ㄇㄛˇ ㄅㄨˋ ㄓㄠˊ ㄧㄥˇ
抹不開,ㄇㄛˋ ㄅㄨˋ ㄎㄞ
抹抹颩颩,ㄇㄛˇ ㄇㄛˇ ㄉㄧㄡ ㄉㄧㄡ
抹搶,ㄇㄛˇ ㄑㄧㄤ
抹胸,ㄇㄛˋ ㄒㄩㄥ
抹腹,ㄇㄛˋ ㄈㄨˋ
抹面,ㄇㄛˋ ㄇㄧㄢˋ
抹頭,ㄇㄛˋ ㄊㄡˊ
抹額,ㄇㄛˋ ㄜˊ
抹颩,ㄇㄛˇ ㄉㄧㄡ
押字,ㄧㄚˊ ㄗˋ
押尾,ㄧㄚˊ ㄨㄟˇ
押差,ㄧㄚ ㄔㄞ
押榜,ㄧㄚˊ ㄅㄤˇ
押櫃,ㄧㄚˊ ㄍㄨㄟˋ
押當,ㄧㄚ ㄉㄤˋ
押花,ㄧㄚˊ ㄏㄨㄚ
押解,ㄧㄚ ㄐㄧㄝˋ
押頭,ㄧㄚ ˙ㄊㄡ
抽功夫,ㄔㄡ ㄍㄨㄥ ˙ㄈㄨ
抽咽,ㄔㄡ ㄧㄝˋ
抽屜,ㄔㄡ ˙ㄊㄧ
抽搭,ㄔㄡ ˙ㄉㄚ
抽空,ㄔㄡ ㄎㄨㄥˋ
抽縐,ㄔㄡ ˙ㄓㄡ
抽豐,ㄔㄡ ˙ㄈㄥ
抽鼻兒,ㄔㄡ ㄅㄧˊ ㄦ
拂士,ㄅㄧˋ ㄕˋ
拄笏看山,ㄓㄨˇ ㄏㄨˋ ㄎㄢ ㄕㄢ
拆放市場,ㄔㄞ ㄈㄤˋ ㄕˋ ㄔㄤˊ
拆洗,ㄔㄞ ˙ㄒㄧ
拇量,ㄇㄨˇ ㄌㄧㄤˊ
拈折,ㄉㄧㄢ ㄓㄜˊ
拈相,ㄋㄧㄢˊ ㄒㄧㄤˋ
拉丁美洲音樂,ㄌㄚ ㄉㄧㄥ ㄇㄟˇ ㄓㄡ ㄧㄣ ㄩㄝˋ
拉不下臉來,ㄌㄚ ˙ㄅㄨ ㄒㄧㄚˋ ㄌㄧㄢˇ ˙ㄌㄞ
拉主顧,ㄌㄚ ㄓㄨˇ ˙ㄍㄨ
拉些兒,ㄌㄚ ㄒㄧㄝ ㄦ
拉便宜手兒,ㄌㄚ ㄆㄧㄢˊ ˙ㄧ ㄕㄡˇ ㄦ
拉倒,ㄌㄚ ㄉㄠˇ
拉呱兒,ㄌㄚ ㄍㄨㄚ ㄦ
拉坏,ㄌㄚ ㄆㄟ
拉場,ㄌㄚ ㄔㄤˊ
拉場子,ㄌㄚ ㄔㄤˊ ˙ㄗ
拉塞福,ㄌㄚ ㄙㄜˋ ㄈㄨˊ
拉大片,ㄌㄚ ㄉㄚˋ ㄆㄧㄢ
拉巴,ㄌㄚ ˙ㄅㄚ
拉弄,ㄌㄚ ˙ㄌㄨㄥ
拉彎兒,ㄌㄚ ㄨㄢ ㄦ
拉抽屜,ㄌㄚ ㄔㄡ ˙ㄊㄧ
拉拔,ㄌㄚ ˙ㄅㄚ
拉攏,ㄌㄚ ˙ㄌㄨㄥ
拉晚兒,ㄌㄚ ㄨㄢˇ ㄦ
拉曳,ㄌㄚ ㄧˋ
拉替身兒,ㄌㄚ ㄊㄧˋ ˙ㄕㄣ ㄦ
拉洋片,ㄌㄚ ㄧㄤˊ ㄆㄧㄢ
拉片兒湯,ㄌㄚ ㄆㄧㄢˋ ㄦ ㄊㄤ
拉生意,ㄌㄚ ㄕㄥ ˙ㄧ
拉窟窿,ㄌㄚ ㄎㄨ ˙ㄌㄨㄥ
拉絆著,ㄌㄚ ˙ㄅㄢ ˙ㄓㄜ
拉舌頭,ㄌㄚ ㄕㄜˊ ˙ㄊㄡ
拉虧空,ㄌㄚ ㄎㄨㄟ ˙ㄎㄨㄥ
拉買賣,ㄌㄚ ㄇㄞˇ ˙ㄇㄞ
拉長,ㄌㄚ ㄔㄤˊ
拉長線,ㄌㄚ ㄔㄤˊ ㄒㄧㄢˋ
拉長耳朵聽,ㄌㄚ ㄔㄤˊ ㄦˇ ˙ㄉㄨㄛ ㄊㄧㄥ
拉長臉,ㄌㄚ ㄔㄤˊ ㄌㄧㄢˇ
拉開,ㄌㄚ ˙ㄎㄞ
拉飢荒,ㄌㄚ ㄐㄧ ˙ㄏㄨㄤ
拉駱駝,ㄌㄚ ㄌㄨㄛˋ ˙ㄊㄨㄛ
拋妻別子,ㄆㄠ ㄑㄧ ㄅㄧㄝˊ ㄗˇ
拌折,ㄆㄢˋ ㄓㄜˊ
拍塞,ㄆㄞ ㄙㄜˋ
拍立得攝影,ㄆㄞ ㄌㄧˋ ㄉㄜˊ ㄕㄜˋ ㄧㄥˇ
拍立得相機,ㄆㄞ ㄌㄧˋ ㄉㄜˊ ㄒㄧㄤˋ ㄐㄧ
拍老腔兒,ㄆㄞ ㄌㄠˇ ㄑㄧㄤ ㄦ
拐兒,ㄍㄨㄞˇ ㄦ
拐孤,ㄍㄨㄞˇ ˙ㄍㄨ
拐彎抹角,ㄍㄨㄞˇ ㄨㄢ ㄇㄛˋ ㄐㄧㄠˇ
拐裨子,ㄍㄨㄞˇ ㄆㄧˊ ㄗˇ
拒塞,ㄐㄩˋ ㄙㄜˋ
拓印,ㄊㄚˋ ㄧㄣˋ
拓本,ㄊㄚˋ ㄅㄣˇ
拓片,ㄊㄚˋ ㄆㄧㄢˋ
拓碑,ㄊㄚˋ ㄅㄟ
拔不出腿來,ㄅㄚˊ ˙ㄅㄨ ㄔㄨ ㄊㄨㄟˇ ㄌㄞˊ
拔了一個尖兒,ㄅㄚˊ ˙ㄌㄜ ㄧ ˙ㄍㄜ ㄐㄧㄢ ㄦ
拔了蘿蔔地皮寬,ㄅㄚˊ ˙ㄌㄜ ㄌㄨㄛˊ ˙ㄅㄛ ㄉㄧˋ ㄆㄧˊ ㄎㄨㄢ
拔剌,ㄅㄚˊ ㄌㄚˋ
拔十得五,ㄅㄚˊ ㄕˊ ㄉㄜˊ ㄨˇ
拔山扛鼎,ㄅㄚˊ ㄕㄢ ㄍㄤ ㄉㄧㄥˇ
拔山曲,ㄅㄚˊ ㄕㄢ ㄑㄩˇ
拔得頭籌,ㄅㄚˊ ㄉㄜˊ ㄊㄡˊ ㄔㄡˊ
拔摋,ㄅㄚˊ ㄕㄚ
拔本塞原,ㄅㄚˊ ㄅㄣˇ ㄙㄜˋ ㄩㄢˊ
拔本塞源,ㄅㄚˊ ㄅㄣˇ ㄙㄜˋ ㄩㄢˊ
拔脯兒,ㄅㄚˊ ㄆㄨˊ ㄦ
拔著短籌,ㄅㄚˊ ㄓㄠˊ ㄉㄨㄢˇ ㄔㄡˊ
拔解,ㄅㄚˊ ㄐㄧㄝˋ
拔都,ㄅㄚˊ ㄉㄨ
拔都魯,ㄅㄚˊ ㄉㄨ ㄌㄨˇ
拖尾巴,ㄊㄨㄛ ㄨㄟˇ ˙ㄅㄚ
拖拽,ㄊㄨㄛ ㄧㄝˋ
拖空子,ㄊㄨㄛ ㄎㄨㄥˋ ˙ㄗ
拖鎗拽棒,ㄊㄨㄛ ㄑㄧㄤ ㄧㄝˋ ㄅㄤˋ
拖麻拽布,ㄊㄨㄛ ㄇㄚˊ ㄓㄨㄞˋ ㄅㄨˋ
拗不登,ㄠˋ ˙ㄅㄨ ㄉㄥ
拗不過,ㄠˋ ˙ㄅㄨ ㄍㄨㄛˋ
拗口,ㄠˋ ㄎㄡˇ
拗口令,ㄠˋ ㄎㄡˇ ㄌㄧㄥˋ
拗口風,ㄠˋ ㄎㄡˇ ㄈㄥ
拗句,ㄠˋ ㄐㄩˋ
拗強,ㄠˋ ㄐㄧㄤˋ
拗彆,ㄠˋ ˙ㄅㄧㄝ
拗彆攪炒,ㄠˋ ˙ㄅㄧㄝ ㄐㄧㄠˇ ㄔㄠˇ
拗怒,ㄩˋ ㄋㄨˋ
拗性,ㄋㄧㄡˋ ㄒㄧㄥˋ
拗甜,ㄠˋ ㄊㄧㄢˊ
拗相公,ㄋㄧㄡˋ ㄒㄧㄤˋ ㄍㄨㄥ
拗處,ㄠˋ ㄔㄨˋ
拗體,ㄠˋ ㄊㄧˇ
拗體詩,ㄠˋ ㄊㄧˇ ㄕ
拘兒,ㄐㄩ ㄦ
拘拘縮縮,ㄐㄩ ˙ㄐㄩ ㄙㄨㄛ ㄙㄨㄛ
拘攣兒,ㄐㄩ ˙ㄌㄩㄢ ㄦ
拘泥,ㄐㄩ ㄋㄧˋ
拘神遣將,ㄐㄩ ㄕㄣˊ ㄑㄧㄢˇ ㄐㄧㄤˋ
拘頭,ㄐㄩ ˙ㄊㄡ
拙著,ㄓㄨㄛˊ ㄓㄨˋ
招兒,ㄓㄠ ㄦ
招呼,ㄓㄠ ˙ㄏㄨ
招呼站,ㄓㄠ ˙ㄏㄨ ㄓㄢˋ
招惹,ㄓㄠ ˙ㄖㄜ
招招手,ㄓㄠ ˙ㄓㄠ ㄕㄡˇ
招數,ㄓㄠ ˙ㄕㄨ
招笑兒,ㄓㄠ ㄒㄧㄠˋ ㄦ
招解,ㄓㄠ ㄐㄧㄝˋ
招護,ㄓㄠ ˙ㄏㄨ
招降,ㄓㄠ ㄒㄧㄤˊ
招降納叛,ㄓㄠ ㄒㄧㄤˊ ㄋㄚˋ ㄆㄢˋ
招降納順,ㄓㄠ ㄒㄧㄤˊ ㄋㄚˋ ㄕㄨㄣˋ
拜佛,ㄅㄞˋ ㄈㄛˊ
拜倒石榴裙下,ㄅㄞˋ ㄉㄠˇ ㄕˊ ㄌㄧㄡˊ ㄑㄩㄣˊ ㄒㄧㄚˋ
拜倒轅門,ㄅㄞˋ ㄉㄠˇ ㄩㄢˊ ㄇㄣˊ
拜將封侯,ㄅㄞˋ ㄐㄧㄤˋ ㄈㄥ ㄏㄡˊ
拜帖,ㄅㄞˋ ㄊㄧㄝˇ
拜手稽首,ㄅㄞˋ ㄕㄡˇ ㄑㄧˇ ㄕㄡˇ
拜拜,ㄅㄞˋ ˙ㄅㄞ
拜相,ㄅㄞˋ ㄒㄧㄤˋ
拜相封侯,ㄅㄞˋ ㄒㄧㄤˋ ㄈㄥ ㄏㄡˊ
拜碼頭,ㄅㄞˋ ㄇㄚˇ ˙ㄊㄡ
拜稽首,ㄅㄞˋ ㄑㄧˇ ㄕㄡˇ
括剌剌,ㄍㄨㄚ ㄌㄚˋ ㄌㄚˋ
括帖,ㄍㄨㄚ ㄊㄧㄝˇ
括約肌,ㄎㄨㄛˋ ㄩㄝ ㄐㄧ
拭目以俟,ㄕˋ ㄇㄨˋ ㄧˇ ㄙˋ
拮据,ㄐㄧㄝˊ ㄐㄩ
拱手作揖,ㄍㄨㄥˇ ㄕㄡˇ ㄗㄨㄛ ㄧ
拱手投降,ㄍㄨㄥˇ ㄕㄡˇ ㄊㄡˊ ㄒㄧㄤˊ
拱手而降,ㄍㄨㄥˇ ㄕㄡˇ ㄦˊ ㄒㄧㄤˊ
拱手聽命,ㄍㄨㄥˇ ㄕㄡˇ ㄊㄧㄥˋ ㄇㄧㄥˋ
拳頭,ㄑㄩㄢˊ ˙ㄊㄡ
拳頭產品,ㄑㄩㄢˊ ˙ㄊㄡ ㄔㄢˇ ㄆㄧㄣˇ
拴娃娃,ㄕㄨㄢ ㄨㄚˊ ˙ㄨㄚ
拴扣兒,ㄕㄨㄢ ㄎㄡˋ ㄦ
拶子,ㄗㄢˇ ˙ㄗ
拶指,ㄗㄢˇ ㄓˇ
拽塌,ㄓㄨㄞˋ ㄊㄚ
拽巷攞街,ㄓㄨㄞˋ ㄒㄧㄤˋ ㄌㄨㄛˊ ㄐㄧㄝ
拽巷邏街,ㄓㄨㄞˋ ㄒㄧㄤˋ ㄌㄨㄛˊ ㄐㄧㄝ
拽布披麻,ㄓㄨㄞˋ ㄅㄨˋ ㄆㄧ ㄇㄚˊ
拽布拖麻,ㄓㄨㄞˋ ㄅㄨˋ ㄊㄨㄛ ㄇㄚˊ
拽扎,ㄓㄨㄞˋ ㄓㄚ
拽欛扶犁,ㄓㄨㄞˋ ㄅㄚˋ ㄈㄨˊ ㄌㄧˊ
拽滿,ㄓㄨㄞˋ ㄇㄢˇ
拽耙扶犁,ㄓㄨㄞˋ ㄆㄚˊ ㄈㄨˊ ㄌㄧˊ
拽象拖犀,ㄓㄨㄞˋ ㄒㄧㄤˋ ㄊㄨㄛ ㄒㄧ
拾得,ㄕˊ ㄉㄜˊ
拾掇,ㄕˊ ˙ㄉㄨㄛ
拾級,ㄕㄜˋ ㄐㄧˊ
拾級而上,ㄕㄜˋ ㄐㄧˊ ㄦˊ ㄕㄤˋ
拾翻,ㄕ ˙ㄈㄢ
拾遺補闕,ㄕˊ ㄧˊ ㄅㄨˇ ㄑㄩㄝ
拿不了,ㄋㄚˊ ㄅㄨˋ ㄌㄧㄠˇ
拿主意,ㄋㄚˊ ㄓㄨˇ ˙ㄧ
拿住,ㄋㄚˊ ˙ㄓㄨ
拿刀靶兒,ㄋㄚˊ ㄉㄠ ㄅㄚˇ ㄦ
拿印把兒,ㄋㄚˊ ㄧㄣˋ ㄅㄚˇ ㄦ
拿岔兒,ㄋㄚˊ ㄔㄚˋ ㄦ
拿捏,ㄋㄚˊ ˙ㄋㄧㄝ
拿捻,ㄋㄚˊ ㄋㄧㄝ
拿派頭,ㄋㄚˊ ㄆㄞˋ ˙ㄊㄡ
拿空子,ㄋㄚˊ ㄎㄨㄥˋ ˙ㄗ
拿翹,ㄋㄚˊ ㄑㄧㄠˊ
拿草棍兒戳老虎的鼻子眼兒,ㄋㄚˊ ㄘㄠˇ ㄍㄨㄣˋ ㄦ ㄔㄨㄛ ㄌㄠˇ ㄏㄨˇ ˙ㄉㄜ ㄅㄧˊ ˙ㄗ ㄧㄢˇ ㄦ
拿著腔兒,ㄋㄚˊ ˙ㄓㄜ ㄑㄧㄤ ㄦ
拿著雞毛當令箭,ㄋㄚˊ ˙ㄓㄜ ㄐㄧ ㄇㄠˊ ㄉㄤˋ ㄌㄧㄥˋ ㄐㄧㄢˋ
拿訛頭,ㄋㄚˊ ㄜˊ ˙ㄊㄡ
拿身分,ㄋㄚˊ ㄕㄣ ㄈㄣˋ
拿雞蛋往石頭上碰,ㄋㄚˊ ㄐㄧ ㄉㄢˋ ㄨㄤˇ ㄕˊ ˙ㄊㄡ ㄕㄤˋ ㄆㄥˋ
持人長短,ㄔˊ ㄖㄣˊ ㄔㄤˊ ㄉㄨㄢˇ
持更,ㄔˊ ㄍㄥ
持正不阿,ㄔˊ ㄓㄥˋ ㄅㄨˋ ㄜ
指不勝屈,ㄓˇ ㄅㄨˋ ㄕㄥ ㄑㄩ
指地為盟,ㄓˇ ㄉㄧˋ ㄨㄟˊ ㄇㄥˊ
指天為誓,ㄓˇ ㄊㄧㄢ ㄨㄟˊ ㄕˋ
指山說磨,ㄓˇ ㄕㄢ ㄕㄨㄛ ㄇㄛˋ
指山賣磨,ㄓˇ ㄕㄢ ㄇㄞˋ ㄇㄛˋ
指甲,ㄓˇ ˙ㄐㄧㄚ
指甲剪,ㄓˇ ˙ㄐㄧㄚ ㄐㄧㄢˇ
指甲套兒,ㄓˇ ˙ㄐㄧㄚ ㄊㄠˋ ㄦ
指甲油,ㄓˇ ˙ㄐㄧㄚ ㄧㄡˊ
指甲花,ㄓˇ ˙ㄐㄧㄚ ㄏㄨㄚ
指甲草,ㄓˇ ˙ㄐㄧㄚ ㄘㄠˇ
指皂為白,ㄓˇ ㄗㄠˋ ㄨㄟˊ ㄅㄞˊ
指腹為婚,ㄓˇ ㄈㄨˋ ㄨㄟˊ ㄏㄨㄣ
指長話短,ㄓˇ ㄔㄤˊ ㄏㄨㄚˋ ㄉㄨㄢˇ
指雁為羹,ㄓˇ ㄧㄢˋ ㄨㄟˊ ㄍㄥ
指頭,ㄓˇ ˙ㄊㄡ
指頭畫,ㄓˇ ˙ㄊㄡ ㄏㄨㄚˋ
指頭肚兒,ㄓˇ ˙ㄊㄡ ㄉㄨˋ ㄦ
指鹿為馬,ㄓˇ ㄌㄨˋ ㄨㄟˊ ㄇㄚˇ
指黑為白,ㄓˇ ㄏㄟ ㄨㄟˊ ㄅㄞˊ
挈瓶之知,ㄑㄧㄝˋ ㄆㄧㄥˊ ㄓ ㄓˋ
按檔兒,ㄢˋ ㄉㄤˇ ㄦ
按牛頭吃不得草,ㄢˋ ㄋㄧㄡˊ ㄊㄡˊ ㄔ ㄅㄨˋ ㄉㄜˊ ㄘㄠˇ
按著葫蘆摳子,ㄢˋ ˙ㄓㄜ ㄏㄨˊ ˙ㄌㄨ ㄎㄡ ˙ㄗ
挑三窩四,ㄊㄧㄠˇ ㄙㄢ ㄨㄛ ㄙˋ
挑三豁四,ㄊㄧㄠˇ ㄙㄢ ㄏㄨㄛˋ ㄙˋ
挑刀,ㄊㄧㄠˇ ㄉㄠ
挑刺兒,ㄊㄧㄠ ㄘˋ ㄦ
挑動,ㄊㄧㄠˇ ㄉㄨㄥˋ
挑唆,ㄊㄧㄠˇ ㄙㄨㄛ
挑大拇哥,ㄊㄧㄠˇ ㄉㄚˋ ㄇㄨˇ ㄍㄜ
挑字眼兒,ㄊㄧㄠ ㄗˋ ㄧㄢˇ ㄦ
挑弄,ㄊㄧㄠˇ ㄋㄨㄥˋ
挑戰,ㄊㄧㄠˇ ㄓㄢˋ
挑戰書,ㄊㄧㄠˇ ㄓㄢˋ ㄕㄨ
挑撥,ㄊㄧㄠˇ ㄅㄛ
挑撥是非,ㄊㄧㄠˇ ㄅㄛ ㄕˋ ㄈㄟ
挑撥離間,ㄊㄧㄠˇ ㄅㄛ ㄌㄧˊ ㄐㄧㄢˋ
挑擔,ㄊㄧㄠ ㄉㄢˋ
挑擔子,ㄊㄧㄠ ㄉㄢˋ ˙ㄗ
挑斜岔兒,ㄊㄧㄠˇ ㄒㄧㄝˊ ㄔㄚˋ ㄦ
挑明,ㄊㄧㄠˇ ㄇㄧㄥˊ
挑泛,ㄊㄧㄠˇ ㄈㄢˋ
挑燈,ㄊㄧㄠˇ ㄉㄥ
挑燈夜戰,ㄊㄧㄠˇ ㄉㄥ ㄧㄝˋ ㄓㄢˋ
挑燈撥火,ㄊㄧㄠˇ ㄉㄥ ㄅㄛ ㄏㄨㄛˇ
挑牙料脣,ㄊㄧㄠˇ ㄧㄚˊ ㄌㄧㄠˋ ㄔㄨㄣˊ
挑脣料嘴,ㄊㄧㄠˇ ㄔㄨㄣˊ ㄌㄧㄠˋ ㄗㄨㄟˇ
挑花,ㄊㄧㄠˇ ㄏㄨㄚ
挑花法,ㄊㄧㄠˇ ㄏㄨㄚ ㄈㄚˇ
挑花繃子,ㄊㄧㄠˇ ㄏㄨㄚ ㄅㄥ ˙ㄗ
挑茶斡刺,ㄊㄧㄠˇ ㄔㄚˊ ㄨㄛˋ ㄘˋ
挑趣,ㄊㄧㄠˇ ㄑㄩˋ
挑逗,ㄊㄧㄠˇ ㄉㄡˋ
挑釁,ㄊㄧㄠˇ ㄒㄧㄣˋ
挑重擔,ㄊㄧㄠ ㄓㄨㄥˋ ㄉㄢˋ
挑頭子,ㄊㄧㄠˇ ㄊㄡˊ ˙ㄗ
挑飭,ㄊㄧㄠ ˙ㄔ
挑鬥,ㄊㄧㄠˇ ㄉㄡˋ
挓挲,ㄓㄚ ˙ㄕㄚ
挖苦,ㄨㄚ ˙ㄎㄨ
挖角,ㄨㄚ ㄐㄩㄝˊ
挨人兒,ㄞ ㄖㄣˊ ㄦ
挨個兒,ㄞ ㄍㄜˋ ㄦ
挨山塞海,ㄞ ㄕㄢ ㄙㄜˋ ㄏㄞˇ
挨挨兒,ㄞ ˙ㄞ ㄦ
挨肩兒,ㄞ ㄐㄧㄢ ㄦ
挨親兒,ㄞ ㄑㄧㄣ ㄦ
挪窩兒,ㄋㄨㄛˊ ㄨㄛ ㄦ
挪騷窩兒,ㄋㄨㄛˊ ㄙㄠ ㄨㄛ ㄦ
振作有為,ㄓㄣˋ ㄗㄨㄛˋ ㄧㄡˇ ㄨㄟˊ
振興,ㄓㄣˋ ㄒㄧㄥ
振興經濟方案,ㄓㄣˋ ㄒㄧㄥ ㄐㄧㄥ ㄐㄧˋ ㄈㄤ ㄢˋ
挺撅挺橫,ㄊㄧㄥˇ ㄐㄩㄝ ㄊㄧㄥˇ ㄏㄥˋ
挺胸凸肚,ㄊㄧㄥˇ ㄒㄩㄥ ㄊㄨ ㄉㄨˋ
挺起腰板兒,ㄊㄧㄥˇ ㄑㄧˇ ㄧㄠ ㄅㄢˇ ㄦ
挽手兒,ㄨㄢˇ ㄕㄡˇ ㄦ
挽眉毛,ㄨㄢˇ ㄇㄟˊ ˙ㄇㄠ
挾人捉將,ㄒㄧㄝˊ ㄖㄣˊ ㄓㄨㄛ ㄐㄧㄤˋ
挾天子之命,ㄒㄧㄝˊ ㄊㄧㄢ ㄗˇ ㄓ ㄇㄧㄥˋ
挾天子以令諸侯,ㄒㄧㄝˊ ㄊㄧㄢ ㄗˇ ㄧˇ ㄌㄧㄥˋ ㄓㄨ ㄏㄡˊ
挾生兒,ㄒㄧㄝˊ ㄕㄥ ㄦ
捅窟窿,ㄊㄨㄥˇ ㄎㄨ ˙ㄌㄨㄥ
捉將挾人,ㄓㄨㄛ ㄐㄧㄤˋ ㄒㄧㄝˊ ㄖㄣˊ
捉空,ㄓㄨㄛ ㄎㄨㄥˋ
捉襟肘見,ㄓㄨㄛ ㄐㄧㄣ ㄓㄡˇ ㄒㄧㄢˋ
捉襟見肘,ㄓㄨㄛ ㄐㄧㄣ ㄒㄧㄢˋ ㄓㄡˇ
捋胳膊,ㄌㄨㄛ ㄍㄜ ˙ㄅㄛ
捋臂將拳,ㄌㄨㄛ ㄅㄧˋ ㄐㄧㄤ ㄑㄩㄢˊ
捋臂揎拳,ㄌㄨㄛ ㄅㄧˋ ㄒㄩㄢ ㄑㄩㄢˊ
捋虎鬚,ㄌㄜˋ ㄏㄨˇ ㄒㄩ
捋袖揎拳,ㄌㄨㄛ ㄒㄧㄡˋ ㄒㄩㄢ ㄑㄩㄢˊ
捍難之功,ㄏㄢˋ ㄋㄢˋ ㄓ ㄍㄨㄥ
捎帶腳兒,ㄕㄠ ㄉㄞˋ ㄐㄧㄠˇ ㄦ
捎色,ㄕㄠˋ ㄕㄞˇ
捎馬子,ㄕㄠˋ ㄇㄚˇ ˙ㄗ
捏出水兒來的,ㄋㄧㄝ ㄔㄨ ㄕㄨㄟˇ ㄦ ㄌㄞˊ ˙ㄉㄜ
捏坏,ㄋㄧㄝ ㄆㄟ
捏弄,ㄋㄧㄝ ㄌㄨㄥˋ
捏殺蠅子兒是的,ㄋㄧㄝ ㄕㄚ ㄧㄥˊ ㄗˇ ㄦ ㄕˋ ˙ㄉㄜ
捏舌頭,ㄋㄧㄝ ㄕㄜˊ ˙ㄊㄡ
捏錯兒,ㄋㄧㄝ ㄘㄨㄛˋ ㄦ
捐監,ㄐㄩㄢ ㄐㄧㄢˋ
捐軀濟難,ㄐㄩㄢ ㄑㄩ ㄐㄧˋ ㄋㄢˋ
捐軀疆場,ㄐㄩㄢ ㄑㄩ ㄐㄧㄤ ㄔㄤˊ
捐軀赴難,ㄐㄩㄢ ㄑㄩ ㄈㄨˋ ㄋㄢˋ
捧了卵子過橋,ㄆㄥˇ ˙ㄌㄜ ㄌㄨㄢˇ ㄗˇ ㄍㄨㄛˋ ㄑㄧㄠˊ
捧場,ㄆㄥˇ ㄔㄤˊ
捧心效西子,ㄆㄥˇ ㄒㄧㄣ ㄒㄧㄠˋ ㄒㄧ ㄗˇ
捧心西子,ㄆㄥˇ ㄒㄧㄣ ㄒㄧ ㄗˇ
捧角,ㄆㄥˇ ㄐㄩㄝˊ
捨短取長,ㄕㄜˇ ㄉㄨㄢˇ ㄑㄩˇ ㄔㄤˊ
捫參歷井,ㄇㄣˊ ㄕㄣ ㄌㄧˋ ㄐㄧㄥˇ
捭闔縱橫,ㄅㄞˇ ㄏㄜˊ ㄗㄨㄥ ㄏㄥˊ
捯飭,ㄉㄠˊ ˙ㄔ
捲土重來,ㄐㄩㄢˇ ㄊㄨˇ ㄔㄨㄥˊ ㄌㄞˊ
捲甲重來,ㄐㄩㄢˇ ㄐㄧㄚˇ ㄔㄨㄥˊ ㄌㄞˊ
捲鋪蓋,ㄐㄩㄢˇ ㄆㄨ ㄍㄞˋ
捷給,ㄐㄧㄝˊ ㄐㄧˇ
捷足先得,ㄐㄧㄝˊ ㄗㄨˊ ㄒㄧㄢ ㄉㄜˊ
捺倒,ㄋㄚˋ ㄉㄠˇ
捻兒,ㄋㄧㄢˇ ㄦ
捻合,ㄋㄧㄝ ㄏㄜˊ
捻塑,ㄋㄧㄝ ㄙㄨˋ
捻手捻腳,ㄋㄧㄝ ㄕㄡˇ ㄋㄧㄝ ㄐㄧㄠˇ
捻腳捻手,ㄋㄧㄝ ㄐㄧㄠˇ ㄋㄧㄝ ㄕㄡˇ
捻舌,ㄋㄧㄝ ㄕㄜˊ
捻著鼻子,ㄋㄧㄝ ˙ㄓㄜ ㄅㄧˊ ˙ㄗ
捻鼻,ㄋㄧㄝ ㄅㄧˊ
捽兀,ㄗㄨˊ ㄨˋ
捽扯,ㄗㄨˊ ㄔㄜˇ
捽脫,ㄗㄨˊ ㄊㄨㄛ
掀騰,ㄒㄧㄢ ˙ㄊㄥ
掂掇,ㄉㄧㄢ ˙ㄉㄨㄛ
掂梢折本,ㄉㄧㄢ ㄕㄠ ㄕㄜˊ ㄅㄣˇ
掂過兒,ㄉㄧㄢ ㄍㄨㄛˋ ㄦ
掂量,ㄉㄧㄢ ㄌㄧㄤˊ
掃帚,ㄙㄠˋ ˙ㄓㄡ
掃帚星,ㄙㄠˋ ˙ㄓㄡ ㄒㄧㄥ
掃把,ㄙㄠˋ ㄅㄚˇ
掃星,ㄙㄠˋ ㄒㄧㄥ
掃眉才子,ㄙㄠˇ ㄇㄟˊ ㄘㄞˊ ㄗˇ
掃聽,ㄙㄠˇ ˙ㄊㄧㄥ
掄不到,ㄌㄨㄣˊ ㄅㄨˋ ㄉㄠˋ
掄元,ㄌㄨㄣˊ ㄩㄢˊ
掄材,ㄌㄨㄣˊ ㄘㄞˊ
掇蜂譖子,ㄉㄨㄛˊ ㄈㄥ ㄗㄣˋ ㄗˇ
掇那,ㄉㄨㄛˊ ㄋㄨㄛˊ
掉價兒,ㄉㄧㄠˋ ㄐㄧㄚˋ ㄦ
掉過兒,ㄉㄧㄠˋ ㄍㄨㄛˋ ㄦ
掊擊,ㄆㄡˇ ㄐㄧˊ
掊斗折衡,ㄆㄡˇ ㄉㄡˇ ㄓㄜˊ ㄏㄥˊ
掌不住,ㄓㄤˇ ˙ㄅㄨ ㄓㄨˋ
掌不起,ㄓㄤˇ ˙ㄅㄨ ㄑㄧˇ
掌勺兒的,ㄓㄤˇ ㄕㄠˊ ㄦ ˙ㄉㄜ
掌燈時分,ㄓㄤˇ ㄉㄥ ㄕˊ ㄈㄣˋ
掎角,ㄐㄧˇ ㄐㄩㄝˊ
掎角之勢,ㄐㄧˇ ㄐㄩㄝˊ ㄓ ㄕˋ
掐巴,ㄑㄧㄚ ˙ㄅㄚ
排場,ㄆㄞˊ ˙ㄔㄤ
排奡縱橫,ㄆㄞˊ ㄠˋ ㄗㄨㄥ ㄏㄥˊ
排子車,ㄆㄞˇ ˙ㄗ ㄔㄜ
排山倒峽,ㄆㄞˊ ㄕㄢ ㄉㄠˇ ㄒㄧㄚˊ
排山倒海,ㄆㄞˊ ㄕㄢ ㄉㄠˇ ㄏㄞˇ
排揎,ㄆㄞˊ ˙ㄒㄩㄢ
排比,ㄆㄞˊ ㄅㄧˋ
排灣文化相,ㄆㄞˊ ㄨㄢ ㄨㄣˊ ㄏㄨㄚˋ ㄒㄧㄤˋ
排牆倒,ㄆㄞˊ ㄑㄧㄤˊ ㄉㄠˇ
排行,ㄆㄞˊ ㄏㄤˊ
排行榜,ㄆㄞˊ ㄏㄤˊ ㄅㄤˇ
排迮,ㄆㄞˊ ㄗㄨㄛˋ
排鋪,ㄆㄞˊ ㄆㄨ
排難解憂,ㄆㄞˊ ㄋㄢˋ ㄐㄧㄝˇ ㄧㄡ
排難解紛,ㄆㄞˊ ㄋㄢˋ ㄐㄧㄝˇ ㄈㄣ
排頭兒,ㄆㄞˊ ㄊㄡˊ ㄦ
掖垣,ㄧㄝˋ ㄩㄢˊ
掖庭,ㄧㄝˋ ㄊㄧㄥˊ
掖省,ㄧㄝˋ ㄕㄥˇ
掖縣,ㄧㄝˋ ㄒㄧㄢˋ
掖門,ㄧㄝˋ ㄇㄣˊ
掗把,ㄧㄚˋ ˙ㄅㄚ
掘強,ㄐㄩㄝˊ ㄐㄧㄤˋ
掙䦟,ㄓㄥˋ ㄔㄨㄞˋ
掙命,ㄓㄥˋ ㄇㄧㄥˋ
掙扎,ㄓㄥ ㄓㄚˊ
掙挫,ㄓㄥˋ ㄘㄨㄛˋ
掙揣,ㄓㄥˋ ㄔㄨㄞˇ
掙臉,ㄓㄥˋ ㄌㄧㄢˇ
掙錢,ㄓㄥˋ ㄑㄧㄢˊ
掛味兒,ㄍㄨㄚˋ ㄨㄟˋ ㄦ
掛累,ㄍㄨㄚˋ ㄌㄟˇ
掛絡兒,ㄍㄨㄚˋ ㄌㄠˋ ㄦ
掛落兒,ㄍㄨㄚˋ ㄌㄨㄛˋ ㄦ
掛鏡兒,ㄍㄨㄚˋ ㄐㄧㄥˋ ㄦ
採石場,ㄘㄞˇ ㄕˊ ㄔㄤˊ
採蓮曲,ㄘㄞˇ ㄌㄧㄢˊ ㄑㄩˇ
探個究竟,ㄊㄢˋ ˙ㄍㄜ ㄐㄧㄡˋ ㄐㄧㄥˋ
探喪,ㄊㄢˋ ㄙㄤ
探消息,ㄊㄢˋ ㄒㄧㄠ ˙ㄒㄧ
探湯,ㄊㄢ ㄊㄤ
探爪兒,ㄊㄢˋ ㄓㄨㄚˇ ㄦ
探異玩奇,ㄊㄢˋ ㄧˋ ㄨㄢˋ ㄑㄧˊ
探親家,ㄊㄢˋ ㄑㄧㄥˋ ˙ㄐㄧㄚ
探頭,ㄊㄢ ㄊㄡˊ
探頭探腦,ㄊㄢ ㄊㄡˊ ㄊㄢ ㄋㄠˇ
探頭縮腦,ㄊㄢ ㄊㄡˊ ㄙㄨㄛ ㄋㄠˇ
探頭舒腦,ㄊㄢ ㄊㄡˊ ㄕㄨ ㄋㄠˇ
探騎,ㄊㄢˋ ㄐㄧˋ
探驪得珠,ㄊㄢˋ ㄌㄧˊ ㄉㄜˊ ㄓㄨ
掣曳,ㄔㄜˋ ㄧˋ
掣襟肘見,ㄔㄜˋ ㄐㄧㄣ ㄓㄡˇ ㄒㄧㄢˋ
接應,ㄐㄧㄝ ㄧㄥˋ
接應不暇,ㄐㄧㄝ ㄧㄥˋ ㄅㄨˋ ㄒㄧㄚˊ
接洽,ㄐㄧㄝ ㄒㄧㄚˊ
接碴兒,ㄐㄧㄝ ㄔㄚˊ ㄦ
接種,ㄐㄧㄝ ㄓㄨㄥˋ
接聲兒,ㄐㄧㄝ ㄕㄥ ㄦ
接踵比肩,ㄐㄧㄝ ㄓㄨㄥˇ ㄅㄧˋ ㄐㄧㄢ
接關係,ㄐㄧㄝ ㄍㄨㄢ ˙ㄒㄧ
接頭兒,ㄐㄧㄝ ㄊㄡˊ ㄦ
接骨眼兒,ㄐㄧㄝ ˙ㄍㄨ ㄧㄢˇ ㄦ
推乾淨兒,ㄊㄨㄟ ㄍㄢ ㄐㄧㄥˋ ㄦ
推倒,ㄊㄨㄟ ㄉㄠˇ
推倒了油瓶不扶,ㄊㄨㄟ ㄉㄠˇ ˙ㄌㄜ ㄧㄡˊ ㄆㄧㄥˊ ㄅㄨˋ ㄈㄨˊ
推度,ㄊㄨㄟ ㄉㄨㄛˋ
推磨,ㄊㄨㄟ ㄇㄛˋ
推調,ㄊㄨㄟ ㄊㄧㄠˊ
推諉塞責,ㄊㄨㄟ ㄨㄟˇ ㄙㄜˋ ㄗㄜˊ
推賢樂善,ㄊㄨㄟ ㄒㄧㄢˊ ㄧㄠˋ ㄕㄢˋ
掩卷,ㄧㄢˇ ㄐㄩㄢˋ
掩埋場,ㄧㄢˇ ㄇㄞˊ ㄔㄤˊ
掩沒,ㄧㄢˇ ㄇㄛˋ
措支剌,ㄘㄨㄛˋ ㄓ ㄌㄚˋ
掯勒,ㄎㄣˋ ㄌㄜˋ
掰交情,ㄅㄞ ㄐㄧㄠ ˙ㄑㄧㄥ
掰文兒,ㄅㄞ ㄨㄣˊ ㄦ
揀佛燒香,ㄐㄧㄢˇ ㄈㄛˊ ㄕㄠ ㄒㄧㄤ
揀便宜,ㄐㄧㄢˇ ㄆㄧㄢˊ ㄧˊ
揀高枝兒飛,ㄐㄧㄢˇ ㄍㄠ ㄓ ㄦ ㄈㄟ
揄狄,ㄧㄠˊ ㄉㄧˊ
揆度,ㄎㄨㄟˊ ㄉㄨㄛˋ
揆情度理,ㄎㄨㄟˊ ㄑㄧㄥˊ ㄉㄨㄛˋ ㄌㄧˇ
揉揉,ㄖㄡˊ ˙ㄖㄡ
揉著癢處,ㄖㄡˊ ㄓㄠˊ ㄧㄤˇ ㄔㄨˋ
揎拳捋袖,ㄒㄩㄢ ㄑㄩㄢˊ ㄌㄨㄛ ㄒㄧㄡˋ
揎拳擄袖,ㄒㄩㄢ ㄑㄩㄢˊ ㄌㄨㄛˇ ㄒㄧㄡˋ
描摸,ㄇㄧㄠˊ ㄇㄛˊ
描樣兒,ㄇㄧㄠˊ ㄧㄤˋ ㄦ
提傀儡上戲場,ㄊㄧˊ ㄎㄨㄟˇ ㄌㄟˇ ㄕㄤˋ ㄒㄧˋ ㄔㄤˊ
提子,ㄊㄧˊ ㄗˇ
提掖,ㄊㄧˊ ㄧㄝˋ
提撕,ㄊㄧˊ ㄒㄧ
提攜,ㄊㄧˊ ㄒㄧ
提根兒,ㄊㄧˊ ㄍㄣ ㄦ
提溜,ㄉㄧ ˙ㄌㄧㄡ
提溜著心,ㄉㄧ ˙ㄌㄧㄡ ˙ㄓㄜ ㄒㄧㄣ
提省,ㄊㄧˊ ㄒㄧㄥˇ
提舍尼,ㄊㄧˊ ㄕㄜˋ ㄋㄧˊ
提著影戲人子上場,ㄊㄧˊ ˙ㄓㄜ ㄧㄥˇ ㄒㄧˋ ㄖㄣˊ ˙ㄗ ㄕㄤˋ ㄔㄤˊ
提行,ㄊㄧˊ ㄏㄤˊ
提補,ㄊㄧˊ ˙ㄅㄨ
提鈴喝號,ㄊㄧˊ ㄌㄧㄥˊ ㄏㄜˋ ㄏㄠˋ
插扛子,ㄔㄚ ㄍㄤˋ ˙ㄗ
插曲,ㄔㄚ ㄑㄩˇ
插火坑,ㄔㄚ ㄏㄨㄛˇ ㄎㄤˋ
插科使砌,ㄔㄚ ㄎㄜ ㄕˇ ㄑㄧㄝˋ
插關兒,ㄔㄚ ㄍㄨㄢ ㄦ
揖揖,ㄐㄧˊ ㄐㄧˊ
揚場,ㄧㄤˊ ㄔㄤˊ
揚子江,ㄧㄤˊ ㄗˇ ㄐㄧㄤ
揚州彈詞,ㄧㄤˊ ㄓㄡ ㄊㄢˊ ㄘˊ
揚州清曲,ㄧㄤˊ ㄓㄡ ㄑㄧㄥ ㄑㄩˇ
揚帆,ㄧㄤˊ ㄈㄢˊ
揚揚得意,ㄧㄤˊ ㄧㄤˊ ㄉㄜˊ ㄧˋ
揚揚自得,ㄧㄤˊ ㄧㄤˊ ㄗˋ ㄉㄜˊ
揚氣,ㄧㄤˊ ˙ㄑㄧ
揚眉抵掌,ㄧㄤˊ ㄇㄟˊ ㄓˇ ㄓㄤˇ
揚長,ㄧㄤˊ ㄔㄤˊ
揚長而去,ㄧㄤˊ ㄔㄤˊ ㄦˊ ㄑㄩˋ
揚長避短,ㄧㄤˊ ㄔㄤˊ ㄅㄧˋ ㄉㄨㄢˇ
換帖,ㄏㄨㄢˋ ㄊㄧㄝˇ
換帖兄弟,ㄏㄨㄢˋ ㄊㄧㄝˇ ㄒㄩㄥ ㄉㄧˋ
換茬,ㄏㄨㄢˋ ㄔㄚˊ
握雨攜雲,ㄨㄛˋ ㄩˇ ㄒㄧ ㄩㄣˊ
揣度,ㄔㄨㄞˇ ㄉㄨㄛˋ
揣手兒,ㄔㄨㄞˇ ㄕㄡˇ ㄦ
揩乾,ㄎㄞ ㄍㄢ
揪尾巴,ㄐㄧㄡ ㄨㄟˇ ˙ㄅㄚ
揪捽,ㄐㄧㄡ ㄗㄨˊ
揭債還債,ㄐㄧㄝ ㄓㄞˋ ㄏㄨㄢˊ ㄓㄞˋ
揭帖,ㄐㄧㄝ ㄊㄧㄝˇ
揭蓋兒,ㄐㄧㄝ ㄍㄞˋ ㄦ
搆木為巢,ㄍㄡˋ ㄇㄨˋ ㄨㄟˊ ㄔㄠˊ
搊彈詞,ㄔㄡ ㄊㄢˊ ㄘˊ
搊撮,ㄔㄡ ㄘㄨㄛˋ
搋手兒,ㄔㄨㄞ ㄕㄡˇ ㄦ
搌布,ㄓㄢˇ ˙ㄅㄨ
損兵折將,ㄙㄨㄣˇ ㄅㄧㄥ ㄓㄜˊ ㄐㄧㄤˋ
損將折兵,ㄙㄨㄣˇ ㄐㄧㄤˋ ㄓㄜˊ ㄅㄧㄥ
損者三樂,ㄙㄨㄣˇ ㄓㄜˇ ㄙㄢ ㄧㄠˋ
損軍折將,ㄙㄨㄣˇ ㄐㄩㄣ ㄓㄜˊ ㄐㄧㄤˋ
損陰騭,ㄙㄨㄣˇ ㄧㄣ ˙ㄓ
搐風,ㄔㄡ ㄈㄥ
搓圓仔,ㄘㄨㄛ ㄩㄢˊ ㄗˇ
搓圓仔湯,ㄘㄨㄛ ㄩㄢˊ ㄗˇ ㄊㄤ
搓弄,ㄘㄨㄛ ˙ㄋㄨㄥ
搓熟的湯團,ㄘㄨㄛ ㄕㄡˊ ˙ㄉㄜ ㄊㄤ ㄊㄨㄢˊ
搓麻將,ㄘㄨㄛ ㄇㄚˊ ㄐㄧㄤˋ
搔著癢處,ㄙㄠ ㄓㄠˊ ㄧㄤˇ ㄔㄨˋ
搖兒晃兒的,ㄧㄠˊ ㄦ ㄏㄨㄤˋ ㄦ ˙ㄉㄜ
搖囝仔歌,ㄧㄠˊ ㄐㄧㄢˇ ㄗˇ ㄍㄜ
搖搖晃晃,ㄧㄠˊ ㄧㄠˊ ㄏㄨㄤˋ ㄏㄨㄤˋ
搖撼,ㄧㄠˊ ˙ㄏㄢ
搖擺樂,ㄧㄠˊ ㄅㄞˇ ㄩㄝˋ
搖晃,ㄧㄠˊ ˙ㄏㄨㄤ
搖曳,ㄧㄠˊ ㄧˋ
搖曳生姿,ㄧㄠˊ ㄧˋ ㄕㄥ ㄗ
搖滾樂,ㄧㄠˊ ㄍㄨㄣˇ ㄩㄝˋ
搖籃曲,ㄧㄠˊ ㄌㄢˊ ㄑㄩˇ
搖鈴兒的,ㄧㄠˊ ㄌㄧㄥˊ ㄦ ˙ㄉㄜ
搖頭晃腦,ㄧㄠˊ ㄊㄡˊ ㄏㄨㄤˋ ㄋㄠˇ
搗倒小廝,ㄉㄠˇ ㄉㄠˇ ㄒㄧㄠˇ ㄙ
搗虛批吭,ㄉㄠˇ ㄒㄩ ㄆㄧ ㄏㄤˊ
搗麻煩,ㄉㄠˇ ㄇㄚˊ ˙ㄈㄢ
搜章擿句,ㄙㄡ ㄓㄤ ㄊㄧˋ ㄐㄩˋ
搞不好,ㄍㄠˇ ˙ㄅㄨ ㄏㄠˇ
搞不懂,ㄍㄠˇ ˙ㄅㄨ ㄉㄨㄥˇ
搞頭,ㄍㄠˇ ˙ㄊㄡ
搠包兒,ㄕㄨㄛˋ ㄅㄠ ㄦ
搪塞,ㄊㄤˊ ㄙㄜˋ
搪差使,ㄊㄤˊ ㄔㄞ ˙ㄕ
搬挑,ㄅㄢ ㄊㄧㄠˇ
搬石頭砸自己的腳,ㄅㄢ ㄕˊ ˙ㄊㄡ ㄗㄚˊ ㄗˋ ㄐㄧˇ ˙ㄉㄜ ㄐㄧㄠˇ
搬脣弄舌,ㄅㄢ ㄔㄨㄣˊ ㄌㄨㄥˋ ㄕㄜˊ
搬調,ㄅㄢ ㄊㄧㄠˊ
搭乾鋪,ㄉㄚ ㄍㄢ ㄆㄨˋ
搭分兒,ㄉㄚ ㄈㄣˋ ㄦ
搭剌,ㄉㄚ ㄌㄚˋ
搭剌子,ㄉㄚ ㄌㄚˋ ˙ㄗ
搭圾,ㄉㄚ ㄙㄜˋ
搭岔兒,ㄉㄚ ㄔㄚˋ ㄦ
搭拉,ㄉㄚ ˙ㄌㄚ
搭碴兒,ㄉㄚ ㄔㄚˊ ㄦ
搭腳兒,ㄉㄚ ㄐㄧㄠˇ ㄦ
搭鋪,ㄉㄚ ㄆㄨ
搴旗取將,ㄑㄧㄢ ㄑㄧˊ ㄑㄩˇ ㄐㄧㄤˋ
搶呼,ㄑㄧㄤ ㄏㄨ
搶地,ㄑㄧㄤ ㄉㄧˋ
搶地呼天,ㄑㄧㄤ ㄉㄧˋ ㄏㄨ ㄊㄧㄢ
搶棺材奔命,ㄑㄧㄤˇ ㄍㄨㄢ ㄘㄞˊ ㄅㄣˋ ㄇㄧㄥˋ
搶盡鋒頭,ㄑㄧㄤˇ ㄐㄧㄣˋ ㄈㄥ ˙ㄊㄡ
搶種,ㄑㄧㄤˇ ㄓㄨㄥˋ
搶籬,ㄑㄧㄤ ㄌㄧˊ
搶風,ㄑㄧㄤ ㄈㄥ
搶風頭,ㄑㄧㄤˇ ㄈㄥ ˙ㄊㄡ
搽匙,ㄔㄚˊ ㄔˊ
搽穰捲兒,ㄔㄚˊ ㄖㄤˇ ㄐㄩㄢˇ ㄦ
搿著口兒,ㄍㄜˊ ˙ㄓㄜ ㄎㄡˇ ㄦ
摁扣兒,ㄣˋ ㄎㄡˋ ㄦ
摔倒,ㄕㄨㄞ ㄉㄠˇ
摔喪,ㄕㄨㄞ ㄙㄤ
摔打,ㄕㄨㄞ ˙ㄉㄚ
摔跟頭,ㄕㄨㄞ ㄍㄣ ˙ㄊㄡ
摘伏發隱,ㄊㄧˋ ㄈㄨˊ ㄈㄚ ㄧㄣˇ
摘山煮海,ㄊㄧˋ ㄕㄢ ㄓㄨˇ ㄏㄞˇ
摟包兒,ㄌㄡ ㄅㄠ ㄦ
摟包兒匠,ㄌㄡ ㄅㄠ ㄦ ㄐㄧㄤˋ
摟搜,ㄌㄡ ㄙㄡ
摟攬,ㄌㄡ ㄌㄢˇ
摟溝子,ㄌㄡ ㄍㄡ ˙ㄗ
摟衣裳,ㄌㄡ ㄧ ˙ㄕㄤ
摟財,ㄌㄡ ㄘㄞˊ
摟貨,ㄌㄡ ㄏㄨㄛˋ
摟錢,ㄌㄡ ㄑㄧㄢˊ
摟頭,ㄌㄡ ㄊㄡˊ
摧剛為柔,ㄘㄨㄟ ㄍㄤ ㄨㄟˊ ㄖㄡˊ
摩姑,ㄇㄛˊ ˙ㄍㄨ
摩崖石刻,ㄇㄛˊ ㄧㄞˊ ㄕˊ ㄎㄜ
摩訶迦葉,ㄇㄛˊ ㄏㄜ ㄐㄧㄚ ㄕㄜˋ
摩頂放踵,ㄇㄛˊ ㄉㄧㄥˇ ㄈㄤˇ ㄓㄨㄥˇ
摭溜子,ㄓˊ ㄌㄧㄡˋ ˙ㄗ
摳字眼兒,ㄎㄡ ㄗˋ ㄧㄢˇ ㄦ
摳扒,ㄎㄡ ㄆㄚˊ
摳搜,ㄎㄡ ˙ㄙㄡ
摳摟,ㄎㄡ ˙ㄌㄡ
摳門兒,ㄎㄡ ㄇㄣˊ ㄦ
摸不著,ㄇㄛ ㄅㄨˋ ㄓㄠˊ
摸不著門兒,ㄇㄛ ˙ㄅㄨ ㄓㄠˊ ㄇㄣˊ ㄦ
摸不著頭腦,ㄇㄛ ㄅㄨˋ ㄓㄠˊ ㄊㄡˊ ㄋㄠˇ
摸不著頭路,ㄇㄛ ㄅㄨˋ ㄓㄠˊ ㄊㄡˊ ㄌㄨˋ
摸手熟,ㄇㄛ ㄕㄡˇ ㄕㄡˊ
摸棱,ㄇㄛˊ ㄌㄥˊ
摸棱兩可,ㄇㄛˊ ㄌㄥˊ ㄌㄧㄤˇ ㄎㄜˇ
摸稜,ㄇㄛˊ ㄌㄥˊ
摸稜兩可,ㄇㄛˊ ㄌㄥˊ ㄌㄧㄤˇ ㄎㄜˇ
摸稜宰相,ㄇㄛˊ ㄌㄥˊ ㄗㄞˇ ㄒㄧㄤˋ
摸索,ㄇㄛ ˙ㄙㄨㄛ
摸著,ㄇㄛ ㄓㄠˊ
摸量,ㄇㄛ ㄌㄧㄤˊ
摸金校尉,ㄇㄛ ㄐㄧㄣ ㄐㄧㄠˋ ㄨㄟˋ
摸門不著,ㄇㄛ ㄇㄣˊ ㄅㄨˋ ㄓㄠˊ
摸門兒,ㄇㄛ ㄇㄣˊ ㄦ
摸頭不著,ㄇㄛ ㄊㄡˊ ㄅㄨˋ ㄓㄠˊ
摸頭路不著,ㄇㄛ ㄊㄡˊ ㄌㄨˋ ㄅㄨˋ ㄓㄠˊ
摸骨相,ㄇㄛ ㄍㄨˇ ㄒㄧㄤˋ
摹刻,ㄇㄛˊ ㄎㄜ
摹帖,ㄇㄛˊ ㄊㄧㄝˋ
摻假,ㄔㄢ ㄐㄧㄚˇ
摻分子,ㄔㄢ ㄈㄣˋ ˙ㄗ
摻合,ㄔㄢ ㄏㄜˊ
摻和,ㄔㄢ ㄏㄨㄛˋ
摻摻,ㄕㄢ ㄕㄢ
摻袂,ㄕㄢˇ ㄇㄟˋ
摻雜,ㄔㄢ ㄗㄚˊ
摽有梅,ㄆㄧㄠˇ ㄧㄡˇ ㄇㄟˊ
摽梅,ㄆㄧㄠˇ ㄇㄟˊ
摽梅之年,ㄆㄧㄠˇ ㄇㄟˊ ㄓ ㄋㄧㄢˊ
摽落,ㄆㄧㄠˇ ㄌㄨㄛˋ
摽說,ㄆㄧㄠˇ ㄕㄨㄛ
撂下,ㄌㄧㄠˋ ˙ㄒㄧㄚ
撂倒,ㄌㄧㄠˋ ㄉㄠˇ
撇嘴,ㄆㄧㄝˇ ㄗㄨㄟˇ
撇地,ㄆㄧㄝ ˙ㄉㄜ
撇嵌,ㄆㄧㄝ ㄑㄧㄢ
撇杖兒,ㄆㄧㄝ ㄓㄤˋ ㄦ
撇油兒,ㄆㄧㄝ ㄧㄡˊ ㄦ
撇蘭,ㄆㄧㄝˇ ㄌㄢˊ
撇齒拉嘴,ㄆㄧㄝˇ ˙ㄔ ㄌㄚ ㄗㄨㄟˇ
撈什子,ㄌㄠˊ ㄕˊ ˙ㄗ
撈兒,ㄌㄠ ㄦ
撈油水,ㄌㄠ ㄧㄡˊ ˙ㄕㄨㄟ
撈起嘴巴,ㄌㄠ ㄑㄧˇ ㄗㄨㄟˇ ˙ㄅㄚ
撐場面,ㄔㄥ ㄔㄤˊ ㄇㄧㄢˋ
撐的慌,ㄔㄥ ˙ㄉㄜ ˙ㄏㄨㄤ
撐硬船兒,ㄔㄥ ㄧㄥˋ ㄔㄨㄢˊ ㄦ
撒和,ㄙㄚˇ ˙ㄏㄜ
撒帳,ㄙㄚˇ ㄓㄤˋ
撒扇,ㄙㄚˇ ㄕㄢˋ
撒播,ㄙㄚˇ ㄅㄛˋ
撒播機,ㄙㄚˇ ㄅㄛˋ ㄐㄧ
撒施,ㄙㄚˇ ㄕ
撒泡尿自己照照,ㄙㄚ ㄆㄠ ㄋㄧㄠˋ ㄗˋ ㄐㄧˇ ㄓㄠˋ ˙ㄓㄠ
撒溺,ㄙㄚ ㄋㄧㄠˋ
撒漫,ㄙㄚˇ ㄇㄢˋ
撒然,ㄙㄚˇ ㄖㄢˊ
撒種,ㄙㄚˇ ㄓㄨㄥˇ
撒紙錢,ㄙㄚˇ ㄓˇ ㄑㄧㄢˊ
撒花,ㄙㄚˇ ㄏㄨㄚ
撒落,ㄙㄚˇ ㄌㄨㄛˋ
撒謎語,ㄙㄚˇ ㄇㄧˊ ㄩˇ
撒豆成兵,ㄙㄚˇ ㄉㄡˋ ㄔㄥˊ ㄅㄧㄥ
撒鏝,ㄙㄚˇ ㄇㄢˋ
撒鞋,ㄙㄚˇ ㄒㄧㄝˊ
撓北,ㄋㄠˊ ㄅㄛˋ
撓癢癢,ㄋㄠˊ ㄧㄤˇ ˙ㄧㄤ
撓直為曲,ㄋㄠˊ ㄓˊ ㄨㄟˊ ㄑㄩ
撙省,ㄗㄨㄣˇ ˙ㄕㄥ
撚分子,ㄋㄧㄢˇ ㄈㄣˋ ˙ㄗ
撚靶兒,ㄋㄧㄢˇ ㄅㄚˇ ㄦ
撞喪,ㄓㄨㄤˋ ㄙㄤ
撞碼頭,ㄓㄨㄤˋ ㄇㄚˇ ˙ㄊㄡ
撟捷,ㄐㄧㄠˋ ㄐㄧㄝˊ
撟掇,ㄐㄧㄠˋ ㄉㄨㄛˊ
撟舌,ㄐㄧㄠˋ ㄕㄜˊ
撣人,ㄕㄢˋ ㄖㄣˊ
撣族,ㄕㄢˋ ㄗㄨˊ
撤差,ㄔㄜˋ ㄔㄞ
撥亂興治,ㄅㄛ ㄌㄨㄢˋ ㄒㄧㄥ ㄓˋ
撥剌,ㄅㄛ ㄌㄚˋ
撥弗倒,ㄅㄛ ㄈㄨˊ ㄉㄠˇ
撥弦樂器,ㄅㄛ ㄒㄧㄢˊ ㄩㄝˋ ㄑㄧˋ
撥撩,ㄅㄛ ㄌㄧㄠˊ
撥火兒,ㄅㄛ ㄏㄨㄛˇ ㄦ
撥瞪兒,ㄅㄛ ㄉㄥˋ ㄦ
撥著癢處,ㄅㄛ ㄓㄠˊ ㄧㄤˇ ㄔㄨˋ
撥雨撩雲,ㄅㄛ ㄩˇ ㄌㄧㄠˊ ㄩㄣˊ
撥雲撩雨,ㄅㄛ ㄩㄣˊ ㄌㄧㄠˊ ㄩˇ
撥魚兒,ㄅㄛ ㄩˊ ㄦ
撧過來,ㄐㄩㄝ ㄍㄨㄛˋ ˙ㄌㄞ
撩丁,ㄌㄧㄠˊ ㄉㄧㄥ
撩亂,ㄌㄧㄠˊ ㄌㄨㄢˋ
撩人,ㄌㄧㄠˊ ㄖㄣˊ
撩兒敲兒,ㄌㄧㄠˊ ㄦ ㄑㄧㄠ ㄦ
撩動,ㄌㄧㄠˊ ㄉㄨㄥˋ
撩弄,ㄌㄧㄠˊ ㄋㄨㄥˋ
撩撥,ㄌㄧㄠˊ ㄅㄛ
撩東劄西,ㄌㄧㄠˊ ㄉㄨㄥ ㄓㄚˊ ㄒㄧ
撩東撾西,ㄌㄧㄠˊ ㄉㄨㄥ ㄓㄨㄚ ㄒㄧ
撩水飯,ㄌㄧㄠˊ ㄕㄨㄟˇ ㄈㄢˋ
撩淺,ㄌㄧㄠˊ ㄑㄧㄢˇ
撩虎鬚,ㄌㄧㄠˊ ㄏㄨˇ ㄒㄩ
撩蜂吃螫,ㄌㄧㄠˊ ㄈㄥ ㄔ ㄓㄜ
撩蜂撥刺,ㄌㄧㄠˊ ㄈㄥ ㄅㄛ ㄘˋ
撩蹶子,ㄌㄧㄠˊ ㄐㄩㄝˊ ˙ㄗ
撩逗,ㄌㄧㄠˊ ㄉㄡˋ
撩邊兒,ㄌㄧㄠ ㄅㄧㄢ ㄦ
撩鍋,ㄌㄧㄠˊ ㄍㄨㄛ
撩雲撥雨,ㄌㄧㄠˊ ㄩㄣˊ ㄅㄛ ㄩˇ
撩鬥,ㄌㄧㄠˊ ㄉㄡˋ
撬槓,ㄑㄧㄠˋ ㄍㄤˋ
撬門,ㄑㄧㄠˋ ㄇㄣˊ
撬開,ㄑㄧㄠˋ ㄎㄞ
播糠眯目,ㄅㄛˋ ㄎㄤ ㄇㄧˇ ㄇㄨˋ
撰著,ㄓㄨㄢˋ ㄓㄨˋ
撲個滿懷,ㄆㄨ ˙ㄍㄜ ㄇㄢˇ ㄏㄨㄞˊ
撲個空,ㄆㄨ ˙ㄍㄜ ㄎㄨㄥ
撲倒,ㄆㄨ ㄉㄠˇ
撲克,ㄆㄨ ˙ㄎㄜ
撲克牌,ㄆㄨ ˙ㄎㄜ ㄆㄞˊ
撲克臉,ㄆㄨ ˙ㄎㄜ ㄌㄧㄢˇ
撲兒,ㄆㄨ ㄦ
撲剌剌,ㄆㄨ ㄌㄚˋ ㄌㄚˋ
撲搭地,ㄆㄨ ㄉㄚ ˙ㄉㄜ
撲撒,ㄆㄨ ㄙㄚˇ
撲虎兒,ㄆㄨ ㄏㄨˇ ㄦ
撲騰,ㄆㄨ ˙ㄊㄥ
撳倒,ㄑㄧㄣˋ ㄉㄠˇ
撾子兒,ㄓㄨㄚ ㄗˇ ㄦ
撿便宜,ㄐㄧㄢˇ ㄆㄧㄢˊ ㄧˊ
撿場,ㄐㄧㄢˇ ㄔㄤˊ
擁塞,ㄩㄥˇ ㄙㄜˋ
擂天倒地,ㄌㄟˊ ㄊㄧㄢ ㄉㄠˇ ㄉㄧˋ
擂家,ㄌㄟˋ ㄐㄧㄚ
擂臺,ㄌㄟˋ ㄊㄞˊ
擂臺賽,ㄌㄟˋ ㄊㄞˊ ㄙㄞˋ
擂鼓交響曲,ㄌㄟˊ ㄍㄨˇ ㄐㄧㄠ ㄒㄧㄤˇ ㄑㄩˇ
擄人勒贖,ㄌㄨˇ ㄖㄣˊ ㄌㄜˋ ㄕㄨˊ
擄人勒贖罪,ㄌㄨˇ ㄖㄣˊ ㄌㄜˋ ㄕㄨˊ ㄗㄨㄟˋ
擅場,ㄕㄢˋ ㄔㄤˊ
擅長,ㄕㄢˋ ㄔㄤˊ
擇不開,ㄓㄞˊ ˙ㄅㄨ ㄎㄞ
擇刺,ㄓㄞˊ ㄘˋ
擇席,ㄓㄞˊ ㄒㄧˊ
擇日子,ㄓㄞˊ ㄖˋ ˙ㄗ
擇日館,ㄓㄞˊ ㄖˋ ㄍㄨㄢˇ
擇木而處,ㄗㄜˊ ㄇㄨˋ ㄦˊ ㄔㄨˇ
擇菜,ㄓㄞˊ ㄘㄞˋ
擊中,ㄐㄧˊ ㄓㄨㄥˋ
擊倒,ㄐㄧˊ ㄉㄠˇ
擋搶,ㄉㄤˇ ㄑㄧㄤ
擋橫兒,ㄉㄤˇ ㄏㄥˋ ㄦ
擋風玻璃,ㄉㄤˇ ㄈㄥ ㄅㄛ ˙ㄌㄧ
操場,ㄘㄠ ㄔㄤˊ
操奇計贏,ㄘㄠ ㄐㄧ ㄐㄧˋ ㄧㄥˊ
操斧伐柯,ㄘㄠ ㄈㄨˇ ㄈㄚˊ ㄎㄜ
操行,ㄘㄠ ㄒㄧㄥˋ
擎受,ㄑㄧㄥˊ ˙ㄕㄡ
擒奸摘伏,ㄑㄧㄣˊ ㄐㄧㄢ ㄊㄧˋ ㄈㄨˊ
擒姦擿伏,ㄑㄧㄣˊ ㄐㄧㄢ ㄊㄧˋ ㄈㄨˊ
擔仔麵,ㄉㄢˋ ㄗˇ ㄇㄧㄢˋ
擔兒,ㄉㄢˋ ㄦ
擔子,ㄉㄢˋ ˙ㄗ
擔子菌,ㄉㄢˋ ㄗˇ ㄐㄩㄣˋ
擔擔麵,ㄉㄢˋ ㄉㄢˋ ㄇㄧㄢˋ
擔杖,ㄉㄢˋ ㄓㄤˋ
擔石,ㄉㄢˋ ㄉㄢˋ
擔腳,ㄉㄢˋ ㄐㄧㄠˇ
擔荷,ㄉㄢ ㄏㄜˋ
據為己有,ㄐㄩˋ ㄨㄟˊ ㄐㄧˇ ㄧㄡˇ
擠訛頭,ㄐㄧˇ ㄜˊ ˙ㄊㄡ
擢髮難數,ㄓㄨㄛˊ ㄈㄚˇ ㄋㄢˊ ㄕㄨˇ
擦卓兒,ㄘㄚ ㄓㄨㄛ ㄦ
擦弦樂器,ㄘㄚ ㄒㄧㄢˊ ㄩㄝˋ ㄑㄧˋ
擦黑兒,ㄘㄚ ㄏㄟ ㄦ
擯相,ㄅㄧㄣˋ ㄒㄧㄤˋ
擰乾,ㄋㄧㄥˊ ㄍㄢ
擰了,ㄋㄧㄥˇ ˙ㄌㄜ
擰性,ㄋㄧㄥˋ ˙ㄒㄧㄥ
擰種,ㄋㄧㄥˋ ㄓㄨㄥˇ
擰開,ㄋㄧㄥˇ ㄎㄞ
擱心眼兒,ㄍㄜ ㄒㄧㄣ ㄧㄢˇ ㄦ
擲色,ㄓˊ ㄕㄞˇ
擲還,ㄓˊ ㄏㄨㄢˊ
擴張解釋,ㄎㄨㄛˋ ㄔㄨㄥ ㄐㄧㄝˇ ㄕˋ
擺供,ㄅㄞˇ ㄍㄨㄥˋ
擺擂臺,ㄅㄞˇ ㄌㄟˋ ㄊㄞˊ
擺攤兒,ㄅㄞˇ ㄊㄢ ㄦ
擺當,ㄅㄞˇ ㄉㄤˋ
擺行陣,ㄅㄞˇ ㄏㄤˊ ㄓㄣˋ
擺設兒,ㄅㄞˇ ˙ㄕㄜ ㄦ
擺請兒,ㄅㄞˇ ㄑㄧㄥˇ ㄦ
擺譜兒,ㄅㄞˇ ㄆㄨˇ ㄦ
擺雲鑼兒,ㄅㄞˇ ㄩㄣˊ ㄌㄨㄛˊ ㄦ
擺露,ㄅㄞˇ ㄌㄡˋ
擻火,ㄙㄡˋ ㄏㄨㄛˇ
擿伏,ㄊㄧˋ ㄈㄨˊ
擿問,ㄊㄧˋ ㄨㄣˋ
擿埴索塗,ㄊㄧˋ ㄓˊ ㄙㄨㄛˇ ㄊㄨˊ
擿奸發伏,ㄊㄧˋ ㄐㄧㄢ ㄈㄚ ㄈㄨˊ
攀庭檻,ㄆㄢ ㄊㄧㄥˊ ㄐㄧㄢˋ
攀車拒輪,ㄆㄢ ㄐㄩ ㄐㄩˋ ㄌㄨㄣˊ
攀車臥轍,ㄆㄢ ㄐㄩ ㄨㄛˋ ㄔㄜˋ
攀轅臥轍,ㄆㄢ ㄩㄢˊ ㄨㄛˋ ㄔㄜˋ
攔當,ㄌㄢˊ ㄉㄤˇ
攔門牆兒,ㄌㄢˊ ㄇㄣˊ ㄑㄧㄤˊ ㄦ
攘人之美,ㄖㄤˊ ㄖㄣˊ ㄓ ㄇㄟˇ
攘善,ㄖㄤˊ ㄕㄢˋ
攘場,ㄖㄤˊ ㄔㄤˊ
攘外安內,ㄖㄤˊ ㄨㄞˋ ㄢ ㄋㄟˋ
攘夷,ㄖㄤˊ ㄧˊ
攘奪,ㄖㄤˊ ㄉㄨㄛˊ
攘災,ㄖㄤˊ ㄗㄞ
攘盜,ㄖㄤˊ ㄉㄠˋ
攘羊,ㄖㄤˊ ㄧㄤˊ
攘羭,ㄖㄤˊ ㄩˊ
攘臂,ㄖㄤˊ ㄅㄧˋ
攘臂一呼,ㄖㄤˊ ㄅㄧˋ ㄧ ㄏㄨ
攘臂而起,ㄖㄤˊ ㄅㄧˋ ㄦˊ ㄑㄧˇ
攘袂,ㄖㄤˊ ㄇㄟˋ
攘袂切齒,ㄖㄤˊ ㄇㄟˋ ㄑㄧㄝˋ ㄔˇ
攘袂扼腕,ㄖㄤˊ ㄇㄟˋ ㄜˋ ㄨㄢˋ
攘袖,ㄖㄤˊ ㄒㄧㄡˋ
攘除,ㄖㄤˊ ㄔㄨˊ
攙和,ㄔㄢ ㄏㄨㄛˋ
攙空,ㄔㄢ ㄎㄨㄥˋ
攙行奪市,ㄔㄢ ㄏㄤˊ ㄉㄨㄛˊ ㄕˋ
攛掇,ㄘㄨㄢ ˙ㄉㄨㄛ
攛鼓兒,ㄘㄨㄢ ㄍㄨˇ ㄦ
攜家帶眷,ㄒㄧ ㄐㄧㄚ ㄉㄞˋ ㄐㄩㄢˋ
攜帶,ㄒㄧ ㄉㄞˋ
攜帶式衛星通信系統,ㄒㄧ ㄉㄞˋ ㄕˋ ㄨㄟˋ ㄒㄧㄥ ㄊㄨㄥ ㄒㄧㄣˋ ㄒㄧˋ ㄊㄨㄥˇ
攜幼扶老,ㄒㄧ ㄧㄡˋ ㄈㄨˊ ㄌㄠˇ
攜手,ㄒㄧ ㄕㄡˇ
攜手合作,ㄒㄧ ㄕㄡˇ ㄏㄜˊ ㄗㄨㄛˋ
攜手接武,ㄒㄧ ㄕㄡˇ ㄐㄧㄝ ㄨˇ
攜扶,ㄒㄧ ㄈㄨˊ
攜持,ㄒㄧ ㄔˊ
攜挾帶,ㄒㄧ ㄐㄧㄚˊ ㄉㄞˋ
攜男抱女,ㄒㄧ ㄋㄢˊ ㄅㄠˋ ㄋㄩˇ
攜男挈女,ㄒㄧ ㄋㄢˊ ㄑㄧㄝˋ ㄋㄩˇ
攜眷,ㄒㄧ ㄐㄩㄢˋ
攜老扶幼,ㄒㄧ ㄌㄠˇ ㄈㄨˊ ㄧㄡˋ
攜老扶弱,ㄒㄧ ㄌㄠˇ ㄈㄨˊ ㄖㄨㄛˋ
攜老挈幼,ㄒㄧ ㄌㄠˇ ㄑㄧㄝˋ ㄧㄡˋ
攜貳,ㄒㄧ ㄦˋ
攜離,ㄒㄧ ㄌㄧˊ
攜雲挈雨,ㄒㄧ ㄩㄣˊ ㄑㄧㄝˋ ㄩˇ
攜雲握雨,ㄒㄧ ㄩㄣˊ ㄨㄛˋ ㄩˇ
攝大乘論,ㄕㄜˋ ㄉㄚˋ ㄕㄥˋ ㄌㄨㄣˋ
攢三聚五,ㄘㄨㄢˊ ㄙㄢ ㄐㄩˋ ㄨˇ
攢典,ㄘㄨㄢˊ ㄉㄧㄢˇ
攢宮,ㄘㄨㄢˊ ㄍㄨㄥ
攢射,ㄘㄨㄢˊ ㄕㄜˋ
攢底,ㄘㄨㄢˊ ㄉㄧˇ
攢拌兒,ㄘㄨㄢˊ ㄅㄢˋ ㄦ
攢毆,ㄘㄨㄢˊ ㄡ
攢湊,ㄘㄨㄢˊ ㄘㄡˋ
攢湯,ㄘㄨㄢˊ ㄊㄤ
攢盒,ㄘㄨㄢˊ ㄏㄜˊ
攢盤,ㄘㄨㄢˊ ㄆㄢˊ
攢眉,ㄘㄨㄢˊ ㄇㄟˊ
攢眉苦臉,ㄘㄨㄢˊ ㄇㄟˊ ㄎㄨˇ ㄌㄧㄢˇ
攢眉蹙鼻,ㄘㄨㄢˊ ㄇㄟˊ ㄘㄨˋ ㄅㄧˊ
攢矢,ㄘㄨㄢˊ ㄕˇ
攢簇,ㄘㄨㄢˊ ㄘㄨˋ
攢聚,ㄘㄨㄢˊ ㄐㄩˋ
攢茶,ㄘㄨㄢˊ ㄔㄚˊ
攢蹄,ㄘㄨㄢˊ ㄊㄧˊ
攢蹙,ㄘㄨㄢˊ ㄘㄨˋ
攢露,ㄘㄨㄢˊ ㄌㄡˋ
攢餡兒,ㄘㄨㄢˊ ㄒㄧㄢˋ ㄦ
攤場,ㄊㄢ ㄔㄤˊ
攤還,ㄊㄢ ㄏㄨㄢˊ
攧窨,ㄉㄧㄢ ㄧㄣˋ
攪三攪四,ㄍㄠˇ ㄙㄢ ㄍㄠˇ ㄙˋ
攪來攪去,ㄍㄠˇ ㄌㄞˊ ㄍㄠˇ ㄑㄩˋ
攪和,ㄐㄧㄠˇ ㄏㄨㄛˋ
攪混,ㄐㄧㄠˇ ㄏㄨㄣˇ
攪絲兒,ㄐㄧㄠˇ ㄙ ㄦ
攬活兒,ㄌㄢˇ ㄏㄨㄛˊ ㄦ
支使,ㄓ ˙ㄕ
支吾其詞,ㄓ ˙ㄨ ㄑㄧˊ ㄘˊ
支嘴兒,ㄓ ㄗㄨㄟˇ ㄦ
支子,ㄓ ㄗˇ
支應,ㄓ ㄧㄥˋ
支楞,ㄓ ˙ㄌㄥ
支爐兒,ㄓ ㄌㄨˊ ㄦ
支空頭,ㄓ ㄎㄨㄥˋ ㄊㄡˊ
收場,ㄕㄡ ㄔㄤˊ
收撮,ㄕㄡ ㄘㄨㄛˋ
收煞,ㄕㄡ ㄕㄚˋ
收軍點將,ㄕㄡ ㄐㄩㄣ ㄉㄧㄢˇ ㄐㄧㄤˋ
攸斁,ㄧㄡ ㄉㄨˋ
改姓更名,ㄍㄞˇ ㄒㄧㄥˋ ㄍㄥ ㄇㄧㄥˊ
改弦易轍,ㄍㄞˇ ㄒㄧㄢˊ ㄧˋ ㄔㄜˋ
改弦更張,ㄍㄞˇ ㄒㄧㄢˊ ㄍㄥ ㄓㄤ
改腔兒,ㄍㄞˇ ㄑㄧㄤ ㄦ
改行,ㄍㄞˇ ㄏㄤˊ
改行遷善,ㄍㄞˇ ㄒㄧㄥˋ ㄑㄧㄢ ㄕㄢˋ
改轅易轍,ㄍㄞˇ ㄩㄢˊ ㄧˋ ㄔㄜˋ
改轍,ㄍㄞˇ ㄔㄜˋ
攻心為上,ㄍㄨㄥ ㄒㄧㄣ ㄨㄟˊ ㄕㄤˋ
放一百二十個心,ㄈㄤˋ ㄧ ㄅㄞˇ ㄦˋ ㄕˊ ˙ㄍㄜ ㄒㄧㄣ
放下屠刀便成佛,ㄈㄤˋ ㄒㄧㄚˋ ㄊㄨˊ ㄉㄠ ㄅㄧㄢˋ ㄔㄥˊ ㄈㄛˊ
放了屁兒卻使手掩,ㄈㄤˋ ˙ㄌㄜ ㄆㄧˋ ㄦ ㄑㄩㄝˋ ㄕˇ ㄕㄡˇ ㄧㄢˇ
放任行為,ㄈㄤˋ ㄖㄣˋ ㄒㄧㄥˊ ㄨㄟˊ
放倒,ㄈㄤˋ ㄉㄠˇ
放倒身,ㄈㄤˋ ㄉㄠˇ ㄕㄣ
放假,ㄈㄤˋ ㄐㄧㄚˋ
放假日,ㄈㄤˋ ㄐㄧㄚˋ ㄖˋ
放勛,ㄈㄤˇ ㄒㄩㄣ
放富差貧,ㄈㄤˋ ㄈㄨˋ ㄔㄞ ㄆㄧㄣˊ
放小菜兒,ㄈㄤˋ ㄒㄧㄠˇ ㄘㄞˋ ㄦ
放屁崩坑兒,ㄈㄤˋ ㄆㄧˋ ㄅㄥ ㄎㄥ ㄦ
放屏,ㄈㄤˋ ㄅㄧㄥˇ
放慢線兒,ㄈㄤˋ ㄇㄢˋ ㄒㄧㄢˋ ㄦ
放懞掙,ㄈㄤˋ ㄇㄥˊ ㄓㄥˋ
放桄兒,ㄈㄤˋ ㄍㄨㄤˋ ㄦ
放溜,ㄈㄤˋ ㄌㄧㄡˋ
放焰口,ㄈㄤˋ ㄧㄢˋ ˙ㄎㄡ
放熱反應,ㄈㄤˋ ㄖㄜˋ ㄈㄢˇ ㄧㄥˋ
放禿尾巴鷹,ㄈㄤˋ ㄊㄨ ㄨㄟˇ ˙ㄅㄚ ㄧㄥ
放花兒,ㄈㄤˋ ㄏㄨㄚ ㄦ
放解,ㄈㄤˋ ㄐㄧㄝˋ
放長線釣大魚,ㄈㄤˋ ㄔㄤˊ ㄒㄧㄢˋ ㄉㄧㄠˋ ㄉㄚˋ ㄩˊ
政治避難,ㄓㄥˋ ㄓˋ ㄅㄧˋ ㄋㄢˋ
敁敪,ㄉㄧㄢ ˙ㄉㄨㄛ
故事書,ㄍㄨˋ ˙ㄕ ㄕㄨ
故事片,ㄍㄨˋ ˙ㄕ ㄆㄧㄢˋ
故事詩,ㄍㄨˋ ˙ㄕ ㄕ
故伎重演,ㄍㄨˋ ㄐㄧˋ ㄔㄨㄥˊ ㄧㄢˇ
故家子,ㄍㄨˋ ㄐㄧㄚ ㄗˇ
故家子弟,ㄍㄨˋ ㄐㄧㄚ ㄗˇ ㄉㄧˋ
故技重施,ㄍㄨˋ ㄐㄧˋ ㄔㄨㄥˊ ㄕ
故故由兒,ㄍㄨˋ ˙ㄍㄨ ㄧㄡˊ ㄦ
故舍,ㄍㄨˋ ㄕㄜˋ
故轍,ㄍㄨˋ ㄔㄜˋ
故都,ㄍㄨˋ ㄉㄨ
效應,ㄒㄧㄠˋ ㄧㄥˋ
敏給,ㄇㄧㄣˇ ㄐㄧˇ
救應,ㄐㄧㄡˋ ㄧㄥˋ
救苦救難,ㄐㄧㄡˋ ㄎㄨˇ ㄐㄧㄡˋ ㄋㄢˋ
救過補闕,ㄐㄧㄡˋ ㄍㄨㄛˋ ㄅㄨˇ ㄑㄩㄝ
救難,ㄐㄧㄡˋ ㄋㄢˋ
救難船,ㄐㄧㄡˋ ㄋㄢˋ ㄔㄨㄢˊ
敕勒,ㄔˋ ㄌㄜˋ
敕勒歌,ㄔˋ ㄌㄜˋ ㄍㄜ
敕賜,ㄔˋ ㄙˋ
敖不可長,ㄠˋ ㄅㄨˋ ㄎㄜˇ ㄓㄤˇ
敖得薩,ㄠˋ ㄉㄜˊ ㄙㄚˋ
敗兵折將,ㄅㄞˋ ㄅㄧㄥ ㄓㄜˊ ㄐㄧㄤˋ
敗子,ㄅㄞˋ ㄗˇ
敗子回頭,ㄅㄞˋ ㄗˇ ㄏㄨㄟˊ ㄊㄡˊ
敗子回頭金不換,ㄅㄞˋ ㄗˇ ㄏㄨㄟˊ ㄊㄡˊ ㄐㄧㄣ ㄅㄨˋ ㄏㄨㄢˋ
敗家子,ㄅㄞˋ ㄐㄧㄚ ㄗˇ
敗將殘兵,ㄅㄞˋ ㄐㄧㄤˋ ㄘㄢˊ ㄅㄧㄥ
敗棋有勝著,ㄅㄞˋ ㄑㄧˊ ㄧㄡˇ ㄕㄥˋ ㄓㄨㄛˊ
敗行,ㄅㄞˋ ㄒㄧㄥˋ
敗軍之將,ㄅㄞˋ ㄐㄩㄣ ㄓ ㄐㄧㄤˋ
敗軍折將,ㄅㄞˋ ㄐㄩㄣ ㄓㄜˊ ㄐㄧㄤˋ
敘事曲,ㄒㄩˋ ㄕˋ ㄑㄩˇ
敘傳,ㄒㄩˋ ㄓㄨㄢˋ
教一識百,ㄐㄧㄠ ㄧ ㄕˋ ㄅㄞˇ
教場,ㄐㄧㄠˋ ㄔㄤˊ
教子有方,ㄐㄧㄠˋ ㄗˇ ㄧㄡˇ ㄈㄤ
教書,ㄐㄧㄠ ㄕㄨ
教書匠,ㄐㄧㄠ ㄕㄨ ㄐㄧㄤˋ
教訓,ㄐㄧㄠˋ ˙ㄒㄩㄣ
敞亮,ㄔㄤˇ ˙ㄌㄧㄤ
敞口兒,ㄔㄤˇ ㄎㄡˇ ㄦ
敞快,ㄔㄤˇ ˙ㄎㄨㄞ
敞笑兒,ㄔㄤˇ ㄒㄧㄠˋ ㄦ
敞開兒,ㄔㄤˇ ㄎㄞ ㄦ
敢作敢為,ㄍㄢˇ ㄗㄨㄛˋ ㄍㄢˇ ㄨㄟˊ
敢情,ㄍㄢˇ ˙ㄑㄧㄥ
散人,ㄙㄢˇ ㄖㄣˊ
散件,ㄙㄢˇ ㄐㄧㄢˋ
散儒,ㄙㄢˇ ㄖㄨˊ
散光,ㄙㄢˇ ㄍㄨㄤ
散光眼,ㄙㄢˇ ㄍㄨㄤ ㄧㄢˇ
散兵,ㄙㄢˇ ㄅㄧㄥ
散兵游勇,ㄙㄢˇ ㄅㄧㄥ ㄧㄡˊ ㄩㄥˇ
散劑,ㄙㄢˇ ㄐㄧˋ
散嗽,ㄙㄢˇ ㄙㄡˋ
散地,ㄙㄢˇ ㄉㄧˋ
散場,ㄙㄢˋ ㄔㄤˊ
散套,ㄙㄢˇ ㄊㄠˋ
散官,ㄙㄢˇ ㄍㄨㄢ
散射,ㄙㄢˇ ㄕㄜˋ
散居,ㄙㄢˇ ㄐㄩ
散工,ㄙㄢˇ ㄍㄨㄥ
散帙,ㄙㄢˇ ㄓˋ
散帶衡門,ㄙㄢˇ ㄉㄞˋ ㄏㄥˊ ㄇㄣˊ
散戶,ㄙㄢˇ ㄏㄨˋ
散手,ㄙㄢˇ ㄕㄡˇ
散散兒,ㄙㄢˋ ㄙㄢˋ ㄦ
散散的,ㄙㄢˇ ㄙㄢˇ ˙ㄉㄜ
散散落落,ㄙㄢˇ ㄙㄢˇ ㄌㄨㄛˋ ㄌㄨㄛˋ
散文,ㄙㄢˇ ㄨㄣˊ
散文詩,ㄙㄢˇ ㄨㄣˊ ㄕ
散曲,ㄙㄢˇ ㄑㄩˇ
散木,ㄙㄢˇ ㄇㄨˋ
散板,ㄙㄢˇ ㄅㄢˇ
散樂,ㄙㄢˇ ㄩㄝˋ
散氏盤,ㄙㄢˇ ㄕˋ ㄆㄢˊ
散沙,ㄙㄢˇ ㄕㄚ
散漫,ㄙㄢˇ ㄇㄢˋ
散秩,ㄙㄢˇ ㄓˋ
散耍,ㄙㄢˇ ㄕㄨㄚˇ
散聲,ㄙㄢˇ ㄕㄥ
散職,ㄙㄢˇ ㄓˊ
散裝,ㄙㄢˇ ㄓㄨㄤ
散裝貨,ㄙㄢˇ ㄓㄨㄤ ㄏㄨㄛˋ
散話,ㄙㄢˇ ㄏㄨㄚˋ
散誕,ㄙㄢˇ ㄉㄢˋ
散逛,ㄙㄢˇ ˙ㄍㄨㄤ
散逸,ㄙㄢˇ ㄧˋ
散騎常侍,ㄙㄢˇ ㄐㄧˋ ㄔㄤˊ ㄕˋ
敦槃,ㄉㄨㄟˋ ㄆㄢˊ
敦煌千佛洞,ㄉㄨㄣ ㄏㄨㄤˊ ㄑㄧㄢ ㄈㄛˊ ㄉㄨㄥˋ
敦煌曲子,ㄉㄨㄣ ㄏㄨㄤˊ ㄑㄩˇ ˙ㄗ
敬業樂群,ㄐㄧㄥˋ ㄧㄝˋ ㄧㄠˋ ㄑㄩㄣˊ
敬而遠之,ㄐㄧㄥˋ ㄦˊ ㄩㄢˋ ㄓ
敬鬼神而遠之,ㄐㄧㄥˋ ㄍㄨㄟˇ ㄕㄣˊ ㄦˊ ㄩㄢˋ ㄓ
敲擊樂器,ㄑㄧㄠ ㄐㄧˊ ㄩㄝˋ ㄑㄧˋ
敲擊音樂,ㄑㄧㄠ ㄐㄧˊ ㄧㄣ ㄩㄝˋ
敲詐勒索,ㄑㄧㄠ ㄓㄚˋ ㄌㄜˋ ㄙㄨㄛˇ
敲鏝兒,ㄑㄧㄠ ㄇㄢˋ ㄦ
敲鑼邊兒,ㄑㄧㄠ ㄌㄨㄛˊ ㄅㄧㄢ ㄦ
整個,ㄓㄥˇ ˙ㄍㄜ
整躬率物,ㄓㄥˇ ㄍㄨㄥ ㄕㄨㄞˋ ㄨˋ
敷衍了事,ㄈㄨ ㄧㄢˇ ㄌㄧㄠˇ ㄕˋ
敷衍塞責,ㄈㄨ ㄧㄢˇ ㄙㄜˋ ㄗㄜˊ
敷衍搪塞,ㄈㄨ ㄧㄢˇ ㄊㄤˊ ㄙㄜˋ
數一數二,ㄕㄨˇ ㄧ ㄕㄨˇ ㄦˋ
數不上,ㄕㄨˇ ˙ㄅㄨ ㄕㄤˋ
數不勝數,ㄕㄨˇ ㄅㄨˋ ㄕㄥ ㄕㄨˇ
數不清,ㄕㄨˇ ˙ㄅㄨ ㄑㄧㄥ
數九,ㄕㄨˇ ㄐㄧㄡˇ
數九天,ㄕㄨˇ ㄐㄧㄡˇ ㄊㄧㄢ
數伏,ㄕㄨˇ ㄈㄨˊ
數位相機,ㄕㄨˋ ㄨㄟˋ ㄒㄧㄤˋ ㄐㄧ
數來寶,ㄕㄨˇ ㄌㄞˊ ㄅㄠˇ
數典忘祖,ㄕㄨˇ ㄉㄧㄢˇ ㄨㄤˋ ㄗㄨˇ
數四,ㄕㄨㄛˋ ㄙˋ
數奇,ㄕㄨˋ ㄐㄧ
數奇命蹇,ㄕㄨˋ ㄐㄧ ㄇㄧㄥˋ ㄐㄧㄢˇ
數往知來,ㄕㄨˇ ㄨㄤˇ ㄓ ㄌㄞˊ
數息,ㄕㄨˇ ㄒㄧˊ
數數,ㄕㄨˇ ㄕㄨˋ
數數兒,ㄕㄨˇ ㄕㄨˋ ㄦ
數珠,ㄙㄨˋ ˙ㄓㄨ
數白論黃,ㄕㄨˇ ㄅㄞˊ ㄌㄨㄣˋ ㄏㄨㄤˊ
數短論長,ㄕㄨˇ ㄉㄨㄢˇ ㄌㄨㄣˋ ㄔㄤˊ
數米而炊,ㄕㄨˇ ㄇㄧˇ ㄦˊ ㄔㄨㄟ
數罟,ㄘㄨˋ ㄍㄨˇ
數落,ㄕㄨˇ ˙ㄌㄨㄛ
數見不鮮,ㄕㄨㄛˋ ㄐㄧㄢˋ ㄅㄨˋ ㄒㄧㄢ
數說,ㄕㄨˇ ㄕㄨㄛ
數貧嘴,ㄕㄨˇ ㄆㄧㄣˊ ㄗㄨㄟˇ
數黃道白,ㄕㄨˇ ㄏㄨㄤˊ ㄉㄠˋ ㄅㄞˊ
數黃道黑,ㄕㄨˇ ㄏㄨㄤˊ ㄉㄠˋ ㄏㄟ
數黑論黃,ㄕㄨˇ ㄏㄟ ㄌㄨㄣˋ ㄏㄨㄤˊ
斂聲屏氣,ㄌㄧㄢˋ ㄕㄥ ㄅㄧㄥˇ ㄑㄧˋ
文中子,ㄨㄣˊ ㄓㄨㄥ ㄗˇ
文化特質,ㄨㄣˊ ㄏㄨㄚˋ ㄊㄜˋ ㄓˊ
文場,ㄨㄣˊ ㄔㄤˊ
文姬入塞,ㄨㄣˊ ㄐㄧ ㄖㄨˋ ㄙㄞˋ
文字處理機,ㄨㄣˊ ㄗˋ ㄔㄨˇ ㄌㄧˇ ㄐㄧ
文書處理,ㄨㄣˊ ㄕㄨ ㄔㄨˇ ㄌㄧˇ
文樂傀儡,ㄨㄣˊ ㄩㄝˋ ㄎㄨㄟˇ ㄌㄟˇ
文武場,ㄨㄣˊ ㄨˇ ㄔㄤˊ
文武挑兒,ㄨㄣˊ ㄨˇ ㄊㄧㄠ ㄦ
文藝復興,ㄨㄣˊ ㄧˋ ㄈㄨˋ ㄒㄧㄥ
文蛤,ㄨㄣˊ ㄍㄜˊ
文質,ㄨㄣˊ ㄓˊ
文質彬彬,ㄨㄣˊ ㄓˊ ㄅㄧㄣ ㄅㄧㄣ
文過,ㄨㄣˋ ㄍㄨㄛˋ
文過遂非,ㄨㄣˋ ㄍㄨㄛˋ ㄙㄨㄟˋ ㄈㄟ
文過飾非,ㄨㄣˋ ㄍㄨㄛˋ ㄕˋ ㄈㄟ
文飾,ㄨㄣˋ ㄕˋ
斗大的手卷,ㄉㄡˇ ㄉㄚˋ ˙ㄉㄜ ㄕㄡˇ ㄐㄩㄢˋ
斗大的饅頭,ㄉㄡˇ ㄉㄚˋ ˙ㄉㄜ ㄇㄢˊ ˙ㄊㄡ
斗轉參橫,ㄉㄡˇ ㄓㄨㄢˇ ㄕㄣ ㄏㄥˊ
斗量車載,ㄉㄡˇ ㄌㄧㄤˊ ㄔㄜ ㄗㄞˋ
料中,ㄌㄧㄠˋ ㄓㄨㄥˋ
料度,ㄌㄧㄠˋ ㄉㄨㄛˋ
料應,ㄌㄧㄠˋ ㄧㄥˋ
料莫,ㄌㄧㄠˋ ˙ㄇㄛ
料豆兒,ㄌㄧㄠˋ ㄉㄡˋ ㄦ
斜谷,ㄧㄝˊ ㄍㄨˇ
斜長石,ㄒㄧㄝˊ ㄔㄤˊ ㄕˊ
斟量,ㄓㄣ ㄌㄧㄤˊ
斥喝,ㄔˋ ㄏㄜˋ
斥騎,ㄔˋ ㄐㄧˋ
斧鑿痕,ㄈㄨˇ ㄗㄨㄛˋ ㄏㄣˊ
斧頭,ㄈㄨˇ ˙ㄊㄡ
斫伐,ㄓㄨㄛˊ ㄈㄚˊ
斫蜋,ㄓㄨㄛˊ ㄌㄤˊ
斫雕為樸,ㄓㄨㄛˊ ㄉㄧㄠ ㄨㄟˊ ㄆㄨˊ
斬將奪旗,ㄓㄢˇ ㄐㄧㄤˋ ㄉㄨㄛˊ ㄑㄧˊ
斬將搴旗,ㄓㄢˇ ㄐㄧㄤˋ ㄑㄧㄢ ㄑㄧˊ
斬木為兵,ㄓㄢˇ ㄇㄨˋ ㄨㄟˊ ㄅㄧㄥ
斬衰,ㄓㄢˇ ㄘㄨㄟ
斯堪的那維亞半島,ㄙ ㄎㄢ ㄉㄧˋ ㄋㄚˋ ㄨㄟˊ ㄧㄚˋ ㄅㄢˋ ㄉㄠˇ
斯多噶學派,ㄙ ㄉㄨㄛ ㄍㄜˊ ㄒㄩㄝˊ ㄆㄞˋ
新出土兒,ㄒㄧㄣ ㄔㄨ ㄊㄨˇ ㄦ
新出手兒,ㄒㄧㄣ ㄔㄨ ㄕㄡˇ ㄦ
新媳婦兒,ㄒㄧㄣ ㄒㄧˊ ㄈㄨˋ ㄦ
新幾內亞島,ㄒㄧㄣ ㄐㄧ ㄋㄟˋ ㄧㄚˋ ㄉㄠˇ
新廈,ㄒㄧㄣ ㄒㄧㄚˋ
新正,ㄒㄧㄣ ㄓㄥ
新法螺先生譚,ㄒㄧㄣ ㄈㄚˇ ㄌㄨㄛˊ ㄒㄧㄢ ˙ㄕㄥ ㄊㄢˊ
新爵士樂,ㄒㄧㄣ ㄐㄩㄝˊ ㄕˋ ㄩㄝˋ
新興國,ㄒㄧㄣ ㄒㄧㄥ ㄍㄨㄛˊ
新鮮,ㄒㄧㄣ ˙ㄒㄧㄢ
新鮮事,ㄒㄧㄣ ˙ㄒㄧㄢ ㄕˋ
新鮮人,ㄒㄧㄣ ˙ㄒㄧㄢ ㄖㄣˊ
斲方為圓,ㄓㄨㄛˊ ㄈㄤ ㄨㄟˊ ㄩㄢˊ
斲琱為樸,ㄓㄨㄛˊ ㄉㄧㄠ ㄨㄟˊ ㄆㄨˊ
斲雕為樸,ㄓㄨㄛˊ ㄉㄧㄠ ㄨㄟˊ ㄆㄨˊ
斷喝,ㄉㄨㄢˋ ㄏㄜˋ
斷子絕孫,ㄉㄨㄢˋ ㄗˇ ㄐㄩㄝˊ ㄙㄨㄣ
斷釵重合,ㄉㄨㄢˋ ㄔㄞ ㄔㄨㄥˊ ㄏㄜˊ
斷長續短,ㄉㄨㄢˋ ㄔㄤˊ ㄒㄩˋ ㄉㄨㄢˇ
斷長補短,ㄉㄨㄢˋ ㄔㄤˊ ㄅㄨˇ ㄉㄨㄢˇ
方便為門,ㄈㄤ ㄅㄧㄢˋ ㄨㄟˊ ㄇㄣˊ
方兒,ㄈㄤ ㄦ
方枘圜鑿,ㄈㄤ ㄖㄨㄟˋ ㄩㄢˊ ㄗㄨㄛˋ
方正不阿,ㄈㄤ ㄓㄥˋ ㄅㄨˋ ㄜ
方相,ㄈㄤ ㄒㄧㄤˋ
方相氏,ㄈㄤ ㄒㄧㄤˋ ㄕˋ
方罫,ㄈㄤ ㄏㄨㄚˋ
方興日盛,ㄈㄤ ㄒㄧㄥ ㄖˋ ㄕㄥˋ
方興未艾,ㄈㄤ ㄒㄧㄥ ㄨㄟˋ ㄞˋ
方鑿圓枘,ㄈㄤ ㄗㄨㄛˋ ㄩㄢˊ ㄖㄨㄟˋ
於乎,ㄨ ㄏㄨ
於呼哀哉,ㄨ ㄏㄨ ㄞ ㄗㄞ
於戲,ㄨ ㄏㄨ
於穆,ㄨ ㄇㄨˋ
於菟,ㄨ ㄊㄨˊ
於邑,ㄨ ㄧˋ
施子安,ㄕ ㄗˇ ㄢ
施施,ㄧˊ ㄧˊ
施為,ㄕ ㄨㄟˊ
施衿結褵,ㄕ ㄐㄧㄣ ㄐㄧㄝˊ ㄌㄧˊ
旁人短長,ㄆㄤˊ ㄖㄣˊ ㄉㄨㄢˇ ㄔㄤˊ
旁午,ㄅㄤˋ ㄨˇ
旁岔兒,ㄆㄤˊ ㄔㄚˋ ㄦ
旁薄,ㄆㄤˊ ㄅㄛˊ
旄丘,ㄇㄠˋ ㄑㄧㄡ
旄倪,ㄇㄠˋ ㄋㄧˊ
旅舍,ㄌㄩˇ ㄕㄜˋ
旋兒,ㄒㄩㄢˊ ㄦ
旋子,ㄒㄩㄢˋ ˙ㄗ
旋風,ㄒㄩㄢˋ ㄈㄥ
旋風腳,ㄒㄩㄢˋ ㄈㄥ ㄐㄧㄠˇ
旋風裝,ㄒㄩㄢˋ ㄈㄥ ㄓㄨㄤ
旌車,ㄐㄧㄥ ㄐㄩ
旗開得勝,ㄑㄧˊ ㄎㄞ ㄉㄜˊ ㄕㄥˋ
旗靡,ㄑㄧˊ ㄇㄧˇ
既得利益,ㄐㄧˋ ㄉㄜˊ ㄌㄧˋ ㄧˋ
既得權,ㄐㄧˋ ㄉㄜˊ ㄑㄩㄢˊ
日不暇給,ㄖˋ ㄅㄨˋ ㄒㄧㄚˊ ㄐㄧˇ
日久天長,ㄖˋ ㄐㄧㄡˇ ㄊㄧㄢ ㄔㄤˊ
日久玩生,ㄖˋ ㄐㄧㄡˇ ㄨㄢˋ ㄕㄥ
日喀則,ㄖˋ ㄎㄜˋ ㄗㄜˊ
日場,ㄖˋ ㄔㄤˊ
日引月長,ㄖˋ ㄧㄣˇ ㄩㄝˋ ㄔㄤˊ
日旰忘食,ㄖˋ ㄍㄢˋ ㄨㄤˊ ㄕˊ
日暈,ㄖˋ ㄩㄣˋ
日月參辰,ㄖˋ ㄩㄝˋ ㄕㄣ ㄔㄣˊ
日月重光,ㄖˋ ㄩㄝˋ ㄔㄨㄥˊ ㄍㄨㄤ
日漸月染,ㄖˋ ㄐㄧㄢ ㄩㄝˋ ㄖㄢˇ
日省月試,ㄖˋ ㄒㄧㄥˇ ㄩㄝˋ ㄕˋ
日省月課,ㄖˋ ㄒㄧㄥˇ ㄩㄝˋ ㄎㄜˋ
日積月累,ㄖˋ ㄐㄧ ㄩㄝˋ ㄌㄟˇ
日給,ㄖˋ ㄐㄧˇ
日腳,ㄖˋ ㄐㄩㄝˊ
日薄西山,ㄖˋ ㄅㄛˊ ㄒㄧ ㄕㄢ
日角,ㄖˋ ㄐㄩㄝˊ
日角偃月,ㄖˋ ㄐㄩㄝˊ ㄧㄢˇ ㄩㄝˋ
日角珠庭,ㄖˋ ㄐㄩㄝˊ ㄓㄨ ㄊㄧㄥˊ
日誦五車,ㄖˋ ㄙㄨㄥˋ ㄨˇ ㄐㄩ
日近長安遠,ㄖˋ ㄐㄧㄣˋ ㄔㄤˊ ㄢ ㄩㄢˇ
日長一線,ㄖˋ ㄔㄤˊ ㄧ ㄒㄧㄢˋ
日長歲久,ㄖˋ ㄔㄤˊ ㄙㄨㄟˋ ㄐㄧㄡˇ
日頭常晌午,ㄖˋ ㄊㄡˊ ㄔㄤˊ ㄕㄤˇ ˙ㄏㄨㄛ
日飲亡何,ㄖˋ ㄧㄣˇ ㄨˊ ㄏㄜˊ
旦兒,ㄉㄢˋ ㄦ
旦旦而伐,ㄉㄢˋ ㄉㄢˋ ㄦˊ ㄈㄚˊ
旦暮朝夕,ㄉㄢˋ ㄇㄨˋ ㄓㄠ ㄒㄧˋ
旦角,ㄉㄢˋ ㄐㄩㄝˊ
早上,ㄗㄠˇ ˙ㄕㄤ
早占勿藥,ㄗㄠˇ ㄓㄢ ㄨˋ ㄧㄠˋ
早場,ㄗㄠˇ ㄔㄤˊ
早夭,ㄗㄠˇ ㄧㄠˇ
早熟,ㄗㄠˇ ㄕㄡˊ
早熟兒童,ㄗㄠˇ ㄕㄡˊ ㄦˊ ㄊㄨㄥˊ
早賜玉音,ㄗㄠˇ ㄙˋ ㄩˋ ㄧㄣ
早起的鳥兒有蟲吃,ㄗㄠˇ ㄑㄧˇ ˙ㄉㄜ ㄋㄧㄠˇ ㄦ ㄧㄡˇ ㄔㄨㄥˊ ㄔ
早點兒,ㄗㄠˇ ㄉㄧㄢˇ ㄦ
旮旮旯旯兒,ㄍㄚ ˙ㄍㄚ ㄌㄚˊ ㄌㄚˊ ㄦ
旮旯兒,ㄍㄚ ㄌㄚˊ ㄦ
旱潦,ㄏㄢˋ ㄌㄠˋ
旱苗得雨,ㄏㄢˋ ㄇㄧㄠˊ ㄉㄜˊ ㄩˇ
旱魃為虐,ㄏㄢˋ ㄅㄚˊ ㄨㄟˊ ㄋㄩㄝˋ
旺相,ㄨㄤˋ ㄒㄧㄤˋ
昆邪,ㄎㄨㄣ ㄧㄝˊ
明了,ㄇㄧㄥˊ ㄌㄧㄠˇ
明伙畫供,ㄇㄧㄥˊ ㄏㄨㄛˇ ㄏㄨㄚˋ ㄍㄨㄥˋ
明兒,ㄇㄧㄥˊ ㄦ
明分,ㄇㄧㄥˊ ㄈㄣˋ
明忘八,ㄇㄧㄥˊ ㄨㄤˊ ㄅㄚ
明珠彈雀,ㄇㄧㄥˊ ㄓㄨ ㄊㄢˊ ㄑㄩㄝˋ
明當,ㄇㄧㄥˊ ㄉㄤˋ
明白,ㄇㄧㄥˊ ˙ㄅㄞ
明白人,ㄇㄧㄥˊ ˙ㄅㄞ ㄖㄣˊ
明窗淨几,ㄇㄧㄥˊ ㄔㄨㄤ ㄐㄧㄥˋ ㄐㄧ
明鋪夜蓋,ㄇㄧㄥˊ ㄆㄨ ㄧㄝˋ ㄍㄞˋ
明鐙,ㄇㄧㄥˊ ㄉㄥ
昏倒,ㄏㄨㄣ ㄉㄠˇ
昏定晨省,ㄏㄨㄣ ㄉㄧㄥˋ ㄔㄣˊ ㄒㄧㄥˇ
昏撒,ㄏㄨㄣ ㄙㄚˇ
昏瞶,ㄏㄨㄣ ㄎㄨㄟˋ
昏鏡重明,ㄏㄨㄣ ㄐㄧㄥˋ ㄔㄨㄥˊ ㄇㄧㄥˊ
昏鏡重磨,ㄏㄨㄣ ㄐㄧㄥˋ ㄔㄨㄥˊ ㄇㄛˊ
昏頭轉向,ㄏㄨㄣ ㄊㄡˊ ㄓㄨㄢˋ ㄒㄧㄤˋ
易傳,ㄧˋ ㄓㄨㄢˋ
易刑處分,ㄧˋ ㄒㄧㄥˊ ㄔㄨˇ ㄈㄣˋ
易堂九子,ㄧˋ ㄊㄤˊ ㄐㄧㄡˇ ㄗˇ
易子析骸,ㄧˋ ㄗˇ ㄒㄧ ㄏㄞˊ
易子而食,ㄧˋ ㄗˇ ㄦˊ ㄕˊ
易子而飧,ㄧˋ ㄗˇ ㄦˊ ㄙㄨㄣ
易牙蒸子,ㄧˋ ㄧㄚˊ ㄓㄥ ㄗˇ
易轍,ㄧˋ ㄔㄜˋ
昔得蘭群島,ㄒㄧˊ ㄉㄜˊ ㄌㄢˊ ㄑㄩㄣˊ ㄉㄠˇ
星兒,ㄒㄧㄥ ㄦ
星宿,ㄒㄧㄥ ㄒㄧㄡˋ
星宿海,ㄒㄧㄥ ㄒㄧㄡˋ ㄏㄞˇ
星火燎原,ㄒㄧㄥ ㄏㄨㄛˇ ㄌㄧㄠˋ ㄩㄢˊ
星相,ㄒㄧㄥ ㄒㄧㄤˋ
星際物質,ㄒㄧㄥ ㄐㄧˋ ㄨˋ ㄓˊ
星點彈塗,ㄒㄧㄥ ㄉㄧㄢˇ ㄊㄢˊ ㄊㄨˊ
春假,ㄔㄨㄣ ㄐㄧㄚˋ
春凳折了靠背兒,ㄔㄨㄣ ㄉㄥˋ ㄓㄜˊ ˙ㄌㄜ ㄎㄠˋ ㄅㄟˋ ㄦ
春化處理,ㄔㄨㄣ ㄏㄨㄚˋ ㄔㄨˇ ㄌㄧˇ
春夢一場,ㄔㄨㄣ ㄇㄥˋ ㄧ ㄔㄤˊ
春條兒,ㄔㄨㄣ ㄊㄧㄠˊ ㄦ
春盛擔子,ㄔㄨㄣ ㄕㄥˋ ㄉㄢˋ ˙ㄗ
春秋三傳,ㄔㄨㄣ ㄑㄧㄡ ㄙㄢ ㄓㄨㄢˋ
春秋兒,ㄔㄨㄣ ㄑㄧㄡ ㄦ
春秋左氏傳,ㄔㄨㄣ ㄑㄧㄡ ㄗㄨㄛˇ ㄕˋ ㄓㄨㄢˋ
春菜絲兒,ㄔㄨㄣ ㄘㄞˋ ㄙ ㄦ
春華,ㄔㄨㄣ ㄏㄨㄚ
春華秋實,ㄔㄨㄣ ㄏㄨㄚ ㄑㄧㄡ ㄕˊ
春風得意,ㄔㄨㄣ ㄈㄥ ㄉㄜˊ ㄧˋ
春風風人,ㄔㄨㄣ ㄈㄥ ㄈㄥˋ ㄖㄣˊ
昧旦晨興,ㄇㄟˋ ㄉㄢˋ ㄔㄣˊ ㄒㄧㄥ
昧沒,ㄇㄟˋ ㄇㄛˋ
昨兒,ㄗㄨㄛˊ ㄦ
昭君出塞,ㄓㄠ ㄐㄩㄣ ㄔㄨ ㄙㄞˋ
昭明太子,ㄓㄠ ㄇㄧㄥˊ ㄊㄞˋ ㄗˇ
昭著,ㄓㄠ ㄓㄨˋ
是味兒,ㄕˋ ㄨㄟˋ ㄦ
是樣兒,ㄕˋ ㄧㄤˋ ㄦ
是父是子,ㄕˋ ㄈㄨˋ ㄕˋ ㄗˇ
是罐子也有兩個耳朵,ㄕˋ ㄍㄨㄢˋ ˙ㄗ ㄧㄝˇ ㄧㄡˇ ㄌㄧㄤˇ ˙ㄍㄜ ㄦˇ ˙ㄉㄨㄛ
是長是短,ㄕˋ ㄔㄤˊ ㄕˋ ㄉㄨㄢˇ
是非得失,ㄕˋ ㄈㄟ ㄉㄜˊ ㄕ
是非顛倒,ㄕˋ ㄈㄟ ㄉㄧㄢ ㄉㄠˇ
昳麗,ㄧˋ ㄌㄧˋ
昵比,ㄋㄧˋ ㄅㄧˋ
時來暫去,ㄕˊ ㄌㄞˊ ㄓㄢˋ ㄑㄩˋ
時分,ㄕˊ ㄈㄣˋ
時差,ㄕˊ ㄔㄚ
時興,ㄕˊ ㄒㄧㄥ
時辰,ㄕˊ ˙ㄔㄣ
時間差攻擊,ㄕˊ ㄐㄧㄢ ㄔㄚ ㄍㄨㄥ ㄐㄧˊ
時隱時見,ㄕˊ ㄧㄣˇ ㄕˊ ㄒㄧㄢˋ
晃來晃去,ㄏㄨㄤˋ ㄌㄞˊ ㄏㄨㄤˋ ㄑㄩˋ
晃動,ㄏㄨㄤˋ ㄉㄨㄥˋ
晃悠,ㄏㄨㄤˋ ㄧㄡ
晃搖,ㄏㄨㄤˋ ˙ㄧㄠ
晃晃悠悠,ㄏㄨㄤˋ ˙ㄏㄨㄤ ㄧㄡ ㄧㄡ
晃晃蕩蕩,ㄏㄨㄤˋ ˙ㄏㄨㄤ ㄉㄤˋ ㄉㄤˋ
晃腦,ㄏㄨㄤˋ ㄋㄠˇ
晃蕩,ㄏㄨㄤˋ ㄉㄤˋ
晉乘楚杌,ㄐㄧㄣˋ ㄕㄥˋ ㄔㄨˇ ㄨˋ
晌午,ㄕㄤˇ ˙ㄏㄨㄛ
晌午歪,ㄕㄤˇ ˙ㄏㄨㄛ ㄨㄞ
晌覺,ㄕㄤˇ ㄐㄧㄠˋ
晏公老兒下西洋,ㄧㄢˋ ㄍㄨㄥ ㄌㄠˇ ㄦ ㄒㄧㄚˋ ㄒㄧ ㄧㄤˊ
晏子,ㄧㄢˋ ㄗˇ
晏子春秋,ㄧㄢˋ ㄗˇ ㄔㄨㄣ ㄑㄧㄡ
晏幾道,ㄧㄢˋ ㄐㄧ ㄉㄠˋ
晒乾,ㄕㄞˋ ㄍㄢ
晒暖兒,ㄕㄞˋ ㄋㄨㄢˇ ㄦ
晒穀場,ㄕㄞˋ ㄍㄨˇ ㄔㄤˊ
晒衣場,ㄕㄞˋ ㄧ ㄔㄤˊ
晚上,ㄨㄢˇ ˙ㄕㄤ
晚半天兒,ㄨㄢˇ ㄅㄢˋ ㄊㄧㄢ ㄦ
晚場,ㄨㄢˇ ㄔㄤˊ
晚食當肉,ㄨㄢˇ ㄕˊ ㄉㄤˋ ㄖㄡˋ
晝短夜長,ㄓㄡˋ ㄉㄨㄢˇ ㄧㄝˋ ㄔㄤˊ
晦盲否塞,ㄏㄨㄟˋ ㄇㄤˊ ㄆㄧˇ ㄙㄜˋ
晨參暮省,ㄔㄣˊ ㄘㄢ ㄇㄨˋ ㄒㄧㄥˇ
晨昏定省,ㄔㄣˊ ㄏㄨㄣ ㄉㄧㄥˋ ㄒㄧㄥˇ
晨昏顛倒,ㄔㄣˊ ㄏㄨㄣ ㄉㄧㄢ ㄉㄠˇ
晨興夜寐,ㄔㄣˊ ㄒㄧㄥ ㄧㄝˋ ㄇㄟˋ
普天率土,ㄆㄨˇ ㄊㄧㄢ ㄕㄨㄞˋ ㄊㄨˇ
景差,ㄐㄧㄥˇ ㄘㄨㄛ
景從,ㄧㄥˇ ㄘㄨㄥˊ
景從雲合,ㄧㄥˇ ㄘㄨㄥˊ ㄩㄣˊ ㄏㄜˊ
景從雲集,ㄧㄥˇ ㄘㄨㄥˊ ㄩㄣˊ ㄐㄧˊ
景行,ㄐㄧㄥˇ ㄒㄧㄥˋ
景陽崗,ㄐㄧㄥˇ ㄧㄤˊ ㄍㄤ
智圓行方,ㄓˋ ㄩㄢˊ ㄒㄧㄥˋ ㄈㄤ
智慧型大廈,ㄓˋ ㄏㄨㄟˋ ㄒㄧㄥˊ ㄉㄚˋ ㄒㄧㄚˋ
智量,ㄓˋ ㄌㄧㄤˊ
晾乾,ㄌㄧㄤˋ ㄍㄢ
暇日,ㄒㄧㄚˋ ㄖˋ
暇景,ㄒㄧㄚˋ ㄧㄥˇ
暇豫,ㄒㄧㄚˋ ㄩˋ
暇逸,ㄒㄧㄚˋ ㄧˋ
暇食,ㄒㄧㄚˋ ㄕˊ
暈倒,ㄩㄣ ㄉㄠˇ
暈珥,ㄩㄣˋ ㄦˇ
暈頭轉向,ㄩㄣ ㄊㄡˊ ㄓㄨㄢˋ ㄒㄧㄤˋ
暈高兒,ㄩㄣ ㄍㄠ ㄦ
暑假,ㄕㄨˇ ㄐㄧㄚˋ
暖和,ㄋㄨㄢˇ ˙ㄏㄨㄛ
暖姝,ㄒㄩㄢ ㄕㄨ
暖暖,ㄒㄩㄢ ㄒㄩㄢ
暖盪撩鍋,ㄋㄨㄢˇ ㄉㄤˋ ㄌㄧㄠˊ ㄍㄨㄛ
暗反應,ㄢˋ ㄈㄢˇ ㄧㄥˋ
暗場,ㄢˋ ㄔㄤˊ
暗箭中人,ㄢˋ ㄐㄧㄢˋ ㄓㄨㄥˋ ㄖㄣˊ
暗花兒,ㄢˋ ㄏㄨㄚ ㄦ
暗行,ㄢˋ ㄏㄤˊ
暗間兒,ㄢˋ ㄐㄧㄢ ㄦ
暗順應,ㄢˋ ㄕㄨㄣˋ ㄧㄥˋ
暢洽,ㄔㄤˋ ㄒㄧㄚˊ
暫且,ㄓㄢˋ ㄑㄧㄝˇ
暫且擱下,ㄓㄢˋ ㄑㄧㄝˇ ㄍㄜ ㄒㄧㄚˋ
暫停,ㄓㄢˋ ㄊㄧㄥˊ
暫別,ㄓㄢˋ ㄅㄧㄝˊ
暫勞永逸,ㄓㄢˋ ㄌㄠˊ ㄩㄥˇ ㄧˋ
暫星,ㄓㄢˋ ㄒㄧㄥ
暫時,ㄓㄢˋ ㄕˊ
暫染髮慕絲,ㄓㄢˋ ㄖㄢˇ ㄈㄚˇ ㄇㄨˋ ㄙ
暫止,ㄓㄢˋ ㄓˇ
暫緩,ㄓㄢˋ ㄏㄨㄢˇ
暫音,ㄓㄢˋ ㄧㄣ
暮去朝來,ㄇㄨˋ ㄑㄩˋ ㄓㄠ ㄌㄞˊ
暮四朝三,ㄇㄨˋ ㄙˋ ㄓㄠ ㄙㄢ
暮想朝思,ㄇㄨˋ ㄒㄧㄤˇ ㄓㄠ ㄙ
暮暮朝朝,ㄇㄨˋ ㄇㄨˋ ㄓㄠ ㄓㄠ
暮楚朝秦,ㄇㄨˋ ㄔㄨˇ ㄓㄠ ㄑㄧㄣˊ
暮虢朝虞,ㄇㄨˋ ㄍㄨㄛˊ ㄓㄠ ㄩˊ
暮雨朝雲,ㄇㄨˋ ㄩˇ ㄓㄠ ㄩㄣˊ
暮雲親舍,ㄇㄨˋ ㄩㄣˊ ㄑㄧㄣ ㄕㄜˋ
暴厲恣睢,ㄅㄠˋ ㄌㄧˋ ㄘ ㄙㄨㄟ
暴室,ㄆㄨˋ ㄕˋ
暴屍於市,ㄆㄨˋ ㄕ ㄩˊ ㄕˋ
暴師,ㄆㄨˋ ㄕ
暴恣,ㄅㄠˋ ㄘ
暴戾恣睢,ㄅㄠˋ ㄌㄧˋ ㄘ ㄙㄨㄟ
暴揚,ㄆㄨˋ ㄧㄤˊ
暴桑,ㄆㄨˋ ㄙㄤ
暴橫,ㄅㄠˋ ㄏㄥˋ
暴白,ㄆㄨˋ ㄅㄞˊ
暴脾氣,ㄅㄠˋ ㄆㄧˊ ˙ㄑㄧ
暴腮龍門,ㄆㄨˋ ㄙㄞ ㄌㄨㄥˊ ㄇㄣˊ
暴虎馮河,ㄅㄠˋ ㄏㄨˇ ㄆㄧㄥˊ ㄏㄜˊ
暴行,ㄅㄠˋ ㄒㄧㄥˋ
暴醃,ㄆㄨˋ ㄧㄢ
暴露,ㄆㄨˋ ㄌㄨˋ
暴露狂,ㄆㄨˋ ㄌㄨˋ ㄎㄨㄤˊ
暴面,ㄆㄨˋ ㄇㄧㄢˋ
暴骨,ㄆㄨˋ ㄍㄨˇ
暴骨原野,ㄆㄨˋ ㄍㄨˇ ㄩㄢˊ ㄧㄝˇ
曛黑,ㄒㄩㄣ ㄏㄜˋ
曠日長久,ㄎㄨㄤˋ ㄖˋ ㄔㄤˊ ㄐㄧㄡˇ
曲子,ㄑㄩˇ ˙ㄗ
曲學,ㄑㄩˇ ㄒㄩㄝˊ
曲學詖行,ㄑㄩ ㄒㄩㄝˊ ㄅㄧˋ ㄒㄧㄥˋ
曲學阿世,ㄑㄩ ㄒㄩㄝˊ ㄜ ㄕˋ
曲度,ㄑㄩˇ ㄉㄨˋ
曲式,ㄑㄩˇ ㄕˋ
曲拗,ㄑㄩ ㄠˋ
曲牌,ㄑㄩˇ ㄆㄞˊ
曲終人散,ㄑㄩˇ ㄓㄨㄥ ㄖㄣˊ ㄙㄢˋ
曲終奏雅,ㄑㄩˇ ㄓㄨㄥ ㄗㄡˋ ㄧㄚˇ
曲肱而枕,ㄑㄩ ㄍㄨㄥ ㄦˊ ㄓㄣˋ
曲薄,ㄑㄩ ㄅㄛˊ
曲藝,ㄑㄩˇ ㄧˋ
曲裡拐彎,ㄑㄩ ˙ㄌㄧ ㄍㄨㄞˇ ㄨㄢ
曲話,ㄑㄩˇ ㄏㄨㄚˋ
曲調,ㄑㄩˇ ㄉㄧㄠˋ
曲譜,ㄑㄩˇ ㄆㄨˇ
曲高和寡,ㄑㄩˇ ㄍㄠ ㄏㄜˋ ㄍㄨㄚˇ
曳光彈,ㄧˋ ㄍㄨㄤ ㄉㄢˋ
曳剌,ㄧㄝˋ ㄌㄚˋ
曳尾塗中,ㄧˋ ㄨㄟˇ ㄊㄨˊ ㄓㄨㄥ
曳尾泥塗,ㄧˋ ㄨㄟˇ ㄋㄧˊ ㄊㄨˊ
曳引機,ㄧˋ ㄧㄣˇ ㄐㄧ
曳引車,ㄧˋ ㄧㄣˇ ㄔㄜ
曳曳,ㄧˋ ㄧˋ
曳步,ㄧˋ ㄅㄨˋ
曳白,ㄧˋ ㄅㄞˊ
曳落河,ㄧˋ ㄌㄨㄛˋ ㄏㄜˊ
曳裾王門,ㄧˋ ㄐㄩ ㄨㄤˊ ㄇㄣˊ
曳踵,ㄧˋ ㄓㄨㄥˇ
更事,ㄐㄧㄥ ㄕˋ
更代,ㄍㄥ ㄉㄞˋ
更休,ㄍㄥ ㄒㄧㄡ
更僕難數,ㄍㄥ ㄆㄨˊ ㄋㄢˊ ㄕㄨˇ
更動,ㄍㄥ ㄉㄨㄥˋ
更化,ㄍㄥ ㄏㄨㄚˋ
更名,ㄍㄥ ㄇㄧㄥˊ
更名改姓,ㄍㄥ ㄇㄧㄥˊ ㄍㄞˇ ㄒㄧㄥˋ
更唱,ㄍㄥ ㄔㄤˋ
更夜,ㄍㄥ ㄧㄝˋ
更夫,ㄍㄥ ㄈㄨ
更始,ㄍㄥ ㄕˇ
更姓,ㄍㄥ ㄒㄧㄥˋ
更定,ㄍㄥ ㄉㄧㄥˋ
更審,ㄍㄥ ㄕㄣˇ
更年,ㄍㄥ ㄋㄧㄢˊ
更年期,ㄍㄥ ㄋㄧㄢˊ ㄑㄧˊ
更弦易轍,ㄍㄥ ㄒㄧㄢˊ ㄧˋ ㄔㄜˋ
更張,ㄍㄥ ㄓㄤ
更房,ㄍㄥ ㄈㄤˊ
更換,ㄍㄥ ㄏㄨㄢˋ
更改,ㄍㄥ ㄍㄞˇ
更故,ㄍㄥ ㄍㄨˋ
更新,ㄍㄥ ㄒㄧㄣ
更新換代,ㄍㄥ ㄒㄧㄣ ㄏㄨㄢˋ ㄉㄞˋ
更易,ㄍㄥ ㄧˋ
更替,ㄍㄥ ㄊㄧˋ
更樓,ㄍㄥ ㄌㄡˊ
更次,ㄍㄥ ㄘˋ
更正,ㄍㄥ ㄓㄥˋ
更正啟事,ㄍㄥ ㄓㄥˋ ㄑㄧˇ ㄕˋ
更深,ㄍㄥ ㄕㄣ
更深人靜,ㄍㄥ ㄕㄣ ㄖㄣˊ ㄐㄧㄥˋ
更深半夜,ㄍㄥ ㄕㄣ ㄅㄢˋ ㄧㄝˋ
更深夜靜,ㄍㄥ ㄕㄣ ㄧㄝˋ ㄐㄧㄥˋ
更漏,ㄍㄥ ㄌㄡˋ
更番,ㄍㄥ ㄈㄢ
更相,ㄍㄥ ㄒㄧㄤ
更立,ㄍㄥ ㄌㄧˋ
更端,ㄍㄥ ㄉㄨㄢ
更籌,ㄍㄥ ㄔㄡˊ
更籤,ㄍㄥ ㄑㄧㄢ
更行,ㄍㄥ ㄒㄧㄥˋ
更衣,ㄍㄥ ㄧ
更衣室,ㄍㄥ ㄧ ㄕˋ
更訂,ㄍㄥ ㄉㄧㄥˋ
更調,ㄍㄥ ㄉㄧㄠˋ
更變,ㄍㄥ ㄅㄧㄢˋ
更賦,ㄍㄥ ㄈㄨˋ
更迭,ㄍㄥ ㄉㄧㄝˊ
更長夢短,ㄍㄥ ㄔㄤˊ ㄇㄥˋ ㄉㄨㄢˇ
更長漏永,ㄍㄥ ㄔㄤˊ ㄌㄡˋ ㄩㄥˇ
更闌,ㄍㄥ ㄌㄢˊ
更闌人靜,ㄍㄥ ㄌㄢˊ ㄖㄣˊ ㄐㄧㄥˋ
更頭,ㄍㄥ ㄊㄡˊ
更點,ㄍㄥ ㄉㄧㄢˇ
更鼓,ㄍㄥ ㄍㄨˇ
更鼓敲盡,ㄍㄥ ㄍㄨˇ ㄑㄧㄠ ㄐㄧㄣˋ
書傳,ㄕㄨ ㄓㄨㄢˋ
書卷,ㄕㄨ ㄐㄩㄢˋ
書卷氣,ㄕㄨ ㄐㄩㄢˋ ㄑㄧˋ
書場,ㄕㄨ ㄔㄤˊ
書富五車,ㄕㄨ ㄈㄨˋ ㄨˇ ㄐㄩ
書歸正傳,ㄕㄨ ㄍㄨㄟ ㄓㄥˋ ㄓㄨㄢˋ
書無百日工,ㄕㄨ ㄨˊ ㄅㄛˊ ㄖˋ ㄍㄨㄥ
書讀五車,ㄕㄨ ㄉㄨˊ ㄨˇ ㄐㄩ
書辦,ㄕㄨ ˙ㄅㄢ
書館兒,ㄕㄨ ㄍㄨㄢˇ ㄦ
曹大家,ㄘㄠˊ ㄉㄚˋ ㄍㄨ
曼靡,ㄇㄢˋ ㄇㄧˇ
曾參,ㄗㄥ ㄕㄣ
曾參殺人,ㄗㄥ ㄕㄣ ㄕㄚ ㄖㄣˊ
曾國荃,ㄗㄥ ㄍㄨㄛˊ ㄑㄩㄢˊ
曾國藩,ㄗㄥ ㄍㄨㄛˊ ㄈㄢˊ
曾子,ㄗㄥ ㄗˇ
曾子殺彘,ㄗㄥ ㄗˇ ㄕㄚ ㄓˋ
曾孫,ㄗㄥ ㄙㄨㄣ
曾文正,ㄗㄥ ㄨㄣˊ ㄓㄥˋ
曾文水庫,ㄗㄥ ㄨㄣˊ ㄕㄨㄟˇ ㄎㄨˋ
曾文溪,ㄗㄥ ㄨㄣˊ ㄒㄧ
曾樸,ㄗㄥ ㄆㄨˊ
曾母投杼,ㄗㄥ ㄇㄨˇ ㄊㄡˊ ㄓㄨˋ
曾母暗沙,ㄗㄥ ㄇㄨˇ ㄢˋ ㄕㄚ
曾皙,ㄗㄥ ㄒㄧ
曾益,ㄗㄥ ㄧˋ
曾祖,ㄗㄥ ㄗㄨˇ
曾祖母,ㄗㄥ ㄗㄨˇ ㄇㄨˇ
曾祖父,ㄗㄥ ㄗㄨˇ ㄈㄨˋ
曾紀澤,ㄗㄥ ㄐㄧˋ ㄗㄜˊ
曾經滄海難為水,ㄘㄥˊ ㄐㄧㄥ ㄘㄤ ㄏㄞˇ ㄋㄢˊ ㄨㄟˊ ㄕㄨㄟˇ
曾門,ㄗㄥ ㄇㄣˊ
曾鞏,ㄗㄥ ㄍㄨㄥˇ
曾點,ㄗㄥ ㄉㄧㄢˇ
替換,ㄊㄧˋ ˙ㄏㄨㄢ
替頭,ㄊㄧˋ ˙ㄊㄡ
替頭兒,ㄊㄧˋ ˙ㄊㄡ ㄦ
會兒,ㄏㄨㄟˇ ㄦ
會場,ㄏㄨㄟˋ ㄔㄤˊ
會子,ㄏㄨㄟˇ ˙ㄗ
會弁,ㄎㄨㄞˋ ㄅㄧㄢˋ
會撮,ㄎㄨㄞˋ ㄗㄨㄟˋ
會稽,ㄍㄨㄟˋ ㄐㄧ
會稽之恥,ㄍㄨㄟˋ ㄐㄧ ㄓ ㄔˇ
會稽山,ㄍㄨㄟˋ ㄐㄧ ㄕㄢ
會計,ㄎㄨㄞˋ ㄐㄧˋ
會計學,ㄎㄨㄞˋ ㄐㄧˋ ㄒㄩㄝˊ
會計師,ㄎㄨㄞˋ ㄐㄧˋ ㄕ
會計年度,ㄎㄨㄞˋ ㄐㄧˋ ㄋㄧㄢˊ ㄉㄨˋ
會計法,ㄎㄨㄞˋ ㄐㄧˋ ㄈㄚˇ
月亮門兒,ㄩㄝˋ ˙ㄌㄧㄤ ㄇㄣˊ ㄦ
月儀帖,ㄩㄝˋ ㄧˊ ㄊㄧㄝˋ
月光曲,ㄩㄝˋ ㄍㄨㄤ ㄑㄩˇ
月分,ㄩㄝˋ ㄈㄣˋ
月分牌,ㄩㄝˋ ㄈㄣˋ ㄆㄞˊ
月夕花朝,ㄩㄝˋ ㄒㄧˋ ㄏㄨㄚ ㄓㄠ
月夜花朝,ㄩㄝˋ ㄧㄝˋ ㄏㄨㄚ ㄓㄠ
月孛,ㄩㄝˋ ㄅㄛˊ
月宮娘娘,ㄩㄝˋ ㄍㄨㄥ ㄋㄧㄤˊ ˙ㄋㄧㄤ
月暈,ㄩㄝˋ ㄩㄣˋ
月暈效應,ㄩㄝˋ ㄩㄣˋ ㄒㄧㄠˋ ㄧㄥˋ
月暈而風,ㄩㄝˋ ㄩㄣˋ ㄦˊ ㄈㄥ
月氏,ㄩㄝˋ ㄓ
月相,ㄩㄝˋ ㄒㄧㄤˋ
月給,ㄩㄝˋ ㄐㄧˇ
月落參橫,ㄩㄝˋ ㄌㄨㄛˋ ㄕㄣ ㄏㄥˊ
月錢,ㄩㄝˋ ˙ㄑㄧㄢ
月長石,ㄩㄝˋ ㄔㄤˊ ㄕˊ
月頭兒,ㄩㄝˋ ㄊㄡˊ ㄦ
有一得一,ㄧㄡˇ ㄧ ㄉㄜˊ ㄧ
有一手兒,ㄧㄡˇ ㄧ ˙ㄕㄡ ㄦ
有人緣兒,ㄧㄡˇ ㄖㄣˊ ㄩㄢˊ ㄦ
有作為,ㄧㄡˇ ㄗㄨㄛˋ ㄨㄟˊ
有來頭,ㄧㄡˇ ㄌㄞˊ ˙ㄊㄡ
有信兒,ㄧㄡˇ ㄒㄧㄣˋ ㄦ
有個地洞鑽了下去,ㄧㄡˇ ˙ㄍㄜ ㄉㄧˋ ㄉㄨㄥˋ ㄗㄨㄢ ˙ㄌㄜ ㄒㄧㄚˋ ㄑㄩˋ
有個好歹,ㄧㄡˇ ˙ㄍㄜ ㄏㄠˇ ㄉㄞˇ
有個屁用,ㄧㄡˇ ˙ㄍㄜ ㄆㄧˋ ㄩㄥˋ
有個數兒,ㄧㄡˇ ˙ㄍㄜ ㄕㄨˋ ㄦ
有個說兒,ㄧㄡˇ ˙ㄍㄜ ㄕㄨㄛ ㄦ
有償行為,ㄧㄡˇ ㄔㄤˊ ㄒㄧㄥˊ ㄨㄟˊ
有其父必有其子,ㄧㄡˇ ㄑㄧˊ ㄈㄨˋ ㄅㄧˋ ㄧㄡˇ ㄑㄧˊ ㄗˇ
有出息,ㄧㄡˇ ㄔㄨ ˙ㄒㄧ
有分,ㄧㄡˇ ㄈㄣˋ
有分兒,ㄧㄡˇ ㄈㄣˋ ㄦ
有分寸,ㄧㄡˇ ㄈㄣ ˙ㄘㄨㄣ
有分教,ㄧㄡˇ ㄈㄣˋ ㄐㄧㄠˋ
有勾當,ㄧㄡˇ ㄍㄡˋ ㄉㄤ
有名亡實,ㄧㄡˇ ㄇㄧㄥˊ ㄨˊ ㄕˊ
有味兒,ㄧㄡˇ ㄨㄟˋ ㄦ
有天沒日頭,ㄧㄡˇ ㄊㄧㄢ ㄇㄟˊ ㄖˋ ˙ㄊㄡ
有奇,ㄧㄡˇ ㄐㄧ
有奔頭,ㄧㄡˇ ㄅㄣˋ ˙ㄊㄡ
有好兒,ㄧㄡˇ ㄏㄠˇ ㄦ
有子萬事足,ㄧㄡˇ ㄗˇ ㄨㄢˋ ㄕˋ ㄗㄨˊ
有得,ㄧㄡˇ ㄉㄜˊ
有得有失,ㄧㄡˇ ㄉㄜˊ ㄧㄡˇ ㄕ
有心眼兒,ㄧㄡˇ ㄒㄧㄣ ㄧㄢˇ ㄦ
有想頭,ㄧㄡˇ ㄒㄧㄤˇ ˙ㄊㄡ
有意思,ㄧㄡˇ ㄧˋ ˙ㄙ
有所作為,ㄧㄡˇ ㄙㄨㄛˇ ㄗㄨㄛˋ ㄨㄟˊ
有把傢伙,ㄧㄡˇ ˙ㄅㄚ ㄐㄧㄚ ˙ㄏㄨㄛ
有撇斷,ㄧㄡˇ ㄆㄧㄝˇ ㄉㄨㄢˋ
有數兒,ㄧㄡˇ ㄕㄨˋ ㄦ
有時候,ㄧㄡˇ ㄕˊ ˙ㄏㄡ
有時有晌兒,ㄧㄡˇ ㄕˊ ㄧㄡˇ ㄕㄤˇ ㄦ
有會子,ㄧㄡˇ ㄏㄨㄟˇ ˙ㄗ
有朝一日,ㄧㄡˇ ㄓㄠ ㄧ ㄖˋ
有根兒有派兒,ㄧㄡˇ ㄍㄣ ㄦ ㄧㄡˇ ㄆㄞˋ ㄦ
有模子,ㄧㄡˇ ㄇㄨˊ ˙ㄗ
有機質,ㄧㄡˇ ㄐㄧ ㄓˊ
有求必應,ㄧㄡˇ ㄑㄧㄡˊ ㄅㄧˋ ㄧㄥˋ
有求斯應,ㄧㄡˇ ㄑㄧㄡˊ ㄙ ㄧㄥˋ
有準兒,ㄧㄡˇ ㄓㄨㄣˇ ㄦ
有滋有味兒,ㄧㄡˇ ㄗ ㄧㄡˇ ㄨㄟˋ ㄦ
有為,ㄧㄡˇ ㄨㄟˊ
有瓜葛,ㄧㄡˇ ㄍㄨㄚ ˙ㄍㄜ
有的放矢,ㄧㄡˇ ㄉㄧˋ ㄈㄤˋ ㄕˇ
有盼兒,ㄧㄡˇ ㄆㄢˋ ㄦ
有眉目,ㄧㄡˇ ㄇㄟˊ ˙ㄇㄨ
有看頭,ㄧㄡˇ ㄎㄢˋ ˙ㄊㄡ
有碴兒,ㄧㄡˇ ㄔㄚˊ ㄦ
有空,ㄧㄡˇ ㄎㄨㄥˋ
有給職,ㄧㄡˇ ㄐㄧˇ ㄓˊ
有線電視暫行條例,ㄧㄡˇ ㄒㄧㄢˋ ㄉㄧㄢˋ ㄕˋ ㄓㄢˋ ㄒㄧㄥˊ ㄊㄧㄠˊ ㄌㄧˋ
有聽頭兒,ㄧㄡˇ ㄊㄧㄥ ˙ㄊㄡ ㄦ
有苗頭,ㄧㄡˇ ㄇㄧㄠˊ ˙ㄊㄡ
有落兒,ㄧㄡˇ ㄌㄠˋ ㄦ
有著落,ㄧㄡˇ ㄓㄨㄛˊ ˙ㄌㄨㄛ
有血性,ㄧㄡˇ ㄒㄩㄝˋ ㄒㄧㄥˋ
有血有肉,ㄧㄡˇ ㄒㄩㄝˋ ㄧㄡˇ ㄖㄡˋ
有行無市,ㄧㄡˇ ㄏㄤˊ ㄨˊ ㄕˋ
有被種子植物綱,ㄧㄡˇ ㄅㄟˋ ㄓㄨㄥˇ ㄗˇ ㄓˊ ㄨˋ ㄍㄤ
有講究,ㄧㄡˇ ㄐㄧㄤˇ ˙ㄐㄧㄡ
有證為憑,ㄧㄡˇ ㄓㄥˋ ㄨㄟˊ ㄆㄧㄥˊ
有譜兒,ㄧㄡˇ ㄆㄨˇ ㄦ
有賺頭,ㄧㄡˇ ㄓㄨㄢˋ ˙ㄊㄡ
有起色,ㄧㄡˇ ㄑㄧˇ ˙ㄙㄜ
有錢能使鬼推磨,ㄧㄡˇ ㄑㄧㄢˊ ㄋㄥˊ ㄕˇ ㄍㄨㄟˇ ㄊㄨㄟ ㄇㄛˋ
有門兒,ㄧㄡˇ ㄇㄣˊ ㄦ
有間,ㄧㄡˇ ㄐㄧㄢˋ
有面兒,ㄧㄡˇ ㄇㄧㄢˋ ㄦ
有頭兒,ㄧㄡˇ ㄊㄡˊ ㄦ
有骨頭,ㄧㄡˇ ㄍㄨˊ ˙ㄊㄡ
有點兒,ㄧㄡˇ ㄉㄧㄢˇ ㄦ
有點影兒,ㄧㄡˇ ㄉㄧㄢˇ ㄧㄥˇ ㄦ
朋比,ㄆㄥˊ ㄅㄧˋ
朋比作仇,ㄆㄥˊ ㄅㄧˋ ㄗㄨㄛˋ ㄔㄡˊ
朋比作奸,ㄆㄥˊ ㄅㄧˋ ㄗㄨㄛˋ ㄐㄧㄢ
朋比為奸,ㄆㄥˊ ㄅㄧˋ ㄨㄟˊ ㄐㄧㄢ
朋黨比周,ㄆㄥˊ ㄉㄤˇ ㄅㄧˋ ㄓㄡ
服低捋,ㄈㄨˊ ㄉㄧ ㄌㄜˋ
服侍,ㄈㄨˊ ˙ㄕ
服喪,ㄈㄨˊ ㄙㄤ
服服貼貼,ㄈㄨˊ ˙ㄈㄨ ㄊㄧㄝ ㄊㄧㄝ
服舍,ㄈㄨˊ ㄕㄜˋ
服裝模特兒,ㄈㄨˊ ㄓㄨㄤ ㄇㄛˊ ㄊㄜˋ ㄦ
服賈,ㄈㄨˊ ㄍㄨˇ
服降,ㄈㄨˊ ㄒㄧㄤˊ
朔吹,ㄕㄨㄛˋ ㄔㄨㄟˋ
朗巴兒,ㄌㄤˇ ㄅㄚ ㄦ
望子成龍,ㄨㄤˋ ㄗˇ ㄔㄥˊ ㄌㄨㄥˊ
望山走倒馬,ㄨㄤˋ ㄕㄢ ㄗㄡˇ ㄉㄠˇ ㄇㄚˇ
望洋興歎,ㄨㄤˋ ㄧㄤˊ ㄒㄧㄥ ㄊㄢˋ
望門妨,ㄨㄤˋ ㄇㄣˊ ㄈㄤ
望風披靡,ㄨㄤˋ ㄈㄥ ㄆㄧ ㄇㄧˇ
望風而降,ㄨㄤˋ ㄈㄥ ㄦˊ ㄒㄧㄤˊ
望風而靡,ㄨㄤˋ ㄈㄥ ㄦˊ ㄇㄧˇ
望風響應,ㄨㄤˋ ㄈㄥ ㄒㄧㄤˇ ㄧㄥˋ
朝三暮四,ㄓㄠ ㄙㄢ ㄇㄨˋ ㄙˋ
朝不保夕,ㄓㄠ ㄅㄨˋ ㄅㄠˇ ㄒㄧˋ
朝不保暮,ㄓㄠ ㄅㄨˋ ㄅㄠˇ ㄇㄨˋ
朝不及夕,ㄓㄠ ㄅㄨˋ ㄐㄧˊ ㄒㄧˋ
朝不圖夕,ㄓㄠ ㄅㄨˋ ㄊㄨˊ ㄒㄧˋ
朝不慮夕,ㄓㄠ ㄅㄨˋ ㄌㄩˋ ㄒㄧˋ
朝不謀夕,ㄓㄠ ㄅㄨˋ ㄇㄡˊ ㄒㄧˋ
朝乾夕惕,ㄓㄠ ㄑㄧㄢˊ ㄒㄧˋ ㄊㄧˋ
朝令夕改,ㄓㄠ ㄌㄧㄥˋ ㄒㄧˋ ㄍㄞˇ
朝令暮改,ㄓㄠ ㄌㄧㄥˋ ㄇㄨˋ ㄍㄞˇ
朝來暮去,ㄓㄠ ㄌㄞˊ ㄇㄨˋ ㄑㄩˋ
朝兢夕惕,ㄓㄠ ㄐㄧㄥ ㄒㄧˋ ㄊㄧˋ
朝出夕改,ㄓㄠ ㄔㄨ ㄒㄧˋ ㄍㄞˇ
朝升暮合,ㄓㄠ ㄕㄥ ㄇㄨˋ ㄍㄜˇ
朝參暮禮,ㄓㄠ ㄘㄢ ㄇㄨˋ ㄌㄧˇ
朝四暮三,ㄓㄠ ㄙˋ ㄇㄨˋ ㄙㄢ
朝夕,ㄓㄠ ㄒㄧˋ
朝夕不倦,ㄓㄠ ㄒㄧˋ ㄅㄨˋ ㄐㄩㄢˋ
朝夕難保,ㄓㄠ ㄒㄧˋ ㄋㄢˊ ㄅㄠˇ
朝天餛飩,ㄔㄠˊ ㄊㄧㄢ ㄏㄨㄣˊ ˙ㄉㄨㄣ
朝思夕想,ㄓㄠ ㄙ ㄒㄧˋ ㄒㄧㄤˇ
朝思夕計,ㄓㄠ ㄙ ㄒㄧˋ ㄐㄧˋ
朝思暮想,ㄓㄠ ㄙ ㄇㄨˋ ㄒㄧㄤˇ
朝日,ㄓㄠ ㄖˋ
朝日新聞,ㄓㄠ ㄖˋ ㄒㄧㄣ ㄨㄣˊ
朝暉,ㄓㄠ ㄏㄨㄟ
朝暮,ㄓㄠ ㄇㄨˋ
朝暮人,ㄓㄠ ㄇㄨˋ ㄖㄣˊ
朝暮課誦,ㄓㄠ ㄇㄨˋ ㄎㄜˋ ㄙㄨㄥˋ
朝暾,ㄓㄠ ㄊㄨㄣ
朝曦,ㄓㄠ ㄒㄧ
朝更夕改,ㄓㄠ ㄍㄥ ㄒㄧˋ ㄍㄞˇ
朝更暮改,ㄓㄠ ㄍㄥ ㄇㄨˋ ㄍㄞˇ
朝會,ㄓㄠ ㄏㄨㄟˋ
朝朝,ㄓㄠ ㄓㄠ
朝朝暮暮,ㄓㄠ ㄓㄠ ㄇㄨˋ ㄇㄨˋ
朝東暮西,ㄓㄠ ㄉㄨㄥ ㄇㄨˋ ㄒㄧ
朝梁暮晉,ㄓㄠ ㄌㄧㄤˊ ㄇㄨˋ ㄐㄧㄣˋ
朝梁暮陳,ㄓㄠ ㄌㄧㄤˊ ㄇㄨˋ ㄔㄣˊ
朝榮夕悴,ㄓㄠ ㄖㄨㄥˊ ㄒㄧˋ ㄘㄨㄟˋ
朝榮夕斃,ㄓㄠ ㄖㄨㄥˊ ㄒㄧˋ ㄅㄧˋ
朝榮夕滅,ㄓㄠ ㄖㄨㄥˊ ㄒㄧˋ ㄇㄧㄝˋ
朝榮暮落,ㄓㄠ ㄖㄨㄥˊ ㄇㄨˋ ㄌㄨㄛˋ
朝槿,ㄓㄠ ㄐㄧㄣˇ
朝歌,ㄓㄠ ㄍㄜ
朝歌夜絃,ㄓㄠ ㄍㄜ ㄧㄝˋ ㄒㄧㄢˊ
朝歌暮樂,ㄓㄠ ㄍㄜ ㄇㄨˋ ㄩㄝˋ
朝歌暮絃,ㄓㄠ ㄍㄜ ㄇㄨˋ ㄒㄧㄢˊ
朝歌鼓刀,ㄓㄠ ㄍㄜ ㄍㄨˇ ㄉㄠ
朝歡暮樂,ㄓㄠ ㄏㄨㄢ ㄇㄨˋ ㄌㄜˋ
朝氣,ㄓㄠ ㄑㄧˋ
朝氣勃勃,ㄓㄠ ㄑㄧˋ ㄅㄛˊ ㄅㄛˊ
朝氣蓬勃,ㄓㄠ ㄑㄧˋ ㄆㄥˊ ㄅㄛˊ
朝生暮死,ㄓㄠ ㄕㄥ ㄇㄨˋ ㄙˇ
朝發夕至,ㄓㄠ ㄈㄚ ㄒㄧˋ ㄓˋ
朝秦暮楚,ㄓㄠ ㄑㄧㄣˊ ㄇㄨˋ ㄔㄨˇ
朝經暮史,ㄓㄠ ㄐㄧㄥ ㄇㄨˋ ㄕˇ
朝聞夕改,ㄓㄠ ㄨㄣˊ ㄒㄧˋ ㄍㄞˇ
朝聞夕死,ㄓㄠ ㄨㄣˊ ㄒㄧˋ ㄙˇ
朝菌,ㄓㄠ ㄐㄩㄣˋ
朝虀暮鹽,ㄓㄠ ㄐㄧ ㄇㄨˋ ㄧㄢˊ
朝行夕改,ㄓㄠ ㄒㄧㄥˊ ㄒㄧˋ ㄍㄞˇ
朝西暮東,ㄓㄠ ㄒㄧ ㄇㄨˋ ㄉㄨㄥ
朝趁暮食,ㄓㄠ ㄔㄣˋ ㄇㄨˋ ㄕˊ
朝過夕改,ㄓㄠ ㄍㄨㄛˋ ㄒㄧˋ ㄍㄞˇ
朝鐘暮鼓,ㄓㄠ ㄓㄨㄥ ㄇㄨˋ ㄍㄨˇ
朝陽,ㄓㄠ ㄧㄤˊ
朝陽方案,ㄓㄠ ㄧㄤˊ ㄈㄤ ㄢˋ
朝陽鳴鳳,ㄓㄠ ㄧㄤˊ ㄇㄧㄥˊ ㄈㄥˋ
朝雲,ㄓㄠ ㄩㄣˊ
朝雲暮雨,ㄓㄠ ㄩㄣˊ ㄇㄨˋ ㄩˇ
朝霞,ㄓㄠ ㄒㄧㄚˊ
朝霧,ㄓㄠ ㄨˋ
朝露,ㄓㄠ ㄌㄨˋ
朝飯,ㄓㄠ ㄈㄢˋ
朝餐夜宿,ㄓㄠ ㄘㄢ ㄧㄝˋ ㄙㄨˋ
朝饔夕飧,ㄓㄠ ㄩㄥ ㄒㄧˋ ㄙㄨㄣ
期功,ㄐㄧ ㄍㄨㄥ
期年,ㄐㄧ ㄋㄧㄢˊ
期月,ㄐㄧ ㄩㄝˋ
期月有成,ㄐㄧ ㄩㄝˋ ㄧㄡˇ ㄔㄥˊ
期服,ㄐㄧ ㄈㄨˊ
期歲,ㄐㄧ ㄙㄨㄟˋ
木作,ㄇㄨˋ ㄗㄨㄛ
木刻,ㄇㄨˋ ㄎㄜ
木刻水印,ㄇㄨˋ ㄎㄜ ㄕㄨㄟˇ ㄧㄣˋ
木刻畫,ㄇㄨˋ ㄎㄜ ㄏㄨㄚˋ
木強,ㄇㄨˋ ㄐㄧㄤˋ
木柈子,ㄇㄨˋ ㄆㄢˋ ˙ㄗ
木楂,ㄇㄨˋ ㄔㄚˊ
木猴而冠,ㄇㄨˋ ㄏㄡˊ ㄦˊ ㄍㄨㄢˋ
木皮散人鼓詞,ㄇㄨˋ ㄆㄧˊ ㄙㄢˇ ㄖㄣˊ ㄍㄨˇ ㄘˊ
木石為徒,ㄇㄨˋ ㄕˊ ㄨㄟˊ ㄊㄨˊ
木禺,ㄇㄨˋ ㄡˇ
木管樂器,ㄇㄨˋ ㄍㄨㄢˇ ㄩㄝˋ ㄑㄧˋ
木胎兒,ㄇㄨˋ ㄊㄞ ㄦ
木質,ㄇㄨˋ ㄓˊ
木質莖,ㄇㄨˋ ㄓˊ ㄐㄧㄥ
木質部,ㄇㄨˋ ㄓˊ ㄅㄨˋ
木頭,ㄇㄨˋ ˙ㄊㄡ
木頭人,ㄇㄨˋ ˙ㄊㄡ ㄖㄣˊ
木頭似的,ㄇㄨˋ ˙ㄊㄡ ㄙˋ ˙ㄉㄜ
木頭眼鏡兒,ㄇㄨˋ ˙ㄊㄡ ㄧㄢˇ ㄐㄧㄥˋ ㄦ
木餾油,ㄇㄨˋ ㄌㄧㄡˋ ㄧㄡˊ
未了,ㄨㄟˋ ㄌㄧㄠˇ
未了公案,ㄨㄟˋ ㄌㄧㄠˇ ㄍㄨㄥ ㄢˋ
未了因,ㄨㄟˋ ㄌㄧㄠˇ ㄧㄣ
未了情,ㄨㄟˋ ㄌㄧㄠˇ ㄑㄧㄥˊ
未冠,ㄨㄟˋ ㄍㄨㄢˋ
未婚媽媽,ㄨㄟˋ ㄏㄨㄣ ㄇㄚ ˙ㄇㄚ
未省,ㄨㄟˋ ㄒㄧㄥˇ
未艾方興,ㄨㄟˋ ㄞˋ ㄈㄤ ㄒㄧㄥ
未足為道,ㄨㄟˋ ㄗㄨˊ ㄨㄟˊ ㄉㄠˋ
未達一間,ㄨㄟˋ ㄉㄚˊ ㄧ ㄐㄧㄢˋ
末了,ㄇㄛˋ ㄌㄧㄠˇ
末兒,ㄇㄛˋ ㄦ
末末了,ㄇㄛˋ ㄇㄛˋ ㄌㄧㄠˇ
末節細行,ㄇㄛˋ ㄐㄧㄝˊ ㄒㄧˋ ㄒㄧㄥˋ
末腳,ㄇㄛˋ ㄐㄩㄝˊ
末著,ㄇㄛˋ ㄓㄠ
末行,ㄇㄛˋ ㄏㄤˊ
本事不濟,ㄅㄣˇ ˙ㄕ ㄅㄨˋ ㄐㄧˋ
本事高強,ㄅㄣˇ ˙ㄕ ㄍㄠ ㄑㄧㄤˊ
本分,ㄅㄣˇ ㄈㄣˋ
本分事,ㄅㄣˇ ㄈㄣˋ ㄕˋ
本分錢,ㄅㄣˇ ㄈㄣˋ ㄑㄧㄢˊ
本末不稱,ㄅㄣˇ ㄇㄛˋ ㄅㄨˋ ㄔㄥˋ
本末顛倒,ㄅㄣˇ ㄇㄛˋ ㄉㄧㄢ ㄉㄠˇ
本本分分,ㄅㄣˇ ㄅㄣˇ ㄈㄣˋ ㄈㄣˋ
本相,ㄅㄣˇ ㄒㄧㄤˋ
本等伎倆,ㄅㄣˇ ㄉㄥˇ ㄐㄧˋ ㄌㄧㄤˇ
本色當行,ㄅㄣˇ ㄙㄜˋ ㄉㄤ ㄏㄤˊ
本行,ㄅㄣˇ ㄏㄤˊ
本質,ㄅㄣˇ ㄓˊ
札什倫布寺,ㄓㄚˊ ㄕˊ ㄌㄨㄣˊ ㄅㄨˋ ㄙˋ
札板兒,ㄓㄚˊ ㄅㄢˇ ㄦ
朱子學,ㄓㄨ ㄗˇ ㄒㄩㄝˊ
朱子家訓,ㄓㄨ ㄗˇ ㄐㄧㄚ ㄒㄩㄣˋ
朱子治家格言,ㄓㄨ ㄗˇ ㄓˋ ㄐㄧㄚ ㄍㄜˊ ㄧㄢˊ
朱子語錄,ㄓㄨ ㄗˇ ㄩˇ ㄌㄨˋ
朱子語類,ㄓㄨ ㄗˇ ㄩˇ ㄌㄟˋ
朱提,ㄓㄨ ㄕˊ
朱柏廬,ㄓㄨ ㄅㄛˊ ㄌㄨˊ
朱雲折檻,ㄓㄨ ㄩㄣˊ ㄓㄜˊ ㄐㄧㄢˋ
朴子市,ㄆㄨˊ ㄗˇ ㄕˋ
朴硝,ㄆㄛˋ ㄒㄧㄠ
朴資茅斯,ㄆㄛˋ ㄗ ㄇㄠˊ ㄙ
朴資茅斯條約,ㄆㄛˋ ㄗ ㄇㄠˊ ㄙ ㄊㄧㄠˊ ㄩㄝ
朵頤大嚼,ㄉㄨㄛˇ ㄧˊ ㄉㄚˋ ㄐㄧㄠˊ
杆圈兒,ㄍㄢ ㄑㄩㄢ ㄦ
杈子,ㄔㄚ ㄗˇ
李娃傳,ㄌㄧˇ ㄨㄚˊ ㄓㄨㄢˋ
李少君,ㄌㄧˇ ㄕㄠˋ ㄐㄩㄣ
杏乾兒,ㄒㄧㄥˋ ㄍㄢ ㄦ
杏核兒,ㄒㄧㄥˋ ㄏㄜˊ ㄦ
杏脯,ㄒㄧㄥˋ ㄈㄨˇ
材質,ㄘㄞˊ ㄓˊ
材輕德薄,ㄘㄞˊ ㄑㄧㄥ ㄉㄜˊ ㄅㄛˊ
材高知深,ㄘㄞˊ ㄍㄠ ㄓˋ ㄕㄣ
村夫俗子,ㄘㄨㄣ ㄈㄨ ㄙㄨˊ ㄗˇ
村夫子,ㄘㄨㄣ ㄈㄨ ㄗˇ
村強,ㄘㄨㄣ ㄐㄧㄤˋ
杓倈,ㄕㄠˊ ㄌㄞˊ
杖期,ㄓㄤˋ ㄐㄧ
杖期夫,ㄓㄤˋ ㄐㄧ ㄈㄨ
杜塞,ㄉㄨˋ ㄙㄜˋ
杜門屏跡,ㄉㄨˋ ㄇㄣˊ ㄅㄧㄥˇ ㄐㄧ
杜鵑啼血,ㄉㄨˋ ㄐㄩㄢ ㄊㄧˊ ㄒㄩㄝˋ
杠人,ㄍㄤˋ ㄖㄣˊ
杯杓,ㄅㄟ ㄕㄠˊ
杯水車薪,ㄅㄟ ㄕㄨㄟˇ ㄐㄩ ㄒㄧㄣ
杯茗,ㄅㄟ ㄇㄧㄥˇ
杯蛇鬼車,ㄅㄟ ㄕㄜˊ ㄍㄨㄟˇ ㄐㄩ
東一榔頭西一棒,ㄉㄨㄥ ㄧ ㄌㄤˊ ˙ㄊㄡ ㄒㄧ ㄧ ㄅㄤˋ
東倒西歪,ㄉㄨㄥ ㄉㄠˇ ㄒㄧ ㄨㄞ
東兒,ㄉㄨㄥ ㄦ
東坡椅兒,ㄉㄨㄥ ㄆㄛ ㄧˇ ㄦ
東家之子,ㄉㄨㄥ ㄐㄧㄚ ㄓ ㄗˇ
東家長西家短,ㄉㄨㄥ ㄐㄧㄚ ㄔㄤˊ ㄒㄧ ㄐㄧㄚ ㄉㄨㄢˇ
東差西誤,ㄉㄨㄥ ㄔㄚ ㄒㄧ ㄨˋ
東扯西拽,ㄉㄨㄥ ㄔㄜˇ ㄒㄧ ㄓㄨㄞˋ
東扶西倒,ㄉㄨㄥ ㄈㄨˊ ㄒㄧ ㄉㄠˇ
東撈西摸,ㄉㄨㄥ ㄌㄠˊ ㄒㄧ ㄇㄛ
東方騎,ㄉㄨㄥ ㄈㄤ ㄐㄧˋ
東柏林,ㄉㄨㄥ ㄅㄛˊ ㄌㄧㄣˊ
東歪西倒,ㄉㄨㄥ ㄨㄞ ㄒㄧ ㄉㄠˇ
東淨裡的磚兒,ㄉㄨㄥ ㄐㄧㄥˋ ㄌㄧˇ ˙ㄉㄜ ㄓㄨㄢ ㄦ
東漸,ㄉㄨㄥ ㄐㄧㄢ
東漸西被,ㄉㄨㄥ ㄐㄧㄢ ㄒㄧ ㄅㄟˋ
東瓜茄子,ㄉㄨㄥ ㄍㄨㄚ ㄑㄧㄝˊ ˙ㄗ
東翻西倒,ㄉㄨㄥ ㄈㄢ ㄒㄧ ㄉㄠˇ
東觀,ㄉㄨㄥ ㄍㄨㄢˋ
東觀之殃,ㄉㄨㄥ ㄍㄨㄢˋ ㄓ ㄧㄤ
東轉西晃,ㄉㄨㄥ ㄓㄨㄢˇ ㄒㄧ ㄏㄨㄤˋ
東都,ㄉㄨㄥ ㄉㄨ
東鄰西舍,ㄉㄨㄥ ㄌㄧㄣˊ ㄒㄧ ㄕㄜˋ
東量西折,ㄉㄨㄥ ㄌㄧㄤˊ ㄒㄧ ㄕㄜˊ
東風壓倒西風,ㄉㄨㄥ ㄈㄥ ㄧㄚ ㄉㄠˇ ㄒㄧ ㄈㄥ
東鱗西爪,ㄉㄨㄥ ㄌㄧㄣˊ ㄒㄧ ㄓㄨㄚˇ
東鳴西應,ㄉㄨㄥ ㄇㄧㄥˊ ㄒㄧ ㄧㄥˋ
松子,ㄙㄨㄥ ㄗˇ
松柏,ㄙㄨㄥ ㄅㄛˊ
松柏之堅,ㄙㄨㄥ ㄅㄛˊ ㄓ ㄐㄧㄢ
松柏之壽,ㄙㄨㄥ ㄅㄛˊ ㄓ ㄕㄡˋ
松柏之茂,ㄙㄨㄥ ㄅㄛˊ ㄓ ㄇㄠˋ
松柏園,ㄙㄨㄥ ㄅㄛˊ ㄩㄢˊ
松柏後凋,ㄙㄨㄥ ㄅㄛˊ ㄏㄡˋ ㄉㄧㄠ
松柏節操,ㄙㄨㄥ ㄅㄛˊ ㄐㄧㄝˊ ㄘㄠ
松柏長青,ㄙㄨㄥ ㄅㄛˊ ㄔㄤˊ ㄑㄧㄥ
松柏長青茶,ㄙㄨㄥ ㄅㄛˊ ㄔㄤˊ ㄑㄧㄥ ㄔㄚˊ
松皮癬,ㄙㄨㄥ ㄆㄧˊ ㄒㄧㄢˇ
松香油,ㄙㄨㄥ ˙ㄒㄧㄤ ㄧㄡˊ
板上釘釘,ㄅㄢˇ ㄕㄤˋ ㄉㄧㄥˋ ㄉㄧㄥ
板兒,ㄅㄢˇ ㄦ
板兒車,ㄅㄢˇ ㄦ ㄔㄜ
枇杷,ㄆㄧˊ ˙ㄆㄚ
枇杷膏,ㄆㄧˊ ˙ㄆㄚ ㄍㄠ
析骸易子,ㄒㄧ ㄏㄞˊ ㄧˋ ㄗˇ
枓栱,ㄉㄡˇ ㄍㄨㄥˇ
枕塊,ㄓㄣˋ ㄎㄨㄞˋ
枕戈嘗膽,ㄓㄣˋ ㄍㄜ ㄔㄤˊ ㄉㄢˇ
枕戈坐甲,ㄓㄣˋ ㄍㄜ ㄗㄨㄛˋ ㄐㄧㄚˇ
枕戈寢甲,ㄓㄣˋ ㄍㄜ ㄑㄧㄣˇ ㄐㄧㄚˇ
枕戈待敵,ㄓㄣˋ ㄍㄜ ㄉㄞˋ ㄉㄧˊ
枕戈待旦,ㄓㄣˋ ㄍㄜ ㄉㄞˋ ㄉㄢˋ
枕戈汗馬,ㄓㄣˋ ㄍㄜ ㄏㄢˋ ㄇㄚˇ
枕戈泣血,ㄓㄣˋ ㄍㄜ ㄑㄧˋ ㄒㄩㄝˋ
枕戈飲膽,ㄓㄣˋ ㄍㄜ ㄧㄣˇ ㄉㄢˇ
枕流漱石,ㄓㄣˋ ㄌㄧㄡˊ ㄕㄨˋ ㄕˊ
枕石漱流,ㄓㄣˋ ㄕˊ ㄕㄨˋ ㄌㄧㄡˊ
枕經藉史,ㄓㄣˋ ㄐㄧㄥ ㄐㄧㄝˋ ㄕˇ
枕腕,ㄓㄣˋ ㄨㄢˋ
枕藉,ㄓㄣˋ ㄐㄧㄝˋ
枕頭,ㄓㄣˇ ˙ㄊㄡ
枕頭箱,ㄓㄣˇ ˙ㄊㄡ ㄒㄧㄤ
林冲夜奔,ㄌㄧㄣˊ ㄔㄨㄥ ㄧㄝˋ ㄅㄣˋ
林場,ㄌㄧㄣˊ ㄔㄤˊ
林濤,ㄌㄧㄣˊ ㄊㄠ
林相,ㄌㄧㄣˊ ㄒㄧㄤˋ
林薄,ㄌㄧㄣˊ ㄅㄛˊ
枘圓鑿方,ㄖㄨㄟˋ ㄩㄢˊ ㄗㄨㄛˋ ㄈㄤ
枘鑿,ㄖㄨㄟˋ ㄗㄨㄛˋ
果乾,ㄍㄨㄛˇ ㄍㄢ
果兒,ㄍㄨㄛˇ ㄦ
果勁,ㄍㄨㄛˇ ㄐㄧㄥˋ
果子乾兒,ㄍㄨㄛˇ ˙ㄗ ㄍㄢ ㄦ
果料兒,ㄍㄨㄛˇ ㄌㄧㄠˋ ㄦ
果碟兒,ㄍㄨㄛˇ ㄉㄧㄝˊ ㄦ
果脯,ㄍㄨㄛˇ ㄈㄨˇ
果菜市場,ㄍㄨㄛˇ ㄘㄞˋ ㄕˋ ㄔㄤˊ
枝兒,ㄓ ㄦ
枝指,ㄑㄧˊ ㄓˇ
枯乾,ㄎㄨ ㄍㄢ
枯楊生華,ㄎㄨ ㄧㄤˊ ㄕㄥ ㄏㄨㄚ
枯樹生華,ㄎㄨ ㄕㄨˋ ㄕㄥ ㄏㄨㄚ
枯魚涸轍,ㄎㄨ ㄩˊ ㄏㄜˊ ㄔㄜˋ
枳椇,ㄐㄧˇ ㄐㄩˇ
枳首,ㄐㄧˇ ㄕㄡˇ
枵腹重趼,ㄒㄧㄠ ㄈㄨˋ ㄔㄨㄥˊ ㄐㄧㄢˇ
架兒,ㄐㄧㄚˋ ㄦ
架弄,ㄐㄧㄚˋ ˙ㄋㄨㄥ
架式,ㄐㄧㄚˋ ˙ㄕ
架舌頭,ㄐㄧㄚˋ ㄕㄜˊ ˙ㄊㄡ
架謊鑿空,ㄐㄧㄚˋ ㄏㄨㄤˇ ㄗㄨㄛˋ ㄎㄨㄥ
枸杞子,ㄍㄡˇ ㄑㄧˇ ㄗˇ
枸櫞,ㄐㄩˇ ㄩㄢˊ
枸櫞酸,ㄐㄩˇ ㄩㄢˊ ㄙㄨㄢ
枸醬,ㄐㄩˇ ㄐㄧㄤˋ
枹鼓,ㄈㄨˊ ㄍㄨˇ
枹鼓相應,ㄈㄨˊ ㄍㄨˇ ㄒㄧㄤ ㄧㄥˋ
柏京其,ㄅㄛˊ ㄐㄧㄥ ㄑㄧˊ
柏克,ㄅㄛˊ ㄎㄜˋ
柏克曼溫度計,ㄅㄛˊ ㄎㄜˋ ㄇㄢˋ ㄨㄣ ㄉㄨˋ ㄐㄧˋ
柏克萊,ㄅㄛˊ ㄎㄜˋ ㄌㄞˊ
柏利尼家族,ㄅㄛˊ ㄌㄧˋ ㄋㄧˊ ㄐㄧㄚ ㄗㄨˊ
柏卡里,ㄅㄛˊ ㄎㄚˇ ㄌㄧˇ
柏吉斯法,ㄅㄛˊ ㄐㄧˊ ㄙ ㄈㄚˇ
柏吉烏斯,ㄅㄛˊ ㄐㄧˊ ㄨ ㄙ
柏塞麥,ㄅㄛˊ ㄙㄜˋ ㄇㄞˋ
柏子,ㄅㄛˊ ˙ㄗ
柏府,ㄅㄛˊ ㄈㄨˇ
柏拉圖,ㄅㄛˊ ㄌㄚ ㄊㄨˊ
柏文蔚,ㄅㄛˊ ㄨㄣˊ ㄨㄟˋ
柏木,ㄅㄛˊ ㄇㄨˋ
柏木油,ㄅㄛˊ ㄇㄨˋ ㄧㄡˊ
柏林,ㄅㄛˊ ㄌㄧㄣˊ
柏林劇團,ㄅㄛˊ ㄌㄧㄣˊ ㄐㄩˋ ㄊㄨㄢˊ
柏林圍牆,ㄅㄛˊ ㄌㄧㄣˊ ㄨㄟˊ ㄑㄧㄤˊ
柏林大學,ㄅㄛˊ ㄌㄧㄣˊ ㄉㄚˋ ㄒㄩㄝˊ
柏林影展,ㄅㄛˊ ㄌㄧㄣˊ ㄧㄥˇ ㄓㄢˇ
柏林會議,ㄅㄛˊ ㄌㄧㄣˊ ㄏㄨㄟˋ ㄧˋ
柏林樂派,ㄅㄛˊ ㄌㄧㄣˊ ㄩㄝˋ ㄆㄞˋ
柏格曼,ㄅㄛˊ ㄍㄜˊ ㄇㄢˋ
柏格森,ㄅㄛˊ ㄍㄜˊ ㄙㄣ
柏梁臺,ㄅㄛˊ ㄌㄧㄤˊ ㄊㄞˊ
柏梁詩,ㄅㄛˊ ㄌㄧㄤˊ ㄕ
柏梁體,ㄅㄛˊ ㄌㄧㄤˊ ㄊㄧˇ
柏樹,ㄅㄛˊ ㄕㄨˋ
柏油,ㄅㄛˊ ㄧㄡˊ
柏油紙,ㄅㄛˊ ㄧㄡˊ ㄓˇ
柏油路,ㄅㄛˊ ㄧㄡˊ ㄌㄨˋ
柏濟力阿斯,ㄅㄛˊ ㄐㄧˋ ㄌㄧˋ ㄚ ㄙ
柏濩,ㄅㄛˊ ㄏㄨㄛˋ
柏特斯加登,ㄅㄛˊ ㄊㄜˋ ㄙ ㄐㄧㄚ ㄉㄥ
柏翳,ㄅㄛˊ ㄧˋ
柏臺,ㄅㄛˊ ㄊㄞˊ
柏臺烏府,ㄅㄛˊ ㄊㄞˊ ㄨ ㄈㄨˇ
柏舟,ㄅㄛˊ ㄓㄡ
柏舟之痛,ㄅㄛˊ ㄓㄡ ㄓ ㄊㄨㄥˋ
柏舟之節,ㄅㄛˊ ㄓㄡ ㄓ ㄐㄧㄝˊ
柏舟之誓,ㄅㄛˊ ㄓㄡ ㄓ ㄕˋ
柏舟操,ㄅㄛˊ ㄓㄡ ㄘㄠ
柏鄉縣,ㄅㄛˊ ㄒㄧㄤ ㄒㄧㄢˋ
柏酒,ㄅㄛˊ ㄐㄧㄡˇ
柏金,ㄅㄛˊ ㄐㄧㄣ
柏金森氏病,ㄅㄛˊ ㄐㄧㄣ ㄙㄣ ㄕˋ ㄅㄧㄥˋ
柏青哥,ㄅㄛˊ ㄑㄧㄥ ㄍㄜ
柏頓,ㄅㄛˊ ㄉㄨㄣˋ
柏高,ㄅㄛˊ ㄍㄠ
某舍,ㄇㄡˇ ㄕㄜˋ
查士丁尼一世,ㄓㄚ ㄕˋ ㄉㄧㄥ ㄋㄧˊ ㄧ ㄕˋ
查士丁尼法典,ㄓㄚ ㄕˋ ㄉㄧㄥ ㄋㄧˊ ㄈㄚˇ ㄉㄧㄢˇ
查士標,ㄓㄚ ㄕˋ ㄅㄧㄠ
查慎行,ㄓㄚ ㄕㄣˋ ㄒㄧㄥˊ
查果,ㄓㄚ ㄍㄨㄛˇ
查梨,ㄓㄚ ㄌㄧˊ
查沙,ㄓㄚ ㄕㄚ
查處,ㄔㄚˊ ㄔㄨˇ
查裹,ㄓㄚ ㄍㄨㄛˇ
柬帖,ㄐㄧㄢˇ ㄊㄧㄝˇ
柳宿,ㄌㄧㄡˇ ㄒㄧㄡˋ
柳毅傳,ㄌㄧㄡˇ ㄧˋ ㄓㄨㄢˋ
柳氏傳,ㄌㄧㄡˇ ㄕˋ ㄓㄨㄢˋ
柳葉兒,ㄌㄧㄡˇ ㄧㄝˋ ㄦ
柴心兒,ㄔㄞˊ ㄒㄧㄣ ㄦ
柴火,ㄔㄞˊ ˙ㄏㄨㄛ
柴立不阿,ㄔㄞˊ ㄌㄧˋ ㄅㄨˋ ㄜ
柴頭,ㄔㄞˊ ˙ㄊㄡ
柵剌子,ㄓㄚˋ ㄌㄚˋ ˙ㄗ
柷敔,ㄓㄨˋ ㄩˇ
栒子木,ㄒㄩㄣˊ ㄗˇ ㄇㄨˋ
栓塞,ㄕㄨㄢ ㄙㄜˋ
栖息,ㄒㄧ ㄒㄧˊ
栖栖,ㄒㄧ ㄒㄧ
栖身,ㄒㄧ ㄕㄣ
栗喇,ㄌㄧˋ ˙ㄌㄚ
栗苞,ㄌㄧˋ ˙ㄅㄠ
栗鑿,ㄌㄧˋ ㄗㄨㄛˋ
校人,ㄐㄧㄠˋ ㄖㄣˊ
校勘,ㄐㄧㄠˋ ㄎㄢ
校勘學,ㄐㄧㄠˋ ㄎㄢ ㄒㄩㄝˊ
校場,ㄐㄧㄠˋ ㄔㄤˊ
校尉,ㄐㄧㄠˋ ㄨㄟˋ
校對,ㄐㄧㄠˋ ㄉㄨㄟˋ
校對員,ㄐㄧㄠˋ ㄉㄨㄟˋ ㄩㄢˊ
校改,ㄐㄧㄠˋ ㄍㄞˇ
校書,ㄐㄧㄠˋ ㄕㄨ
校書郎,ㄐㄧㄠˋ ㄕㄨ ㄌㄤˊ
校本,ㄐㄧㄠˋ ㄅㄣˇ
校樣,ㄐㄧㄠˋ ㄧㄤˋ
校正,ㄐㄧㄠˋ ㄓㄥˋ
校準,ㄐㄧㄠˋ ㄓㄨㄣˇ
校獵,ㄐㄧㄠˋ ㄌㄧㄝˋ
校理,ㄐㄧㄠˋ ㄌㄧˇ
校稿,ㄐㄧㄠˋ ㄍㄠˇ
校綴,ㄐㄧㄠˋ ㄓㄨㄟˋ
校舍,ㄒㄧㄠˋ ㄕㄜˋ
校訂,ㄐㄧㄠˋ ㄉㄧㄥˋ
校計,ㄐㄧㄠˋ ㄐㄧˋ
校讎,ㄐㄧㄠˋ ㄔㄡˊ
校閱,ㄐㄧㄠˋ ㄩㄝˋ
校點,ㄐㄧㄠˋ ㄉㄧㄢˇ
核反應,ㄏㄜˊ ㄈㄢˇ ㄧㄥˋ
核反應器,ㄏㄜˊ ㄈㄢˇ ㄧㄥˋ ㄑㄧˋ
核子,ㄏㄜˊ ㄗˇ
核子作用,ㄏㄜˊ ㄗˇ ㄗㄨㄛˋ ㄩㄥˋ
核子分裂,ㄏㄜˊ ㄗˇ ㄈㄣ ㄌㄧㄝˋ
核子力,ㄏㄜˊ ㄗˇ ㄌㄧˋ
核子動力潛艇,ㄏㄜˊ ㄗˇ ㄉㄨㄥˋ ㄌㄧˋ ㄑㄧㄢˊ ㄊㄧㄥˇ
核子動力船,ㄏㄜˊ ㄗˇ ㄉㄨㄥˋ ㄌㄧˋ ㄔㄨㄢˊ
核子反應,ㄏㄜˊ ㄗˇ ㄈㄢˇ ㄧㄥˋ
核子反應爐,ㄏㄜˊ ㄗˇ ㄈㄢˇ ㄧㄥˋ ㄌㄨˊ
核子工程學,ㄏㄜˊ ㄗˇ ㄍㄨㄥ ㄔㄥˊ ㄒㄩㄝˊ
核子戰爭,ㄏㄜˊ ㄗˇ ㄓㄢˋ ㄓㄥ
核子戰略,ㄏㄜˊ ㄗˇ ㄓㄢˋ ㄌㄩㄝˋ
核子武器,ㄏㄜˊ ㄗˇ ㄨˇ ㄑㄧˋ
核子燃料,ㄏㄜˊ ㄗˇ ㄖㄢˊ ㄌㄧㄠˋ
核子能,ㄏㄜˊ ㄗˇ ㄋㄥˊ
核子試爆,ㄏㄜˊ ㄗˇ ㄕˋ ㄅㄠˋ
核子試驗,ㄏㄜˊ ㄗˇ ㄕˋ ㄧㄢˋ
核子醫學,ㄏㄜˊ ㄗˇ ㄧ ㄒㄩㄝˊ
核子防護,ㄏㄜˊ ㄗˇ ㄈㄤˊ ㄏㄨˋ
核心分子,ㄏㄜˊ ㄒㄧㄣ ㄈㄣˋ ˙ㄗ
核桃,ㄏㄜˊ ˙ㄊㄠ
根兒,ㄍㄣ ㄦ
根兒底下,ㄍㄣ ㄦ ㄉㄧˇ ˙ㄒㄧㄚ
根頭,ㄍㄣ ˙ㄊㄡ
格列佛遊記,ㄍㄜˊ ㄌㄧㄝˋ ㄈㄛˊ ㄧㄡˊ ㄐㄧˋ
格喳,ㄍㄜˊ ㄔㄚ
格格,ㄍㄜˊ ˙ㄍㄜ
格正,ㄍㄜˊ ˙ㄓㄥ
格磴兒,ㄍㄜˊ ㄉㄥˋ ㄦ
栽種,ㄗㄞ ㄓㄨㄥˋ
栽跟頭,ㄗㄞ ㄍㄣ ˙ㄊㄡ
桀敖不馴,ㄐㄧㄝˊ ㄠˋ ㄅㄨˋ ㄒㄩㄣˊ
桀驁,ㄐㄧㄝˊ ㄠˋ
桀驁不恭,ㄐㄧㄝˊ ㄠˋ ㄅㄨˋ ㄍㄨㄥ
桀驁不遜,ㄐㄧㄝˊ ㄠˋ ㄅㄨˋ ㄒㄩㄣˋ
桀驁不馴,ㄐㄧㄝˊ ㄠˋ ㄅㄨˋ ㄒㄩㄣˊ
桀驁難馴,ㄐㄧㄝˊ ㄠˋ ㄋㄢˊ ㄒㄩㄣˊ
桁楊,ㄏㄤˊ ㄧㄤˊ
桂子,ㄍㄨㄟˋ ㄗˇ
桂子蘭孫,ㄍㄨㄟˋ ㄗˇ ㄌㄢˊ ㄙㄨㄣ
桂子飄香,ㄍㄨㄟˋ ㄗˇ ㄆㄧㄠ ㄒㄧㄤ
桂宮柏寢,ㄍㄨㄟˋ ㄍㄨㄥ ㄅㄛˊ ㄑㄧㄣˇ
桂父,ㄍㄨㄟˋ ㄈㄨˇ
桃園國際機場,ㄊㄠˊ ㄩㄢˊ ㄍㄨㄛˊ ㄐㄧˋ ㄐㄧ ㄔㄤˊ
桃花薄命,ㄊㄠˊ ㄏㄨㄚ ㄅㄛˊ ㄇㄧㄥˋ
桄子,ㄍㄨㄤˋ ˙ㄗ
框框,ㄎㄨㄤ ˙ㄎㄨㄤ
案卷,ㄢˋ ㄐㄩㄢˋ
桌面兒上,ㄓㄨㄛ ㄇㄧㄢˋ ㄦ ㄕㄤˋ
桑乾河,ㄙㄤ ㄍㄢ ㄏㄜˊ
桑乾盆地,ㄙㄤ ㄍㄢ ㄆㄣˊ ㄉㄧˋ
桑葚,ㄙㄤ ㄕㄣˋ
桔桀,ㄐㄧㄝˊ ㄐㄧㄝˊ
桔梗,ㄐㄧㄝˊ ㄍㄥˇ
桔槔,ㄐㄧㄝˊ ㄍㄠ
桔槔烽,ㄐㄧㄝˊ ㄍㄠ ㄈㄥ
桫欏,ㄙㄨㄛ ㄌㄨㄛˊ
桮杓,ㄅㄟ ㄕㄠˊ
桿兒,ㄍㄢˇ ㄦ
桿兒上的,ㄍㄢˇ ㄦ ㄕㄤˋ ˙ㄉㄜ
梁上君子,ㄌㄧㄤˊ ㄕㄤˋ ㄐㄩㄣ ㄗˇ
梁父吟,ㄌㄧㄤˊ ㄈㄨˇ ㄧㄣˊ
梁鴻五噫,ㄌㄧㄤˊ ㄏㄨㄥˊ ㄨˇ ㄧ
梅妻鶴子,ㄇㄟˊ ㄑㄧ ㄏㄜˋ ㄗˇ
梅葛二仙翁,ㄇㄟˊ ㄍㄜˇ ㄦˋ ㄒㄧㄢ ㄨㄥ
梆兒頭,ㄅㄤ ㄦ ㄊㄡˊ
梗塞,ㄍㄥˇ ㄙㄜˋ
梟將,ㄒㄧㄠ ㄐㄧㄤˋ
梟騎,ㄒㄧㄠ ㄐㄧˋ
梨乾兒,ㄌㄧˊ ㄍㄢ ㄦ
梨園子弟,ㄌㄧˊ ㄩㄢˊ ㄗˇ ㄉㄧˋ
梨園弟子,ㄌㄧˊ ㄩㄢˊ ㄉㄧˋ ㄗˇ
梨園行,ㄌㄧˊ ㄩㄢˊ ㄏㄤˊ
梭微子,ㄙㄨㄛ ㄨㄟˊ ㄗˇ
梯己,ㄊㄧ ˙ㄐㄧ
梯桄,ㄊㄧ ㄍㄨㄤˋ
梵剎,ㄈㄢˋ ㄔㄚˋ
梵唄,ㄈㄢˋ ㄅㄞˋ
梵筴,ㄈㄢˋ ㄐㄧㄚˊ
棄甲曳兵,ㄑㄧˋ ㄐㄧㄚˇ ㄧˋ ㄅㄧㄥ
棄短取長,ㄑㄧˋ ㄉㄨㄢˇ ㄑㄩˇ ㄔㄤˊ
棄車保帥,ㄑㄧˋ ㄐㄩ ㄅㄠˇ ㄕㄨㄞˋ
棄養,ㄑㄧˋ ㄧㄤˋ
棉猴兒,ㄇㄧㄢˊ ㄏㄡˊ ㄦ
棉花,ㄇㄧㄢˊ ˙ㄏㄨㄚ
棉花店著火,ㄇㄧㄢˊ ㄏㄨㄚ ㄉㄧㄢˋ ㄓㄠˊ ㄏㄨㄛˇ
棉花耳朵,ㄇㄧㄢˊ ㄏㄨㄚ ㄦˇ ˙ㄉㄨㄛ
棉薄,ㄇㄧㄢˊ ㄅㄛˊ
棉薄之力,ㄇㄧㄢˊ ㄅㄛˊ ㄓ ㄌㄧˋ
棉都,ㄇㄧㄢˊ ㄉㄨ
棋子,ㄑㄧˊ ㄗˇ
棋高一著,ㄑㄧˊ ㄍㄠ ㄧ ㄓㄨㄛˊ
棍兒茶,ㄍㄨㄣˋ ㄦ ㄔㄚˊ
棒下出孝子,ㄅㄤˋ ㄒㄧㄚˋ ㄔㄨ ㄒㄧㄠˋ ㄗˇ
棒兒香,ㄅㄤˋ ㄦ ㄒㄧㄤ
棒喝,ㄅㄤˋ ㄏㄜˋ
棒打薄情郎,ㄅㄤˋ ㄉㄚˇ ㄅㄛˊ ㄑㄧㄥˊ ㄌㄤˊ
棗椰子,ㄗㄠˇ ㄧㄝˊ ㄗˇ
棚匠,ㄆㄥˊ ˙ㄐㄧㄤ
棚圈,ㄆㄥˊ ㄐㄩㄢˋ
棚朳,ㄆㄥˊ ㄅㄚ
棣華,ㄉㄧˋ ㄏㄨㄚ
棺材,ㄍㄨㄢ ˙ㄘㄞ
棺材出了討挽歌郎錢,ㄍㄨㄢ ˙ㄘㄞ ㄔㄨ ㄌㄧㄠˇ ㄊㄠˇ ㄨㄢˇ ㄍㄜ ㄌㄤˊ ㄑㄧㄢˊ
棺材座子,ㄍㄨㄢ ˙ㄘㄞ ㄗㄨㄛˋ ˙ㄗ
棺材本,ㄍㄨㄢ ˙ㄘㄞ ㄅㄣˇ
棺材板,ㄍㄨㄢ ˙ㄘㄞ ㄅㄢˇ
棺材裡伸手,ㄍㄨㄢ ˙ㄘㄞ ㄌㄧˇ ㄕㄣ ㄕㄡˇ
椎床倒枕,ㄓㄨㄟ ㄔㄨㄤˊ ㄉㄠˇ ㄓㄣˇ
椎拍輐斷,ㄓㄨㄟ ㄆㄞ ㄨㄢˋ ㄉㄨㄢˋ
椏杈,ㄧㄚ ㄔㄚˋ
椹質,ㄓㄣ ㄓˋ
楂楂,ㄔㄚˊ ㄔㄚˊ
楊家將,ㄧㄤˊ ㄐㄧㄚ ㄐㄧㄤˋ
楊葉竄兒,ㄧㄤˊ ㄧㄝˋ ㄘㄨㄢˋ ㄦ
楚些,ㄔㄨˇ ㄙㄨㄛˋ
楚弓楚得,ㄔㄨˇ ㄍㄨㄥ ㄔㄨˇ ㄉㄜˊ
楞住,ㄌㄥˋ ㄓㄨˋ
楞子眼,ㄌㄥˋ ˙ㄗ ㄧㄢˇ
楞小子,ㄌㄥˋ ㄒㄧㄠˇ ˙ㄗ
楞柯柯,ㄌㄥˋ ㄎㄜ ㄎㄜ
楞楞傻傻,ㄌㄥˋ ㄌㄥˋ ㄕㄚˇ ㄕㄚˇ
楞楞睜睜,ㄌㄥˋ ㄌㄥˋ ㄓㄥ ㄓㄥ
楞頭青,ㄌㄥˋ ㄊㄡˊ ㄑㄧㄥ
楥頭,ㄒㄩㄢˋ ˙ㄊㄡ
楦頭,ㄒㄩㄢˋ ˙ㄊㄡ
業相,ㄧㄝˋ ㄒㄧㄤˋ
楮知白,ㄔㄨˇ ㄓ ㄅㄛˊ
極便當,ㄐㄧˊ ㄅㄧㄢˋ ㄉㄤˋ
極深研幾,ㄐㄧˊ ㄕㄣ ㄧㄢˊ ㄐㄧ
極端分子,ㄐㄧˊ ㄉㄨㄢ ㄈㄣˋ ˙ㄗ
榆塞,ㄩˊ ㄙㄞˋ
榆瞑豆重,ㄩˊ ㄇㄧㄢˊ ㄉㄡˋ ㄓㄨㄥˋ
榔頭,ㄌㄤˊ ˙ㄊㄡ
榜人,ㄅㄥˋ ㄖㄣˊ
榜女,ㄅㄥˋ ㄋㄩˇ
榜帖,ㄅㄤˇ ㄊㄧㄝˇ
榜掠,ㄅㄥˋ ㄌㄩㄝˋ
榜楚,ㄅㄥˋ ㄔㄨˇ
榜歌,ㄅㄥˋ ㄍㄜ
榜笞,ㄅㄥˋ ㄔ
榜箠,ㄅㄥˋ ㄔㄨㄟˊ
榫頭,ㄙㄨㄣˇ ˙ㄊㄡ
槁項黃馘,ㄍㄠˇ ㄒㄧㄤˋ ㄏㄨㄤˊ ㄒㄩˋ
槍把,ㄑㄧㄤ ㄅㄚˋ
槮爽,ㄙㄢˇ ㄕㄨㄤˇ
槽兒,ㄘㄠˊ ㄦ
槽坊,ㄘㄠˊ ˙ㄈㄤ
樁兒,ㄓㄨㄤ ㄦ
樂亭大鼓,ㄌㄠˋ ㄊㄧㄥˊ ㄉㄚˋ ㄍㄨˇ
樂人,ㄩㄝˋ ㄖㄣˊ
樂兒,ㄌㄜˋ ㄦ
樂句,ㄩㄝˋ ㄐㄩˋ
樂史,ㄩㄝˋ ㄕˇ
樂品,ㄩㄝˋ ㄆㄧㄣˇ
樂善好施,ㄌㄜˋ ㄕㄢˋ ㄏㄠˋ ㄕ
樂善好義,ㄌㄜˋ ㄕㄢˋ ㄏㄠˋ ㄧˋ
樂嘻嘻,ㄌㄜˋ ˙ㄒㄧ ㄒㄧ
樂器,ㄩㄝˋ ㄑㄧˋ
樂團,ㄩㄝˋ ㄊㄨㄢˊ
樂壇,ㄩㄝˋ ㄊㄢˊ
樂婦,ㄩㄝˋ ㄈㄨˋ
樂山樂水,ㄧㄠˋ ㄕㄢ ㄧㄠˋ ㄕㄨㄟˇ
樂工,ㄩㄝˋ ㄍㄨㄥ
樂師,ㄩㄝˋ ㄕ
樂床,ㄩㄝˋ ㄔㄨㄤˊ
樂府,ㄩㄝˋ ㄈㄨˇ
樂府指迷,ㄩㄝˋ ㄈㄨˇ ㄓˇ ㄇㄧˊ
樂府詩,ㄩㄝˋ ㄈㄨˇ ㄕ
樂府詩集,ㄩㄝˋ ㄈㄨˇ ㄕ ㄐㄧˊ
樂府雜錄,ㄩㄝˋ ㄈㄨˇ ㄗㄚˊ ㄌㄨˋ
樂式,ㄩㄝˋ ㄕˋ
樂律,ㄩㄝˋ ㄌㄩˋ
樂得,ㄌㄜˋ ㄉㄜˊ
樂戶,ㄩㄝˋ ㄏㄨˋ
樂探,ㄩㄝˋ ㄊㄢˋ
樂曲,ㄩㄝˋ ㄑㄩˇ
樂棚,ㄩㄝˋ ㄆㄥˊ
樂歌,ㄩㄝˋ ㄍㄜ
樂正,ㄩㄝˋ ㄓㄥˋ
樂毅,ㄩㄝˋ ㄧˋ
樂毅論,ㄩㄝˋ ㄧˋ ㄌㄨㄣˋ
樂池,ㄩㄝˋ ㄔˊ
樂理,ㄩㄝˋ ㄌㄧˇ
樂章,ㄩㄝˋ ㄓㄤ
樂籍,ㄩㄝˋ ㄐㄧˊ
樂紋兒,ㄌㄜˋ ㄨㄣˊ ㄦ
樂素,ㄩㄝˋ ㄙㄨˋ
樂經,ㄩㄝˋ ㄐㄧㄥ
樂群,ㄧㄠˋ ㄑㄩㄣˊ
樂翁,ㄩㄝˋ ㄨㄥ
樂聖,ㄩㄝˋ ㄕㄥˋ
樂聲,ㄩㄝˋ ㄕㄥ
樂舞,ㄩㄝˋ ㄨˇ
樂記,ㄩㄝˋ ㄐㄧˋ
樂語,ㄩㄝˋ ㄩˇ
樂論,ㄩㄝˋ ㄌㄨㄣˋ
樂譜,ㄩㄝˋ ㄆㄨˇ
樂迷,ㄩㄝˋ ㄇㄧˊ
樂道安貧,ㄧㄠˋ ㄉㄠˋ ㄢ ㄆㄧㄣˊ
樂部,ㄩㄝˋ ㄅㄨˋ
樂隊,ㄩㄝˋ ㄉㄨㄟˋ
樂音,ㄩㄝˋ ㄧㄣ
樊於期,ㄈㄢˊ ㄨ ㄑㄧˊ
樓車,ㄌㄡˊ ㄐㄩ
樗散,ㄕㄨ ㄙㄢˇ
標兒,ㄅㄧㄠ ㄦ
標勁兒,ㄅㄧㄠ ㄐㄧㄣˋ ㄦ
標同伐異,ㄅㄧㄠ ㄊㄨㄥˊ ㄈㄚˊ ㄧˋ
標的,ㄅㄧㄠ ㄉㄧˋ
標的物,ㄅㄧㄠ ㄉㄧˋ ㄨˋ
標行,ㄅㄧㄠ ㄏㄤˊ
標識,ㄅㄧㄠ ㄓˋ
標題音樂,ㄅㄧㄠ ㄊㄧˊ ㄧㄣ ㄩㄝˋ
模子,ㄇㄨˊ ˙ㄗ
模模糊糊,ㄇㄛˊ ˙ㄇㄛ ˙ㄏㄨ ˙ㄏㄨ
模樣,ㄇㄨˊ ㄧㄤˋ
模特兒,ㄇㄛˊ ㄊㄜˋ ㄦ
模糊,ㄇㄛˊ ˙ㄏㄨ
樣冊子,ㄧㄤˋ ㄔㄞˇ ˙ㄗ
樨枳子,ㄒㄧ ㄓˇ ㄗˇ
樸實,ㄆㄨˊ ˙ㄕ
樸訥,ㄆㄨˊ ㄋㄚˋ
樸訥誠篤,ㄆㄨˊ ㄋㄚˋ ㄔㄥˊ ㄉㄨˇ
樸質,ㄆㄨˊ ㄓˊ
樸質無華,ㄆㄨˊ ㄓˊ ㄨˊ ㄏㄨㄚˊ
樹倒根摧,ㄕㄨˋ ㄉㄠˇ ㄍㄣ ㄘㄨㄟ
樹倒猢猻散,ㄕㄨˋ ㄉㄠˇ ㄏㄨˊ ㄙㄨㄣ ㄙㄢˋ
樹子,ㄕㄨˋ ㄗˇ
樹杈,ㄕㄨˋ ㄔㄚˋ
樹涼兒,ㄕㄨˋ ㄌㄧㄤˊ ㄦ
樹碑立傳,ㄕㄨˋ ㄅㄟ ㄌㄧˋ ㄓㄨㄢˋ
樹莓子,ㄕㄨˋ ㄇㄟˊ ㄗˇ
樹行子,ㄕㄨˋ ㄏㄤˋ ˙ㄗ
樿傍,ㄓㄢˇ ㄆㄤˊ
橘化為枳,ㄐㄩˊ ㄏㄨㄚˋ ㄨㄟˊ ㄓˇ
機伶,ㄐㄧ ˙ㄌㄧㄥ
機伶人,ㄐㄧ ˙ㄌㄧㄥ ㄖㄣˊ
機伶變兒,ㄐㄧ ˙ㄌㄧㄥ ㄅㄧㄢˋ ㄦ
機伶鬼兒,ㄐㄧ ˙ㄌㄧㄥ ㄍㄨㄟˇ ㄦ
機場,ㄐㄧ ㄔㄤˊ
機應,ㄐㄧ ㄧㄥˋ
機辟,ㄐㄧ ㄅㄧˋ
機靈,ㄐㄧ ˙ㄌㄧㄥ
橫事,ㄏㄥˋ ㄕˋ
橫亡,ㄏㄥˋ ㄨㄤˊ
橫切,ㄏㄥˊ ㄑㄧㄝ
橫加,ㄏㄥˋ ㄐㄧㄚ
橫勁,ㄏㄥˋ ㄐㄧㄣˋ
橫厲,ㄏㄥˋ ㄌㄧˋ
橫夭,ㄏㄥˋ ㄧㄠ
橫恣,ㄏㄥˋ ㄗˋ
橫打鼻梁兒,ㄏㄥˊ ㄉㄚˇ ㄅㄧˊ ㄌㄧㄤˊ ㄦ
橫拖倒拽,ㄏㄥˊ ㄊㄨㄛ ㄉㄠˋ ㄓㄨㄞˋ
橫撐船兒,ㄏㄥˊ ㄔㄥ ㄔㄨㄢˊ ㄦ
橫政,ㄏㄥˋ ㄓㄥˋ
橫暴,ㄏㄥˋ ㄅㄠˋ
橫枝兒,ㄏㄥˊ ㄓ ㄦ
橫死,ㄏㄥˋ ㄙˇ
橫死眼,ㄏㄥˋ ㄙˇ ㄧㄢˇ
橫殃飛禍,ㄏㄥˋ ㄧㄤ ㄈㄟ ㄏㄨㄛˋ
橫流,ㄏㄥˋ ㄌㄧㄡˊ
橫災飛禍,ㄏㄥˋ ㄗㄞ ㄈㄟ ㄏㄨㄛˋ
橫禍,ㄏㄥˋ ㄏㄨㄛˋ
橫禍非災,ㄏㄥˋ ㄏㄨㄛˋ ㄈㄟ ㄗㄞ
橫禍飛災,ㄏㄥˋ ㄏㄨㄛˋ ㄈㄟ ㄗㄞ
橫舍,ㄏㄥˊ ㄕㄜˋ
橫蠻,ㄏㄥˋ ㄇㄢˊ
橫蠻無理,ㄏㄥˋ ㄇㄢˊ ㄨˊ ㄌㄧˇ
橫話,ㄏㄥˋ ㄏㄨㄚˋ
橫議,ㄏㄥˋ ㄧˋ
橫財,ㄏㄥˋ ㄘㄞˊ
橫逆,ㄏㄥˋ ㄋㄧˋ
橫難,ㄏㄥˋ ㄋㄢˋ
檀車,ㄊㄢˊ ㄐㄩ
檉柏,ㄔㄥ ㄅㄛˊ
檜柏,ㄎㄨㄞˋ ㄅㄛˊ
檢場,ㄐㄧㄢˇ ㄔㄤˊ
檢校,ㄐㄧㄢˇ ㄐㄧㄠˋ
檢閱場,ㄐㄧㄢˇ ㄩㄝˋ ㄔㄤˊ
檣帆,ㄑㄧㄤˊ ㄈㄢˊ
檻檻,ㄐㄧㄢˋ ㄐㄧㄢˋ
檻猿籠鳥,ㄐㄧㄢˋ ㄩㄢˊ ㄌㄨㄥˊ ㄋㄧㄠˇ
檻車,ㄐㄧㄢˋ ㄐㄩ
櫃面兒,ㄍㄨㄟˋ ㄇㄧㄢˋ ㄦ
櫓帆船,ㄌㄨˇ ㄈㄢˊ ㄔㄨㄢˊ
櫛次鱗比,ㄐㄧㄝˊ ㄘˋ ㄌㄧㄣˊ ㄅㄧˋ
櫛比,ㄐㄧㄝˊ ㄅㄧˋ
櫛比鱗差,ㄐㄧㄝˊ ㄅㄧˋ ㄌㄧㄣˊ ㄘ
櫛比鱗次,ㄐㄧㄝˊ ㄅㄧˋ ㄌㄧㄣˊ ㄘˋ
櫟散,ㄌㄧˋ ㄙㄢˇ
櫳門兒,ㄌㄨㄥˊ ㄇㄣˊ ㄦ
欃槍,ㄔㄢˊ ㄔㄥ
權軸,ㄑㄩㄢˊ ㄓㄨˊ
權量,ㄑㄩㄢˊ ㄌㄧㄤˊ
欠債還錢,ㄑㄧㄢˋ ㄓㄞˋ ㄏㄨㄢˊ ㄑㄧㄢˊ
欠當,ㄑㄧㄢˋ ㄉㄤˋ
欠肚兒親家,ㄑㄧㄢˋ ㄉㄨˋ ㄦ ㄑㄧㄣ ㄐㄧㄚ
次且,ㄗ ㄐㄩ
次子,ㄘˋ ㄗˇ
次著,ㄘˋ ㄓㄨㄛˊ
欣欣得意,ㄒㄧㄣ ㄒㄧㄣ ㄉㄜˊ ㄧˋ
欣欣自得,ㄒㄧㄣ ㄒㄧㄣ ㄗˋ ㄉㄜˊ
欣然自得,ㄒㄧㄣ ㄖㄢˊ ㄗˋ ㄉㄜˊ
欣生惡死,ㄒㄧㄣ ㄕㄥ ㄨˋ ㄙˇ
欬唾成珠,ㄎㄜˊ ㄊㄨㄛˋ ㄔㄥˊ ㄓㄨ
欲不可從,ㄩˋ ㄅㄨˋ ㄎㄜˇ ㄗㄨㄥˋ
欲就還推,ㄩˋ ㄐㄧㄡˋ ㄏㄨㄢˊ ㄊㄨㄟ
欲語還休,ㄩˋ ㄩˇ ㄏㄨㄢˊ ㄒㄧㄡ
欲說還休,ㄩˋ ㄕㄨㄛ ㄏㄨㄢˊ ㄒㄧㄡ
欸乃曲,ㄞˇ ㄋㄞˇ ㄑㄩˇ
欺行霸市,ㄑㄧ ㄏㄤˊ ㄅㄚˋ ㄕˋ
欺誣,ㄑㄧ ㄨˊ
欺辱,ㄑㄧ ㄖㄨˇ
欻吸,ㄏㄨ ㄒㄧ
欽天監,ㄑㄧㄣ ㄊㄧㄢ ㄐㄧㄢˋ
欽察汗國,ㄑㄧㄣ ㄔㄚˊ ㄏㄢˊ ㄍㄨㄛˊ
欽差,ㄑㄧㄣ ㄔㄞ
欽差大臣,ㄑㄧㄣ ㄔㄞ ㄉㄚˋ ㄔㄣˊ
欽賜,ㄑㄧㄣ ㄙˋ
欽賢好士,ㄑㄧㄣ ㄒㄧㄢˊ ㄏㄠˋ ㄕˋ
欽遲,ㄑㄧㄣ ㄓˋ
款兒,ㄎㄨㄢˇ ㄦ
款塞,ㄎㄨㄢˇ ㄙㄞˋ
款識,ㄎㄨㄢˇ ㄓˋ
歃血,ㄕㄚˋ ㄒㄩㄝˋ
歃血為盟,ㄕㄚˋ ㄒㄩㄝˋ ㄨㄟˊ ㄇㄥˊ
歃血為誓,ㄕㄚˋ ㄒㄩㄝˋ ㄨㄟˊ ㄕˋ
歃血而盟,ㄕㄚˋ ㄒㄩㄝˋ ㄦˊ ㄇㄥˊ
歇息,ㄒㄧㄝ ˙ㄒㄧ
歇會兒,ㄒㄧㄝ ㄏㄨㄟˇ ㄦ
歌仔戲,ㄍㄜ ㄗˇ ㄒㄧˋ
歌吹,ㄍㄜ ㄔㄨㄟˋ
歌曲,ㄍㄜ ㄑㄩˇ
歌樂,ㄍㄜ ㄩㄝˋ
歌舞場,ㄍㄜ ㄨˇ ㄔㄤˊ
歎為觀止,ㄊㄢˋ ㄨㄟˊ ㄍㄨㄢ ㄓˇ
歐冶子,ㄡ ㄧㄝˇ ㄗˇ
歐巴桑,ㄡ ˙ㄅㄚ ㄙㄤ
歐幾里得,ㄡ ㄐㄧ ㄌㄧˇ ㄉㄜˊ
歐幾里得原理,ㄡ ㄐㄧ ㄌㄧˇ ㄉㄜˊ ㄩㄢˊ ㄌㄧˇ
歐洲共同市場,ㄡ ㄓㄡ ㄍㄨㄥˋ ㄊㄨㄥˊ ㄕˋ ㄔㄤˊ
歐洲復興計畫,ㄡ ㄓㄡ ㄈㄨˋ ㄒㄧㄥ ㄐㄧˋ ㄏㄨㄚˋ
歙張,ㄒㄧˋ ㄓㄤ
歙歙,ㄒㄧˋ ㄒㄧˋ
歙漆阿膠,ㄕㄜˋ ㄑㄧ ㄜ ㄐㄧㄠ
歙肩,ㄒㄧˋ ㄐㄧㄢ
歙赩,ㄒㄧˋ ㄒㄧˋ
歡勢,ㄏㄨㄢ ˙ㄕ
歡喜佛,ㄏㄨㄢ ㄒㄧˇ ㄈㄛˊ
歡喜錢兒,ㄏㄨㄢ ㄒㄧˇ ㄑㄧㄢˊ ㄦ
歡歡喜喜,ㄏㄨㄢ ˙ㄏㄨㄢ ㄒㄧˇ ㄒㄧˇ
歡洽,ㄏㄨㄢ ㄒㄧㄚˊ
止戈為武,ㄓˇ ㄍㄜ ㄨㄟˊ ㄨˇ
止戈興仁,ㄓˇ ㄍㄜ ㄒㄧㄥ ㄖㄣˊ
止足之分,ㄓˇ ㄗㄨˊ ㄓ ㄈㄣˋ
正中下懷,ㄓㄥˋ ㄓㄨㄥˋ ㄒㄧㄚˋ ㄏㄨㄞˊ
正中己懷,ㄓㄥˋ ㄓㄨㄥˋ ㄐㄧˇ ㄏㄨㄞˊ
正中紅心,ㄓㄥˋ ㄓㄨㄥˋ ㄏㄨㄥˊ ㄒㄧㄣ
正人君子,ㄓㄥˋ ㄖㄣˊ ㄐㄩㄣ ㄗˇ
正傳,ㄓㄥˋ ㄓㄨㄢˋ
正旦,ㄓㄥ ㄉㄢˋ
正月,ㄓㄥ ㄩㄝˋ
正月十六貼門神,ㄓㄥ ㄩㄝˋ ㄕˊ ㄌㄧㄡˋ ㄊㄧㄝ ㄇㄣˊ ㄕㄣˊ
正朔,ㄓㄥ ㄕㄨㄛˋ
正當防衛行為,ㄓㄥˋ ㄉㄤˋ ㄈㄤˊ ㄨㄟˋ ㄒㄧㄥˊ ㄨㄟˊ
正經八百,ㄓㄥˋ ˙ㄐㄧㄥ ㄅㄚ ㄅㄞˇ
正身率下,ㄓㄥˋ ㄕㄣ ㄕㄨㄞˋ ㄒㄧㄚˋ
正電子,ㄓㄥˋ ㄉㄧㄢˋ ㄗˇ
正頭香主,ㄓㄥˋ ˙ㄊㄡ ㄒㄧㄤ ˙ㄓㄨ
正鵠,ㄓㄥ ㄍㄨˇ
此唱彼和,ㄘˇ ㄔㄤˋ ㄅㄧˇ ㄏㄜˋ
此問彼難,ㄘˇ ㄨㄣˋ ㄅㄧˇ ㄋㄢˋ
此發彼應,ㄘˇ ㄈㄚ ㄅㄧˇ ㄧㄥˋ
步步為營,ㄅㄨˋ ㄅㄨˋ ㄨㄟˊ ㄧㄥˊ
步步生蓮華,ㄅㄨˋ ㄅㄨˋ ㄕㄥ ㄌㄧㄢˊ ㄏㄨㄚ
步砌,ㄅㄨˋ ㄑㄧㄝˋ
步碾兒,ㄅㄨˋ ㄋㄧㄢˇ ㄦ
步輦兒,ㄅㄨˋ ㄋㄧㄢˇ ㄦ
步飛煙傳,ㄅㄨˋ ㄈㄟ ㄧㄢ ㄓㄨㄢˋ
步騎,ㄅㄨˋ ㄐㄧˋ
武場,ㄨˇ ㄔㄤˊ
武大郎,ㄨˇ ˙ㄉㄚ ㄌㄤˊ
武大郎吃毒藥,ㄨˇ ˙ㄉㄚ ㄌㄤˊ ㄔ ㄉㄨˊ ㄧㄠˋ
武將,ㄨˇ ㄐㄧㄤˋ
武行,ㄨˇ ㄏㄤˊ
歪打正著,ㄨㄞ ㄉㄚˇ ㄓㄥˋ ㄓㄠˊ
歪派,ㄨㄞ ˙ㄆㄞ
歲寒松柏,ㄙㄨㄟˋ ㄏㄢˊ ㄙㄨㄥ ㄅㄛˊ
歲差,ㄙㄨㄟˋ ㄔㄚ
歲數,ㄙㄨㄟˋ ˙ㄕㄨ
歲會,ㄙㄨㄟˋ ㄎㄨㄞˋ
歲朝,ㄙㄨㄟˋ ㄓㄠ
歲比不登,ㄙㄨㄟˋ ㄅㄧˋ ㄅㄨˋ ㄉㄥ
歷史重演,ㄌㄧˋ ㄕˇ ㄔㄨㄥˊ ㄧㄢˇ
歷歷可數,ㄌㄧˋ ㄌㄧˋ ㄎㄜˇ ㄕㄨˇ
歷遍,ㄌㄧˋ ㄆㄧㄢˋ
歸子,ㄍㄨㄟ ㄗˇ
歸帆,ㄍㄨㄟ ㄈㄢˊ
歸煞,ㄍㄨㄟ ㄕㄚˋ
歸省,ㄍㄨㄟ ㄒㄧㄥˇ
歸老菟裘,ㄍㄨㄟ ㄌㄠˇ ㄊㄨˋ ㄑㄧㄡˊ
歸著,ㄍㄨㄟ ㄓㄨㄛˊ
歸遺細君,ㄍㄨㄟ ㄨㄟˋ ㄒㄧˋ ㄐㄩㄣ
歸還,ㄍㄨㄟ ㄏㄨㄢˊ
歸降,ㄍㄨㄟ ㄒㄧㄤˊ
歹不中,ㄉㄞˇ ㄅㄨˋ ㄓㄨㄥˋ
歹婆娘,ㄉㄞˇ ㄆㄛˊ ˙ㄋㄧㄤ
死不了,ㄙˇ ㄅㄨˋ ㄌㄧㄠˇ
死乞白賴,ㄙˇ ˙ㄑㄧ ㄅㄞˊ ㄌㄞˋ
死亡給付,ㄙˇ ㄨㄤˊ ㄐㄧˇ ㄈㄨˋ
死傷相枕,ㄙˇ ㄕㄤ ㄒㄧㄤ ㄓㄣˋ
死傷相藉,ㄙˇ ㄕㄤ ㄒㄧㄤ ㄐㄧㄝˋ
死吃死嚼,ㄙˇ ㄔ ㄙˇ ㄐㄧㄠˊ
死對頭,ㄙˇ ㄉㄨㄟˋ ˙ㄊㄡ
死工夫,ㄙˇ ㄍㄨㄥ ˙ㄈㄨ
死得其所,ㄙˇ ㄉㄜˊ ㄑㄧˊ ㄙㄨㄛˇ
死心倒地,ㄙˇ ㄒㄧㄣ ㄉㄠˇ ㄉㄧˋ
死心眼兒,ㄙˇ ㄒㄧㄣ ㄧㄢˇ ㄦ
死性,ㄙˇ ˙ㄒㄧㄥ
死拉活拽,ㄙˇ ㄌㄚ ㄏㄨㄛˊ ㄓㄨㄞˋ
死摳兒,ㄙˇ ㄎㄡ ㄦ
死模活樣,ㄙˇ ㄇㄨˊ ㄏㄨㄛˊ ㄧㄤˋ
死水兒,ㄙˇ ㄕㄨㄟˇ ㄦ
死法子,ㄙˇ ㄈㄚˊ ˙ㄗ
死灰復燎,ㄙˇ ㄏㄨㄟ ㄈㄨˋ ㄌㄧㄠˋ
死生契闊,ㄙˇ ㄕㄥ ㄑㄧㄝˋ ㄎㄨㄛˋ
死當,ㄙˇ ㄉㄤˋ
死相,ㄙˇ ㄒㄧㄤˋ
死相枕藉,ㄙˇ ㄒㄧㄤ ㄓㄣˋ ㄐㄧㄝˋ
死知府不如一個活老鼠,ㄙˇ ㄓ ㄈㄨˇ ㄅㄨˋ ㄖㄨˊ ㄧ ˙ㄍㄜ ㄏㄨㄛˊ ㄌㄠˇ ㄕㄨˇ
死綏,ㄙˇ ㄙㄨㄟˊ
死者相枕,ㄙˇ ㄓㄜˇ ㄒㄧㄤ ㄓㄣˋ
死胡同,ㄙˇ ㄏㄨˊ ˙ㄊㄨㄥ
死膛兒,ㄙˇ ㄊㄤˊ ㄦ
死規矩兒,ㄙˇ ㄍㄨㄟ ˙ㄐㄩ ㄦ
死難,ㄙˇ ㄋㄢˋ
死馬當活馬醫,ㄙˇ ㄇㄚˇ ㄉㄤˋ ㄏㄨㄛˊ ㄇㄚˇ ㄧ
殃煞,ㄧㄤ ㄕㄚˋ
殉難,ㄒㄩㄣˋ ㄋㄢˋ
殊功勁節,ㄕㄨ ㄍㄨㄥ ㄐㄧㄥˋ ㄐㄧㄝˊ
殘兵敗將,ㄘㄢˊ ㄅㄧㄥ ㄅㄞˋ ㄐㄧㄤˋ
殘賊,ㄘㄢˊ ㄗㄜˊ
殘軍敗將,ㄘㄢˊ ㄐㄩㄣ ㄅㄞˋ ㄐㄧㄤˋ
殞沒,ㄩㄣˇ ㄇㄛˋ
殫見洽聞,ㄉㄢ ㄐㄧㄢˋ ㄒㄧㄚˊ ㄨㄣˊ
殯舍,ㄅㄧㄣˋ ㄕㄜˋ
段頭,ㄉㄨㄢˋ ˙ㄊㄡ
殷其靁,ㄧㄣˇ ㄑㄧˊ ㄌㄟˊ
殷天動地,ㄧㄣˇ ㄊㄧㄢ ㄉㄨㄥˋ ㄉㄧˋ
殷天震地,ㄧㄣˇ ㄊㄧㄢ ㄓㄣˋ ㄉㄧˋ
殷正,ㄧㄣ ㄓㄥ
殷殷屯屯,ㄧㄣ ㄧㄣ ㄓㄨㄣ ㄓㄨㄣ
殷然,ㄧㄢ ㄖㄢˊ
殷紅,ㄧㄢ ㄏㄨㄥˊ
殺出重圍,ㄕㄚ ㄔㄨ ㄔㄨㄥˊ ㄨㄟˊ
殺坯,ㄕㄚ ㄆㄧ
殺妻求將,ㄕㄚ ㄑㄧ ㄑㄧㄡˊ ㄐㄧㄤˋ
殺彘教子,ㄕㄚ ㄓˋ ㄐㄧㄠˋ ㄗˇ
殺衣縮食,ㄕㄞˋ ㄧ ㄙㄨˋ ㄕˊ
殺身為報,ㄕㄚ ㄕㄣ ㄨㄟˊ ㄅㄠˋ
殺雞為黍,ㄕㄚ ㄐㄧ ㄨㄟˊ ㄕㄨˇ
殿屎,ㄉㄧㄢˋ ㄒㄧ
毀家紓難,ㄏㄨㄟˇ ㄐㄧㄚ ㄕㄨ ㄋㄢˋ
毀舟為杕,ㄏㄨㄟˇ ㄓㄡ ㄨㄟˊ ㄉㄨㄛˋ
毀訾,ㄏㄨㄟˇ ㄗˇ
毀鐘為鐸,ㄏㄨㄟˇ ㄓㄨㄥ ㄨㄟˊ ㄉㄨㄛˊ
毋得,ㄨˊ ㄉㄜˊ
母以子貴,ㄇㄨˇ ㄧˇ ㄗˇ ㄍㄨㄟˋ
母兒,ㄇㄨˇ ㄦ
母匙,ㄇㄨˇ ㄔˊ
母喪,ㄇㄨˇ ㄙㄤ
母子,ㄇㄨˇ ㄗˇ
母慈子孝,ㄇㄨˇ ㄘˊ ㄗˇ ㄒㄧㄠˋ
母老子幼,ㄇㄨˇ ㄌㄠˇ ㄗˇ ㄧㄡˋ
母難日,ㄇㄨˇ ㄋㄢˋ ㄖˋ
每日逐朝,ㄇㄟˇ ㄖˋ ㄓㄨˊ ㄓㄠ
每朝每日,ㄇㄟˇ ㄓㄠ ㄇㄟˇ ㄖˋ
每朝逐日,ㄇㄟˇ ㄓㄠ ㄓㄨˊ ㄖˋ
毒日頭,ㄉㄨˊ ㄖˋ ˙ㄊㄡ
毓子孕孫,ㄩˋ ㄗˇ ㄩㄣˋ ㄙㄨㄣ
比不了,ㄅㄧˇ ㄅㄨˋ ㄌㄧㄠˇ
比不得,ㄅㄧˇ ㄅㄨˋ ㄉㄜˊ
比來,ㄅㄧˋ ㄌㄞˊ
比個大哥二哥,ㄅㄧˇ ˙ㄍㄜ ㄉㄚˋ ㄍㄜ ㄦˋ ㄍㄜ
比個高下,ㄅㄧˇ ˙ㄍㄜ ㄍㄠ ㄒㄧㄚˋ
比個高低,ㄅㄧˇ ˙ㄍㄜ ㄍㄠ ㄉㄧ
比劃,ㄅㄧˇ ˙ㄏㄨㄚ
比及,ㄅㄧˋ ㄐㄧˊ
比周,ㄅㄧˋ ㄓㄡ
比屋,ㄅㄧˋ ㄨ
比屋可封,ㄅㄧˋ ㄨ ㄎㄜˇ ㄈㄥ
比屋而封,ㄅㄧˋ ㄨ ㄦˊ ㄈㄥ
比屋而誅,ㄅㄧˋ ㄨ ㄦˊ ㄓㄨ
比年,ㄅㄧˋ ㄋㄧㄢˊ
比年不登,ㄅㄧˋ ㄋㄧㄢˊ ㄅㄨˋ ㄉㄥ
比捕,ㄅㄧˋ ㄅㄨˇ
比方,ㄅㄧˇ ˙ㄈㄤ
比校,ㄅㄧˇ ㄐㄧㄠˋ
比歲,ㄅㄧˋ ㄙㄨㄟˋ
比歲不登,ㄅㄧˋ ㄙㄨㄟˋ ㄅㄨˋ ㄉㄥ
比比,ㄅㄧˋ ㄅㄧˋ
比比皆是,ㄅㄧˋ ㄅㄧˋ ㄐㄧㄝ ㄕˋ
比比皆然,ㄅㄧˋ ㄅㄧˋ ㄐㄧㄝ ㄖㄢˊ
比肩,ㄅㄧˋ ㄐㄧㄢ
比肩人,ㄅㄧˋ ㄐㄧㄢ ㄖㄣˊ
比肩皆是,ㄅㄧˋ ㄐㄧㄢ ㄐㄧㄝ ㄕˋ
比肩繼踵,ㄅㄧˋ ㄐㄧㄢ ㄐㄧˋ ㄓㄨㄥˇ
比肩而事,ㄅㄧˋ ㄐㄧㄢ ㄦˊ ㄕˋ
比肩而立,ㄅㄧˋ ㄐㄧㄢ ㄦˊ ㄌㄧˋ
比肩隨踵,ㄅㄧˋ ㄐㄧㄢ ㄙㄨㄟˊ ㄓㄨㄥˇ
比至,ㄅㄧˋ ㄓˋ
比舍,ㄅㄧˋ ㄕㄜˋ
比親,ㄅㄧˋ ㄑㄧㄣ
比試,ㄅㄧˇ ˙ㄕ
比蹤,ㄅㄧˋ ㄗㄨㄥ
比鄰,ㄅㄧˋ ㄌㄧㄣˊ
比鄰而居,ㄅㄧˋ ㄌㄧㄣˊ ㄦˊ ㄐㄩ
毗婆尸佛,ㄆㄧˊ ㄆㄛˊ ㄕ ㄈㄛˊ
毗舍婆佛,ㄆㄧˊ ㄕㄜˋ ㄆㄛˊ ㄈㄛˊ
毛丫頭,ㄇㄠˊ ㄧㄚ ˙ㄊㄡ
毛刻本,ㄇㄠˊ ㄎㄜ ㄅㄣˇ
毛司,ㄇㄠˊ ˙ㄙ
毛司火性兒,ㄇㄠˊ ˙ㄙ ㄏㄨㄛˇ ㄒㄧㄥˋ ㄦ
毛司裡磚兒,ㄇㄠˊ ˙ㄙ ㄌㄧˇ ㄓㄨㄢ ㄦ
毛咕,ㄇㄠˊ ˙ㄍㄨ
毛廁,ㄇㄠˊ ˙ㄙ
毛廁裡磚兒,ㄇㄠˊ ˙ㄙ ㄌㄧˇ ㄓㄨㄢ ㄦ
毛所得,ㄇㄠˊ ㄙㄨㄛˇ ㄉㄜˊ
毛毛蟲,ㄇㄠˊ ˙ㄇㄠ ㄔㄨㄥˊ
毛毛雨,ㄇㄠˊ ˙ㄇㄠ ㄩˇ
毛玻璃,ㄇㄠˊ ㄅㄛ ˙ㄌㄧ
毫不介意,ㄏㄠˊ ˙ㄅㄨ ㄐㄧㄝˋ ㄧˋ
毫不在乎,ㄏㄠˊ ˙ㄅㄨ ㄗㄞˋ ˙ㄏㄨ
毫不在意,ㄏㄠˊ ˙ㄅㄨ ㄗㄞˋ ㄧˋ
毫不思量,ㄏㄠˊ ˙ㄅㄨ ㄙ ㄌㄧㄤˊ
毫不為備,ㄏㄠˊ ˙ㄅㄨ ㄨㄟˊ ㄅㄟˋ
毫不猶豫,ㄏㄠˊ ˙ㄅㄨ ㄧㄡˊ ㄩˋ
毫不相干,ㄏㄠˊ ˙ㄅㄨ ㄒㄧㄤ ㄍㄢ
毫不費力,ㄏㄠˊ ˙ㄅㄨ ㄈㄟˋ ㄌㄧˋ
毫不遲疑,ㄏㄠˊ ˙ㄅㄨ ㄔˊ ㄧˊ
毫釐之差,ㄏㄠˊ ㄌㄧˊ ㄓ ㄔㄚ
毫髮不差,ㄏㄠˊ ㄈㄚˇ ㄅㄨˋ ㄔㄚ
氅衣兒,ㄔㄤˇ ㄧ ㄦ
氆氌,ㄆㄨˇ ㄌㄨ
民以食為天,ㄇㄧㄣˊ ㄧˇ ㄕˊ ㄨㄟˊ ㄊㄧㄢ
民以食為本,ㄇㄧㄣˊ ㄧˇ ㄕˊ ㄨㄟˊ ㄅㄣˇ
民俗曲藝,ㄇㄧㄣˊ ㄙㄨˊ ㄑㄩˇ ㄧˋ
民俗音樂,ㄇㄧㄣˊ ㄙㄨˊ ㄧㄣ ㄩㄝˋ
民族復興運動,ㄇㄧㄣˊ ㄗㄨˊ ㄈㄨˋ ㄒㄧㄥ ㄩㄣˋ ㄉㄨㄥˋ
民族樂器,ㄇㄧㄣˊ ㄗㄨˊ ㄩㄝˋ ㄑㄧˋ
民族樂隊,ㄇㄧㄣˊ ㄗㄨˊ ㄩㄝˋ ㄉㄨㄟˋ
民族音樂,ㄇㄧㄣˊ ㄗㄨˊ ㄧㄣ ㄩㄝˋ
民為邦本,ㄇㄧㄣˊ ㄨㄟˊ ㄅㄤ ㄅㄣˇ
民窮財匱,ㄇㄧㄣˊ ㄑㄩㄥˊ ㄘㄞˊ ㄎㄨㄟˋ
民謠歌曲,ㄇㄧㄣˊ ㄧㄠˊ ㄍㄜ ㄑㄩˇ
氟化物中毒,ㄈㄨˊ ㄏㄨㄚˋ ㄨˋ ㄓㄨㄥˋ ㄉㄨˊ
氣充文見,ㄑㄧˋ ㄔㄨㄥ ㄨㄣˊ ㄒㄧㄢˋ
氣冠三軍,ㄑㄧˋ ㄍㄨㄢˋ ㄙㄢ ㄐㄩㄣ
氣分,ㄑㄧˋ ˙ㄈㄣ
氣勢磅礴,ㄑㄧˋ ㄕˋ ㄆㄤ ㄅㄛˊ
氣咽聲絲,ㄑㄧˋ ㄧㄝˋ ㄕㄥ ㄙ
氣塞,ㄑㄧˋ ㄙㄜˋ
氣性,ㄑㄧˋ ˙ㄒㄧㄥ
氣息奄奄,ㄑㄧˋ ㄒㄧˊ ㄧㄢ ㄧㄢ
氣派,ㄑㄧˋ ˙ㄆㄞ
氣滿志得,ㄑㄧˋ ㄇㄢˇ ㄓˋ ㄉㄜˊ
氣血,ㄑㄧˋ ㄒㄩㄝˋ
氣血方剛,ㄑㄧˋ ㄒㄩㄝˋ ㄈㄤ ㄍㄤ
氣貫長虹,ㄑㄧˋ ㄍㄨㄢˋ ㄔㄤˊ ㄏㄨㄥˊ
氣質,ㄑㄧˋ ㄓˊ
氣量,ㄑㄧˋ ˙ㄌㄧㄤ
氣鳴樂器,ㄑㄧˋ ㄇㄧㄥˊ ㄩㄝˋ ㄑㄧˋ
氧吧,ㄧㄤˇ ㄅㄚ
氯氣中毒,ㄌㄩˋ ㄑㄧˋ ㄓㄨㄥˋ ㄉㄨˊ
氰中毒,ㄑㄧㄥ ㄓㄨㄥˋ ㄉㄨˊ
水中毒,ㄕㄨㄟˇ ㄓㄨㄥˋ ㄉㄨˊ
水作坊,ㄕㄨㄟˇ ㄗㄨㄛ ˙ㄈㄤ
水分,ㄕㄨㄟˇ ㄈㄣˋ
水宿,ㄕㄨㄟˇ ㄒㄧㄡˋ
水撲花兒,ㄕㄨㄟˇ ㄆㄨ ㄏㄨㄚ ㄦ
水旱碼頭,ㄕㄨㄟˇ ㄏㄢˋ ㄇㄚˇ ˙ㄊㄡ
水晶心肝玻璃人,ㄕㄨㄟˇ ㄐㄧㄥ ㄒㄧㄣ ㄍㄢ ㄅㄛ ˙ㄌㄧ ㄖㄣˊ
水泥熟料,ㄕㄨㄟˇ ㄋㄧˊ ㄕㄡˊ ㄌㄧㄠˋ
水準測量,ㄕㄨㄟˇ ㄓㄨㄣˇ ㄘㄜˋ ㄌㄧㄤˊ
水滸傳,ㄕㄨㄟˇ ㄏㄨˇ ㄓㄨㄢˋ
水火籃兒,ㄕㄨㄟˇ ㄏㄨㄛˇ ㄌㄢˊ ㄦ
水牛兒,ㄕㄨㄟˇ ㄋㄧㄡˊ ㄦ
水玻璃,ㄕㄨㄟˇ ㄅㄛ ˙ㄌㄧ
水磨工夫,ㄕㄨㄟˇ ㄇㄛˊ ㄍㄨㄥ ˙ㄈㄨ
水磨腔曲子,ㄕㄨㄟˇ ㄇㄛˊ ㄑㄧㄤ ㄑㄩˇ ˙ㄗ
水筆仔,ㄕㄨㄟˇ ㄅㄧˇ ㄗˇ
水筆子,ㄕㄨㄟˇ ㄅㄧˇ ㄗˇ
水花兒,ㄕㄨㄟˇ ㄏㄨㄚ ㄦ
水蔥兒似的,ㄕㄨㄟˇ ㄘㄨㄥ ㄦ ㄙˋ ˙ㄉㄜ
水質,ㄕㄨㄟˇ ㄓˊ
水遠山長,ㄕㄨㄟˇ ㄩㄢˇ ㄕㄢ ㄔㄤˊ
水都,ㄕㄨㄟˇ ㄉㄨ
水陸道場,ㄕㄨㄟˇ ㄌㄨˋ ㄉㄠˋ ㄔㄤˊ
水音兒,ㄕㄨㄟˇ ㄧㄣ ㄦ
水頭兒,ㄕㄨㄟˇ ˙ㄊㄡ ㄦ
永錫不匱,ㄩㄥˇ ㄒㄧˊ ㄅㄨˋ ㄎㄨㄟˋ
汁兒,ㄓ ㄦ
求之不得,ㄑㄧㄡˊ ㄓ ㄅㄨˋ ㄉㄜˊ
求仁得仁,ㄑㄧㄡˊ ㄖㄣˊ ㄉㄜˊ ㄖㄣˊ
求假,ㄑㄧㄡˊ ㄐㄧㄚˋ
求子,ㄑㄧㄡˊ ㄗˇ
求死不得,ㄑㄧㄡˊ ㄙˇ ㄅㄨˋ ㄉㄜˊ
求漿得酒,ㄑㄧㄡˊ ㄐㄧㄤ ㄉㄜˊ ㄐㄧㄡˇ
求田問舍,ㄑㄧㄡˊ ㄊㄧㄢˊ ㄨㄣˋ ㄕㄜˋ
求神拜佛,ㄑㄧㄡˊ ㄕㄣˊ ㄅㄞˋ ㄈㄛˊ
汗巾兒,ㄏㄢˋ ㄐㄧㄣ ㄦ
汗洽股慄,ㄏㄢˋ ㄒㄧㄚˊ ㄍㄨˇ ㄌㄧˋ
汗流洽背,ㄏㄢˋ ㄌㄧㄡˊ ㄒㄧㄚˊ ㄅㄟˋ
汗液,ㄏㄢˋ ㄧˋ
汗絡兒,ㄏㄢˋ ㄌㄠˋ ㄦ
汗褂兒,ㄏㄢˋ ㄍㄨㄚˋ ㄦ
汗褟兒,ㄏㄢˋ ㄊㄚ ㄦ
汙尊,ㄨㄚ ㄗㄨㄣ
汙庳,ㄨㄚ ㄅㄟ
汙水處理,ㄨ ㄕㄨㄟˇ ㄔㄨˇ ㄌㄧˇ
汙膺,ㄨㄚ ㄧㄥ
汞中毒,ㄍㄨㄥˇ ㄓㄨㄥˋ ㄉㄨˊ
汞齊,ㄍㄨㄥˇ ㄐㄧˋ
江東子弟,ㄐㄧㄤ ㄉㄨㄥ ㄗˇ ㄉㄧˋ
江都縣,ㄐㄧㄤ ㄉㄨ ㄒㄧㄢˋ
江靡,ㄐㄧㄤ ㄇㄧˇ
汩徂,ㄩˋ ㄘㄨˊ
汩沒,ㄍㄨˇ ㄇㄛˋ
汩流,ㄩˋ ㄌㄧㄡˊ
汩越,ㄩˋ ㄩㄝˋ
汪濊,ㄨㄤ ㄨㄟˋ
汪踦,ㄨㄤ ㄑㄧˊ
決了,ㄐㄩㄝˊ ㄌㄧㄠˇ
決明子,ㄐㄩㄝˊ ㄇㄧㄥˊ ㄗˇ
汽輾,ㄑㄧˋ ㄋㄧㄢˇ
汾沮洳,ㄈㄣˊ ㄐㄩˋ ㄖㄨˋ
沃果兒,ㄨㄛˋ ㄍㄨㄛˇ ㄦ
沉不住氣,ㄔㄣˊ ˙ㄅㄨ ㄓㄨˋ ㄑㄧˋ
沉屁股,ㄔㄣˊ ㄆㄧˋ ˙ㄍㄨ
沉沒,ㄔㄣˊ ㄇㄛˋ
沉著,ㄔㄣˊ ㄓㄨㄛˊ
沉著痛快,ㄔㄣˊ ㄓㄨㄛˊ ㄊㄨㄥˋ ㄎㄨㄞˋ
沏油,ㄑㄩ ㄧㄡˊ
沐猴冠冕,ㄇㄨˋ ㄏㄡˊ ㄍㄨㄢˋ ㄇㄧㄢˇ
沐猴而冠,ㄇㄨˋ ㄏㄡˊ ㄦˊ ㄍㄨㄢˋ
沒一頓飯的工夫,ㄇㄟˊ ㄧ ㄉㄨㄣˋ ㄈㄢˋ ˙ㄉㄜ ㄍㄨㄥ ˙ㄈㄨ
沒下,ㄇㄛˋ ㄒㄧㄚˋ
沒不煞,ㄇㄛˋ ㄅㄨˋ ㄕㄚ
沒世,ㄇㄛˋ ㄕˋ
沒世不忘,ㄇㄛˋ ㄕˋ ㄅㄨˋ ㄨㄤˋ
沒世難忘,ㄇㄛˋ ㄕˋ ㄋㄢˊ ㄨㄤˋ
沒主兒,ㄇㄟˊ ㄓㄨˇ ㄦ
沒主意,ㄇㄟˊ ㄓㄨˇ ˙ㄧ
沒乾沒淨,ㄇㄟˊ ㄍㄢ ㄇㄟˊ ㄐㄧㄥˋ
沒乾淨,ㄇㄟˊ ㄍㄢ ㄐㄧㄥˋ
沒亂,ㄇㄛˋ ㄌㄨㄢˋ
沒亂死,ㄇㄛˋ ㄌㄨㄢˋ ㄙˇ
沒亂殺,ㄇㄛˋ ㄌㄨㄢˋ ㄕㄚ
沒亂煞,ㄇㄛˋ ㄌㄨㄢˋ ㄕㄚ
沒亂裡,ㄇㄛˋ ㄌㄨㄢˋ ㄌㄧˇ
沒了,ㄇㄛˋ ˙ㄌㄜ
沒了主意,ㄇㄟˊ ˙ㄌㄜ ㄓㄨˇ ˙ㄧ
沒了期,ㄇㄟˊ ㄌㄧㄠˇ ㄑㄧˊ
沒了當,ㄇㄟˊ ㄌㄧㄠˇ ㄉㄤˋ
沒了結處,ㄇㄟˊ ㄌㄧㄠˇ ㄐㄧㄝˊ ㄔㄨˋ
沒了落,ㄇㄟˊ ㄌㄧㄠˇ ㄌㄨㄛˋ
沒事哏,ㄇㄟˊ ㄕˋ ㄏㄣ
沒住頭,ㄇㄟˊ ㄓㄨˋ ˙ㄊㄡ
沒來頭,ㄇㄟˊ ㄌㄞˊ ˙ㄊㄡ
沒個出豁,ㄇㄟˊ ˙ㄍㄜ ㄔㄨ ㄏㄨㄛˋ
沒個好結果,ㄇㄟˊ ˙ㄍㄜ ㄏㄠˇ ㄐㄧㄝˊ ㄍㄨㄛˇ
沒個是處,ㄇㄟˊ ˙ㄍㄜ ㄕˋ ㄔㄨˋ
沒個裡兒表兒,ㄇㄟˊ ˙ㄍㄜ ㄌㄧˇ ㄦ ㄅㄧㄠˇ ㄦ
沒個見識,ㄇㄟˊ ˙ㄍㄜ ㄐㄧㄢˋ ˙ㄕ
沒個開交,ㄇㄟˊ ˙ㄍㄜ ㄎㄞ ㄐㄧㄠ
沒個黑家白日的,ㄇㄟˊ ˙ㄍㄜ ㄏㄟ ㄐㄧㄚ ㄅㄞˊ ㄖˋ ˙ㄉㄜ
沒做思量處,ㄇㄟˊ ㄗㄨㄛˋ ㄙ ㄌㄧㄤˊ ㄔㄨˋ
沒入,ㄇㄛˋ ㄖㄨˋ
沒出息,ㄇㄟˊ ㄔㄨ ˙ㄒㄧ
沒出豁,ㄇㄟˊ ㄔㄨ ㄏㄨㄛˋ
沒出豁處,ㄇㄟˊ ㄔㄨ ㄏㄨㄛˋ ㄔㄨˋ
沒分豁,ㄇㄟˊ ㄈㄣ ㄏㄨㄛˋ
沒包彈,ㄇㄟˊ ㄅㄠ ㄊㄢˊ
沒可得,ㄇㄟˊ ㄎㄜˇ ㄉㄜˊ
沒合殺,ㄇㄟˊ ㄏㄜˊ ㄕㄚˋ
沒合煞,ㄇㄟˊ ㄏㄜˊ ㄕㄚˋ
沒合眼兒,ㄇㄟˊ ㄏㄜˊ ㄧㄢˇ ㄦ
沒味兒,ㄇㄟˊ ㄨㄟˋ ㄦ
沒商量,ㄇㄟˊ ㄕㄤ ˙ㄌㄧㄤ
沒嘴葫蘆,ㄇㄟˊ ㄗㄨㄟˇ ㄏㄨˊ ˙ㄌㄨ
沒嘴道兒,ㄇㄟˊ ㄗㄨㄟˇ ㄉㄠˋ ㄦ
沒嚼頭,ㄇㄟˊ ㄐㄩㄝˊ ˙ㄊㄡ
沒地,ㄇㄛˋ ㄉㄧˋ
沒地兒,ㄇㄟˊ ㄉㄧˋ ㄦ
沒地縫兒鑽進去,ㄇㄟˊ ㄉㄧˋ ㄈㄥˋ ㄦ ㄗㄨㄢ ㄐㄧㄣˋ ㄑㄩˋ
沒地里,ㄇㄟˊ ˙ㄉㄜ ㄌㄧˇ
沒奈何,ㄇㄛˋ ㄋㄞˋ ㄏㄜˊ
沒奔頭,ㄇㄟˊ ㄅㄣˋ ˙ㄊㄡ
沒好意思,ㄇㄟˊ ㄏㄠˇ ㄧˋ ˙ㄙ
沒子兒,ㄇㄟˊ ㄗˇ ㄦ
沒完沒了,ㄇㄟˊ ㄨㄢˊ ㄇㄟˊ ㄌㄧㄠˇ
沒官,ㄇㄛˋ ㄍㄨㄢ
沒工夫,ㄇㄟˊ ㄍㄨㄥ ˙ㄈㄨ
沒底兒,ㄇㄟˊ ㄉㄧˇ ㄦ
沒彈剝,ㄇㄟˊ ㄊㄢˊ ㄅㄛ
沒影兒,ㄇㄟˊ ㄧㄥˇ ㄦ
沒影的話兒,ㄇㄟˊ ㄧㄥˇ ˙ㄉㄜ ㄏㄨㄚˋ ㄦ
沒後,ㄇㄛˋ ㄏㄡˋ
沒得主意,ㄇㄟˊ ˙ㄉㄜ ㄓㄨˇ ˙ㄧ
沒得空兒,ㄇㄟˊ ˙ㄉㄜ ㄎㄨㄥˋ ㄦ
沒德行,ㄇㄟˊ ㄉㄜˊ ˙ㄒㄧㄥ
沒志氣,ㄇㄟˊ ㄓˋ ˙ㄑㄧ
沒志行,ㄇㄟˊ ㄓˋ ㄒㄧㄥˋ
沒忽的,ㄇㄛˋ ㄏㄨ ㄉㄧˋ
沒想頭,ㄇㄟˊ ㄒㄧㄤˇ ˙ㄊㄡ
沒意兒,ㄇㄟˊ ㄧˋ ㄦ
沒意思,ㄇㄟˊ ㄧˋ ˙ㄙ
沒指望,ㄇㄟˊ ㄓˇ ˙ㄨㄤ
沒捆兒,ㄇㄟˊ ㄎㄨㄣˇ ㄦ
沒揣地,ㄇㄟˊ ㄔㄨㄞˇ ˙ㄉㄜ
沒搭煞,ㄇㄟˊ ㄉㄚ ㄕㄚˋ
沒撩沒亂,ㄇㄟˊ ㄌㄧㄠˊ ㄇㄛˋ ㄌㄨㄢˋ
沒撻煞,ㄇㄟˊ ㄊㄚˋ ㄕㄚˋ
沒收,ㄇㄛˋ ㄕㄡ
沒收煞,ㄇㄟˊ ㄕㄡ ㄕㄚˋ
沒散場,ㄇㄟˊ ㄙㄢˋ ㄔㄤˊ
沒是哏,ㄇㄟˊ ㄕˋ ㄏㄣ
沒有主意,ㄇㄟˊ ㄧㄡˇ ㄓㄨˇ ˙ㄧ
沒有影兒,ㄇㄟˊ ㄧㄡˇ ㄧㄥˇ ㄦ
沒有意思,ㄇㄟˊ ㄧㄡˇ ㄧˋ ˙ㄙ
沒有準兒,ㄇㄟˊ ㄧㄡˇ ㄓㄨㄣˇ ㄦ
沒本事,ㄇㄟˊ ㄅㄣˇ ˙ㄕ
沒本錢買賣,ㄇㄟˊ ㄅㄣˇ ㄑㄧㄢˊ ㄇㄞˇ ˙ㄇㄞ
沒查沒利,ㄇㄟˊ ㄓㄚ ㄇㄟˊ ㄌㄧˋ
沒棱縫兒,ㄇㄟˊ ㄌㄥˊ ㄈㄥˋ ㄦ
沒正經,ㄇㄟˊ ㄓㄥˋ ˙ㄐㄧㄥ
沒正經的事,ㄇㄟˊ ㄓㄥˋ ˙ㄐㄧㄥ ˙ㄉㄜ ㄕˋ
沒死以聞,ㄇㄛˋ ㄙˇ ㄧˇ ㄨㄣˊ
沒水,ㄇㄛˋ ㄕㄨㄟˇ
沒沒,ㄇㄛˋ ㄇㄛˋ
沒沒無聞,ㄇㄛˋ ㄇㄛˋ ㄨˊ ㄨㄣˊ
沒法子,ㄇㄟˊ ㄈㄚˊ ˙ㄗ
沒海履地,ㄇㄛˋ ㄏㄞˇ ㄌㄩˇ ㄉㄧˋ
沒渾過事,ㄇㄟˊ ㄏㄨㄣˋ ㄍㄨㄛˋ ㄕˋ
沒準兒,ㄇㄟˊ ㄓㄨㄣˇ ㄦ
沒準頭,ㄇㄟˊ ㄓㄨㄣˇ ˙ㄊㄡ
沒溜兒,ㄇㄟˊ ㄌㄧㄡˋ ㄦ
沒溺,ㄇㄛˋ ㄋㄧˋ
沒牙虎兒,ㄇㄟˊ ㄧㄚˊ ㄏㄨˇ ㄦ
沒甚,ㄇㄟˊ ㄕㄣˊ
沒甚意思,ㄇㄟˊ ㄕㄣˊ ㄧˋ ˙ㄙ
沒甚首尾,ㄇㄟˊ ㄕㄣˊ ㄕㄡˇ ㄨㄟˇ
沒甚麼,ㄇㄟˊ ㄕㄣˊ ˙ㄇㄜ
沒留沒亂,ㄇㄟˊ ㄌㄧㄡˊ ㄇㄛˋ ㄌㄨㄢˋ
沒看頭,ㄇㄟˊ ㄎㄢˋ ˙ㄊㄡ
沒空,ㄇㄟˊ ㄎㄨㄥˋ
沒算當,ㄇㄟˊ ㄙㄨㄢˋ ㄉㄤˋ
沒縫兒,ㄇㄟˊ ㄈㄥˋ ㄦ
沒羞沒臊,ㄇㄟˊ ㄒㄧㄡ ㄇㄟˊ ㄙㄠˋ
沒而不朽,ㄇㄛˋ ㄦˊ ㄅㄨˋ ㄒㄧㄡˇ
沒肉也有四兩豆腐,ㄇㄟˊ ㄖㄡˋ ㄧㄝˇ ㄧㄡˇ ㄙˋ ㄌㄧㄤˇ ㄉㄡˋ ˙ㄈㄨ
沒脊梁,ㄇㄟˊ ㄐㄧˊ ˙ㄌㄧㄤ
沒脊骨,ㄇㄟˊ ㄐㄧˊ ㄍㄨˇ
沒脾氣,ㄇㄟˊ ㄆㄧˊ ˙ㄑㄧ
沒腦袋的蒼蠅,ㄇㄟˊ ㄋㄠˇ ㄉㄞˋ ˙ㄉㄜ ㄘㄤ ˙ㄧㄥ
沒興頭,ㄇㄟˊ ㄒㄧㄥˋ ˙ㄊㄡ
沒良心的東西,ㄇㄟˊ ㄌㄧㄤˊ ㄒㄧㄣ ˙ㄉㄜ ㄉㄨㄥ ˙ㄒㄧ
沒落,ㄇㄛˋ ㄌㄨㄛˋ
沒落兒,ㄇㄟˊ ㄌㄠˋ ㄦ
沒落子,ㄇㄟˊ ㄌㄠˋ ˙ㄗ
沒著沒落,ㄇㄟˊ ㄓㄨㄛˊ ㄇㄟˊ ㄌㄨㄛˋ
沒著落,ㄇㄟˊ ㄓㄨㄛˊ ㄌㄨㄛˋ
沒藥,ㄇㄛˋ ㄧㄠˋ
沒處出豁,ㄇㄟˊ ㄔㄨˋ ㄔㄨ ㄏㄨㄛˋ
沒血性,ㄇㄟˊ ㄒㄩㄝˋ ㄒㄧㄥˋ
沒行款,ㄇㄟˊ ㄏㄤˊ ㄎㄨㄢˇ
沒見識,ㄇㄟˊ ㄐㄧㄢˋ ˙ㄕ
沒規矩,ㄇㄟˊ ㄍㄨㄟ ˙ㄐㄩ
沒討個空處,ㄇㄟˊ ㄊㄠˇ ˙ㄍㄜ ㄎㄨㄥ ㄔㄨˋ
沒詞兒,ㄇㄟˊ ㄘˊ ㄦ
沒調教,ㄇㄟˊ ㄊㄧㄠˊ ㄐㄧㄠˋ
沒講究,ㄇㄟˊ ㄐㄧㄤˇ ˙ㄐㄧㄡ
沒賺頭,ㄇㄟˊ ㄓㄨㄢˋ ˙ㄊㄡ
沒起倒,ㄇㄟˊ ㄑㄧˇ ㄉㄠˇ
沒身,ㄇㄛˋ ㄕㄣ
沒身不忘,ㄇㄛˋ ㄕㄣ ㄅㄨˋ ㄨㄤˋ
沒造化,ㄇㄟˊ ㄗㄠˋ ˙ㄏㄨㄚ
沒造化的,ㄇㄟˊ ㄗㄠˋ ˙ㄏㄨㄚ ˙ㄉㄜ
沒造化的種子,ㄇㄟˊ ㄗㄠˋ ˙ㄏㄨㄚ ˙ㄉㄜ ㄓㄨㄥˇ ˙ㄗ
沒量斗,ㄇㄟˊ ㄌㄧㄤˊ ㄉㄡˇ
沒金飲羽,ㄇㄛˋ ㄐㄧㄣ ㄧㄣˇ ㄩˇ
沒關係,ㄇㄟˊ ㄍㄨㄢ ˙ㄒㄧ
沒雕當,ㄇㄟˊ ㄉㄧㄠ ㄉㄤˋ
沒頂,ㄇㄛˋ ㄉㄧㄥˇ
沒頭帖子,ㄇㄟˊ ㄊㄡˊ ㄊㄧㄝˇ ˙ㄗ
沒頭當,ㄇㄟˊ ㄊㄡˊ ㄉㄤˋ
沒頭蒼蠅,ㄇㄟˊ ㄊㄡˊ ㄘㄤ ˙ㄧㄥ
沒頭蹲,ㄇㄛˋ ㄊㄡˊ ㄉㄨㄣ
沒顛沒倒,ㄇㄟˊ ㄉㄧㄢ ㄇㄟˊ ㄉㄠˇ
沒骨,ㄇㄛˋ ㄍㄨˇ
沒骨氣,ㄇㄟˊ ㄍㄨˇ ˙ㄑㄧ
沒骨畫,ㄇㄛˋ ㄍㄨˇ ㄏㄨㄚˋ
沒骨花卉,ㄇㄛˋ ㄍㄨˇ ㄏㄨㄚ ㄏㄨㄟˋ
沒骨頭,ㄇㄟˊ ㄍㄨˊ ˙ㄊㄡ
沒齒,ㄇㄛˋ ㄔˇ
沒齒不忘,ㄇㄛˋ ㄔˇ ㄅㄨˋ ㄨㄤˋ
沒齒難忘,ㄇㄛˋ ㄔˇ ㄋㄢˊ ㄨㄤˋ
沒齒難泯,ㄇㄛˋ ㄔˇ ㄋㄢˊ ㄇㄧㄣˇ
沖模,ㄔㄨㄥ ㄇㄨˊ
沙其馬,ㄕㄚ ˙ㄑㄧ ㄇㄚˇ
沙參,ㄕㄚ ㄕㄣ
沙場,ㄕㄚ ㄔㄤˊ
沙淺兒,ㄕㄚ ㄑㄧㄢˇ ㄦ
沙烏地阿拉伯,ㄕㄚ ㄨ ㄉㄧˋ ㄚˋ ㄌㄚ ㄅㄛˊ
沙烏地阿拉伯王國,ㄕㄚ ㄨ ㄉㄧˋ ㄚˋ ㄌㄚ ㄅㄛˊ ㄨㄤˊ ㄍㄨㄛˊ
沙瓤兒,ㄕㄚ ㄖㄤˊ ㄦ
沙肝兒,ㄕㄚ ㄍㄢ ㄦ
沬血,ㄇㄟˋ ㄒㄩㄝˋ
沮水,ㄐㄩ ㄕㄨㄟˇ
沮洳,ㄐㄩˋ ㄖㄨˋ
沮溺,ㄐㄩ ㄋㄧˋ
沮澤,ㄐㄩˋ ㄗㄜˊ
沮舍,ㄐㄩˇ ㄕㄜˋ
沮誦,ㄐㄩ ㄙㄨㄥˋ
河沿,ㄏㄜˊ ㄧㄢˋ
河涸海乾,ㄏㄜˊ ㄏㄜˊ ㄏㄞˇ ㄍㄢ
河清難俟,ㄏㄜˊ ㄑㄧㄥ ㄋㄢˊ ㄙˋ
河落海乾,ㄏㄜˊ ㄌㄠˋ ㄏㄞˇ ㄍㄢ
河裡孩兒岸上娘,ㄏㄜˊ ㄌㄧˇ ㄏㄞˊ ㄦ ㄢˋ ㄕㄤˋ ㄋㄧㄤˊ
河貝子,ㄏㄜˊ ㄅㄟˋ ㄗˇ
沸水式反應器,ㄈㄟˋ ㄕㄨㄟˇ ㄕˋ ㄈㄢˇ ㄧㄥˋ ㄑㄧˋ
油回磨轉,ㄧㄡˊ ㄏㄨㄟˊ ㄇㄛˋ ㄓㄨㄢˇ
油夥兒,ㄧㄡˊ ㄏㄨㄛˇ ㄦ
油星水點兒,ㄧㄡˊ ㄒㄧㄥ ㄕㄨㄟˇ ㄉㄧㄢˇ ㄦ
油棹,ㄧㄡˊ ㄓㄨㄛ
油漬罐頭,ㄧㄡˊ ㄗˋ ㄍㄨㄢˋ ˙ㄊㄡ
油炸,ㄧㄡˊ ㄓㄚˊ
油炸果,ㄧㄡˊ ㄓㄚˊ ㄍㄨㄛˇ
油炸豆兒,ㄧㄡˊ ㄓㄚˊ ㄉㄡˋ ㄦ
油花伎倆,ㄧㄡˊ ㄏㄨㄚ ㄐㄧˋ ㄌㄧㄤˇ
油花和尚,ㄧㄡˊ ㄏㄨㄚ ㄏㄜˊ ˙ㄕㄤ
油茶麵兒,ㄧㄡˊ ㄔㄚˊ ㄇㄧㄢˋ ㄦ
油行,ㄧㄡˊ ㄏㄤˊ
油裙,ㄧㄡˊ ˙ㄑㄩㄣ
油裡滑,ㄧㄡˊ ˙ㄌㄧ ㄏㄨㄚˊ
油香,ㄧㄡˊ ˙ㄒㄧㄤ
油點兒,ㄧㄡˊ ㄉㄧㄢˇ ㄦ
治亂興亡,ㄓˋ ㄌㄨㄢˋ ㄒㄧㄥ ㄨㄤˊ
治喪,ㄓˋ ㄙㄤ
沾便宜,ㄓㄢ ㄆㄧㄢˊ ˙ㄧ
沾洽,ㄓㄢ ㄒㄧㄚˊ
沿條兒,ㄧㄢˊ ㄊㄧㄠˊ ㄦ
沿邊兒,ㄧㄢˊ ㄅㄧㄢ ㄦ
泂蛤仔,ㄐㄩㄥˇ ㄍㄜˊ ㄗˇ
泄沓,ㄧˋ ㄊㄚˋ
泄泄,ㄧˋ ㄧˋ
泄泄沓沓,ㄧˋ ㄧˋ ㄊㄚˋ ㄊㄚˋ
泓汯,ㄏㄨㄥˊ ㄏㄨㄥˊ
法堂疏,ㄈㄚˇ ㄊㄤˊ ㄕㄨˋ
法場,ㄈㄚˇ ㄔㄤˊ
法場換子,ㄈㄚˇ ㄔㄤˊ ㄏㄨㄢˋ ㄗˇ
法子,ㄈㄚˊ ˙ㄗ
法定空地,ㄈㄚˇ ㄉㄧㄥˋ ㄎㄨㄥˋ ㄉㄧˋ
法家拂士,ㄈㄚˇ ㄐㄧㄚ ㄅㄧˋ ㄕˋ
法帖,ㄈㄚˇ ㄊㄧㄝˋ
法律行為,ㄈㄚˇ ㄌㄩˋ ㄒㄧㄥˊ ㄨㄟˊ
法曲,ㄈㄚˇ ㄑㄩˇ
法相,ㄈㄚˇ ㄒㄧㄤˋ
法相宗,ㄈㄚˇ ㄒㄧㄤˋ ㄗㄨㄥ
法華三昧,ㄈㄚˇ ㄏㄨㄚ ㄙㄢ ㄇㄟˋ
法華器,ㄈㄚˇ ㄏㄨㄚ ㄑㄧˋ
法華宗,ㄈㄚˇ ㄏㄨㄚ ㄗㄨㄥ
法華文句,ㄈㄚˇ ㄏㄨㄚ ㄨㄣˊ ㄐㄩˋ
法華玄義,ㄈㄚˇ ㄏㄨㄚ ㄒㄩㄢˊ ㄧˋ
法華經,ㄈㄚˇ ㄏㄨㄚ ㄐㄧㄥ
法藏,ㄈㄚˇ ㄗㄤˋ
泛頭,ㄈㄢˋ ˙ㄊㄡ
泛駕,ㄈㄥˇ ㄐㄧㄚˋ
泡沫玻璃,ㄆㄠˋ ㄇㄛˋ ㄅㄛ ˙ㄌㄧ
泡磨菇,ㄆㄠˋ ㄇㄛˊ ˙ㄍㄨ
泡蘑菇,ㄆㄠˋ ㄇㄛˊ ˙ㄍㄨ
泡貨,ㄆㄠ ㄏㄨㄛˋ
波喳,ㄅㄛ ㄔㄚ
波子曼,ㄅㄛ ㄗˇ ㄇㄢˋ
波爾卡舞曲,ㄅㄛ ㄦˇ ㄎㄚˇ ㄨˇ ㄑㄩˇ
波累,ㄅㄛ ㄌㄟˇ
波羅的海,ㄅㄛ ㄌㄨㄛˊ ㄉㄧˋ ㄏㄞˇ
波羅的海三小國,ㄅㄛ ㄌㄨㄛˊ ㄉㄧˋ ㄏㄞˇ ㄙㄢ ㄒㄧㄠˇ ㄍㄨㄛˊ
波蘭舞曲,ㄅㄛ ㄌㄢˊ ㄨˇ ㄑㄩˇ
波長,ㄅㄛ ㄔㄤˊ
波雷羅舞曲,ㄅㄛ ㄌㄟˊ ㄌㄨㄛˊ ㄨˇ ㄑㄩˇ
泣血,ㄑㄧˋ ㄒㄩㄝˋ
泣血捶膺,ㄑㄧˋ ㄒㄩㄝˋ ㄔㄨㄟˊ ㄧㄥ
泣血枕戈,ㄑㄧˋ ㄒㄩㄝˋ ㄓㄣˋ ㄍㄜ
泣血椎心,ㄑㄧˋ ㄒㄩㄝˋ ㄓㄨㄟ ㄒㄧㄣ
泣血漣如,ㄑㄧˋ ㄒㄩㄝˋ ㄌㄧㄢˊ ㄖㄨˊ
泣血稽顙,ㄑㄧˋ ㄒㄩㄝˋ ㄑㄧˇ ㄙㄤˇ
泥佛勸土佛,ㄋㄧˊ ㄈㄛˊ ㄑㄩㄢˋ ㄊㄨˇ ㄈㄛˊ
泥古,ㄋㄧˋ ㄍㄨˇ
泥古不化,ㄋㄧˋ ㄍㄨˇ ㄅㄨˋ ㄏㄨㄚˋ
泥古非今,ㄋㄧˋ ㄍㄨˇ ㄈㄟ ㄐㄧㄣ
泥坯,ㄋㄧˊ ㄆㄧ
泥塞竹管,ㄋㄧˊ ㄙㄜˋ ㄓㄨˊ ㄍㄨㄢˇ
泥多佛大,ㄋㄧˊ ㄉㄨㄛ ㄈㄛˊ ㄉㄚˋ
泥娃娃,ㄋㄧˊ ㄨㄚˊ ˙ㄨㄚ
泥子,ㄋㄧˋ ˙ㄗ
泥孩兒,ㄋㄧˊ ㄏㄞˊ ㄦ
泥滯,ㄋㄧˋ ㄓˋ
泥潦,ㄋㄧˊ ㄌㄠˋ
泥胎兒,ㄋㄧˊ ㄊㄞ ㄦ
泥酒,ㄋㄧˋ ㄐㄧㄡˇ
泥金帖子,ㄋㄧˊ ㄐㄧㄣ ㄊㄧㄝˇ ˙ㄗ
泥飲,ㄋㄧˋ ㄧㄣˇ
泥鰍,ㄋㄧˊ ˙ㄑㄧㄡ
泥點兒,ㄋㄧˊ ㄉㄧㄢˇ ㄦ
注兒,ㄓㄨˋ ㄦ
注疏,ㄓㄨˋ ㄕㄨˋ
泯沒,ㄇㄧㄣˇ ㄇㄛˋ
泯耳攢蹄,ㄇㄧㄣˇ ㄦˇ ㄘㄨㄢˊ ㄊㄧˊ
泰來否往,ㄊㄞˋ ㄌㄞˊ ㄆㄧˇ ㄨㄤˇ
泰勒制度,ㄊㄞˋ ㄌㄜˋ ㄓˋ ㄉㄨˋ
泰山娘娘,ㄊㄞˋ ㄕㄢ ˙ㄋㄧㄤ ˙ㄋㄧㄤ
泰極而否,ㄊㄞˋ ㄐㄧˊ ㄦˊ ㄆㄧˇ
泰然處之,ㄊㄞˋ ㄖㄢˊ ㄔㄨˇ ㄓ
泰阿,ㄊㄞˋ ㄜ
泰阿倒持,ㄊㄞˋ ㄜ ㄉㄠˋ ㄔˊ
洋勁,ㄧㄤˊ ㄐㄧㄥˋ
洋名字,ㄧㄤˊ ㄇㄧㄥˊ ˙ㄗ
洋場,ㄧㄤˊ ㄔㄤˊ
洋娃娃,ㄧㄤˊ ㄨㄚˊ ˙ㄨㄚ
洋洋得意,ㄧㄤˊ ㄧㄤˊ ㄉㄜˊ ㄧˋ
洋洋自得,ㄧㄤˊ ㄧㄤˊ ㄗˋ ㄉㄜˊ
洋涇浜英語,ㄧㄤˊ ㄐㄧㄥ ㄅㄤ ㄧㄥ ㄩˇ
洋畫兒,ㄧㄤˊ ㄏㄨㄚˋ ㄦ
洋相,ㄧㄤˊ ㄒㄧㄤˋ
洋行,ㄧㄤˊ ㄏㄤˊ
洋馬兒,ㄧㄤˊ ㄇㄚˇ ㄦ
洒如,ㄒㄧㄢˇ ㄖㄨˊ
洒淅,ㄒㄧㄢˇ ㄒㄧ
洒濯,ㄒㄧˇ ㄓㄨㄛˊ
洒然,ㄒㄧㄢˇ ㄖㄢˊ
洗削更革,ㄒㄧˇ ㄒㄩㄝˋ ㄍㄥ ㄍㄜˊ
洗然,ㄒㄧㄢˇ ㄖㄢˊ
洗盞更酌,ㄒㄧˇ ㄓㄢˇ ㄍㄥ ㄓㄨㄛˊ
洗馬,ㄒㄧㄢˇ ㄇㄚˇ
洚洞,ㄐㄧㄤˋ ㄊㄨㄥˊ
洛克菲勒,ㄌㄨㄛˋ ㄎㄜˋ ㄈㄟˇ ㄌㄜˋ
洛可可音樂,ㄌㄨㄛˋ ㄎㄜˇ ㄎㄜˇ ㄧㄣ ㄩㄝˋ
洛浦宓妃,ㄌㄨㄛˋ ㄆㄨˇ ㄈㄨˊ ㄈㄟ
洛閩之學,ㄌㄨㄛˋ ㄇㄧㄣˇ ㄓ ㄒㄩㄝˊ
洛陽才子,ㄌㄨㄛˋ ㄧㄤˊ ㄘㄞˊ ㄗˇ
洞中肯綮,ㄉㄨㄥˋ ㄓㄨㄥˋ ㄎㄣˇ ㄑㄧㄥˋ
洞兒,ㄉㄨㄥˋ ㄦ
洞悉真相,ㄉㄨㄥˋ ㄒㄧ ㄓㄣ ㄒㄧㄤˋ
洩洩,ㄧˋ ㄧˋ
洪洞縣,ㄏㄨㄥˊ ㄊㄨㄥˊ ㄒㄧㄢˋ
洪爐燎髮,ㄏㄨㄥˊ ㄌㄨˊ ㄌㄧㄠˋ ㄈㄚˇ
洪都百鍊生,ㄏㄨㄥˊ ㄉㄨ ㄅㄞˇ ㄌㄧㄢˋ ㄕㄥ
洲場,ㄓㄡ ㄔㄤˊ
活佛,ㄏㄨㄛˊ ㄈㄛˊ
活便,ㄏㄨㄛˊ ˙ㄅㄧㄢ
活兒,ㄏㄨㄛˊ ㄦ
活分,ㄏㄨㄛˊ ㄈㄣˋ
活動分子,ㄏㄨㄛˊ ㄉㄨㄥˋ ㄈㄣˋ ㄗˇ
活喇喇,ㄏㄨㄛˊ ㄌㄚ ㄌㄚ
活寶貝,ㄏㄨㄛˊ ㄅㄠˇ ˙ㄅㄟ
活扣兒,ㄏㄨㄛˊ ㄎㄡˋ ㄦ
活支剌,ㄏㄨㄛˊ ㄓ ㄌㄚˋ
活菩薩,ㄏㄨㄛˊ ㄆㄨˊ ˙ㄙㄚ
活變,ㄏㄨㄛˊ ˙ㄅㄧㄢ
活門兒,ㄏㄨㄛˊ ㄇㄣˊ ㄦ
活頭兒,ㄏㄨㄛˊ ˙ㄊㄡ ㄦ
派上用場,ㄆㄞˋ ㄕㄤˋ ㄩㄥˋ ㄔㄤˊ
流亡曲,ㄌㄧㄡˊ ㄨㄤˊ ㄑㄩˇ
流徵,ㄌㄧㄡˊ ㄓˇ
流沿兒,ㄌㄧㄡˊ ㄧㄢˊ ㄦ
流當品,ㄌㄧㄡˊ ㄉㄤˋ ㄆㄧㄣˇ
流行歌曲,ㄌㄧㄡˊ ㄒㄧㄥˊ ㄍㄜ ㄑㄩˇ
流裡流氣,ㄌㄧㄡˊ ˙ㄌㄧ ㄌㄧㄡˊ ㄑㄧˋ
流質,ㄌㄧㄡˊ ㄓˊ
浩氣長存,ㄏㄠˋ ㄑㄧˋ ㄔㄤˊ ㄘㄨㄣˊ
浩浩湯湯,ㄏㄠˋ ㄏㄠˋ ㄕㄤ ㄕㄤ
浪吼風號,ㄌㄤˋ ㄏㄡˇ ㄈㄥ ㄏㄠˊ
浪子,ㄌㄤˋ ㄗˇ
浪子喪門,ㄌㄤˋ ㄗˇ ㄙㄤ ㄇㄣˊ
浪子回頭,ㄌㄤˋ ㄗˇ ㄏㄨㄟˊ ㄊㄡˊ
浪子回頭金不換,ㄌㄤˋ ㄗˇ ㄏㄨㄟˊ ㄊㄡˊ ㄐㄧㄣ ㄅㄨˋ ㄏㄨㄢˋ
浪得虛名,ㄌㄤˋ ㄉㄜˊ ㄒㄩ ㄇㄧㄥˊ
浪樣兒,ㄌㄤˋ ㄧㄤˋ ㄦ
浪浪,ㄌㄤˊ ㄌㄤˊ
浪漫曲,ㄌㄤˋ ㄇㄢˋ ㄑㄩˇ
浪漫樂派,ㄌㄤˋ ㄇㄢˋ ㄩㄝˋ ㄆㄞˋ
浪蕩子,ㄌㄤˋ ㄉㄤˋ ㄗˇ
浪頭,ㄌㄤˋ ˙ㄊㄡ
浮來暫去,ㄈㄨˊ ㄌㄞˊ ㄓㄢˋ ㄑㄩˋ
浮名薄利,ㄈㄨˊ ㄇㄧㄥˊ ㄅㄛˊ ㄌㄧˋ
浮圓子,ㄈㄨˊ ㄩㄢˊ ㄗˇ
浮塵子,ㄈㄨˊ ㄔㄣˊ ㄗˇ
浮家泛宅,ㄈㄨˊ ㄐㄧㄚ ㄈㄢˋ ㄓㄜˋ
浮皮潦草,ㄈㄨˊ ㄆㄧˊ ㄌㄧㄠˊ ㄘㄠˇ
浮薄,ㄈㄨˊ ㄅㄛˊ
浮雲朝露,ㄈㄨˊ ㄩㄣˊ ㄓㄠ ㄌㄨˋ
浮雲遊子,ㄈㄨˊ ㄩㄣˊ ㄧㄡˊ ㄗˇ
浮靡,ㄈㄨˊ ㄇㄧˇ
浴佛,ㄩˋ ㄈㄛˊ
浴佛節,ㄩˋ ㄈㄛˊ ㄐㄧㄝˊ
浴場,ㄩˋ ㄔㄤˊ
浴火重生,ㄩˋ ㄏㄨㄛˇ ㄔㄨㄥˊ ㄕㄥ
浴血,ㄩˋ ㄒㄩㄝˋ
浴血奮戰,ㄩˋ ㄒㄩㄝˋ ㄈㄣˋ ㄓㄢˋ
海上救難,ㄏㄞˇ ㄕㄤˋ ㄐㄧㄡˋ ㄋㄢˋ
海上花列傳,ㄏㄞˇ ㄕㄤˋ ㄏㄨㄚ ㄌㄧㄝˋ ㄓㄨㄢˋ
海上都市,ㄏㄞˇ ㄕㄤˋ ㄉㄨ ㄕˋ
海乾河盡,ㄏㄞˇ ㄍㄢ ㄏㄜˊ ㄐㄧㄣˋ
海倫凱勒,ㄏㄞˇ ㄌㄨㄣˊ ㄎㄞˇ ㄌㄜˋ
海參,ㄏㄞˇ ㄕㄣ
海參崴,ㄏㄞˇ ㄕㄣ ㄨㄟ
海底猴兒,ㄏㄞˇ ㄉㄧˇ ㄏㄡˊ ㄦ
海水不可斗量,ㄏㄞˇ ㄕㄨㄟˇ ㄅㄨˋ ㄎㄜˇ ㄉㄡˇ ㄌㄧㄤˊ
海水浴場,ㄏㄞˇ ㄕㄨㄟˇ ㄩˋ ㄔㄤˊ
海水難量,ㄏㄞˇ ㄕㄨㄟˇ ㄋㄢˊ ㄌㄧㄤˊ
海泡石,ㄏㄞˇ ㄆㄠ ㄕˊ
海洋地質,ㄏㄞˇ ㄧㄤˊ ㄉㄧˋ ㄓˊ
海洋溫差發電,ㄏㄞˇ ㄧㄤˊ ㄨㄣ ㄔㄚ ㄈㄚ ㄉㄧㄢˋ
海洋牧場,ㄏㄞˇ ㄧㄤˊ ㄇㄨˋ ㄔㄤˊ
海爾波普彗星,ㄏㄞˇ ㄦˇ ㄆㄛ ㄆㄨˇ ㄏㄨㄟˋ ㄒㄧㄥ
海相沉積,ㄏㄞˇ ㄒㄧㄤˋ ㄔㄣˊ ㄐㄧ
海葡萄,ㄏㄞˇ ㄆㄨˊ ˙ㄊㄠ
海螵蛸,ㄏㄞˇ ㄆㄧㄠ ㄒㄧㄠ
海都,ㄏㄞˇ ㄉㄨ
海難,ㄏㄞˇ ㄋㄢˋ
海鶻,ㄏㄞˇ ㄏㄨˊ
浹洽,ㄐㄧㄚˊ ㄒㄧㄚˊ
消停,ㄒㄧㄠ ˙ㄊㄧㄥ
消息兒,ㄒㄧㄠ ˙ㄒㄧ ㄦ
消折,ㄒㄧㄠ ㄕㄜˊ
涉血,ㄕㄜˋ ㄒㄩㄝˋ
涎涎,ㄧㄢˋ ㄧㄢˋ
涎臉,ㄒㄧㄢˊ ˙ㄌㄧㄢ
涎臉涎皮,ㄒㄧㄢˊ ˙ㄌㄧㄢ ㄒㄧㄢˊ ㄆㄧˊ
涒鄰,ㄐㄩㄣ ㄌㄧㄣˊ
涕泗縱橫,ㄊㄧˋ ㄙˋ ㄗㄨㄥ ㄏㄥˊ
涕淚縱橫,ㄊㄧˋ ㄌㄟˋ ㄗㄨㄥ ㄏㄥˊ
涯分,ㄧㄚˊ ㄈㄣˋ
涸乾,ㄏㄠˋ ㄍㄢ
涸轍之枯,ㄏㄜˊ ㄔㄜˋ ㄓ ㄎㄨ
涸轍之魚,ㄏㄜˊ ㄔㄜˋ ㄓ ㄩˊ
涸轍之鮒,ㄏㄜˊ ㄔㄜˋ ㄓ ㄈㄨˋ
涸轍枯魚,ㄏㄜˊ ㄔㄜˋ ㄎㄨ ㄩˊ
涸轍窮魚,ㄏㄜˊ ㄔㄜˋ ㄑㄩㄥˊ ㄩˊ
涸轍窮鱗,ㄏㄜˊ ㄔㄜˋ ㄑㄩㄥˊ ㄌㄧㄣˊ
淑人君子,ㄕㄨˊ ㄖㄣˊ ㄐㄩㄣ ㄗˇ
淑善君子,ㄕㄨˊ ㄕㄢˋ ㄐㄩㄣ ㄗˇ
淒咽,ㄑㄧ ㄧㄝˋ
淒薄,ㄑㄧ ㄅㄛˊ
淘換,ㄊㄠˊ ˙ㄏㄨㄢ
淚乾腸斷,ㄌㄟˋ ㄍㄢ ㄔㄤˊ ㄉㄨㄢˋ
淚人兒,ㄌㄟˋ ㄖㄣˊ ㄦ
淟涊,ㄊㄧㄢˇ ㄋㄧㄢˇ
淡不剌,ㄉㄢˋ ㄅㄨˋ ㄌㄚˋ
淡然處之,ㄉㄢˋ ㄖㄢˊ ㄔㄨˇ ㄓ
淡薄,ㄉㄢˋ ㄅㄛˊ
淡薄無味,ㄉㄢˋ ㄅㄛˊ ㄨˊ ㄨㄟˋ
淤塞,ㄩ ㄙㄜˋ
淨角,ㄐㄧㄥˋ ㄐㄩㄝˊ
淫心慝行,ㄧㄣˊ ㄒㄧㄣ ㄊㄜˋ ㄒㄧㄥˋ
淫潦,ㄧㄣˊ ㄌㄠˋ
淫靡,ㄧㄣˊ ㄇㄧˇ
淮南子,ㄏㄨㄞˊ ㄋㄢˊ ㄗˇ
深厲淺揭,ㄕㄣ ㄌㄧˋ ㄑㄧㄢˇ ㄑㄧˋ
深居九重,ㄕㄣ ㄐㄩ ㄐㄧㄡˇ ㄔㄨㄥˊ
深思熟慮,ㄕㄣ ㄙ ㄕㄡˊ ㄌㄩˋ
深惡痛嫉,ㄕㄣ ㄨˋ ㄊㄨㄥˋ ㄐㄧˊ
深惡痛絕,ㄕㄣ ㄨˋ ㄊㄨㄥˋ ㄐㄩㄝˊ
深更半夜,ㄕㄣ ㄍㄥ ㄅㄢˋ ㄧㄝˋ
深淵薄冰,ㄕㄣ ㄩㄢ ㄅㄛˊ ㄅㄧㄥ
深省,ㄕㄣ ㄒㄧㄥˇ
深藏不露,ㄕㄣ ㄘㄤˊ ㄅㄨˋ ㄌㄡˋ
深長,ㄕㄣ ㄔㄤˊ
淳化閣帖,ㄔㄨㄣˊ ㄏㄨㄚˋ ㄍㄜˊ ㄊㄧㄝˋ
淳熙閣帖,ㄔㄨㄣˊ ㄒㄧ ㄍㄜˊ ㄊㄧㄝˋ
淵塞,ㄩㄢ ㄙㄜˋ
淵遠流長,ㄩㄢ ㄩㄢˇ ㄌㄧㄡˊ ㄔㄤˊ
混嚼舌根,ㄏㄨㄣˋ ㄐㄧㄠˊ ㄕㄜˊ ㄍㄣ
混夷,ㄎㄨㄣ ㄧˊ
混混兒,ㄏㄨㄣˋ ㄏㄨㄣˋ ㄦ
混為一談,ㄏㄨㄣˋ ㄨㄟˊ ㄧ ㄊㄢˊ
混球兒,ㄏㄨㄣˋ ㄑㄧㄡˊ ㄦ
淹沒,ㄧㄢ ㄇㄛˋ
淹纏,ㄧㄢ ˙ㄔㄢ
淹踐,ㄧㄢ ˙ㄐㄧㄢ
淺淺,ㄐㄧㄢ ㄐㄧㄢ
淺薄,ㄑㄧㄢˇ ㄅㄛˊ
淺見薄識,ㄑㄧㄢˇ ㄐㄧㄢˋ ㄅㄛˊ ㄕˋ
淺鮮,ㄑㄧㄢˇ ㄒㄧㄢˇ
添補,ㄊㄧㄢ ˙ㄅㄨ
清吹,ㄑㄧㄥ ㄔㄨㄟˋ
清商樂,ㄑㄧㄥ ㄕㄤ ㄩㄝˋ
清場,ㄑㄧㄥ ㄔㄤˊ
清寒子弟,ㄑㄧㄥ ㄏㄢˊ ㄗˇ ㄉㄧˋ
清樂,ㄑㄧㄥ ㄩㄝˋ
清淨無為,ㄑㄧㄥ ㄐㄧㄥˋ ㄨˊ ㄨㄟˊ
清玩,ㄑㄧㄥ ㄨㄢˋ
清還,ㄑㄧㄥ ㄏㄨㄢˊ
清都,ㄑㄧㄥ ㄉㄨ
清鍋兒冷灶,ㄑㄧㄥ ㄍㄨㄛ ㄦ ㄌㄥˇ ㄗㄠˋ
清靜無為,ㄑㄧㄥ ㄐㄧㄥˋ ㄨˊ ㄨㄟˊ
清風勁節,ㄑㄧㄥ ㄈㄥ ㄐㄧㄥˋ ㄐㄧㄝˊ
減殺,ㄐㄧㄢˇ ㄕㄚˋ
渠率,ㄑㄩˊ ㄕㄨㄞˋ
渡假,ㄉㄨˋ ㄐㄧㄚˋ
渡子,ㄉㄨˋ ㄗˇ
渣兒,ㄓㄚ ㄦ
渦口,ㄍㄨㄛ ㄎㄡˇ
渦河,ㄍㄨㄛ ㄏㄜˊ
測度,ㄘㄜˋ ㄉㄨㄛˋ
測視照相機,ㄘㄜˋ ㄕˋ ㄓㄠˋ ㄒㄧㄤˋ ㄐㄧ
測量,ㄘㄜˋ ㄌㄧㄤˊ
測量學,ㄘㄜˋ ㄌㄧㄤˊ ㄒㄩㄝˊ
測量衛星,ㄘㄜˋ ㄌㄧㄤˊ ㄨㄟˋ ㄒㄧㄥ
港埠,ㄍㄤˇ ㄈㄨˋ
港都,ㄍㄤˇ ㄉㄨ
渴澤,ㄐㄧㄝˊ ㄗㄜˊ
游僧攢住持,ㄧㄡˊ ㄙㄥ ㄘㄨㄢˊ ㄓㄨˋ ㄔˊ
游子,ㄧㄡˊ ㄗˇ
游手好閒,ㄧㄡˊ ㄕㄡˇ ㄏㄠˋ ㄒㄧㄢˊ
游說,ㄧㄡˊ ㄕㄨㄟˋ
游頭浪子,ㄧㄡˊ ㄊㄡˊ ㄌㄤˋ ㄗˇ
渾俗和光,ㄏㄨㄣˋ ㄙㄨˊ ㄏㄜˊ ㄍㄨㄤ
渾元,ㄏㄨㄣˋ ㄩㄢˊ
渾名,ㄏㄨㄣˋ ㄇㄧㄥˊ
渾天,ㄏㄨㄣˋ ㄊㄧㄢ
渾天儀,ㄏㄨㄣˋ ㄊㄧㄢ ㄧˊ
渾敦,ㄏㄨㄣˋ ㄉㄨㄣ
渾殽,ㄏㄨㄣˋ ㄧㄠˊ
渾沌,ㄏㄨㄣˋ ㄉㄨㄣˋ
渾淪,ㄏㄨㄣˋ ㄌㄨㄣˊ
渾球,ㄏㄨㄣˋ ㄑㄧㄡˊ
渾號,ㄏㄨㄣˋ ㄏㄠˋ
湊分子,ㄘㄡˋ ㄈㄣˋ ˙ㄗ
湊合,ㄘㄡˋ ˙ㄏㄜ
湊趣兒,ㄘㄡˋ ㄑㄩˋ ㄦ
湖濱散記,ㄏㄨˊ ㄅㄧㄣ ㄙㄢˇ ㄐㄧˋ
湮沒,ㄧㄣ ㄇㄛˋ
湮沒無聞,ㄧㄣ ㄇㄛˋ ㄨˊ ㄨㄣˊ
湯匙,ㄊㄤ ㄔˊ
湯姆森,ㄊㄤ ㄇㄨˇ ㄕㄥ
湯湯,ㄕㄤ ㄕㄤ
湯著,ㄊㄤ ㄓㄠˊ
源深流長,ㄩㄢˊ ㄕㄣ ㄌㄧㄡˊ ㄔㄤˊ
源遠流長,ㄩㄢˊ ㄩㄢˇ ㄌㄧㄡˊ ㄔㄤˊ
準兒,ㄓㄨㄣˇ ㄦ
準分子雷射儀,ㄓㄨㄣˇ ㄈㄣ ㄗˇ ㄌㄟˊ ㄕㄜˋ ㄧˊ
準的,ㄓㄨㄣˇ ㄉㄧˋ
準譜兒,ㄓㄨㄣˇ ㄆㄨˇ ㄦ
準頭,ㄓㄨㄣˇ ˙ㄊㄡ
溘然長逝,ㄎㄜˋ ㄖㄢˊ ㄔㄤˊ ㄕˋ
溜兒,ㄌㄧㄡˋ ㄦ
溜冰場,ㄌㄧㄡ ㄅㄧㄥ ㄔㄤˊ
溜子,ㄌㄧㄡˋ ˙ㄗ
溜搭,ㄌㄧㄡ ˙ㄉㄚ
溜溜,ㄌㄧㄡˋ ˙ㄌㄧㄡ
溜溜兒,ㄌㄧㄡ ㄌㄧㄡ ㄦ
溜溜秋秋,ㄌㄧㄡ ˙ㄌㄧㄡ ㄑㄧㄡ ㄑㄧㄡ
溜溜轉,ㄌㄧㄡ ㄌㄧㄡ ㄓㄨㄢˋ
溜眼睛,ㄌㄧㄡ ㄧㄢˇ ˙ㄐㄧㄥ
溜縫兒,ㄌㄧㄡˋ ㄈㄥˋ ㄦ
溜達,ㄌㄧㄡˋ ˙ㄉㄚ
溜邊兒,ㄌㄧㄡ ㄅㄧㄢ ㄦ
溫卷,ㄨㄣ ㄐㄩㄢˋ
溫室效應,ㄨㄣ ㄕˋ ㄒㄧㄠˋ ㄧㄥˋ
溫差,ㄨㄣ ㄔㄚ
溫席扇枕,ㄨㄣ ㄒㄧˊ ㄕㄢ ㄓㄣˇ
溫帶氣旋,ㄨㄣ ㄉㄞˋ ㄑㄧˋ ㄒㄩㄢˋ
溲溺,ㄙㄡ ㄋㄧㄠˋ
溴中毒,ㄒㄧㄡˋ ㄓㄨㄥˋ ㄉㄨˊ
溶質,ㄖㄨㄥˊ ㄓˊ
溷廁,ㄏㄨㄣˋ ㄘˋ
溺器,ㄋㄧㄠˋ ㄑㄧˋ
溺窩子,ㄋㄧㄠˋ ㄨㄛ ˙ㄗ
溼氣,ㄕ ˙ㄑㄧ
溼答答,ㄕ ㄉㄚ ㄉㄚ
滂薄,ㄆㄤ ㄅㄛˊ
滄浪,ㄘㄤ ㄌㄤˊ
滄浪亭,ㄘㄤ ㄌㄤˊ ㄊㄧㄥˊ
滄浪詩話,ㄘㄤ ㄌㄤˊ ㄕ ㄏㄨㄚˋ
滄海橫流,ㄘㄤ ㄏㄞˇ ㄏㄥˋ ㄌㄧㄡˊ
滅不個,ㄇㄧㄝˋ ㄅㄨˋ ˙ㄍㄜ
滅景,ㄇㄧㄝˋ ㄧㄥˇ
滅此朝食,ㄇㄧㄝˋ ㄘˇ ㄓㄠ ㄕˊ
滅沒,ㄇㄧㄝˋ ㄇㄛˋ
滅相,ㄇㄧㄝˋ ㄒㄧㄤˋ
滅茬,ㄇㄧㄝˋ ㄔㄚˊ
滋味兒,ㄗ ㄨㄟˋ ㄦ
滌故更新,ㄉㄧˊ ㄍㄨˋ ㄍㄥ ㄒㄧㄣ
滎經縣,ㄧㄥˊ ㄐㄧㄥ ㄒㄧㄢˋ
滑不嘰溜,ㄏㄨㄚˊ ˙ㄅㄨ ㄐㄧ ㄌㄧㄡ
滑喇,ㄏㄨㄚˊ ㄌㄚ
滑溜,ㄏㄨㄚˊ ˙ㄌㄧㄡ
滑稽,ㄍㄨˇ ㄐㄧ
滑稽大鼓,ㄍㄨˇ ㄐㄧ ㄉㄚˋ ㄍㄨˇ
滑稽戲,ㄍㄨˇ ㄐㄧ ㄒㄧˋ
滑稽突梯,ㄍㄨˇ ㄐㄧ ㄊㄨˊ ㄊㄧ
滑藉,ㄏㄨㄚˊ ㄐㄧㄝˋ
滕薛爭長,ㄊㄥˊ ㄒㄩㄝ ㄓㄥ ㄔㄤˊ
滯泥,ㄓˋ ㄋㄧˋ
滯滯泥泥,ㄓˋ ㄓˋ ㄋㄧˋ ㄋㄧˋ
滯累,ㄓˋ ㄌㄟˇ
滴修都速,ㄉㄧ ㄒㄧㄡ ㄉㄨ ㄙㄨˋ
滴溜兒,ㄉㄧ ㄌㄧㄡ ㄦ
滴滴答答,ㄉㄧ ㄉㄧ ㄉㄚ ㄉㄚ
滴答,ㄉㄧ ㄉㄚ
滴羞都蘇,ㄉㄧ ㄒㄧㄡ ㄉㄨ ㄙㄨ
滴里嘟嚕,ㄉㄧ ˙ㄌㄧ ㄉㄨ ㄌㄨ
滴里搭拉,ㄉㄧ ˙ㄌㄧ ㄉㄚ ㄌㄚ
滾兒,ㄍㄨㄣˇ ㄦ
滾出去,ㄍㄨㄣˇ ㄔㄨ ˙ㄑㄩ
滾滾蹡蹡,ㄍㄨㄣˇ ˙ㄍㄨㄣ ㄑㄧㄤ ㄑㄧㄤ
滾球兒,ㄍㄨㄣˇ ㄑㄧㄡˊ ㄦ
滾瓜兒,ㄍㄨㄣˇ ㄍㄨㄚ ㄦ
滾起來,ㄍㄨㄣˇ ㄑㄧˇ ˙ㄌㄞ
滾開,ㄍㄨㄣˇ ˙ㄎㄞ
滿不在乎,ㄇㄢˇ ㄅㄨˋ ㄗㄞˋ ˙ㄏㄨ
滿以為,ㄇㄢˇ ㄧˇ ㄨㄟˊ
滿口應允,ㄇㄢˇ ㄎㄡˇ ㄧㄥˋ ㄩㄣˇ
滿口應承,ㄇㄢˇ ㄎㄡˇ ㄧㄥˋ ㄔㄥˊ
滿口答應,ㄇㄢˇ ㄎㄡˇ ㄉㄚ ㄧㄥˋ
滿嘴跑舌頭,ㄇㄢˇ ㄗㄨㄟˇ ㄆㄠˇ ㄕㄜˊ ˙ㄊㄡ
滿好個,ㄇㄢˇ ㄏㄠˇ ˙ㄍㄜ
滿帆,ㄇㄢˇ ㄈㄢˊ
滿張羅,ㄇㄢˇ ㄓㄤ ˙ㄌㄨㄛ
滿應滿許,ㄇㄢˇ ㄧㄥˋ ㄇㄢˇ ㄒㄩˇ
漁人得利,ㄩˊ ㄖㄣˊ ㄉㄜˊ ㄌㄧˋ
漁父,ㄩˊ ㄈㄨˇ
漁翁得利,ㄩˊ ㄨㄥ ㄉㄜˊ ㄌㄧˋ
漂亮,ㄆㄧㄠˋ ˙ㄌㄧㄤ
漂亮話,ㄆㄧㄠˋ ˙ㄌㄧㄤ ㄏㄨㄚˋ
漂兒,ㄆㄧㄠ ㄦ
漂布,ㄆㄧㄠˇ ㄅㄨˋ
漂帳,ㄆㄧㄠˋ ㄓㄤˋ
漂染,ㄆㄧㄠˇ ㄖㄢˇ
漂母,ㄆㄧㄠˇ ㄇㄨˇ
漂母進食,ㄆㄧㄠˇ ㄇㄨˇ ㄐㄧㄣˋ ㄕˊ
漂母進飯,ㄆㄧㄠˇ ㄇㄨˇ ㄐㄧㄣˋ ㄈㄢˋ
漂沒,ㄆㄧㄠ ㄇㄛˋ
漂洗,ㄆㄧㄠˇ ㄒㄧˇ
漂白,ㄆㄧㄠˇ ㄅㄞˊ
漂白劑,ㄆㄧㄠˇ ㄅㄞˊ ㄐㄧˋ
漂白粉,ㄆㄧㄠˇ ㄅㄞˊ ㄈㄣˇ
漂蕩子弟,ㄆㄧㄠ ㄉㄤˋ ㄗˇ ㄉㄧˋ
漆宅,ㄑㄧ ㄓㄜˋ
漆皮兒,ㄑㄧ ㄆㄧˊ ㄦ
漏天兒,ㄌㄡˋ ㄊㄧㄢ ㄦ
漏春和尚,ㄌㄡˋ ㄔㄨㄣ ㄏㄜˊ ˙ㄕㄤ
漏盡更闌,ㄌㄡˋ ㄐㄧㄣˋ ㄍㄥ ㄌㄢˊ
漏脯充饑,ㄌㄡˋ ㄈㄨˇ ㄔㄨㄥ ㄐㄧ
漏風的巴掌,ㄌㄡˋ ㄈㄥ ˙ㄉㄜ ㄅㄚ ˙ㄓㄤ
演撒,ㄧㄢˇ ㄙㄚˇ
漚肥,ㄡˋ ㄈㄟˊ
漚鬱,ㄡˋ ㄩˋ
漚麻,ㄡˋ ㄇㄚˊ
漠楞楞,ㄇㄛˋ ㄌㄥˋ ㄌㄥˋ
漢武帝內傳,ㄏㄢˋ ㄨˇ ㄉㄧˋ ㄋㄟˋ ㄓㄨㄢˋ
漢藏語系,ㄏㄢˋ ㄗㄤˋ ㄩˇ ㄒㄧˋ
漫山塞野,ㄇㄢˋ ㄕㄢ ㄙㄜˋ ㄧㄝˇ
漫無目的,ㄇㄢˋ ㄨˊ ㄇㄨˋ ㄉㄧˋ
漫長,ㄇㄢˋ ㄔㄤˊ
漭瀁,ㄇㄤˇ ㄧㄤˇ
漯水,ㄊㄚˋ ㄕㄨㄟˇ
漱流枕石,ㄕㄨˋ ㄌㄧㄡˊ ㄓㄣˋ ㄕˊ
漱石枕流,ㄕㄨˋ ㄕˊ ㄓㄣˋ ㄌㄧㄡˊ
漲海,ㄓㄤˋ ㄏㄞˇ
漲紅,ㄓㄤˋ ㄏㄨㄥˊ
漸染,ㄐㄧㄢ ㄖㄢˇ
漸洳,ㄐㄧㄢ ㄖㄨˋ
潑剌,ㄆㄛ ㄌㄚˋ
潑剌剌,ㄆㄛ ㄌㄚˋ ㄌㄚˋ
潑潑剌剌,ㄆㄛ ㄆㄛ ㄌㄚˋ ㄌㄚˋ
潑潑撒撒,ㄆㄛ ㄆㄛ ㄙㄚˇ ㄙㄚˇ
潑皮破落戶兒,ㄆㄛ ㄆㄧˊ ㄆㄛˋ ㄌㄨㄛˋ ㄏㄨˋ ㄦ
潑辣,ㄆㄛ ˙ㄌㄚ
潑辣貨,ㄆㄛ ˙ㄌㄚ ㄏㄨㄛˋ
潔身自好,ㄐㄧㄝˊ ㄕㄣ ㄗˋ ㄏㄠˋ
潘他唑新,ㄆㄢ ㄊㄚ ㄗㄨㄛˋ ㄒㄧㄣ
潛伏分子,ㄑㄧㄢˊ ㄈㄨˊ ㄈㄣˋ ㄗˇ
潢潦可薦,ㄏㄨㄤˊ ㄌㄧㄠˊ ㄎㄜˇ ㄐㄧㄢˋ
潦亂,ㄌㄧㄠˊ ㄌㄨㄢˋ
潦倒,ㄌㄧㄠˊ ㄉㄠˇ
潦泡,ㄌㄧㄠˊ ㄆㄠˋ
潦漿泡,ㄌㄧㄠˊ ㄐㄧㄤ ㄆㄠˋ
潦潦草草,ㄌㄧㄠˊ ㄌㄧㄠˊ ㄘㄠˇ ㄘㄠˇ
潦草,ㄌㄧㄠˊ ㄘㄠˇ
潦草塞責,ㄌㄧㄠˊ ㄘㄠˇ ㄙㄜˋ ㄗㄜˊ
潮差,ㄔㄠˊ ㄔㄚ
潮樂,ㄔㄠˊ ㄩㄝˋ
澀剌剌的,ㄙㄜˋ ㄌㄚˋ ㄌㄚˋ ˙ㄉㄜ
澆薄,ㄐㄧㄠ ㄅㄛˊ
澆頭,ㄐㄧㄠ ˙ㄊㄡ
澆風薄俗,ㄐㄧㄠ ㄈㄥ ㄅㄛˊ ㄙㄨˊ
澎浪磯,ㄆㄥˊ ㄌㄤˋ ㄐㄧ
澎湖天后宮,ㄆㄥˊ ㄏㄨˊ ㄊㄧㄢ ㄏㄡˋ ㄍㄨㄥ
澎湖縣,ㄆㄥˊ ㄏㄨˊ ㄒㄧㄢˋ
澎湖群島,ㄆㄥˊ ㄏㄨˊ ㄑㄩㄣˊ ㄉㄠˇ
澒洞,ㄏㄨㄥˋ ㄊㄨㄥˊ
澶漫,ㄔㄢˊ ㄇㄢˊ
澹臺,ㄊㄢˊ ㄊㄞˊ
澹臺滅明,ㄊㄢˊ ㄊㄞˊ ㄇㄧㄝˋ ㄇㄧㄥˊ
激將,ㄐㄧ ㄐㄧㄤˋ
激將法,ㄐㄧ ㄐㄧㄤˋ ㄈㄚˇ
激靈,ㄐㄧ ˙ㄌㄧㄥ
濁質凡姿,ㄓㄨㄛˊ ㄓˊ ㄈㄢˊ ㄗ
濃縮鈾,ㄋㄨㄥˊ ㄙㄨㄛ ㄧㄡˊ
濆薄,ㄆㄣ ㄅㄛˊ
濊濊,ㄏㄨㄛˋ ㄏㄨㄛˋ
濊貊,ㄨㄟˋ ㄇㄛˋ
濔迆,ㄇㄧˇ ㄧˇ
濕肉伴乾柴,ㄕ ㄖㄡˋ ㄅㄢˋ ㄍㄢ ㄔㄞˊ
濟公傳,ㄐㄧˋ ㄍㄨㄥ ㄓㄨㄢˋ
濟公活佛,ㄐㄧˋ ㄍㄨㄥ ㄏㄨㄛˊ ㄈㄛˊ
濟南市,ㄐㄧˇ ㄋㄢˊ ㄕˋ
濟寧縣,ㄐㄧˇ ㄋㄧㄥˊ ㄒㄧㄢˋ
濟州島,ㄐㄧˇ ㄓㄡ ㄉㄠˇ
濟楚,ㄐㄧˇ ㄔㄨˇ
濟水,ㄐㄧˇ ㄕㄨㄟˇ
濟濟,ㄐㄧˇ ㄐㄧˇ
濟濟一堂,ㄐㄧˇ ㄐㄧˇ ㄧ ㄊㄤˊ
濟濟多士,ㄐㄧˇ ㄐㄧˇ ㄉㄨㄛ ㄕˋ
濟濟彬彬,ㄐㄧˇ ㄐㄧˇ ㄅㄧㄣ ㄅㄧㄣ
濟濟鏘鏘,ㄐㄧˇ ㄐㄧˇ ㄑㄧㄤ ㄑㄧㄤ
濡沫涸轍,ㄖㄨˊ ㄇㄛˋ ㄏㄜˊ ㄔㄜˋ
濯纓彈冠,ㄓㄨㄛˊ ㄧㄥ ㄊㄢˊ ㄍㄨㄢ
濯纓滄浪,ㄓㄨㄛˊ ㄧㄥ ㄘㄤ ㄌㄤˊ
濯足滄浪,ㄓㄨㄛˊ ㄗㄨˊ ㄘㄤ ㄌㄤˊ
瀑風,ㄅㄠˋ ㄈㄥ
瀝血,ㄌㄧˋ ㄒㄩㄝˋ
瀝血之仇,ㄌㄧˋ ㄒㄩㄝˋ ㄓ ㄔㄡˊ
瀝血以誓,ㄌㄧˋ ㄒㄩㄝˋ ㄧˇ ㄕˋ
瀝血叩心,ㄌㄧˋ ㄒㄩㄝˋ ㄎㄡˋ ㄒㄧㄣ
瀧岡,ㄕㄨㄤ ㄍㄤ
瀧水,ㄕㄨㄤ ㄕㄨㄟˇ
瀰瀰,ㄇㄧˇ ㄇㄧˇ
瀾汗,ㄌㄢˋ ㄏㄢˋ
瀾漫,ㄌㄢˋ ㄇㄢˋ
灑脫,ㄙㄚˇ ˙ㄊㄨㄛ
灘子,ㄊㄢ ㄗˇ
灣轉,ㄨㄢ ˙ㄓㄨㄢ
火剌剌,ㄏㄨㄛˇ ㄌㄚˋ ㄌㄚˋ
火場,ㄏㄨㄛˇ ㄔㄤˊ
火山孝子,ㄏㄨㄛˇ ㄕㄢ ㄒㄧㄠˋ ㄗˇ
火彩兒,ㄏㄨㄛˇ ㄘㄞˇ ㄦ
火燎腿,ㄏㄨㄛˇ ㄌㄧㄠˋ ㄊㄨㄟˇ
火燒火燎,ㄏㄨㄛˇ ㄕㄠ ㄏㄨㄛˇ ㄌㄧㄠˋ
火玻璃,ㄏㄨㄛˇ ㄅㄛ ˙ㄌㄧ
火盆兒,ㄏㄨㄛˇ ㄆㄣˊ ㄦ
火紙煤兒,ㄏㄨㄛˇ ㄓˇ ㄇㄟˊ ㄦ
火罐兒,ㄏㄨㄛˇ ㄍㄨㄢˋ ㄦ
火耕水種,ㄏㄨㄛˇ ㄍㄥ ㄕㄨㄟˇ ㄓㄨㄥˋ
火耕流種,ㄏㄨㄛˇ ㄍㄥ ㄌㄧㄡˊ ㄓㄨㄥˋ
火著心兒,ㄏㄨㄛˇ ˙ㄓㄜ ㄒㄧㄣ ㄦ
火蟲兒,ㄏㄨㄛˇ ㄔㄨㄥˊ ㄦ
火齊,ㄏㄨㄛˇ ㄐㄧˋ
灰櫬兒,ㄏㄨㄟ ㄔㄣˋ ㄦ
灰沒,ㄏㄨㄟ ㄇㄛˋ
灰質,ㄏㄨㄟ ㄓˊ
灶頭,ㄗㄠˋ ˙ㄊㄡ
災難,ㄗㄞ ㄋㄢˋ
炊帚,ㄔㄨㄟ ˙ㄓㄡ
炊撥兒,ㄔㄨㄟ ㄅㄛ ㄦ
炊累,ㄔㄨㄟˋ ㄌㄟˋ
炊骨易子,ㄔㄨㄟ ㄍㄨˇ ㄧˋ ㄗˇ
炎徼,ㄧㄢˊ ㄐㄧㄠˋ
炎黃子孫,ㄧㄢˊ ㄏㄨㄤˊ ㄗˇ ㄙㄨㄣ
炒肝兒,ㄔㄠˇ ㄍㄢ ㄦ
炒豆兒,ㄔㄠˇ ㄉㄡˋ ㄦ
炕桌兒,ㄎㄤˋ ㄓㄨㄛ ㄦ
炕琴桌兒,ㄎㄤˋ ㄑㄧㄣˊ ㄓㄨㄛ ㄦ
炮仗,ㄆㄠˋ ˙ㄓㄤ
炮子兒,ㄆㄠˋ ㄗˇ ㄦ
炮打燈兒,ㄆㄠˋ ㄉㄚˇ ㄉㄥ ㄦ
炮格,ㄆㄠˊ ㄍㄜˊ
炮烙,ㄆㄠˊ ㄌㄨㄛˋ
炮烙之刑,ㄆㄠˊ ㄌㄨㄛˋ ㄓ ㄒㄧㄥˊ
炮煉,ㄆㄠˊ ㄌㄧㄢˋ
炮燥,ㄆㄠˊ ㄗㄠˋ
炮羊肚,ㄅㄠ ㄧㄤˊ ㄉㄨˇ
炮製,ㄆㄠˊ ㄓˋ
炮鳳烹龍,ㄆㄠˊ ㄈㄥˋ ㄆㄥ ㄌㄨㄥˊ
炮鳳煮龍,ㄆㄠˊ ㄈㄥˋ ㄓㄨˇ ㄌㄨㄥˊ
炮龍烹鳳,ㄆㄠˊ ㄌㄨㄥˊ ㄆㄥ ㄈㄥˋ
炳炳鑿鑿,ㄅㄧㄥˇ ㄅㄧㄥˇ ㄗㄨㄛˋ ㄗㄨㄛˋ
炳著,ㄅㄧㄥˇ ㄓㄨˋ
炸丸子,ㄓㄚˊ ㄨㄢˊ ˙ㄗ
炸供,ㄓㄚˊ ㄍㄨㄥˋ
炸糕,ㄓㄚˊ ㄍㄠ
炸醬,ㄓㄚˊ ㄐㄧㄤˋ
為主作倡,ㄨㄟˊ ㄓㄨˇ ㄗㄨㄛˋ ㄔㄤˋ
為人師表,ㄨㄟˊ ㄖㄣˊ ㄕ ㄅㄧㄠˇ
為人行事,ㄨㄟˊ ㄖㄣˊ ㄒㄧㄥˊ ㄕˋ
為仁不富,ㄨㄟˊ ㄖㄣˊ ㄅㄨˋ ㄈㄨˋ
為今之計,ㄨㄟˊ ㄐㄧㄣ ㄓ ㄐㄧˋ
為伍,ㄨㄟˊ ㄨˇ
為善,ㄨㄟˊ ㄕㄢˋ
為善不欲人知,ㄨㄟˊ ㄕㄢˋ ㄅㄨˋ ㄩˋ ㄖㄣˊ ㄓ
為善最樂,ㄨㄟˊ ㄕㄢˋ ㄗㄨㄟˋ ㄌㄜˋ
為好成歉,ㄨㄟˊ ㄏㄠˇ ㄔㄥˊ ㄑㄧㄢˋ
為學,ㄨㄟˊ ㄒㄩㄝˊ
為害,ㄨㄟˊ ㄏㄞˋ
為富不仁,ㄨㄟˊ ㄈㄨˋ ㄅㄨˋ ㄖㄣˊ
為德不卒,ㄨㄟˊ ㄉㄜˊ ㄅㄨˋ ㄗㄨˊ
為惡不悛,ㄨㄟˊ ㄜˋ ㄅㄨˋ ㄑㄩㄢ
為所欲為,ㄨㄟˊ ㄙㄨㄛˇ ㄩˋ ㄨㄟˊ
為政,ㄨㄟˊ ㄓㄥˋ
為政不在多言,ㄨㄟˊ ㄓㄥˋ ㄅㄨˋ ㄗㄞˋ ㄉㄨㄛ ㄧㄢˊ
為數,ㄨㄟˊ ㄕㄨˋ
為時已晚,ㄨㄟˊ ㄕˊ ㄧˇ ㄨㄢˇ
為期,ㄨㄟˊ ㄑㄧˊ
為期不遠,ㄨㄟˊ ㄑㄧˊ ㄅㄨˋ ㄩㄢˇ
為止,ㄨㄟˊ ㄓˇ
為民喉舌,ㄨㄟˊ ㄇㄧㄣˊ ㄏㄡˊ ㄕㄜˊ
為法自弊,ㄨㄟˊ ㄈㄚˇ ㄗˋ ㄅㄧˋ
為甚麼,ㄨㄟˋ ㄕㄣˊ ˙ㄇㄜ
為生,ㄨㄟˊ ㄕㄥ
為荷,ㄨㄟˊ ㄏㄜˋ
為裘為箕,ㄨㄟˊ ㄑㄧㄡˊ ㄨㄟˊ ㄐㄧ
為間,ㄨㄟˊ ㄐㄧㄢˋ
為難,ㄨㄟˊ ㄋㄢˊ
為難之處,ㄨㄟˊ ㄋㄢˊ ㄓ ㄔㄨˋ
為非作歹,ㄨㄟˊ ㄈㄟ ㄗㄨㄛˋ ㄉㄞˇ
為頭,ㄨㄟˊ ㄊㄡˊ
為頭把腦,ㄨㄟˊ ㄊㄡˊ ㄅㄚˇ ㄋㄠˇ
為首,ㄨㄟˊ ㄕㄡˇ
為鬼為蜮,ㄨㄟˊ ㄍㄨㄟˇ ㄨㄟˊ ㄩˋ
為鬼為魅,ㄨㄟˊ ㄍㄨㄟˇ ㄨㄟˊ ㄇㄟˋ
烏塗,ㄨ ˙ㄊㄨ
烏塗水,ㄨ ˙ㄊㄨ ㄕㄨㄟˇ
烏氏倮,ㄨ ㄓ ㄌㄨㄛˇ
烏號,ㄨ ㄏㄠˊ
烏衣子弟,ㄨ ㄧ ㄗˇ ㄉㄧˋ
烏雲著頂,ㄨ ㄩㄣˊ ㄓㄨㄛˊ ㄉㄧㄥˇ
烏魚子,ㄨ ㄩˊ ㄗˇ
烘乾,ㄏㄨㄥ ㄍㄢ
烘乾機,ㄏㄨㄥ ㄍㄢ ㄐㄧ
烙鐵,ㄌㄠˋ ˙ㄊㄧㄝ
烙鐵印兒,ㄌㄠˋ ˙ㄊㄧㄝ ㄧㄣˋ ㄦ
烹勁兒,ㄆㄥ ㄐㄧㄣˋ ㄦ
烹炮,ㄆㄥ ㄆㄠˊ
烹調,ㄆㄥ ㄊㄧㄠˊ
烹龍炮鳳,ㄆㄥ ㄌㄨㄥˊ ㄆㄠˊ ㄈㄥˋ
烽子,ㄈㄥ ㄗˇ
焉得,ㄧㄢ ㄉㄜˊ
焙乾,ㄅㄟˋ ㄍㄢ
焚研,ㄈㄣˊ ㄧㄢˋ
無了無休,ㄨˊ ㄌㄧㄠˇ ㄨˊ ㄒㄧㄡ
無人銀行,ㄨˊ ㄖㄣˊ ㄧㄣˊ ㄏㄤˊ
無以塞責,ㄨˊ ㄧˇ ㄙㄜˋ ㄗㄜˊ
無以為敬,ㄨˊ ㄧˇ ㄨㄟˊ ㄐㄧㄥˋ
無以為生,ㄨˊ ㄧˇ ㄨㄟˊ ㄕㄥ
無以為繼,ㄨˊ ㄧˇ ㄨㄟˊ ㄐㄧˋ
無价事,ㄨˊ ㄐㄧㄝˋ ㄕˋ
無佛處稱尊,ㄨˊ ㄈㄛˊ ㄔㄨˋ ㄔㄥ ㄗㄨㄣ
無倽,ㄨˊ ㄕㄚˊ
無名帖,ㄨˊ ㄇㄧㄥˊ ㄊㄧㄝˇ
無回豁,ㄨˊ ㄏㄨㄟˊ ㄏㄨㄛˋ
無地自處,ㄨˊ ㄉㄧˋ ㄗˋ ㄔㄨˇ
無多子,ㄨˊ ㄉㄨㄛ ㄗˇ
無妨,ㄨˊ ㄈㄤ
無射,ㄨˊ ㄧˋ
無將大車,ㄨˊ ㄐㄧㄤ ㄉㄚˋ ㄐㄩ
無患子,ㄨˊ ㄏㄨㄢˋ ㄗˇ
無所不為,ㄨˊ ㄙㄨㄛˇ ㄅㄨˋ ㄨㄟˊ
無所作為,ㄨˊ ㄙㄨㄛˇ ㄗㄨㄛˋ ㄨㄟˊ
無所得,ㄨˊ ㄙㄨㄛˇ ㄉㄜˊ
無服之喪,ㄨˊ ㄈㄨˊ ㄓ ㄙㄤ
無為,ㄨˊ ㄨㄟˊ
無為而治,ㄨˊ ㄨㄟˊ ㄦˊ ㄓˋ
無為自化,ㄨˊ ㄨㄟˊ ㄗˋ ㄏㄨㄚˋ
無的放矢,ㄨˊ ㄉㄧˋ ㄈㄤˋ ㄕˇ
無盡藏,ㄨˊ ㄐㄧㄣˋ ㄗㄤˋ
無給職,ㄨˊ ㄐㄧˇ ㄓˊ
無聲無臭,ㄨˊ ㄕㄥ ㄨˊ ㄒㄧㄡˋ
無能為力,ㄨˊ ㄋㄥˊ ㄨㄟˊ ㄌㄧˋ
無能為役,ㄨˊ ㄋㄥˊ ㄨㄟˊ ㄧˋ
無腸公子,ㄨˊ ㄔㄤˊ ㄍㄨㄥ ㄗˇ
無與為比,ㄨˊ ㄩˇ ㄨㄟˊ ㄅㄧˇ
無菌性腦膜炎,ㄨˊ ㄐㄩㄣˋ ㄒㄧㄥˋ ㄋㄠˇ ㄇㄛˊ ㄧㄢˊ
無著,ㄨˊ ㄓㄨㄛˊ
無行,ㄨˊ ㄒㄧㄥˋ
無行止,ㄨˊ ㄒㄧㄥˋ ㄓˇ
無行為能力人,ㄨˊ ㄒㄧㄥˊ ㄨㄟˊ ㄋㄥˊ ㄌㄧˋ ㄖㄣˊ
無適無莫,ㄨˊ ㄉㄧˊ ㄨˊ ㄇㄛˋ
無那,ㄨˊ ㄋㄨㄛˊ
無量壽佛,ㄨˊ ㄌㄧㄤˋ ㄕㄡˋ ㄈㄛˊ
無間,ㄨˊ ㄐㄧㄢˋ
無頭蒼蠅,ㄨˊ ㄊㄡˊ ㄘㄤ ˙ㄧㄥ
無顛無倒,ㄨˊ ㄉㄧㄢ ㄨˊ ㄉㄠˇ
焦穫,ㄐㄧㄠ ㄏㄨˋ
焯著,ㄓㄨㄛˊ ㄓㄨˋ
煙傢伙,ㄧㄢ ㄐㄧㄚ ˙ㄏㄨㄛ
煙月場,ㄧㄢ ㄩㄝˋ ㄔㄤˊ
煙熏火燎,ㄧㄢ ㄒㄩㄣ ㄏㄨㄛˇ ㄌㄧㄠˋ
煙袋嘴兒,ㄧㄢ ㄉㄞˋ ㄗㄨㄟˇ ㄦ
煙袋桿兒,ㄧㄢ ㄉㄞˋ ㄍㄢˇ ㄦ
煙袋荷包,ㄧㄢ ㄉㄞˋ ㄏㄜˊ ˙ㄅㄠ
煙雲供養,ㄧㄢ ㄩㄣˊ ㄍㄨㄥˋ ㄧㄤˋ
煞強如,ㄕㄚˋ ㄑㄧㄤˊ ㄖㄨˊ
煞星,ㄕㄚˋ ㄒㄧㄥ
煞是,ㄕㄚˋ ㄕˋ
煞有介事,ㄕㄚˋ ㄧㄡˇ ㄐㄧㄝˋ ㄕˋ
煞白,ㄕㄚˋ ㄅㄞˊ
煞神,ㄕㄚˋ ㄕㄣˊ
煞筆,ㄕㄚˋ ㄅㄧˇ
煞費周章,ㄕㄚˋ ㄈㄟˋ ㄓㄡ ㄓㄤ
煞費苦心,ㄕㄚˋ ㄈㄟˋ ㄎㄨˇ ㄒㄧㄣ
煤都,ㄇㄟˊ ㄉㄨ
照乘珠,ㄓㄠˋ ㄕㄥˋ ㄓㄨ
照帖,ㄓㄠˋ ㄊㄧㄝˇ
照應,ㄓㄠˋ ㄧㄥˋ
照方兒抓,ㄓㄠˋ ㄈㄤ ㄦ ㄓㄨㄚ
照物兒,ㄓㄠˋ ㄨˋ ㄦ
照相,ㄓㄠˋ ㄒㄧㄤˋ
照相凸版,ㄓㄠˋ ㄒㄧㄤˋ ㄊㄨˊ ㄅㄢˇ
照相凹版,ㄓㄠˋ ㄒㄧㄤˋ ㄠ ㄅㄢˇ
照相平版,ㄓㄠˋ ㄒㄧㄤˋ ㄆㄧㄥˊ ㄅㄢˇ
照相打字,ㄓㄠˋ ㄒㄧㄤˋ ㄉㄚˇ ㄗˋ
照相打字機,ㄓㄠˋ ㄒㄧㄤˋ ㄉㄚˇ ㄗˋ ㄐㄧ
照相機,ㄓㄠˋ ㄒㄧㄤˋ ㄐㄧ
照相測量,ㄓㄠˋ ㄒㄧㄤˋ ㄘㄜˋ ㄌㄧㄤˊ
照相版,ㄓㄠˋ ㄒㄧㄤˋ ㄅㄢˇ
照相紙,ㄓㄠˋ ㄒㄧㄤˋ ㄓˇ
照相著色,ㄓㄠˋ ㄒㄧㄤˋ ㄓㄨㄛˊ ㄙㄜˋ
照相製版,ㄓㄠˋ ㄒㄧㄤˋ ㄓˋ ㄅㄢˇ
照相館,ㄓㄠˋ ㄒㄧㄤˋ ㄍㄨㄢˇ
照葫蘆畫瓢,ㄓㄠˋ ㄏㄨˊ ˙ㄌㄨ ㄏㄨㄚˋ ㄆㄧㄠˊ
煨乾就濕,ㄨㄟ ㄍㄢ ㄐㄧㄡˋ ㄕ
煨乾避濕,ㄨㄟ ㄍㄢ ㄅㄧˋ ㄕ
煩數,ㄈㄢˊ ㄕㄨㄛˋ
煬灶,ㄧㄤˋ ㄗㄠˋ
煮海為鹽,ㄓㄨˇ ㄏㄞˇ ㄨㄟˊ ㄧㄢˊ
煮熟的鴨子飛了,ㄓㄨˇ ㄕㄡˊ ˙ㄉㄜ ㄧㄚ ˙ㄗ ㄈㄟ ˙ㄌㄜ
熅火,ㄩㄣˊ ㄏㄨㄛˇ
熅熅,ㄩㄣˊ ㄩㄣˊ
熏香,ㄒㄩㄣˋ ㄒㄧㄤ
熒燎,ㄧㄥˊ ㄌㄧㄠˋ
熙洽,ㄒㄧ ㄒㄧㄚˊ
熟分,ㄕㄨˊ ㄈㄣˋ
熟切店,ㄕㄨˊ ㄑㄧㄝ ㄉㄧㄢˋ
熟商量,ㄕㄨˊ ㄕㄤ ˙ㄌㄧㄤ
熟料材兒,ㄕㄨˊ ㄌㄧㄠˋ ㄘㄞˊ ㄦ
熟臉兒,ㄕㄨˊ ㄌㄧㄢˇ ㄦ
熟記,ㄕㄡˊ ㄐㄧˋ
熟讀,ㄕㄡˊ ㄉㄨˊ
熟讀玩味,ㄕㄨˊ ㄉㄨˊ ㄨㄢˋ ㄨㄟˋ
熟路輕車,ㄕㄨˊ ㄌㄨˋ ㄑㄧㄥ ㄐㄩ
熟路輕轍,ㄕㄨˊ ㄌㄨˋ ㄑㄧㄥ ㄔㄜˋ
熟間,ㄕㄨˊ ㄐㄧㄢˋ
熠沒,ㄧˋ ㄇㄛˋ
熨貼,ㄩˋ ㄊㄧㄝ
熬不住,ㄠˊ ˙ㄅㄨ ㄓㄨˋ
熬不過,ㄠˊ ˙ㄅㄨ ㄍㄨㄛˋ
熬心,ㄠ ㄒㄧㄣ
熬心血,ㄠˊ ㄒㄧㄣ ㄒㄩㄝˋ
熬惱,ㄠ ㄋㄠˇ
熬碴兒,ㄠ ㄔㄚˊ ㄦ
熬磨,ㄠˊ ˙ㄇㄛ
熬膩,ㄠ ㄋㄧˋ
熬菜,ㄠ ㄘㄞˋ
熬頭,ㄠ ˙ㄊㄡ
熬頭兒,ㄠˊ ˙ㄊㄡ ㄦ
熱剌剌,ㄖㄜˋ ㄌㄚˋ ㄌㄚˋ
熱和,ㄖㄜˋ ˙ㄏㄨㄛ
熱喪,ㄖㄜˋ ㄙㄤ
熱島效應,ㄖㄜˋ ㄉㄠˇ ㄒㄧㄠˋ ㄧㄥˋ
熱帶氣旋,ㄖㄜˋ ㄉㄞˋ ㄑㄧˋ ㄒㄩㄢˋ
熱核反應,ㄖㄜˋ ㄏㄜˊ ㄈㄢˇ ㄧㄥˋ
熱爪哇,ㄖㄜˋ ㄓㄠˇ ㄨㄚ
熱處理,ㄖㄜˋ ㄔㄨˇ ㄌㄧˇ
熱門音樂,ㄖㄜˋ ㄇㄣˊ ㄧㄣ ㄩㄝˋ
熱鬧,ㄖㄜˋ ˙ㄋㄠ
熱鬧哄哄,ㄖㄜˋ ˙ㄋㄠ ㄏㄨㄥ ㄏㄨㄥ
燃燈佛,ㄖㄢˊ ㄉㄥ ㄈㄛˊ
燈芯,ㄉㄥ ㄒㄧㄣˋ
燈草拐棒兒,ㄉㄥ ㄘㄠˇ ㄍㄨㄞˇ ㄅㄤˋ ㄦ
燉煌,ㄉㄨㄣ ㄏㄨㄤˊ
燎原,ㄌㄧㄠˋ ㄩㄢˊ
燎原之火,ㄌㄧㄠˋ ㄩㄢˊ ㄓ ㄏㄨㄛˇ
燎星,ㄌㄧㄠˋ ㄒㄧㄥ
燎朗,ㄌㄧㄠˋ ㄌㄤˇ
燎毛,ㄌㄧㄠˇ ㄇㄠˊ
燎灼,ㄌㄧㄠˇ ㄓㄨㄛˊ
燎燎,ㄌㄧㄠˋ ㄌㄧㄠˋ
燎髮,ㄌㄧㄠˇ ㄈㄚˇ
燒火焜,ㄕㄠ ㄏㄨㄛˇ ㄍㄨㄣˋ
燒賣,ㄕㄠ ˙ㄇㄞ
燔燎,ㄈㄢˊ ㄌㄧㄠˋ
燕丹,ㄧㄢ ㄉㄢ
燕九節,ㄧㄢ ㄐㄧㄡˇ ㄐㄧㄝˊ
燕京歲時記,ㄧㄢ ㄐㄧㄥ ㄙㄨㄟˋ ㄕˊ ㄐㄧˋ
燕勞,ㄧㄢˋ ㄌㄠˋ
燕太子丹,ㄧㄢ ㄊㄞˋ ㄗˇ ㄉㄢ
燕姞夢蘭,ㄧㄢ ㄐㄧˊ ㄇㄥˋ ㄌㄢˊ
燕子樓,ㄧㄢˋ ㄗˇ ㄌㄡˊ
燕子磯,ㄧㄢˋ ㄗˇ ㄐㄧ
燕子箋,ㄧㄢˋ ㄗˇ ㄐㄧㄢ
燕山,ㄧㄢ ㄕㄢ
燕市酒人,ㄧㄢ ㄕˋ ㄐㄧㄡˇ ㄖㄣˊ
燕支,ㄧㄢ ㄓ
燕支山,ㄧㄢ ㄓ ㄕㄢ
燕昭王,ㄧㄢ ㄓㄠ ㄨㄤˊ
燕昭築臺,ㄧㄢ ㄓㄠ ㄓㄨˊ ㄊㄞˊ
燕樂二十八調,ㄧㄢˋ ㄩㄝˋ ㄦˋ ㄕˊ ㄅㄚ ㄉㄧㄠˋ
燕樂半字譜,ㄧㄢˋ ㄩㄝˋ ㄅㄢˋ ㄗˋ ㄆㄨˇ
燕樂考源,ㄧㄢˋ ㄩㄝˋ ㄎㄠˇ ㄩㄢˊ
燕歌行,ㄧㄢ ㄍㄜ ㄒㄧㄥˊ
燕然山,ㄧㄢ ㄖㄢˊ ㄕㄢ
燕然山銘,ㄧㄢ ㄖㄢˊ ㄕㄢ ㄇㄧㄥˊ
燕玉,ㄧㄢ ㄩˋ
燕石為玉,ㄧㄢ ㄕˊ ㄨㄟˊ ㄩˋ
燕脂,ㄧㄢ ㄓ
燕臺,ㄧㄢ ㄊㄞˊ
燕說,ㄧㄢ ㄕㄨㄛ
燕雀處堂,ㄧㄢˋ ㄑㄩㄝˋ ㄔㄨˇ ㄊㄤˊ
燕雀處屋,ㄧㄢˋ ㄑㄩㄝˋ ㄔㄨˇ ㄨ
燕雲十六州,ㄧㄢ ㄩㄣˊ ㄕˊ ㄌㄧㄡˋ ㄓㄡ
燕鴴,ㄧㄢˋ ㄏㄥˊ
燜燒鍋,ㄇㄣ ㄕㄠ ㄍㄨㄛ
營利事業所得稅,ㄧㄥˊ ㄌㄧˋ ㄕˋ ㄧㄝˋ ㄙㄨㄛˇ ㄉㄜˊ ㄕㄨㄟˋ
營舍,ㄧㄥˊ ㄕㄜˋ
營養失調,ㄧㄥˊ ㄧㄤˇ ㄕ ㄊㄧㄠˊ
燥子,ㄙㄠˋ ˙ㄗ
燻魚兒,ㄒㄩㄣ ㄩˊ ㄦ
爆肚兒,ㄅㄠˋ ㄉㄨˇ ㄦ
爐房,ㄌㄨˊ ˙ㄈㄤ
爛了舌頭,ㄌㄢˋ ˙ㄌㄜ ㄕㄜˊ ˙ㄊㄡ
爛污貨,ㄌㄢˋ ㄨ ㄏㄨㄛˋ
爛熳,ㄌㄢˋ ㄇㄢˋ
爛爛兒的,ㄌㄢˋ ㄌㄢˋ ㄦ ˙ㄉㄜ
爛糊,ㄌㄢˋ ˙ㄏㄨ
爨寶子碑,ㄘㄨㄢˋ ㄅㄠˇ ㄗˇ ㄅㄟ
爪哇,ㄓㄠˇ ㄨㄚ
爪哇人,ㄓㄠˇ ㄨㄚ ㄖㄣˊ
爪哇國,ㄓㄠˇ ㄨㄚ ㄍㄨㄛˊ
爪哇島,ㄓㄠˇ ㄨㄚ ㄉㄠˇ
爪子,ㄓㄨㄚˇ ˙ㄗ
爪尖兒,ㄓㄠˇ ㄐㄧㄢ ㄦ
爪牙之將,ㄓㄠˇ ㄧㄚˊ ㄓ ㄐㄧㄤˋ
爬下,ㄆㄚˊ ˙ㄒㄧㄚ
爬拉,ㄆㄚˊ ˙ㄌㄚ
爬犁,ㄆㄚˊ ˙ㄌㄧ
爬高枝兒,ㄆㄚˊ ㄍㄠ ㄓ ㄦ
爭坐位帖,ㄓㄥ ㄗㄨㄛˋ ㄨㄟˋ ㄊㄧㄝˋ
爭差,ㄓㄥ ㄔㄚ
爭強好勝,ㄓㄥ ㄑㄧㄤˊ ㄏㄠˋ ㄕㄥˋ
爭權攘利,ㄓㄥ ㄑㄩㄢˊ ㄖㄤˊ ㄌㄧˋ
爭短論長,ㄓㄥ ㄉㄨㄢˇ ㄌㄨㄣˋ ㄔㄤˊ
爭長爭短,ㄓㄥ ㄔㄤˊ ㄓㄥ ㄉㄨㄢˇ
爭長競短,ㄓㄥ ㄔㄤˊ ㄐㄧㄥˋ ㄉㄨㄢˇ
爭長論短,ㄓㄥ ㄔㄤˊ ㄌㄨㄣˋ ㄉㄨㄢˇ
父不償子債,ㄈㄨˋ ㄅㄨˋ ㄔㄤˊ ㄗˇ ㄓㄞˋ
父債子還,ㄈㄨˋ ㄓㄞˋ ㄗˇ ㄏㄨㄢˊ
父喪,ㄈㄨˋ ㄙㄤ
父嚴子孝,ㄈㄨˋ ㄧㄢˊ ㄗˇ ㄒㄧㄠˋ
父子,ㄈㄨˋ ㄗˇ
父子兵,ㄈㄨˋ ㄗˇ ㄅㄧㄥ
父子天性,ㄈㄨˋ ㄗˇ ㄊㄧㄢ ㄒㄧㄥˋ
父慈子孝,ㄈㄨˋ ㄘˊ ㄗˇ ㄒㄧㄠˋ
父析子荷,ㄈㄨˋ ㄒㄧ ㄗˇ ㄏㄜˋ
父母子女,ㄈㄨˋ ㄇㄨˇ ㄗˇ ㄋㄩˇ
父為子隱,ㄈㄨˋ ㄨㄟˋ ㄗˇ ㄧㄣˇ
父精母血,ㄈㄨˋ ㄐㄧㄥ ㄇㄨˇ ㄒㄩㄝˋ
爸爸,ㄅㄚˋ ˙ㄅㄚ
爹爹,ㄉㄧㄝ ˙ㄉㄧㄝ
爺們兒,ㄧㄝˊ ㄇㄣˊ ㄦ
爺兒倆,ㄧㄝˊ ㄦ ㄌㄧㄤˇ
爺兒們,ㄧㄝˊ ㄦ ˙ㄇㄣ
爺爺,ㄧㄝˊ ˙ㄧㄝ
爽心豁目,ㄕㄨㄤˇ ㄒㄧㄣ ㄏㄨㄛˋ ㄇㄨˋ
牆倒眾人推,ㄑㄧㄤˊ ㄉㄠˇ ㄓㄨㄥˋ ㄖㄣˊ ㄊㄨㄟ
片兒,ㄆㄧㄢˋ ㄦ
片兒湯,ㄆㄧㄢˋ ㄦ ㄊㄤ
片兒湯話,ㄆㄧㄢˋ ㄦ ㄊㄤ ㄏㄨㄚˋ
片子,ㄆㄧㄢ ˙ㄗ
片長,ㄆㄧㄢˋ ㄔㄤˊ
片長末技,ㄆㄧㄢˋ ㄔㄤˊ ㄇㄛˋ ㄐㄧˋ
片長薄技,ㄆㄧㄢˋ ㄔㄤˊ ㄅㄛˊ ㄐㄧˋ
片鱗半爪,ㄆㄧㄢˋ ㄌㄧㄣˊ ㄅㄢˋ ㄓㄨㄚˇ
版刻,ㄅㄢˇ ㄎㄜ
牌兒馬,ㄆㄞˊ ㄦ ㄇㄚˇ
牌坊,ㄆㄞˊ ˙ㄈㄤ
牌子曲,ㄆㄞˊ ˙ㄗ ㄑㄩˇ
牓帖,ㄅㄤˇ ㄊㄧㄝˇ
牙將,ㄧㄚˊ ㄐㄧㄤˋ
牙根癢癢,ㄧㄚˊ ㄍㄣ ㄧㄤˇ ˙ㄧㄤ
牙爪,ㄧㄚˊ ㄓㄨㄚˇ
牙癢癢,ㄧㄚˊ ㄧㄤˇ ˙ㄧㄤ
牙磣,ㄧㄚˊ ˙ㄔㄣ
牙行,ㄧㄚˊ ㄏㄤˊ
牙質,ㄧㄚˊ ㄓˊ
牙釉質,ㄧㄚˊ ㄧㄡˋ ㄓˊ
牙鑽,ㄧㄚˊ ㄗㄨㄢˋ
牙齦,ㄧㄚˊ ㄧㄣˊ
牛仔,ㄋㄧㄡˊ ㄗˇ
牛仔布,ㄋㄧㄡˊ ㄗˇ ㄅㄨˋ
牛仔裝,ㄋㄧㄡˊ ㄗˇ ㄓㄨㄤ
牛仔褲,ㄋㄧㄡˊ ㄗˇ ㄎㄨˋ
牛回磨轉,ㄋㄧㄡˊ ㄏㄨㄟˊ ㄇㄛˋ ㄓㄨㄢˋ
牛子,ㄋㄧㄡˊ ㄗˇ
牛氣,ㄋㄧㄡˊ ˙ㄑㄧ
牛皮癬,ㄋㄧㄡˊ ㄆㄧˊ ㄒㄧㄢˇ
牛肉場,ㄋㄧㄡˊ ㄖㄡˋ ㄔㄤˊ
牛脾氣,ㄋㄧㄡˊ ㄆㄧˊ ˙ㄑㄧ
牛酪,ㄋㄧㄡˊ ㄌㄨㄛˋ
牢子,ㄌㄠˊ ㄗˇ
牢穩,ㄌㄠˊ ˙ㄨㄣ
牢靠,ㄌㄠˊ ˙ㄎㄠ
牢頭禁子,ㄌㄠˊ ㄊㄡˊ ㄐㄧㄣˋ ㄗˇ
牧場,ㄇㄨˋ ㄔㄤˊ
牧子,ㄇㄨˋ ㄗˇ
牧畜,ㄇㄨˋ ㄒㄩˋ
物以稀為貴,ㄨˋ ㄧˇ ㄒㄧ ㄨㄟˊ ㄍㄨㄟˋ
物我無間,ㄨˋ ㄨㄛˇ ㄨˊ ㄐㄧㄢˋ
物理性質,ㄨˋ ㄌㄧˇ ㄒㄧㄥˋ ㄓˊ
物累,ㄨˋ ㄌㄟˇ
物質,ㄨˋ ㄓˊ
物質三態,ㄨˋ ㄓˊ ㄙㄢ ㄊㄞˋ
物質不滅律,ㄨˋ ㄓˊ ㄅㄨˋ ㄇㄧㄝˋ ㄌㄩˋ
物質建設,ㄨˋ ㄓˊ ㄐㄧㄢˋ ㄕㄜˋ
物質文明,ㄨˋ ㄓˊ ㄨㄣˊ ㄇㄧㄥˊ
物質生活,ㄨˋ ㄓˊ ㄕㄥ ㄏㄨㄛˊ
特兒,ㄊㄜˋ ㄦ
特利可得,ㄊㄜˋ ㄌㄧˋ ㄎㄜˇ ㄉㄜˊ
特煞,ㄊㄜˋ ㄕㄚˋ
特特為為,ㄊㄜˋ ㄊㄜˋ ㄨㄟˊ ㄨㄟˊ
特許行業,ㄊㄜˋ ㄒㄩˇ ㄏㄤˊ ㄧㄝˋ
特質,ㄊㄜˋ ㄓˊ
特長,ㄊㄜˋ ㄔㄤˊ
牻牛兒苗,ㄇㄤˊ ㄋㄧㄡˊ ㄦ ㄇㄧㄠˊ
牽強,ㄑㄧㄢ ㄑㄧㄤˇ
牽強附會,ㄑㄧㄢ ㄑㄧㄤˇ ㄈㄨˋ ㄏㄨㄟˋ
犁牛之子,ㄌㄧˊ ㄋㄧㄡˊ ㄓ ㄗˇ
犒勞,ㄎㄠˋ ㄌㄠˋ
犢車,ㄉㄨˊ ㄐㄩ
犬子,ㄑㄩㄢˇ ㄗˇ
犬牙差互,ㄑㄩㄢˇ ㄧㄚˊ ㄘ ㄏㄨˋ
犯不著,ㄈㄢˋ ㄅㄨˋ ㄓㄠˊ
犯刺兒,ㄈㄢˋ ㄘˋ ㄦ
犯得著,ㄈㄢˋ ˙ㄉㄜ ㄓㄠˊ
犯忌諱,ㄈㄢˋ ㄐㄧˋ ˙ㄏㄨㄟ
犯牙兒,ㄈㄢˋ ㄧㄚˊ ㄦ
犯相,ㄈㄢˋ ㄒㄧㄤˋ
犯節氣,ㄈㄢˋ ㄐㄧㄝˊ ˙ㄑㄧ
犯罪現場,ㄈㄢˋ ㄗㄨㄟˋ ㄒㄧㄢˋ ㄔㄤˊ
犯而不校,ㄈㄢˋ ㄦˊ ㄅㄨˋ ㄐㄧㄠˋ
犯脾氣,ㄈㄢˋ ㄆㄧˊ ˙ㄑㄧ
犯難,ㄈㄢˋ ㄋㄢˋ
犴圄,ㄏㄢˋ ㄩˇ
狀本兒,ㄓㄨㄤˋ ㄅㄣˇ ㄦ
狂且,ㄎㄨㄤˊ ㄐㄩ
狂哮,ㄎㄨㄤˊ ㄒㄧㄠˋ
狂想曲,ㄎㄨㄤˊ ㄒㄧㄤˇ ㄑㄩˇ
狂熱分子,ㄎㄨㄤˊ ㄖㄜˋ ㄈㄣˋ ㄗˇ
狂相,ㄎㄨㄤˊ ㄒㄧㄤˋ
狂華,ㄎㄨㄤˊ ㄏㄨㄚ
狄更斯,ㄉㄧˊ ㄍㄥ ㄙ
狌狌,ㄒㄧㄥ ㄒㄧㄥ
狎玩,ㄒㄧㄚˊ ㄨㄢˋ
狐狸,ㄏㄨˊ ˙ㄌㄧ
狐狸尾巴,ㄏㄨˊ ˙ㄌㄧ ㄨㄟˇ ˙ㄅㄚ
狐狸狗,ㄏㄨˊ ˙ㄌㄧ ㄍㄡˇ
狐狸精,ㄏㄨˊ ˙ㄌㄧ ㄐㄧㄥ
狐藉虎威,ㄏㄨˊ ㄐㄧㄝˋ ㄏㄨˇ ㄨㄟ
狗兒,ㄍㄡˇ ㄦ
狗口裡吐不出象牙,ㄍㄡˇ ㄎㄡˇ ˙ㄌㄧ ㄊㄨˇ ㄅㄨˋ ㄔㄨ ㄒㄧㄤˋ ㄧㄚˊ
狗嘴裡吐不出象牙,ㄍㄡˇ ㄗㄨㄟˇ ˙ㄌㄧ ㄊㄨˇ ㄅㄨˋ ㄔㄨ ㄒㄧㄤˋ ㄧㄚˊ
狗嘴裡還有象牙,ㄍㄡˇ ㄗㄨㄟˇ ˙ㄌㄧ ㄏㄞˊ ㄧㄡˇ ㄒㄧㄤˋ ㄧㄚˊ
狗子夾尾巴,ㄍㄡˇ ˙ㄗ ㄐㄧㄚˊ ㄨㄟˇ ˙ㄅㄚ
狗屁倒灶,ㄍㄡˇ ㄆㄧˋ ㄉㄠˇ ㄗㄠˋ
狗心狗行,ㄍㄡˇ ㄒㄧㄣ ㄍㄡˇ ㄒㄧㄥˋ
狗探湯,ㄍㄡˇ ㄊㄢ ㄊㄤ
狗改不了吃屎,ㄍㄡˇ ㄍㄞˇ ㄅㄨˋ ㄌㄧㄠˇ ㄔ ㄕˇ
狗氣,ㄍㄡˇ ˙ㄑㄧ
狗氣殺,ㄍㄡˇ ㄑㄧˋ ㄕㄚˋ
狗爪子,ㄍㄡˇ ㄓㄨㄚˇ ˙ㄗ
狗皮倒灶,ㄍㄡˇ ㄆㄧˊ ㄉㄠˇ ㄗㄠˋ
狗監,ㄍㄡˇ ㄐㄧㄢˋ
狗長尾巴尖兒,ㄍㄡˇ ㄓㄤˇ ㄨㄟˇ ˙ㄅㄚ ㄐㄧㄢ ㄦ
狗顛兒,ㄍㄡˇ ㄉㄧㄢ ㄦ
狗顛屁股,ㄍㄡˇ ㄉㄧㄢ ㄆㄧˋ ˙ㄍㄨ
狗骨頭,ㄍㄡˇ ㄍㄨˊ ˙ㄊㄡ
狙伺,ㄐㄩ ㄙˋ
狹長,ㄒㄧㄚˊ ㄔㄤˊ
狼子,ㄌㄤˊ ㄗˇ
狼子獸心,ㄌㄤˊ ㄗˇ ㄕㄡˋ ㄒㄧㄣ
狼子野心,ㄌㄤˊ ㄗˇ ㄧㄝˇ ㄒㄧㄣ
狼心狗行,ㄌㄤˊ ㄒㄧㄣ ㄍㄡˇ ㄒㄧㄥˋ
狼狽為奸,ㄌㄤˊ ㄅㄟˋ ㄨㄟˊ ㄐㄧㄢ
狼號鬼叫,ㄌㄤˊ ㄏㄠˊ ㄍㄨㄟˇ ㄐㄧㄠˋ
狼號鬼哭,ㄌㄤˊ ㄏㄠˊ ㄍㄨㄟˇ ㄎㄨ
猗儺,ㄜˇ ㄋㄨㄛˊ
猗猗靡靡,ㄧ ㄧ ㄇㄧˇ ㄇㄧˇ
猗靡,ㄧ ㄇㄧˇ
猛不防,ㄇㄥˇ ˙ㄅㄨ ㄈㄤˊ
猛可裡,ㄇㄥˇ ㄎㄜˇ ˙ㄌㄧ
猛將,ㄇㄥˇ ㄐㄧㄤˋ
猛殺,ㄇㄥˇ ㄕㄚˋ
猛省,ㄇㄥˇ ㄒㄧㄥˇ
猛著先鞭,ㄇㄥˇ ㄓㄨㄛˊ ㄒㄧㄢ ㄅㄧㄢ
猛著祖鞭,ㄇㄥˇ ㄓㄨㄛˊ ㄗㄨˇ ㄅㄧㄢ
猜度,ㄘㄞ ㄉㄨㄛˋ
猜悶兒,ㄘㄞ ㄇㄣˋ ㄦ
猢猻大王,ㄏㄨˊ ㄙㄨㄣ ㄉㄞˋ ㄨㄤˊ
猩猩,ㄒㄧㄥ ˙ㄒㄧㄥ
猴兒,ㄏㄡˊ ㄦ
猴兒崽子,ㄏㄡˊ ㄦ ㄗㄞˇ ˙ㄗ
猵狙,ㄆㄧㄢˋ ㄐㄩ
猶子,ㄧㄡˊ ㄗˇ
猶魚得水,ㄧㄡˊ ㄩˊ ㄉㄜˊ ㄕㄨㄟˇ
猼且,ㄆㄠˊ ㄐㄩ
猾賊,ㄏㄨㄚˊ ㄗㄜˊ
猿穴壞山,ㄩㄢˊ ㄒㄩㄝˋ ㄍㄨㄞˋ ㄕㄢ
獄子,ㄩˋ ㄗˇ
獅子山,ㄕ ㄗˇ ㄕㄢ
獅子山共和國,ㄕ ㄗˇ ㄕㄢ ㄍㄨㄥˋ ㄏㄜˊ ㄍㄨㄛˊ
獎掖,ㄐㄧㄤˇ ㄧㄝˋ
獏㺔,ㄇㄨˊ ㄏㄨㄟ
獨子,ㄉㄨˊ ㄗˇ
獨家生意,ㄉㄨˊ ㄐㄧㄚ ㄕㄥ ˙ㄧ
獨擅勝場,ㄉㄨˊ ㄕㄢˋ ㄕㄥˋ ㄔㄤˊ
獨曲,ㄉㄨˊ ㄑㄩˇ
獨樂樂,ㄉㄨˊ ㄩㄝˋ ㄌㄜˋ
獨生子,ㄉㄨˊ ㄕㄥ ㄗˇ
獨處,ㄉㄨˊ ㄔㄨˇ
獨門兒,ㄉㄨˊ ㄇㄣˊ ㄦ
獲得,ㄏㄨㄛˋ ㄉㄜˊ
獲鹿縣,ㄏㄨㄞˊ ㄌㄨˋ ㄒㄧㄢˋ
獵較,ㄌㄧㄝˋ ㄐㄩㄝˊ
獸圈,ㄕㄡˋ ㄐㄩㄢˋ
獸行,ㄕㄡˋ ㄒㄧㄥˋ
玄了,ㄒㄩㄢˊ ㄌㄧㄠˇ
玄參,ㄒㄩㄢˊ ㄕㄣ
玄塞,ㄒㄩㄢˊ ㄙㄞˋ
玄穹,ㄒㄩㄢˊ ㄑㄩㄥˊ
玄菟,ㄒㄩㄢˊ ㄊㄨˋ
玄著,ㄒㄩㄢˊ ㄓㄨˋ
玄都,ㄒㄩㄢˊ ㄉㄨ
率以為常,ㄕㄨㄞˋ ㄧˇ ㄨㄟˊ ㄔㄤˊ
率先,ㄕㄨㄞˋ ㄒㄧㄢ
率同,ㄕㄨㄞˋ ㄊㄨㄥˊ
率土之濱,ㄕㄨㄞˋ ㄊㄨˇ ㄓ ㄅㄧㄣ
率土同慶,ㄕㄨㄞˋ ㄊㄨˇ ㄊㄨㄥˊ ㄑㄧㄥˋ
率土宅心,ㄕㄨㄞˋ ㄊㄨˇ ㄓㄞˊ ㄒㄧㄣ
率土歸心,ㄕㄨㄞˋ ㄊㄨˇ ㄍㄨㄟ ㄒㄧㄣ
率師,ㄕㄨㄞˋ ㄕ
率性,ㄕㄨㄞˋ ㄒㄧㄥˋ
率更,ㄌㄩˋ ㄍㄥ
率然,ㄕㄨㄞˋ ㄖㄢˊ
率爾,ㄕㄨㄞˋ ㄦˇ
率爾成章,ㄕㄨㄞˋ ㄦˇ ㄔㄥˊ ㄓㄤ
率爾操觚,ㄕㄨㄞˋ ㄦˇ ㄘㄠ ㄍㄨ
率獸食人,ㄕㄨㄞˋ ㄕㄡˋ ㄕˊ ㄖㄣˊ
率率,ㄕㄨㄞˋ ㄕㄨㄞˋ
率由舊則,ㄕㄨㄞˋ ㄧㄡˊ ㄐㄧㄡˋ ㄗㄜˊ
率由舊章,ㄕㄨㄞˋ ㄧㄡˊ ㄐㄧㄡˋ ㄓㄤ
率皆,ㄕㄨㄞˋ ㄐㄧㄝ
率直,ㄕㄨㄞˋ ㄓˊ
率真,ㄕㄨㄞˋ ㄓㄣ
率隊,ㄕㄨㄞˋ ㄉㄨㄟˋ
率領,ㄕㄨㄞˋ ㄌㄧㄥˇ
率馬以驥,ㄕㄨㄞˋ ㄇㄚˇ ㄧˇ ㄐㄧˋ
玉倒,ㄩˋ ㄉㄠˇ
玉勒,ㄩˋ ㄌㄜˋ
玉勒雕鞍,ㄩˋ ㄌㄜˋ ㄉㄧㄠ ㄢ
玉卮無當,ㄩˋ ㄓ ㄨˊ ㄉㄤˋ
玉參差,ㄩˋ ㄘㄣ ㄘ
玉尺量才,ㄩˋ ㄔˇ ㄌㄧㄤˊ ㄘㄞˊ
玉山傾倒,ㄩˋ ㄕㄢ ㄑㄧㄥ ㄉㄠˇ
玉柏,ㄩˋ ㄅㄛˊ
玉液,ㄩˋ ㄧˋ
玉液瓊漿,ㄩˋ ㄧˋ ㄑㄩㄥˊ ㄐㄧㄤ
玉真子,ㄩˋ ㄓㄣ ㄗˇ
玉石混淆,ㄩˋ ㄕˊ ㄏㄨㄣˇ ㄧㄠˊ
玉米,ㄩˋ ˙ㄇㄧ
玉米螟,ㄩˋ ˙ㄇㄧ ㄇㄧㄥˊ
玉粳,ㄩˋ ㄍㄥ
玉質金相,ㄩˋ ㄓˊ ㄐㄧㄣ ㄒㄧㄤˋ
玉餔,ㄩˋ ㄅㄨ
王侯將相,ㄨㄤˊ ㄏㄡˊ ㄐㄧㄤˋ ㄒㄧㄤˋ
王八,ㄨㄤˊ ˙ㄅㄚ
王八看綠豆,ㄨㄤˊ ˙ㄅㄚ ㄎㄢˋ ㄌㄩˋ ㄉㄡˋ
王八羔子,ㄨㄤˊ ˙ㄅㄚ ㄍㄠ ˙ㄗ
王八蛋,ㄨㄤˊ ˙ㄅㄚ ㄉㄢˋ
王八辮兒,ㄨㄤˊ ˙ㄅㄚ ㄅㄧㄢˋ ㄦ
王天下,ㄨㄤˋ ㄊㄧㄢ ㄒㄧㄚˋ
王婆子賣了磨,ㄨㄤˊ ㄆㄛˊ ˙ㄗ ㄇㄞˋ ˙ㄌㄜ ㄇㄛˋ
王子,ㄨㄤˊ ㄗˇ
王子喬,ㄨㄤˊ ㄗˇ ㄑㄧㄠˊ
王子晉,ㄨㄤˊ ㄗˇ ㄐㄧㄣˋ
王子犯法與庶民同罪,ㄨㄤˊ ㄗˇ ㄈㄢˋ ㄈㄚˇ ㄩˇ ㄕㄨˋ ㄇㄧㄣˊ ㄊㄨㄥˊ ㄗㄨㄟˋ
王孫公子,ㄨㄤˊ ㄙㄨㄣ ㄍㄨㄥ ㄗˇ
王得祿墓,ㄨㄤˊ ㄉㄜˊ ㄌㄨˋ ㄇㄨˋ
王應麟,ㄨㄤˊ ㄧㄥˋ ㄌㄧㄣˊ
王母娘娘,ㄨㄤˊ ㄇㄨˇ ㄋㄧㄤˊ ˙ㄋㄧㄤ
王爺,ㄨㄤˊ ˙ㄧㄝ
王虺,ㄨㄤˊ ㄏㄨㄟˇ
王貢彈冠,ㄨㄤˊ ㄍㄨㄥˋ ㄊㄢˊ ㄍㄨㄢ
王賁,ㄨㄤˊ ㄅㄣ
王長,ㄨㄤˋ ㄓㄤˇ
玍古,ㄍㄚˇ ˙ㄍㄨ
玩不得的,ㄨㄢˊ ˙ㄅㄨ ㄉㄜˊ ˙ㄉㄜ
玩不轉,ㄨㄢˊ ˙ㄅㄨ ㄓㄨㄢˋ
玩世,ㄨㄢˋ ㄕˋ
玩世不恭,ㄨㄢˋ ㄕˋ ㄅㄨˋ ㄍㄨㄥ
玩世不羈,ㄨㄢˋ ㄕˋ ㄅㄨˋ ㄐㄧ
玩人喪德,ㄨㄢˋ ㄖㄣˊ ㄙㄤˋ ㄉㄜˊ
玩兒命,ㄨㄢˊ ㄦ ㄇㄧㄥˋ
玩兒完,ㄨㄢˊ ㄦ ㄨㄢˊ
玩味,ㄨㄢˋ ㄨㄟˋ
玩好,ㄨㄢˋ ㄏㄠˋ
玩得轉,ㄨㄢˊ ˙ㄉㄜ ㄓㄨㄢˋ
玩忽,ㄨㄢˋ ㄏㄨ
玩意兒,ㄨㄢˊ ㄧˋ ㄦ
玩愒,ㄨㄢˋ ㄎㄞˋ
玩日愒歲,ㄨㄢˋ ㄖˋ ㄎㄞˋ ㄙㄨㄟˋ
玩歲愒日,ㄨㄢˋ ㄙㄨㄟˋ ㄎㄞˋ ㄖˋ
玩法,ㄨㄢˋ ㄈㄚˇ
玩物喪志,ㄨㄢˋ ㄨˋ ㄙㄤˋ ㄓˋ
玩習,ㄨㄢˋ ㄒㄧˊ
玩花頭,ㄨㄢˊ ㄏㄨㄚ ˙ㄊㄡ
玩藝兒,ㄨㄢˊ ㄧˋ ㄦ
玩賞,ㄨㄢˋ ㄕㄤˇ
玫瑰,ㄇㄟˊ ˙ㄍㄨㄟ
玫瑰紅,ㄇㄟˊ ˙ㄍㄨㄟ ㄏㄨㄥˊ
玫瑰花,ㄇㄟˊ ˙ㄍㄨㄟ ㄏㄨㄚ
玳瑁,ㄉㄞˋ ㄇㄟˋ
玳瑁梁,ㄉㄞˋ ㄇㄟˋ ㄌㄧㄤˊ
玳瑁筵,ㄉㄞˋ ㄇㄟˋ ㄧㄢˊ
玻璃,ㄅㄛ ˙ㄌㄧ
玻璃圈,ㄅㄛ ˙ㄌㄧ ㄑㄩㄢ
玻璃小鞋,ㄅㄛ ˙ㄌㄧ ㄒㄧㄠˇ ㄒㄧㄝˊ
玻璃布,ㄅㄛ ˙ㄌㄧ ㄅㄨˋ
玻璃帷幕,ㄅㄛ ˙ㄌㄧ ㄨㄟˊ ㄇㄨˋ
玻璃心肝,ㄅㄛ ˙ㄌㄧ ㄒㄧㄣ ㄍㄢ
玻璃泉,ㄅㄛ ˙ㄌㄧ ㄑㄩㄢˊ
玻璃浮雕,ㄅㄛ ˙ㄌㄧ ㄈㄨˊ ㄉㄧㄠ
玻璃液,ㄅㄛ ˙ㄌㄧ ㄧㄝˋ
玻璃烤,ㄅㄛ ˙ㄌㄧ ㄎㄠˇ
玻璃版,ㄅㄛ ˙ㄌㄧ ㄅㄢˇ
玻璃狀態,ㄅㄛ ˙ㄌㄧ ㄓㄨㄤˋ ㄊㄞˋ
玻璃畫,ㄅㄛ ˙ㄌㄧ ㄏㄨㄚˋ
玻璃磚,ㄅㄛ ˙ㄌㄧ ㄓㄨㄢ
玻璃窗,ㄅㄛ ˙ㄌㄧ ㄔㄨㄤ
玻璃粉,ㄅㄛ ˙ㄌㄧ ㄈㄣˇ
玻璃紙,ㄅㄛ ˙ㄌㄧ ㄓˇ
玻璃絲,ㄅㄛ ˙ㄌㄧ ㄙ
玻璃絲襪,ㄅㄛ ˙ㄌㄧ ㄙ ㄨㄚˋ
玻璃纖維,ㄅㄛ ˙ㄌㄧ ㄒㄧㄢ ㄨㄟˊ
玻璃質肥料,ㄅㄛ ˙ㄌㄧ ㄓˊ ㄈㄟˊ ㄌㄧㄠˋ
玻璃鋼,ㄅㄛ ˙ㄌㄧ ㄍㄤ
玻璃體,ㄅㄛ ˙ㄌㄧ ㄊㄧˇ
珍玩,ㄓㄣ ㄨㄢˋ
珠兒粉,ㄓㄨ ㄦ ㄈㄣˇ
珠沉玉沒,ㄓㄨ ㄔㄣˊ ㄩˋ ㄇㄛˋ
珠淚偷彈,ㄓㄨ ㄌㄟˋ ㄊㄡ ㄊㄢˊ
珠玉在傍,ㄓㄨ ㄩˋ ㄗㄞˋ ㄆㄤˊ
珠還,ㄓㄨ ㄏㄨㄢˊ
珠還合浦,ㄓㄨ ㄏㄨㄢˊ ㄏㄜˊ ㄆㄨˇ
班師得勝,ㄅㄢ ㄕ ㄉㄜˊ ㄕㄥˋ
班行,ㄅㄢ ㄏㄤˊ
班都斯山,ㄅㄢ ㄉㄨ ㄙ ㄕㄢ
現場,ㄒㄧㄢˋ ㄔㄤˊ
現場節目,ㄒㄧㄢˋ ㄔㄤˊ ㄐㄧㄝˊ ㄇㄨˋ
現弄,ㄒㄧㄢˋ ˙ㄋㄨㄥ
現貨市場,ㄒㄧㄢˋ ㄏㄨㄛˋ ㄕˋ ㄔㄤˊ
現金給付,ㄒㄧㄢˋ ㄐㄧㄣ ㄐㄧˇ ㄈㄨˋ
球場,ㄑㄧㄡˊ ㄔㄤˊ
琅簡蘂書,ㄌㄤˊ ㄐㄧㄢˇ ㄖㄨㄟˇ ㄕㄨ
琅邪,ㄌㄤˊ ㄧㄝˊ
琅邪山,ㄌㄤˊ ㄧㄝˊ ㄕㄢ
琅邪臺刻石,ㄌㄤˊ ㄧㄝˊ ㄊㄞˊ ㄎㄜˋ ㄕˊ
理不勝辭,ㄌㄧˇ ㄅㄨˋ ㄕㄥ ㄘˊ
理塞,ㄌㄧˇ ㄙㄜˋ
理得辭順,ㄌㄧˇ ㄉㄜˊ ㄘˊ ㄕㄨㄣˋ
琉璃喇叭,ㄌㄧㄡˊ ㄌㄧˊ ㄌㄚˇ ˙ㄅㄚ
琉璃球兒,ㄌㄧㄡˊ ㄌㄧˊ ㄑㄧㄡˊ ㄦ
琛賮,ㄔㄣ ㄐㄧㄣˋ
琦行,ㄑㄧˊ ㄒㄧㄥˋ
琴心相挑,ㄑㄧㄣˊ ㄒㄧㄣ ㄒㄧㄤ ㄊㄧㄠˇ
琴瑟不調,ㄑㄧㄣˊ ㄙㄜˋ ㄅㄨˋ ㄊㄧㄠˊ
琴瑟失調,ㄑㄧㄣˊ ㄙㄜˋ ㄕ ㄊㄧㄠˊ
琴瑟相調,ㄑㄧㄣˊ ㄙㄜˋ ㄒㄧㄤ ㄊㄧㄠˊ
琴瑟調和,ㄑㄧㄣˊ ㄙㄜˋ ㄊㄧㄠˊ ㄏㄜˊ
琵琶,ㄆㄧˊ ˙ㄆㄚ
琺瑯質,ㄈㄚˋ ㄌㄤˊ ㄓˊ
瑋質,ㄨㄟˇ ㄓˊ
瑕瑜互見,ㄒㄧㄚˊ ㄩˊ ㄏㄨˋ ㄒㄧㄢˋ
瑚璉,ㄏㄨˊ ㄌㄧㄢˊ
瑚璉之器,ㄏㄨˊ ㄌㄧㄢˊ ㄓ ㄑㄧˋ
瑚璉器,ㄏㄨˊ ㄌㄧㄢˊ ㄑㄧˋ
瑜伽,ㄩˊ ㄐㄧㄚ
瑜伽宗,ㄩˊ ㄐㄧㄚ ㄗㄨㄥ
瑜伽師地論,ㄩˊ ㄐㄧㄚ ㄕ ㄉㄧˋ ㄌㄨㄣˋ
瑜伽派,ㄩˊ ㄐㄧㄚ ㄆㄞˋ
瑜伽行派,ㄩˊ ㄐㄧㄚ ㄒㄧㄥˊ ㄆㄞˋ
瑞應,ㄖㄨㄟˋ ㄧㄥˋ
瑞相,ㄖㄨㄟˋ ㄒㄧㄤˋ
瑟弄琴調,ㄙㄜˋ ㄋㄨㄥˋ ㄑㄧㄣˊ ㄊㄧㄠˊ
瑟調琴弄,ㄙㄜˋ ㄊㄧㄠˊ ㄑㄧㄣˊ ㄋㄨㄥˋ
瑤池閬苑,ㄧㄠˊ ㄔˊ ㄌㄤˋ ㄩㄢˋ
瑩嫇,ㄧㄥˊ ㄇㄥˊ
瑪哩花,ㄇㄚˇ ㄌㄧˇ ㄏㄨㄚ
瑪莉都鐸,ㄇㄚˇ ㄌㄧˋ ㄉㄨ ㄉㄨㄛˊ
瑪莎葛蘭姆,ㄇㄚˇ ㄕㄚ ㄍㄜˇ ㄌㄢˊ ㄇㄨˇ
璞玉為石,ㄆㄨˊ ㄩˋ ㄨㄟˊ ㄕˊ
璧還,ㄅㄧˋ ㄏㄨㄢˊ
環伺,ㄏㄨㄢˊ ㄙˋ
環境地質學,ㄏㄨㄢˊ ㄐㄧㄥˋ ㄉㄧˋ ㄓˊ ㄒㄩㄝˊ
環暈,ㄏㄨㄢˊ ㄩㄣˋ
環繞喇叭,ㄏㄨㄢˊ ㄖㄠˋ ㄌㄚˇ ˙ㄅㄚ
瓊林玉質,ㄑㄩㄥˊ ㄌㄧㄣˊ ㄩˋ ㄓˊ
瓜子,ㄍㄨㄚ ㄗˇ
瓜子仁,ㄍㄨㄚ ㄗˇ ㄖㄣˊ
瓜子殼,ㄍㄨㄚ ㄗˇ ㄎㄜˊ
瓜子臉,ㄍㄨㄚ ㄗˇ ㄌㄧㄢˇ
瓜子臉兒,ㄍㄨㄚ ㄗˇ ㄌㄧㄢˇ ㄦ
瓜子金,ㄍㄨㄚ ㄗˇ ㄐㄧㄣ
瓤兒,ㄖㄤˊ ㄦ
瓤口兒,ㄖㄤˊ ˙ㄎㄡ ㄦ
瓦刀,ㄨㄚˋ ㄉㄠ
瓦剌,ㄨㄚˇ ㄌㄚˋ
瓦匠,ㄨㄚˇ ˙ㄐㄧㄤ
瓦子,ㄨㄚˇ ㄗˇ
瓦斯中毒,ㄨㄚˇ ㄙ ㄓㄨㄥˋ ㄉㄨˊ
瓦碴兒,ㄨㄚˇ ㄔㄚˊ ㄦ
瓦舍,ㄨㄚˇ ㄕㄜˋ
瓷刻,ㄘˊ ㄎㄜ
瓷瓦兒,ㄘˊ ㄨㄚˇ ㄦ
甌窶,ㄡ ㄌㄡˊ
甑箄,ㄗㄥˋ ㄅㄟ
甕圈兒,ㄨㄥˋ ㄑㄩㄢˋ ㄦ
甕洞兒,ㄨㄥˋ ㄉㄨㄥˋ ㄦ
甕盡杯乾,ㄨㄥˋ ㄐㄧㄣˋ ㄅㄟ ㄍㄢ
甖子口,ㄧㄥ ㄗˇ ㄎㄡˇ
甘分,ㄍㄢ ㄈㄣˋ
甘分隨時,ㄍㄢ ㄈㄣˋ ㄙㄨㄟˊ ㄕˊ
甘羅說趙王,ㄍㄢ ㄌㄨㄛˊ ㄕㄨㄟˋ ㄓㄠˋ ㄨㄤˊ
甘處下流,ㄍㄢ ㄔㄨˇ ㄒㄧㄚˋ ㄌㄧㄡˊ
甘貧守分,ㄍㄢ ㄆㄧㄣˊ ㄕㄡˇ ㄈㄣˋ
甘露子,ㄍㄢ ㄌㄨˋ ㄗˇ
甚事,ㄕㄣˊ ㄕˋ
甚人,ㄕㄣˊ ㄖㄣˊ
甚底,ㄕㄣˊ ˙ㄉㄜ
甚的,ㄕㄣˊ ˙ㄉㄜ
甚麼,ㄕㄣˊ ˙ㄇㄜ
甚麼打緊,ㄕㄣˊ ˙ㄇㄜ ㄉㄚˇ ㄐㄧㄣˇ
甚麼東西,ㄕㄣˊ ˙ㄇㄜ ㄉㄨㄥ ㄒㄧ
甚麼樣,ㄕㄣˊ ˙ㄇㄜ ㄧㄤˋ
甜蘿蔔,ㄊㄧㄢˊ ㄌㄨㄛˊ ˙ㄅㄛ
甜話兒,ㄊㄧㄢˊ ㄏㄨㄚˋ ㄦ
甜頭,ㄊㄧㄢˊ ˙ㄊㄡ
生佛萬家,ㄕㄥ ㄈㄛˊ ㄨㄢˋ ㄐㄧㄚ
生分,ㄕㄥ ㄈㄣˋ
生剌剌,ㄕㄥ ㄌㄚˋ ㄌㄚˋ
生地方,ㄕㄥ ㄉㄧˋ ˙ㄈㄤ
生張熟魏,ㄕㄥ ㄓㄤ ㄕㄡˊ ㄨㄟˋ
生息蕃庶,ㄕㄥ ㄒㄧˊ ㄈㄢˊ ㄕㄨˋ
生意不成仁義在,ㄕㄥ ˙ㄧ ㄅㄨˋ ㄔㄥˊ ㄖㄣˊ ㄧˋ ㄗㄞˋ
生意人,ㄕㄥ ˙ㄧ ㄖㄣˊ
生意口,ㄕㄥ ˙ㄧ ㄎㄡˇ
生意擔子,ㄕㄥ ˙ㄧ ㄉㄢˋ ˙ㄗ
生意經,ㄕㄥ ˙ㄧ ㄐㄧㄥ
生拉硬拽,ㄕㄥ ㄌㄚ ㄧㄥˋ ㄓㄨㄞˋ
生拖死拽,ㄕㄥ ㄊㄨㄛ ㄙˇ ㄓㄨㄞˋ
生朝,ㄕㄥ ㄓㄠ
生死分定,ㄕㄥ ㄙˇ ㄈㄣˋ ㄉㄧㄥˋ
生死肉骨,ㄕㄥ ㄙˇ ㄖㄨˋ ㄍㄨˇ
生活品質,ㄕㄥ ㄏㄨㄛˊ ㄆㄧㄣˇ ㄓˊ
生煞煞,ㄕㄥ ㄕㄚˋ ㄕㄚˋ
生物因子,ㄕㄥ ㄨˋ ㄧㄣ ㄗˇ
生物相,ㄕㄥ ㄨˋ ㄒㄧㄤˋ
生發,ㄕㄥ ˙ㄈㄚ
生相,ㄕㄥ ㄒㄧㄤˋ
生米煮成熟飯,ㄕㄥ ㄇㄧˇ ㄓㄨˇ ㄔㄥˊ ㄕㄡˊ ㄈㄢˋ
生臉兒,ㄕㄥ ㄌㄧㄢˇ ㄦ
生花盆兒,ㄕㄥ ㄏㄨㄚ ㄆㄣˊ ㄦ
生還,ㄕㄥ ㄏㄨㄢˊ
生養,ㄕㄥ ˙ㄧㄤ
產假,ㄔㄢˇ ㄐㄧㄚˋ
用不著,ㄩㄥˋ ㄅㄨˋ ㄓㄠˊ
用其所長,ㄩㄥˋ ㄑㄧˊ ㄙㄨㄛˇ ㄔㄤˊ
用勁,ㄩㄥˋ ㄐㄧㄥˋ
用場,ㄩㄥˋ ㄔㄤˊ
用工夫,ㄩㄥˋ ㄍㄨㄥ ˙ㄈㄨ
用智鋪謀,ㄩㄥˋ ㄓˋ ㄆㄨ ㄇㄡˊ
用處,ㄩㄥˋ ˙ㄔㄨ
用計鋪謀,ㄩㄥˋ ㄐㄧˋ ㄆㄨ ㄇㄡˊ
用項,ㄩㄥˋ ˙ㄒㄧㄤ
甯戚扣角,ㄋㄧㄥˋ ㄑㄧ ㄎㄡˋ ㄐㄧㄠˇ
甯戚飯牛,ㄋㄧㄥˋ ㄑㄧ ㄈㄢˋ ㄋㄧㄡˊ
田園交響曲,ㄊㄧㄢˊ ㄩㄢˊ ㄐㄧㄠ ㄒㄧㄤˇ ㄑㄩˇ
田夫牧子,ㄊㄧㄢˊ ㄈㄨ ㄇㄨˋ ㄗˇ
田家子,ㄊㄧㄢˊ ㄐㄧㄚ ㄗˇ
田父之獲,ㄊㄧㄢˊ ㄈㄨˇ ㄓ ㄏㄨㄛˋ
田畦,ㄊㄧㄢˊ ㄒㄧ
田舍,ㄊㄧㄢˊ ㄕㄜˋ
田舍奴,ㄊㄧㄢˊ ㄕㄜˋ ㄋㄨˊ
田舍翁,ㄊㄧㄢˊ ㄕㄜˋ ㄨㄥ
田舍郎,ㄊㄧㄢˊ ㄕㄜˋ ㄌㄤˊ
田連仟佰,ㄊㄧㄢˊ ㄌㄧㄢˊ ㄑㄧㄢ ㄇㄛˋ
由不得,ㄧㄡˊ ˙ㄅㄨ ˙ㄉㄜ
甲子,ㄐㄧㄚˇ ㄗˇ
甲魚,ㄐㄧㄚˋ ㄩˊ
申解,ㄕㄣ ㄐㄧㄝˋ
申重,ㄕㄣ ㄔㄨㄥˊ
男儐相,ㄋㄢˊ ㄅㄧㄣ ㄒㄧㄤˋ
男兒有淚不輕彈,ㄋㄢˊ ㄦˊ ㄧㄡˇ ㄌㄟˋ ㄅㄨˋ ㄑㄧㄥ ㄊㄢˊ
男子,ㄋㄢˊ ㄗˇ
男子漢,ㄋㄢˊ ㄗˇ ㄏㄢˋ
男子漢大丈夫,ㄋㄢˊ ㄗˇ ㄏㄢˋ ㄉㄚˋ ㄓㄤˋ ㄈㄨ
甸兒,ㄉㄧㄢˋ ㄦ
甸甸,ㄊㄧㄢˊ ㄊㄧㄢˊ
町畦,ㄊㄧㄥˇ ㄒㄧ
界分,ㄐㄧㄝˋ ㄈㄣˋ
界箍兒,ㄐㄧㄝˋ ㄍㄨ ㄦ
畏影惡跡,ㄨㄟˋ ㄧㄥˇ ㄨˋ ㄐㄧ
畏怯,ㄨㄟˋ ㄑㄩㄝˋ
留下,ㄌㄧㄡˊ ˙ㄒㄧㄚ
留尾巴,ㄌㄧㄡˊ ㄨㄟˇ ˙ㄅㄚ
留帖,ㄌㄧㄡˊ ㄊㄧㄝˇ
畛畦,ㄓㄣˇ ㄒㄧ
畜牧,ㄒㄩˋ ㄇㄨˋ
畜牧學,ㄒㄩˋ ㄇㄨˋ ㄒㄩㄝˊ
畜牧業,ㄒㄩˋ ㄇㄨˋ ㄧㄝˋ
畜牲,ㄔㄨˋ ˙ㄕㄥ
畜生,ㄔㄨˋ ˙ㄕㄥ
畜養,ㄒㄩˋ ㄧㄤˇ
畢宿,ㄅㄧˋ ㄒㄧㄡˋ
畢宿星團,ㄅㄧˋ ㄒㄧㄡˋ ㄒㄧㄥ ㄊㄨㄢˊ
略施薄懲,ㄌㄩㄝˋ ㄕ ㄅㄛˊ ㄔㄥˊ
略無參商,ㄌㄩㄝˋ ㄨˊ ㄕㄣ ㄕㄤ
畦丁,ㄒㄧ ㄉㄧㄥ
畦溝灌溉,ㄒㄧ ㄍㄡ ㄍㄨㄢˋ ㄍㄞˋ
畦田,ㄒㄧ ㄊㄧㄢˊ
畦畛,ㄒㄧ ㄓㄣˇ
畦逕,ㄒㄧ ㄐㄧㄥˋ
番佛,ㄈㄢ ㄈㄛˊ
番禺縣,ㄆㄢ ㄩˊ ㄒㄧㄢˋ
番茄,ㄈㄢ ㄑㄧㄝˊ
番茄炒蛋,ㄈㄢ ㄑㄧㄝˊ ㄔㄠˇ ㄉㄢˋ
番茄素,ㄈㄢ ㄑㄧㄝˊ ㄙㄨˋ
番茄醬,ㄈㄢ ㄑㄧㄝˊ ㄐㄧㄤˋ
畫地為牢,ㄏㄨㄚˋ ㄉㄧˋ ㄨㄟˊ ㄌㄠˊ
畫地為獄,ㄏㄨㄚˋ ㄉㄧˋ ㄨㄟˊ ㄩˋ
畫工兒,ㄏㄨㄚˋ ㄍㄨㄥ ㄦ
畫帖,ㄏㄨㄚˋ ㄊㄧㄝˋ
畫拉,ㄏㄨㄚˋ ˙ㄌㄚ
畫片兒,ㄏㄨㄚˋ ㄆㄧㄢˋ ㄦ
畫生兒的人,ㄏㄨㄚˋ ㄕㄥ ㄦ ˙ㄉㄜ ㄖㄣˊ
畫畫兒,ㄏㄨㄚˋ ㄏㄨㄚˋ ㄦ
畫蛇著足,ㄏㄨㄚˋ ㄕㄜˊ ㄓㄨㄛˊ ㄗㄨˊ
畫龍不成反為狗,ㄏㄨㄚˋ ㄌㄨㄥˊ ㄅㄨˋ ㄔㄥˊ ㄈㄢˇ ㄨㄟˊ ㄍㄡˇ
畬丁,ㄩˊ ㄉㄧㄥ
畬田,ㄩˊ ㄊㄧㄢˊ
異常行為,ㄧˋ ㄔㄤˊ ㄒㄧㄥˊ ㄨㄟˊ
異形配子,ㄧˋ ㄒㄧㄥˊ ㄆㄟˋ ㄗˇ
異曲同工,ㄧˋ ㄑㄩˇ ㄊㄨㄥˊ ㄍㄨㄥ
異相,ㄧˋ ㄒㄧㄤˋ
異質,ㄧˋ ㄓˊ
當一天和尚撞一天鐘,ㄉㄤ ㄧ ㄊㄧㄢ ㄏㄜˊ ˙ㄕㄤ ㄓㄨㄤˋ ㄧ ㄊㄧㄢ ㄓㄨㄥ
當作,ㄉㄤˋ ㄗㄨㄛˋ
當做,ㄉㄤˋ ㄗㄨㄛˋ
當兒,ㄉㄤ ㄦ
當場,ㄉㄤ ㄔㄤˊ
當場出彩,ㄉㄤ ㄔㄤˊ ㄔㄨ ㄘㄞˇ
當場出醜,ㄉㄤ ㄔㄤˊ ㄔㄨ ㄔㄡˇ
當場獻醜,ㄉㄤ ㄔㄤˊ ㄒㄧㄢˋ ㄔㄡˇ
當場隻手,ㄉㄤ ㄔㄤˊ ㄓ ㄕㄡˇ
當天,ㄉㄤˋ ㄊㄧㄢ
當家子,ㄉㄤˋ ㄐㄧㄚ ㄗˇ
當差,ㄉㄤ ㄔㄞ
當差的,ㄉㄤ ㄔㄞ ˙ㄉㄜ
當成,ㄉㄤˋ ㄔㄥˊ
當掉,ㄉㄤˋ ㄉㄧㄠˋ
當時得令,ㄉㄤ ㄕˊ ㄉㄜˊ ㄌㄧㄥˋ
當曲河,ㄉㄤ ㄑㄩˇ ㄏㄜˊ
當朝宰相,ㄉㄤ ㄔㄠˊ ㄗㄞˇ ㄒㄧㄤˋ
當機,ㄉㄤˋ ㄐㄧ
當當,ㄉㄤˋ ㄉㄤˋ
當真,ㄉㄤˋ ㄓㄣ
當真假,ㄉㄤˋ ㄓㄣ ㄐㄧㄚˇ
當票,ㄉㄤˋ ㄆㄧㄠˋ
當票子,ㄉㄤˋ ㄆㄧㄠˋ ˙ㄗ
當者披靡,ㄉㄤ ㄓㄜˇ ㄆㄧ ㄇㄧˇ
當著不著,ㄉㄤ ㄓㄠˊ ㄅㄨˋ ㄓㄠˊ
當行,ㄉㄤ ㄏㄤˊ
當行出色,ㄉㄤ ㄏㄤˊ ㄔㄨ ㄙㄜˋ
當行家,ㄉㄤ ㄏㄤˊ ㄐㄧㄚ
當衣買酒喝,ㄉㄤˋ ㄧ ㄇㄞˇ ㄐㄧㄡˇ ㄏㄜ
當路子,ㄉㄤ ㄌㄨˋ ㄗˇ
當軸,ㄉㄤ ㄓㄨˊ
當鋪,ㄉㄤˋ ㄆㄨˋ
當間,ㄉㄤ ㄐㄧㄢˋ
當面對質,ㄉㄤ ㄇㄧㄢˋ ㄉㄨㄟˋ ㄓˊ
當頭棒喝,ㄉㄤ ㄊㄡˊ ㄅㄤˋ ㄏㄜˋ
疆場,ㄐㄧㄤ ㄔㄤˊ
疆徼,ㄐㄧㄤ ㄐㄧㄠˋ
疊矩重規,ㄉㄧㄝˊ ㄐㄩˇ ㄔㄨㄥˊ ㄍㄨㄟ
疋頭,ㄆㄧˇ ˙ㄊㄡ
疏不間親,ㄕㄨ ㄅㄨˋ ㄐㄧㄢˋ ㄑㄧㄣ
疏剌剌,ㄕㄨ ㄌㄚˋ ㄌㄚˋ
疏勒縣,ㄕㄨ ㄌㄜˋ ㄒㄧㄢˋ
疏率,ㄕㄨ ㄕㄨㄞˋ
疏證,ㄕㄨˋ ㄓㄥˋ
疏頭,ㄕㄨˋ ㄊㄡˊ
疙搭,ㄍㄜ ˙ㄉㄚ
疙渣兒,ㄍㄜ ˙ㄓㄚ ㄦ
疙疙瘩瘩,ㄍㄜ ˙ㄍㄜ ㄉㄚ ㄉㄚ
疤瘌流星的,ㄅㄚ ˙ㄌㄚ ㄌㄧㄡˊ ㄒㄧㄥ ˙ㄉㄜ
疤瘌餅,ㄅㄚ ˙ㄌㄚ ㄅㄧㄥˇ
疥癬,ㄐㄧㄝˋ ㄒㄧㄢˇ
疥癬蟲,ㄐㄧㄝˋ ㄒㄧㄢˇ ㄔㄨㄥˊ
疵蒙謬累,ㄘ ㄇㄥˊ ㄇㄧㄡˋ ㄌㄟˇ
疼心泣血,ㄊㄥˊ ㄒㄧㄣ ㄑㄧˋ ㄒㄩㄝˋ
疾惡好善,ㄐㄧˊ ㄜˋ ㄏㄠˋ ㄕㄢˋ
疾足先得,ㄐㄧˊ ㄗㄨˊ ㄒㄧㄢ ㄉㄜˊ
疾雷不及塞耳,ㄐㄧˊ ㄌㄟˊ ㄅㄨˋ ㄐㄧˊ ㄙㄜˋ ㄦˇ
疾風勁草,ㄐㄧˊ ㄈㄥ ㄐㄧㄥˋ ㄘㄠˇ
疾風知勁草,ㄐㄧˊ ㄈㄥ ㄓ ㄐㄧㄥˋ ㄘㄠˇ
痀瘻,ㄐㄩ ㄌㄩˊ
病假,ㄅㄧㄥˋ ㄐㄧㄚˋ
病包兒,ㄅㄧㄥˋ ㄅㄠ ㄦ
病厭厭,ㄅㄧㄥˋ ㄧㄢ ㄧㄢ
病根兒,ㄅㄧㄥˋ ㄍㄣ ㄦ
病理切片,ㄅㄧㄥˋ ㄌㄧˇ ㄑㄧㄝ ㄆㄧㄢˋ
病病歪歪,ㄅㄧㄥˋ ˙ㄅㄧㄥ ㄨㄞ ㄨㄞ
病病殃殃,ㄅㄧㄥˋ ˙ㄅㄧㄥ ㄧㄤ ㄧㄤ
病舍,ㄅㄧㄥˋ ㄕㄜˋ
病間,ㄅㄧㄥˋ ㄐㄧㄢˋ
病革,ㄅㄧㄥˋ ㄐㄧˊ
痔瘡,ㄓˋ ˙ㄔㄨㄤ
痘疹娘娘,ㄉㄡˋ ㄓㄣˇ ˙ㄋㄧㄤ ˙ㄋㄧㄤ
痛心泣血,ㄊㄨㄥˋ ㄒㄧㄣ ㄑㄧˋ ㄒㄩㄝˋ
痛惡,ㄊㄨㄥˋ ㄨˋ
痛殺殺,ㄊㄨㄥˋ ㄕㄚˋ ㄕㄚˋ
痛痛快快,ㄊㄨㄥˋ ˙ㄊㄨㄥ ㄎㄨㄞˋ ㄎㄨㄞˋ
痴倒,ㄔ ㄉㄠˇ
痴心女子負心漢,ㄔ ㄒㄧㄣ ㄋㄩˇ ㄗˇ ㄈㄨˋ ㄒㄧㄣ ㄏㄢˋ
瘈瘲,ㄑㄧˋ ㄗㄨㄥˋ
瘋瘋傻傻,ㄈㄥ ˙ㄈㄥ ㄕㄚˇ ㄕㄚˇ
瘋瘋癲癲,ㄈㄥ ˙ㄈㄥ ㄉㄧㄢ ㄉㄧㄢ
瘋瘋顛顛,ㄈㄥ ˙ㄈㄥ ㄉㄧㄢ ㄉㄧㄢ
瘠薄,ㄐㄧˊ ㄅㄛˊ
瘦小枯乾,ㄕㄡˋ ㄒㄧㄠˇ ㄎㄨ ㄍㄢ
瘦長,ㄕㄡˋ ㄔㄤˊ
瘸和尚說法,ㄑㄩㄝˊ ㄏㄜˊ ˙ㄕㄤ ㄕㄨㄛ ㄈㄚˇ
癉惡彰善,ㄉㄢˋ ㄜˋ ㄓㄤ ㄕㄢˋ
癉暑,ㄉㄢˋ ㄕㄨˇ
癖好,ㄆㄧˇ ㄏㄠˋ
癢癢,ㄧㄤˇ ˙ㄧㄤ
癩蝦蟆,ㄌㄞˋ ㄏㄚˊ ˙ㄇㄚ
癩蝦蟆想吃天鵝肉,ㄌㄞˋ ㄏㄚˊ ˙ㄇㄚ ㄒㄧㄤˇ ㄔ ㄊㄧㄢ ㄜˊ ㄖㄡˋ
癬疥,ㄒㄧㄢˇ ㄐㄧㄝˋ
癮君子,ㄧㄣˇ ㄐㄩㄣ ㄗˇ
癮頭兒,ㄧㄣˇ ㄊㄡˊ ㄦ
癱倒,ㄊㄢ ㄉㄠˇ
登場,ㄉㄥ ㄔㄤˊ
登場口,ㄉㄥ ㄔㄤˊ ㄎㄡˇ
登壇拜將,ㄉㄥ ㄊㄢˊ ㄅㄞˋ ㄐㄧㄤˋ
登徒子,ㄉㄥ ㄊㄨˊ ㄗˇ
登臺拜將,ㄉㄥ ㄊㄞˊ ㄅㄞˋ ㄐㄧㄤˋ
登陸場,ㄉㄥ ㄌㄨˋ ㄔㄤˊ
發人深省,ㄈㄚ ㄖㄣˊ ㄕㄣ ㄒㄧㄥˇ
發個兒,ㄈㄚ ㄍㄜˋ ㄦ
發喪,ㄈㄚ ㄙㄤ
發奸擿伏,ㄈㄚ ㄐㄧㄢ ㄊㄧˋ ㄈㄨˊ
發姦擿伏,ㄈㄚ ㄐㄧㄢ ㄊㄧˋ ㄈㄨˊ
發怔,ㄈㄚ ㄌㄥˋ
發摃,ㄈㄚ ㄍㄤˋ
發擿,ㄈㄚ ㄊㄧˋ
發擿姦伏,ㄈㄚ ㄊㄧˋ ㄐㄧㄢ ㄈㄨˊ
發楞,ㄈㄚ ㄌㄥˋ
發橫,ㄈㄚ ㄏㄥˋ
發脾氣,ㄈㄚ ㄆㄧˊ ˙ㄑㄧ
發草帖,ㄈㄚ ㄘㄠˇ ㄊㄧㄝˇ
發解,ㄈㄚ ㄐㄧㄝˋ
發還,ㄈㄚ ㄏㄨㄢˊ
發隱擿伏,ㄈㄚ ㄧㄣˇ ㄊㄧˋ ㄈㄨˊ
發難,ㄈㄚ ㄋㄢˋ
白不呲咧,ㄅㄞˊ ㄅㄨˋ ㄘ ㄌㄧㄝ
白乾,ㄅㄞˊ ㄍㄢ
白了了,ㄅㄞˊ ㄌㄧㄠˇ ㄌㄧㄠˇ
白切肉,ㄅㄞˊ ㄑㄧㄝ ㄖㄡˋ
白卷,ㄅㄞˊ ㄐㄩㄢˋ
白叨光,ㄅㄞˊ ㄊㄠ ㄍㄨㄤ
白嘴兒,ㄅㄞˊ ㄗㄨㄟˇ ㄦ
白四喜兒,ㄅㄞˊ ㄙˋ ㄒㄧˇ ㄦ
白天,ㄅㄞˊ ˙ㄊㄧㄢ
白娘子,ㄅㄞˊ ㄋㄧㄤˊ ㄗˇ
白子,ㄅㄞˊ ㄗˇ
白子國,ㄅㄞˊ ㄗˇ ㄍㄨㄛˊ
白子魚,ㄅㄞˊ ㄗˇ ㄩˊ
白孔六帖,ㄅㄞˊ ㄎㄨㄥˇ ㄌㄧㄡˋ ㄊㄧㄝˋ
白差使,ㄅㄞˊ ㄔㄞ ㄕˇ
白帖,ㄅㄞˊ ㄊㄧㄝˋ
白手興家,ㄅㄞˊ ㄕㄡˇ ㄒㄧㄥ ㄐㄧㄚ
白搶白相,ㄅㄞˊ ㄑㄧㄤˇ ㄅㄞˊ ㄒㄧㄤˋ
白教,ㄅㄞˊ ㄐㄧㄠ
白日衣繡,ㄅㄞˊ ㄖˋ ㄧˋ ㄒㄧㄡˋ
白板天子,ㄅㄞˊ ㄅㄢˇ ㄊㄧㄢ ㄗˇ
白果兒,ㄅㄞˊ ㄍㄨㄛˇ ㄦ
白毫之賜,ㄅㄞˊ ㄏㄠˊ ㄓ ㄙˋ
白淨,ㄅㄞˊ ˙ㄐㄧㄥ
白猿傳,ㄅㄞˊ ㄩㄢˊ ㄓㄨㄢˋ
白玩兒,ㄅㄞˊ ㄨㄢˊ ㄦ
白癬,ㄅㄞˊ ㄒㄧㄢˇ
白白淨淨,ㄅㄞˊ ˙ㄅㄞ ˙ㄐㄧㄥ ˙ㄐㄧㄥ
白相,ㄅㄞˊ ㄒㄧㄤˋ
白相人,ㄅㄞˊ ㄒㄧㄤˋ ㄖㄣˊ
白羊子,ㄅㄞˊ ㄧㄤˊ ㄗˇ
白背浮塵子,ㄅㄞˊ ㄅㄟˋ ㄈㄨˊ ㄔㄣˊ ㄗˇ
白臉兒,ㄅㄞˊ ㄌㄧㄢˇ ㄦ
白花花,ㄅㄞˊ ˙ㄏㄨㄚ ㄏㄨㄚ
白著,ㄅㄞˊ ㄓㄨˋ
白蘋,ㄅㄞˊ ㄆㄧㄣˊ
白蘋洲,ㄅㄞˊ ㄆㄧㄣˊ ㄓㄡ
白蘿蔔,ㄅㄞˊ ㄌㄨㄛˊ ˙ㄅㄛ
白虎觀,ㄅㄞˊ ㄏㄨˇ ㄍㄨㄢˋ
白蛇傳,ㄅㄞˊ ㄕㄜˊ ㄓㄨㄢˋ
白蛸,ㄅㄞˊ ㄒㄧㄠ
白衣卿相,ㄅㄞˊ ㄧ ㄑㄧㄥ ㄒㄧㄤˋ
白話舌兒,ㄅㄞˊ ˙ㄏㄨㄚ ㄕㄜˊ ㄦ
白豆兒佛,ㄅㄞˊ ㄉㄡˋ ㄦ ㄈㄛˊ
白質,ㄅㄞˊ ㄓˊ
白蹧蹋,ㄅㄞˊ ㄗㄠ ˙ㄊㄚ
白醭,ㄅㄞˊ ㄆㄨˊ
白閒,ㄅㄞˊ ㄐㄧㄢ
白雪曲,ㄅㄞˊ ㄒㄩㄝˇ ㄑㄩˇ
白雲親舍,ㄅㄞˊ ㄩㄣˊ ㄑㄧㄣ ㄕㄜˋ
白雲觀,ㄅㄞˊ ㄩㄣˊ ㄍㄨㄢˋ
白馬王子,ㄅㄞˊ ㄇㄚˇ ㄨㄤˊ ㄗˇ
白𣎴,ㄅㄞˊ ㄉㄨㄣˇ
百中百發,ㄅㄞˇ ㄓㄨㄥˋ ㄅㄞˇ ㄈㄚ
百中經,ㄅㄞˇ ㄓㄨㄥˋ ㄐㄧㄥ
百乘之家,ㄅㄞˇ ㄕㄥˋ ㄓ ㄐㄧㄚ
百了千當,ㄅㄞˇ ㄌㄧㄠˇ ㄑㄧㄢ ㄉㄤˋ
百嗎兒,ㄅㄞˇ ㄇㄚˇ ㄦ
百子全書,ㄅㄞˇ ㄗˇ ㄑㄩㄢˊ ㄕㄨ
百子千孫,ㄅㄞˇ ㄗˇ ㄑㄧㄢ ㄙㄨㄣ
百子圖,ㄅㄞˇ ㄗˇ ㄊㄨˊ
百子帳,ㄅㄞˇ ㄗˇ ㄓㄤˋ
百子蓮,ㄅㄞˇ ㄗˇ ㄌㄧㄢˊ
百孔千創,ㄅㄞˇ ㄎㄨㄥˇ ㄑㄧㄢ ㄔㄨㄤ
百家諸子,ㄅㄞˇ ㄐㄧㄚ ㄓㄨ ㄗˇ
百寶嵌,ㄅㄞˇ ㄅㄠˇ ㄑㄧㄢ
百將傳,ㄅㄞˇ ㄐㄧㄤˋ ㄓㄨㄢˋ
百廢俱興,ㄅㄞˇ ㄈㄟˋ ㄐㄩˋ ㄒㄧㄥ
百步無輕擔,ㄅㄞˇ ㄅㄨˋ ㄨˊ ㄑㄧㄥ ㄉㄢˋ
百無一長,ㄅㄞˇ ㄨˊ ㄧ ㄔㄤˊ
百獸率舞,ㄅㄞˇ ㄕㄡˋ ㄕㄨㄞˋ ㄨˇ
百發百中,ㄅㄞˇ ㄈㄚ ㄅㄞˇ ㄓㄨㄥˋ
百舍重繭,ㄅㄞˇ ㄕㄜˋ ㄔㄨㄥˊ ㄐㄧㄢˇ
百舍重趼,ㄅㄞˇ ㄕㄜˋ ㄔㄨㄥˊ ㄐㄧㄢˇ
百色縣,ㄅㄛˊ ㄙㄜˋ ㄒㄧㄢˋ
百褶裙,ㄅㄞˇ ㄓㄜˊ ㄑㄩㄣˊ
百辟,ㄅㄞˇ ㄅㄧˋ
百馬伐驥,ㄅㄞˇ ㄇㄚˇ ㄈㄚˊ ㄐㄧˋ
皁差,ㄗㄠˋ ㄔㄞ
皁纛,ㄗㄠˋ ㄉㄨˊ
的一確二,ㄉㄧˊ ㄧ ㄑㄩㄝˋ ㄦˋ
的些,ㄉㄧˋ ㄒㄧㄝ
的信,ㄉㄧˊ ㄒㄧㄣˋ
的士,ㄉㄧˊ ㄕˋ
的實,ㄉㄧˊ ㄕˊ
的是,ㄉㄧˊ ㄕˋ
的歷,ㄉㄧˋ ㄌㄧˋ
的決,ㄉㄧˊ ㄐㄩㄝˊ
的溜撲碌,ㄉㄧˋ ㄌㄧㄡ ㄆㄨ ㄌㄨˋ
的溜溜,ㄉㄧˊ ㄌㄧㄡ ㄌㄧㄡ
的溜骨碌,ㄉㄧˊ ㄌㄧㄡ ㄍㄨˊ ˙ㄌㄨ
的然,ㄉㄧˊ ㄖㄢˊ
的留的立,ㄉㄧˋ ㄌㄧㄡˊ ㄉㄧˋ ㄌㄧˋ
的當,ㄉㄧˊ ㄉㄤˋ
的的,ㄉㄧˊ ㄉㄧˊ
的的喀喀湖,ㄉㄧˊ ㄉㄧˊ ㄎㄚˋ ㄎㄚˋ ㄏㄨˊ
的皪,ㄉㄧˋ ㄌㄧˋ
的盧,ㄉㄧˋ ㄌㄨˊ
的知,ㄉㄧˊ ㄓ
的確,ㄉㄧˊ ㄑㄩㄝˋ
的篤戲,ㄉㄧˊ ㄉㄨˇ ㄒㄧˋ
的耗,ㄉㄧˊ ㄏㄠˋ
的見,ㄉㄧˊ ㄐㄧㄢˋ
的黎波里,ㄉㄧˋ ㄌㄧˊ ㄅㄛ ㄌㄧˇ
皇上,ㄏㄨㄤˊ ˙ㄕㄤ
皇太子,ㄏㄨㄤˊ ㄊㄞˋ ㄗˇ
皇帝不差餓兵,ㄏㄨㄤˊ ㄉㄧˋ ㄅㄨˋ ㄔㄞ ㄜˋ ㄅㄧㄥ
皇皇者華,ㄏㄨㄤˊ ㄏㄨㄤˊ ㄓㄜˇ ㄏㄨㄚ
皇辟,ㄏㄨㄤˊ ㄅㄧˋ
皇都,ㄏㄨㄤˊ ㄉㄨ
皋比,ㄍㄠ ㄆㄧˊ
皋陶,ㄍㄠ ㄧㄠˊ
皮內反應法,ㄆㄧˊ ㄋㄟˋ ㄈㄢˇ ㄧㄥˋ ㄈㄚˇ
皮匠,ㄆㄧˊ ˙ㄐㄧㄤ
皮夾兒,ㄆㄧˊ ㄐㄧㄚ ㄦ
皮夾子,ㄆㄧˊ ㄐㄧㄚ ˙ㄗ
皮實,ㄆㄧˊ ˙ㄕ
皮掌兒,ㄆㄧˊ ㄓㄤˇ ㄦ
皮板兒,ㄆㄧˊ ㄅㄢˇ ㄦ
皮桶兒,ㄆㄧˊ ㄊㄨㄥˇ ㄦ
皮相,ㄆㄧˊ ㄒㄧㄤˋ
皮相士,ㄆㄧˊ ㄒㄧㄤˋ ㄕˋ
皮筒兒,ㄆㄧˊ ㄊㄨㄥˇ ㄦ
皮膜組織,ㄆㄧˊ ㄇㄛˊ ㄗㄨˇ ㄓ
皮裡膜外,ㄆㄧˊ ㄌㄧˇ ㄇㄛˊ ㄨㄞˋ
皮解庫,ㄆㄧˊ ㄐㄧㄝˋ ㄎㄨˋ
皮質,ㄆㄧˊ ㄓˊ
皮質素,ㄆㄧˊ ㄓˊ ㄙㄨˋ
皮靴兒沒番正,ㄆㄧˊ ㄒㄩㄝ ㄦ ㄇㄟˊ ㄈㄢ ㄓㄥˋ
皮靴頁兒,ㄆㄧˊ ㄒㄩㄝ ㄧㄝˋ ㄦ
皺褶,ㄓㄡˋ ㄓㄜˊ
盆傾甕倒,ㄆㄣˊ ㄑㄧㄥ ㄨㄥˋ ㄉㄠˇ
盆兒,ㄆㄣˊ ㄦ
盆罐都有耳朵,ㄆㄣˊ ㄍㄨㄢˋ ㄉㄡ ㄧㄡˇ ㄦˇ ˙ㄉㄨㄛ
盈千累百,ㄧㄥˊ ㄑㄧㄢ ㄌㄟˇ ㄅㄞˇ
盈千累萬,ㄧㄥˊ ㄑㄧㄢ ㄌㄟˇ ㄨㄢˋ
盈篇累牘,ㄧㄥˊ ㄆㄧㄢ ㄌㄟˇ ㄉㄨˊ
盈縮,ㄧㄥˊ ㄙㄨˋ
益者三樂,ㄧˋ ㄓㄜˇ ㄙㄢ ㄧㄠˋ
益處,ㄧˋ ˙ㄔㄨ
盎格魯撒克遜人,ㄤˋ ㄍㄜˊ ㄌㄨˇ ㄙㄚ ㄎㄜˋ ㄙㄨㄣˋ ㄖㄣˊ
盔頭,ㄎㄨㄟ ˙ㄊㄡ
盛价,ㄕㄥˋ ㄐㄧㄝˋ
盛器,ㄔㄥˊ ㄑㄧˋ
盛放,ㄔㄥˊ ㄈㄤˋ
盛殮,ㄔㄥˊ ˙ㄌㄧㄢ
盛水不漏,ㄔㄥˊ ㄕㄨㄟˇ ㄅㄨˋ ㄌㄡˋ
盛衰興廢,ㄕㄥˋ ㄕㄨㄞ ㄒㄧㄥ ㄈㄟˋ
盛飯,ㄔㄥˊ ㄈㄢˋ
盟津,ㄇㄥˋ ㄐㄧㄣ
盡付闕如,ㄐㄧㄣˋ ㄈㄨˋ ㄑㄩㄝ ㄖㄨˊ
盡其所長,ㄐㄧㄣˋ ㄑㄧˊ ㄙㄨㄛˇ ㄔㄤˊ
盡力而為,ㄐㄧㄣˋ ㄌㄧˋ ㄦˊ ㄨㄟˊ
盡場兒,ㄐㄧㄣˋ ㄔㄤˊ ㄦ
盡展所長,ㄐㄧㄣˋ ㄓㄢˇ ㄙㄨㄛˇ ㄔㄤˊ
盡本分,ㄐㄧㄣˋ ㄅㄣˇ ㄈㄣˋ
監場,ㄐㄧㄢ ㄔㄤˊ
監本,ㄐㄧㄢˋ ㄅㄣˇ
監生,ㄐㄧㄢˋ ㄕㄥ
盤兒,ㄆㄢˊ ㄦ
盤算,ㄆㄢˊ ˙ㄙㄨㄢ
盤纏,ㄆㄢˊ ˙ㄔㄢ
盤薄,ㄆㄢˊ ㄅㄛˊ
盤頭丫頭,ㄆㄢˊ ㄊㄡˊ ㄧㄚ ˙ㄊㄡ
盥漱,ㄍㄨㄢˋ ㄙㄡˋ
盧家少婦,ㄌㄨˊ ㄐㄧㄚ ㄕㄠˋ ㄈㄨˋ
目下十行,ㄇㄨˋ ㄒㄧㄚˋ ㄕˊ ㄏㄤˊ
目不暇給,ㄇㄨˋ ㄅㄨˋ ㄒㄧㄚˊ ㄐㄧˇ
目不給視,ㄇㄨˋ ㄅㄨˋ ㄐㄧˇ ㄕˋ
目挑心招,ㄇㄨˋ ㄊㄧㄠˇ ㄒㄧㄣ ㄓㄠ
目無餘子,ㄇㄨˋ ㄨˊ ㄩˊ ㄗˇ
目的,ㄇㄨˋ ㄉㄧˋ
目的地,ㄇㄨˋ ㄉㄧˋ ㄉㄧˋ
目的物,ㄇㄨˋ ㄉㄧˋ ㄨˋ
目瞠口哆,ㄇㄨˋ ㄔㄥ ㄎㄡˇ ㄔㄜˇ
盲者得鏡,ㄇㄤˊ ㄓㄜˇ ㄉㄜˊ ㄐㄧㄥˋ
直得,ㄓˊ ㄉㄜˊ
直心眼兒,ㄓˊ ㄒㄧㄣ ㄧㄢˇ ㄦ
直截了當,ㄓˊ ㄐㄧㄝˊ ㄌㄧㄠˇ ㄉㄤˋ
直捷了當,ㄓˊ ㄐㄧㄝˊ ㄌㄧㄠˇ ㄉㄤˋ
直接了當,ㄓˊ ㄐㄧㄝ ㄌㄧㄠˇ ㄉㄤˋ
直棍兒,ㄓˊ ㄍㄨㄣˋ ㄦ
直溜,ㄓˊ ˙ㄌㄧㄡ
直率,ㄓˊ ㄕㄨㄞˋ
直節勁氣,ㄓˊ ㄐㄧㄝˊ ㄐㄧㄥˋ ㄑㄧˋ
直言危行,ㄓˊ ㄧㄢˊ ㄨㄟˊ ㄒㄧㄥˋ
直言賈禍,ㄓˊ ㄧㄢˊ ㄍㄨˇ ㄏㄨㄛˋ
直豁,ㄓˊ ㄏㄨㄛˋ
直餾,ㄓˊ ㄌㄧㄡˋ
相人,ㄒㄧㄤˋ ㄖㄣˊ
相位,ㄒㄧㄤˋ ㄨㄟˋ
相依為命,ㄒㄧㄤ ㄧ ㄨㄟˊ ㄇㄧㄥˋ
相倚為命,ㄒㄧㄤ ㄧˇ ㄨㄟˊ ㄇㄧㄥˋ
相倚為彊,ㄒㄧㄤ ㄧˇ ㄨㄟˊ ㄑㄧㄤˊ
相公,ㄒㄧㄤˋ ㄍㄨㄥ
相公堂子,ㄒㄧㄤˋ ˙ㄍㄨㄥ ㄊㄤˊ ˙ㄗ
相匣子,ㄒㄧㄤˋ ㄒㄧㄚˊ ˙ㄗ
相印法,ㄒㄧㄤˋ ㄧㄣˋ ㄈㄚˇ
相命,ㄒㄧㄤˋ ㄇㄧㄥˋ
相和,ㄒㄧㄤ ㄏㄜˋ
相和歌,ㄒㄧㄤ ㄏㄜˋ ㄍㄜ
相國,ㄒㄧㄤˋ ㄍㄨㄛˊ
相士,ㄒㄧㄤˋ ㄕˋ
相夫教子,ㄒㄧㄤˋ ㄈㄨ ㄐㄧㄠˋ ㄗˇ
相女配夫,ㄒㄧㄤˋ ㄋㄩˇ ㄆㄟˋ ㄈㄨ
相如病渴,ㄒㄧㄤˋ ㄖㄨˊ ㄅㄧㄥˋ ㄎㄜˇ
相字,ㄒㄧㄤˋ ㄗˋ
相屬,ㄒㄧㄤ ㄓㄨˇ
相差,ㄒㄧㄤ ㄔㄚ
相差無幾,ㄒㄧㄤ ㄔㄚ ㄨˊ ㄐㄧˇ
相府,ㄒㄧㄤˋ ㄈㄨˇ
相得,ㄒㄧㄤ ㄉㄜˊ
相得恨晚,ㄒㄧㄤ ㄉㄜˊ ㄏㄣˋ ㄨㄢˇ
相得甚歡,ㄒㄧㄤ ㄉㄜˊ ㄕㄣˋ ㄏㄨㄢ
相得益彰,ㄒㄧㄤ ㄉㄜˊ ㄧˋ ㄓㄤ
相思子,ㄒㄧㄤ ㄙ ㄗˇ
相應,ㄒㄧㄤ ㄧㄥˋ
相應不理,ㄒㄧㄤ ㄧㄥˋ ㄅㄨˋ ㄌㄧˇ
相時,ㄒㄧㄤˋ ㄕˊ
相時而動,ㄒㄧㄤˋ ㄕˊ ㄦˊ ㄉㄨㄥˋ
相書,ㄒㄧㄤˋ ㄕㄨ
相框,ㄒㄧㄤˋ ㄎㄨㄤ
相機,ㄒㄧㄤˋ ㄐㄧ
相機而動,ㄒㄧㄤˋ ㄐㄧ ㄦˊ ㄉㄨㄥˋ
相機而言,ㄒㄧㄤˋ ㄐㄧ ㄦˊ ㄧㄢˊ
相機行事,ㄒㄧㄤˋ ㄐㄧ ㄒㄧㄥˊ ㄕˋ
相機觀變,ㄒㄧㄤˋ ㄐㄧ ㄍㄨㄢ ㄅㄧㄢˋ
相法,ㄒㄧㄤˋ ㄈㄚˇ
相為,ㄒㄧㄤ ㄨㄟˊ
相為表裡,ㄒㄧㄤ ㄨㄟˊ ㄅㄧㄠˇ ㄌㄧˇ
相父,ㄒㄧㄤˋ ㄈㄨˋ
相片,ㄒㄧㄤˋ ㄆㄧㄢˋ
相片光碟,ㄒㄧㄤˋ ㄆㄧㄢˋ ㄍㄨㄤ ㄉㄧㄝˊ
相率,ㄒㄧㄤ ㄕㄨㄞˋ
相王,ㄒㄧㄤˋ ㄨㄤˊ
相看,ㄒㄧㄤ ˙ㄎㄢ
相禮,ㄒㄧㄤˋ ㄌㄧˇ
相簿,ㄒㄧㄤˋ ㄅㄨˋ
相紙,ㄒㄧㄤˋ ㄓˇ
相者,ㄒㄧㄤˋ ㄓㄜˇ
相聲,ㄒㄧㄤˋ ㄕㄥ
相腳手,ㄒㄧㄤˋ ㄐㄧㄠˇ ㄕㄡˇ
相腳頭,ㄒㄧㄤˋ ㄐㄧㄠˇ ㄊㄡˊ
相臺,ㄒㄧㄤˋ ㄊㄞˊ
相與為命,ㄒㄧㄤ ㄩˇ ㄨㄟˊ ㄇㄧㄥˋ
相處,ㄒㄧㄤ ㄔㄨˇ
相術,ㄒㄧㄤˋ ㄕㄨˋ
相訾,ㄒㄧㄤ ㄗˇ
相變,ㄒㄧㄤˋ ㄅㄧㄢˋ
相貌,ㄒㄧㄤˋ ㄇㄠˋ
相貌堂堂,ㄒㄧㄤˋ ㄇㄠˋ ㄊㄤˊ ㄊㄤˊ
相部宗,ㄒㄧㄤˋ ㄅㄨˋ ㄗㄨㄥ
相門出相,ㄒㄧㄤˋ ㄇㄣˊ ㄔㄨ ㄒㄧㄤˋ
相門有相,ㄒㄧㄤˋ ㄇㄣˊ ㄧㄡˇ ㄒㄧㄤˋ
相間,ㄒㄧㄤ ㄐㄧㄢˋ
相面,ㄒㄧㄤˋ ㄇㄧㄢˋ
相須為命,ㄒㄧㄤ ㄒㄩ ㄨㄟˊ ㄇㄧㄥˋ
相風,ㄒㄧㄤˋ ㄈㄥ
相風使帆,ㄒㄧㄤˋ ㄈㄥ ㄕˇ ㄈㄢˊ
相馬,ㄒㄧㄤˋ ㄇㄚˇ
相體,ㄒㄧㄤˋ ㄊㄧˇ
相鼠,ㄒㄧㄤˋ ㄕㄨˇ
盹兒,ㄉㄨㄣˇ ㄦ
盼頭,ㄆㄢˋ ˙ㄊㄡ
省俗觀風,ㄒㄧㄥˇ ㄙㄨˊ ㄍㄨㄢ ㄈㄥ
省分,ㄕㄥˇ ㄈㄣˋ
省刑薄斂,ㄕㄥˇ ㄒㄧㄥˊ ㄅㄛˊ ㄌㄧㄢˋ
省墓,ㄒㄧㄥˇ ㄇㄨˋ
省察,ㄒㄧㄥˇ ㄔㄚˊ
省思,ㄒㄧㄥˇ ㄙ
省悟,ㄒㄧㄥˇ ㄨˋ
省戒,ㄒㄧㄥˇ ㄐㄧㄝˋ
省方觀俗,ㄒㄧㄥˇ ㄈㄤ ㄍㄨㄢ ㄙㄨˊ
省方觀民,ㄒㄧㄥˇ ㄈㄤ ㄍㄨㄢ ㄇㄧㄣˊ
省見,ㄒㄧㄥˇ ㄐㄧㄢˋ
省視,ㄒㄧㄥˇ ㄕˋ
省親,ㄒㄧㄥˇ ㄑㄧㄣ
省記,ㄒㄧㄥˇ ㄐㄧˋ
省諭,ㄒㄧㄥˇ ㄩˋ
省識,ㄒㄧㄥˇ ㄕˋ
省風,ㄒㄧㄥˇ ㄈㄥ
眉兒眼兒,ㄇㄟˊ ㄦ ㄧㄢˇ ㄦ
看上,ㄎㄢˋ ˙ㄕㄤ
看不上,ㄎㄢˋ ˙ㄅㄨ ㄕㄤˋ
看不下去,ㄎㄢˋ ˙ㄅㄨ ㄒㄧㄚˋ ㄑㄩˋ
看不來,ㄎㄢˋ ˙ㄅㄨ ㄌㄞˊ
看不出,ㄎㄢˋ ˙ㄅㄨ ㄔㄨ
看不得,ㄎㄢˋ ˙ㄅㄨ ㄉㄜˊ
看不慣,ㄎㄢˋ ˙ㄅㄨ ㄍㄨㄢˋ
看不起,ㄎㄢˋ ˙ㄅㄨ ㄑㄧˇ
看不透,ㄎㄢˋ ˙ㄅㄨ ㄊㄡˋ
看不過,ㄎㄢˋ ˙ㄅㄨ ㄍㄨㄛˋ
看不過眼兒,ㄎㄢˋ ˙ㄅㄨ ㄍㄨㄛˋ ㄧㄢˇ ㄦ
看中,ㄎㄢˋ ㄓㄨㄥˋ
看中了,ㄎㄢˋ ㄓㄨㄥˋ ˙ㄌㄜ
看個究竟,ㄎㄢˋ ˙ㄍㄜ ㄐㄧㄡˋ ㄐㄧㄥˋ
看坐兒,ㄎㄢˋ ㄗㄨㄛˋ ㄦ
看墳,ㄎㄢ ㄈㄣˊ
看守,ㄎㄢ ㄕㄡˇ
看守內閣,ㄎㄢ ㄕㄡˇ ㄋㄟˋ ㄍㄜˊ
看守所,ㄎㄢ ㄕㄡˇ ㄙㄨㄛˇ
看家,ㄎㄢ ㄐㄧㄚ
看家戲,ㄎㄢ ㄐㄧㄚ ㄒㄧˋ
看家本領,ㄎㄢ ㄐㄧㄚ ㄅㄣˇ ㄌㄧㄥˇ
看家狗,ㄎㄢ ㄐㄧㄚ ㄍㄡˇ
看座兒的,ㄎㄢ ㄗㄨㄛˋ ㄦ ˙ㄉㄜ
看押,ㄎㄢ ㄧㄚ
看更,ㄎㄢˋ ㄍㄥ
看相,ㄎㄢˋ ㄒㄧㄤˋ
看看,ㄎㄢˋ ˙ㄎㄢ
看管,ㄎㄢ ㄍㄨㄢˇ
看見,ㄎㄢˋ ˙ㄐㄧㄢ
看護,ㄎㄢ ㄏㄨˋ
看錢奴,ㄎㄢ ㄑㄧㄢˊ ㄋㄨˊ
看門,ㄎㄢ ㄇㄣˊ
看青,ㄎㄢ ㄑㄧㄥ
看頭,ㄎㄢˋ ˙ㄊㄡ
看風,ㄎㄢ ㄈㄥ
看風使帆,ㄎㄢˋ ㄈㄥ ㄕˇ ㄈㄢˊ
看風頭,ㄎㄢˋ ㄈㄥ ˙ㄊㄡ
看麥娘,ㄎㄢ ㄇㄞˋ ㄋㄧㄤˊ
真人不露相,ㄓㄣ ㄖㄣˊ ㄅㄨˋ ㄌㄡˋ ㄒㄧㄤˋ
真命天子,ㄓㄣ ㄇㄧㄥˋ ㄊㄧㄢ ㄗˇ
真溶液,ㄓㄣ ㄖㄨㄥˊ ㄧˋ
真率,ㄓㄣ ㄕㄨㄞˋ
真相,ㄓㄣ ㄒㄧㄤˋ
真相大白,ㄓㄣ ㄒㄧㄤˋ ㄉㄚˋ ㄅㄞˊ
眠琴綠陰,ㄇㄧㄢˊ ㄑㄧㄣˊ ㄌㄨˋ ㄧㄣ
眥睚,ㄗˋ ㄧㄞˊ
眨巴,ㄓㄚˇ ˙ㄅㄚ
眵目糊,ㄔ ˙ㄇㄨ ㄏㄨˊ
眷舍,ㄐㄩㄢˋ ㄕㄜˋ
眸子,ㄇㄡˊ ㄗˇ
眼不見為淨,ㄧㄢˇ ㄅㄨˋ ㄐㄧㄢˋ ㄨㄟˊ ㄐㄧㄥˋ
眼力見兒,ㄧㄢˇ ㄌㄧˋ ㄐㄧㄢˋ ㄦ
眼子菜,ㄧㄢˇ ㄗˇ ㄘㄞˋ
眼嵌縮腮,ㄧㄢˇ ㄑㄧㄢ ㄙㄨㄛ ㄙㄞ
眼底下,ㄧㄢˇ ㄉㄧˇ ˙ㄒㄧㄚ
眼扎毛,ㄧㄢˇ ㄓㄚˊ ㄇㄠˊ
眼暈,ㄧㄢˇ ㄩㄣˋ
眼泡,ㄧㄢˇ ㄆㄠ
眼犄角兒,ㄧㄢˇ ㄐㄧ ㄐㄧㄠˇ ㄦ
眼珠兒,ㄧㄢˇ ㄓㄨ ㄦ
眼皮兒雜,ㄧㄢˇ ㄆㄧˊ ㄦ ㄗㄚˊ
眼皮子底下,ㄧㄢˇ ㄆㄧˊ ˙ㄗ ㄉㄧˇ ˙ㄒㄧㄚ
眼絲兒不見,ㄧㄢˇ ㄙ ㄦ ㄅㄨˋ ㄐㄧㄢˋ
眼色,ㄧㄢˇ ˙ㄙㄜ
眼花撩亂,ㄧㄢˇ ㄏㄨㄚ ㄌㄧㄠˊ ㄌㄨㄢˋ
眼餳,ㄧㄢˇ ㄒㄧㄥˊ
眼餳耳熱,ㄧㄢˇ ㄒㄧㄥˊ ㄦˇ ㄖㄜˋ
眾口難調,ㄓㄨㄥˋ ㄎㄡˇ ㄋㄢˊ ㄊㄧㄠˊ
眾毛攢裘,ㄓㄨㄥˋ ㄇㄠˊ ㄘㄨㄢˊ ㄑㄧㄡˊ
眾生皆有佛性,ㄓㄨㄥˋ ㄕㄥ ㄐㄧㄝ ㄧㄡˇ ㄈㄛˊ ㄒㄧㄥˋ
眾生相,ㄓㄨㄥˋ ㄕㄥ ㄒㄧㄤˋ
眾矢之的,ㄓㄨㄥˋ ㄕˇ ㄓ ㄉㄧˋ
睏覺,ㄎㄨㄣˋ ㄐㄧㄠˋ
睡不著,ㄕㄨㄟˋ ˙ㄅㄨ ㄓㄠ
睡中覺,ㄕㄨㄟˋ ㄓㄨㄥ ㄐㄧㄠˋ
睡懶覺,ㄕㄨㄟˋ ㄌㄢˇ ㄐㄧㄠˋ
睡晌覺,ㄕㄨㄟˋ ㄕㄤˇ ㄐㄧㄠˋ
睡相,ㄕㄨㄟˋ ㄒㄧㄤˋ
睡著,ㄕㄨㄟˋ ㄓㄠˊ
睡覺,ㄕㄨㄟˋ ㄐㄧㄠˋ
睡長覺,ㄕㄨㄟˋ ㄔㄤˊ ㄐㄧㄠˋ
督率,ㄉㄨ ㄕㄨㄞˋ
睪丸,ㄍㄠ ㄨㄢˊ
睪丸未降症,ㄍㄠ ㄨㄢˊ ㄨㄟˋ ㄐㄧㄤˋ ㄓㄥˋ
睹微知著,ㄉㄨˇ ㄨㄟˊ ㄓ ㄓㄨˋ
睹物興悲,ㄉㄨˇ ㄨˋ ㄒㄧㄥ ㄅㄟ
睹物興情,ㄉㄨˇ ㄨˋ ㄒㄧㄥ ㄑㄧㄥˊ
睿知,ㄖㄨㄟˋ ㄓˋ
瞅不得,ㄔㄡˇ ˙ㄅㄨ ㄉㄜ
瞅不見,ㄔㄡˇ ˙ㄅㄨ ㄐㄧㄢˋ
瞅不起,ㄔㄡˇ ˙ㄅㄨ ㄑㄧˇ
瞅空兒,ㄔㄡˇ ㄎㄨㄥˋ ㄦ
瞇盹兒,ㄇㄧ ㄉㄨㄣˇ ㄦ
瞎扎呼,ㄒㄧㄚ ㄓㄚ ˙ㄏㄨ
瞎扯臊,ㄒㄧㄚ ㄔㄜˇ ㄙㄠˋ
瞎攪,ㄒㄧㄚ ㄍㄠˇ
瞑眩,ㄇㄧㄢˋ ㄒㄩㄢˋ
瞧上,ㄑㄧㄠˊ ˙ㄕㄤ
瞧熱鬧,ㄑㄧㄠˊ ㄖㄜˋ ˙ㄋㄠ
瞧瞧,ㄑㄧㄠˊ ˙ㄑㄧㄠ
瞧頭兒,ㄑㄧㄠˊ ˙ㄊㄡ ㄦ
瞬得彩色電影,ㄕㄨㄣˋ ㄉㄜˊ ㄘㄞˇ ㄙㄜˋ ㄉㄧㄢˋ ㄧㄥˇ
瞭望,ㄌㄧㄠˋ ㄨㄤˋ
瞭望山,ㄌㄧㄠˋ ㄨㄤˋ ㄕㄢ
瞭望臺,ㄌㄧㄠˋ ㄨㄤˋ ㄊㄞˊ
瞭高兒,ㄌㄧㄠˋ ㄍㄠ ㄦ
瞳子,ㄊㄨㄥˊ ㄗˇ
瞶瞶,ㄎㄨㄟˋ ㄎㄨㄟˋ
瞻卬,ㄓㄢ ㄧㄤˇ
瞿然,ㄐㄩˋ ㄖㄢˊ
矇事,ㄇㄥ ㄕˋ
矇住,ㄇㄥ ㄓㄨˋ
矇松雨,ㄇㄥ ㄙㄨㄥ ㄩˇ
矇混,ㄇㄥ ㄏㄨㄣˋ
矇矇亮,ㄇㄥ ˙ㄇㄥ ㄌㄧㄤˋ
矇著,ㄇㄥ ㄓㄠˊ
矇著鍋兒,ㄇㄥ ˙ㄓㄜ ㄍㄨㄛ ㄦ
矇蔽,ㄇㄥ ㄅㄧˋ
矇頭轉向,ㄇㄥ ㄊㄡˊ ㄓㄨㄢˋ ㄒㄧㄤˋ
矇騙,ㄇㄥ ㄆㄧㄢˋ
矎矎,ㄒㄩㄢˋ ㄒㄩㄢˋ
矜寡孤獨,ㄍㄨㄢ ㄍㄨㄚˇ ㄍㄨ ㄉㄨˊ
矜張顯著,ㄐㄧㄣ ㄓㄤ ㄒㄧㄢˇ ㄓㄨˋ
矢石之難,ㄕˇ ㄕˊ ㄓ ㄋㄢˋ
知了,ㄓ ㄌㄧㄠˇ
知其不可而為,ㄓ ㄑㄧˊ ㄅㄨˋ ㄎㄜˇ ㄦˊ ㄨㄟˊ
知古今兒,ㄓ ㄍㄨˇ ㄐㄧㄣ ㄦ
知子莫若父,ㄓ ㄗˇ ㄇㄛˋ ㄖㄨㄛˋ ㄈㄨˋ
知小謀大,ㄓˋ ㄒㄧㄠˇ ㄇㄡˊ ㄉㄚˋ
知幾其神,ㄓ ㄐㄧ ㄑㄧˊ ㄕㄣˊ
知心著意,ㄓ ㄒㄧㄣ ㄓㄠˊ ㄧˋ
知更鳥,ㄓ ㄍㄥ ㄋㄧㄠˇ
知水仁山,ㄓˋ ㄕㄨㄟˇ ㄖㄣˊ ㄕㄢ
知疼著熱,ㄓ ㄊㄥˊ ㄓㄠˊ ㄖㄜˋ
知白守黑,ㄓ ㄅㄞˊ ㄕㄡˇ ㄏㄜˋ
知盡能索,ㄓˋ ㄐㄧㄣˋ ㄋㄥˊ ㄙㄨㄛˇ
知者不惑,ㄓˋ ㄓㄜˇ ㄅㄨˋ ㄏㄨㄛˋ
知者樂水,ㄓˋ ㄓㄜˇ ㄧㄠˋ ㄕㄨㄟˇ
知觀,ㄓ ㄍㄨㄢˋ
知識分子,ㄓ ㄕˋ ㄈㄣˋ ㄗˇ
矬個兒,ㄘㄨㄛˊ ㄍㄜˋ ㄦ
矬倒,ㄘㄨㄛˊ ㄉㄠˇ
矬子裡頭選將軍,ㄘㄨㄛˊ ˙ㄗ ㄌㄧˇ ˙ㄊㄡ ㄒㄩㄢˇ ㄐㄧㄤ ㄐㄩㄣ
短不了,ㄉㄨㄢˇ ˙ㄅㄨ ㄌㄧㄠˇ
短兒,ㄉㄨㄢˇ ㄦ
短嘆長吁,ㄉㄨㄢˇ ㄊㄢˋ ㄔㄤˊ ㄒㄩ
短撅兒,ㄉㄨㄢˇ ㄐㄩㄝ ㄦ
短暫,ㄉㄨㄢˇ ㄓㄢˋ
短行,ㄉㄨㄢˇ ㄒㄧㄥˋ
短見薄識,ㄉㄨㄢˇ ㄐㄧㄢˋ ㄅㄛˊ ㄕˋ
短道兒,ㄉㄨㄢˇ ㄉㄠˋ ㄦ
短長,ㄉㄨㄢˇ ㄔㄤˊ
短長之說,ㄉㄨㄢˇ ㄔㄤˊ ㄓ ㄕㄨㄛ
短頭,ㄉㄨㄢˇ ˙ㄊㄡ
矮人看場,ㄞˇ ㄖㄣˊ ㄎㄢˋ ㄔㄤˊ
矮人觀場,ㄞˇ ㄖㄣˊ ㄍㄨㄢ ㄔㄤˊ
矮仔財,ㄞˇ ㄗˇ ㄘㄞˊ
矮子觀場,ㄞˇ ˙ㄗ ㄍㄨㄢ ㄔㄤˊ
矯情飾行,ㄐㄧㄠˇ ㄑㄧㄥˊ ㄕˋ ㄒㄧㄥˋ
矯言偽行,ㄐㄧㄠˇ ㄧㄢˊ ㄨㄟˋ ㄒㄧㄥˋ
矯誣,ㄐㄧㄠˇ ㄨˊ
矯飾偽行,ㄐㄧㄠˇ ㄕˋ ㄨㄟˋ ㄒㄧㄥˋ
矰繳,ㄗㄥ ㄓㄨㄛˊ
矰繳之說,ㄗㄥ ㄓㄨㄛˊ ㄓ ㄕㄨㄛ
石刁柏,ㄕˊ ㄉㄧㄠ ㄅㄛˊ
石勒,ㄕˊ ㄌㄜˋ
石擔,ㄕˊ ㄉㄢˋ
石敬瑭,ㄕˊ ㄐㄧㄥˋ ㄊㄤˊ
石棉沉著病,ㄕˊ ㄇㄧㄢˊ ㄔㄣˊ ㄓㄨㄛˊ ㄅㄧㄥˋ
石灰質,ㄕˊ ㄏㄨㄟ ㄓˊ
石磨,ㄕˊ ㄇㄛˋ
石英玻璃,ㄕˊ ㄧㄥ ㄅㄛ ˙ㄌㄧ
石頭,ㄕˊ ˙ㄊㄡ
石頭兒,ㄕˊ ˙ㄊㄡ ㄦ
石頭子兒,ㄕˊ ˙ㄊㄡ ㄗˇ ㄦ
石頭火鍋,ㄕˊ ˙ㄊㄡ ㄏㄨㄛˇ ㄍㄨㄛ
石頭草,ㄕˊ ˙ㄊㄡ ㄘㄠˇ
石頭餅,ㄕˊ ˙ㄊㄡ ㄅㄧㄥˇ
石龍子,ㄕˊ ㄌㄨㄥˊ ㄗˇ
矽質岩,ㄒㄧˋ ㄓˊ ㄧㄢˊ
砂石場,ㄕㄚ ㄕˊ ㄔㄤˊ
砂質,ㄕㄚ ㄓˊ
砌末,ㄑㄧㄝˋ ㄇㄛˋ
砍瓜切菜,ㄎㄢˇ ㄍㄨㄚ ㄑㄧㄝ ㄘㄞˋ
砐硪,ㄜˋ ㄜˇ
研京練都,ㄧㄢˊ ㄐㄧㄥ ㄌㄧㄢˋ ㄉㄨ
研幾探賾,ㄧㄢˊ ㄐㄧ ㄊㄢˋ ㄗㄜˊ
研幾析理,ㄧㄢˊ ㄐㄧ ㄒㄧ ㄌㄧˇ
砢砢,ㄌㄨㄛˇ ㄌㄨㄛˇ
砥志礪行,ㄉㄧˇ ㄓˋ ㄌㄧˋ ㄒㄧㄥˋ
砥礪名行,ㄉㄧˇ ㄌㄧˋ ㄇㄧㄥˊ ㄒㄧㄥˋ
砥節礪行,ㄉㄧˇ ㄐㄧㄝˊ ㄌㄧˋ ㄒㄧㄥˋ
砥行磨名,ㄉㄧˇ ㄒㄧㄥˋ ㄇㄛˊ ㄇㄧㄥˊ
砥行立名,ㄉㄧˇ ㄒㄧㄥˋ ㄌㄧˋ ㄇㄧㄥˊ
破不剌,ㄆㄛˋ ㄅㄨˋ ㄌㄚˋ
破兒,ㄆㄛˋ ㄦ
破壁燎火,ㄆㄛˋ ㄅㄧˋ ㄌㄧㄠˋ ㄏㄨㄛˇ
破家鬻子,ㄆㄛˋ ㄐㄧㄚ ㄩˋ ㄗˇ
破布子,ㄆㄛˋ ㄅㄨˋ ㄗˇ
破涕為笑,ㄆㄛˋ ㄊㄧˋ ㄨㄟˊ ㄒㄧㄠˋ
破爛兒,ㄆㄛˋ ㄌㄢˋ ㄦ
破的,ㄆㄛˋ ㄉㄧˋ
破相,ㄆㄛˋ ㄒㄧㄤˋ
破矩為圓,ㄆㄛˋ ㄐㄩˇ ㄨㄟˊ ㄩㄢˊ
破蒸籠不盛氣,ㄆㄛˋ ㄓㄥ ㄌㄨㄥˊ ㄅㄨˋ ㄔㄥˊ ㄑㄧˋ
破觚為圓,ㄆㄛˋ ㄍㄨ ㄨㄟˊ ㄩㄢˊ
破觚為圜,ㄆㄛˋ ㄍㄨ ㄨㄟˊ ㄩㄢˊ
破謎兒,ㄆㄛˋ ㄇㄧˊ ㄦ
破費,ㄆㄛˋ ˙ㄈㄟ
破鏡重合,ㄆㄛˋ ㄐㄧㄥˋ ㄔㄨㄥˊ ㄏㄜˊ
破鏡重圓,ㄆㄛˋ ㄐㄧㄥˋ ㄔㄨㄥˊ ㄩㄢˊ
破陣樂,ㄆㄛˋ ㄓㄣˋ ㄩㄝˋ
破題兒,ㄆㄛˋ ㄊㄧˊ ㄦ
破題兒第一遭,ㄆㄛˋ ㄊㄧˊ ㄦ ㄉㄧˋ ㄧ ㄗㄠ
破麥破梨,ㄆㄛˋ ㄇㄛˋ ㄆㄛˋ ㄌㄧˊ
砸兌,ㄗㄚˊ ˙ㄉㄨㄟ
硃卷,ㄓㄨ ㄐㄩㄢˋ
硬打軟熟和,ㄧㄥˋ ㄉㄚˇ ㄖㄨㄢˇ ㄕㄡˊ ˙ㄏㄜ
硬掙,ㄧㄥˋ ˙ㄓㄥ
硬是要得,ㄧㄥˋ ㄕˋ ㄧㄠˋ ㄉㄜˊ
硬朗,ㄧㄥˋ ˙ㄌㄤ
硬棒,ㄧㄥˋ ˙ㄅㄤ
硬氣,ㄧㄥˋ ˙ㄑㄧ
硬玻璃,ㄧㄥˋ ㄅㄛ ˙ㄌㄧ
硬質合金,ㄧㄥˋ ㄓˊ ㄏㄜˊ ㄐㄧㄣ
硬骨頭,ㄧㄥˋ ㄍㄨˊ ˙ㄊㄡ
硯水壺兒,ㄧㄢˋ ㄕㄨㄟˇ ㄏㄨˊ ㄦ
硯水滴兒,ㄧㄢˋ ㄕㄨㄟˇ ㄉㄧ ㄦ
硯臺,ㄧㄢˋ ˙ㄊㄞ
硼玻璃,ㄆㄥˊ ㄅㄛ ˙ㄌㄧ
硼砰,ㄆㄥ ㄆㄥ
碌碌無為,ㄌㄨˋ ㄌㄨˋ ㄨˊ ㄨㄟˊ
碎修兒,ㄙㄨㄟˋ ㄒㄧㄡ ㄦ
碎步兒,ㄙㄨㄟˋ ㄅㄨˋ ㄦ
碑帖,ㄅㄟ ㄊㄧㄝˋ
碔砆,ㄨˇ ㄈㄨ
碗足兒,ㄨㄢˇ ㄗㄨˊ ㄦ
碟大碗小磕著碰著,ㄉㄧㄝˊ ㄉㄚˋ ㄨㄢˇ ㄒㄧㄠˇ ㄎㄜ ˙ㄓㄠ ㄆㄥˋ ˙ㄓㄠ
碟式相機,ㄉㄧㄝˊ ㄕˋ ㄒㄧㄤˋ ㄐㄧ
碧眼兒,ㄅㄧˋ ㄧㄢˇ ㄦ
碰和,ㄆㄥˋ ㄏㄨˊ
碰碰和,ㄆㄥˋ ㄆㄥˋ ㄏㄨˊ
碰著,ㄆㄥˋ ㄓㄠˊ
碰運氣,ㄆㄥˋ ㄩㄣˋ ˙ㄑㄧ
碰頭好兒,ㄆㄥˋ ㄊㄡˊ ㄏㄠˇ ㄦ
碴兒,ㄔㄚˊ ㄦ
確乎,ㄑㄩㄝˋ ˙ㄏㄨ
確當,ㄑㄩㄝˋ ㄉㄤˋ
確鑿,ㄑㄩㄝˋ ㄗㄨㄛˋ
碼頭,ㄇㄚˇ ˙ㄊㄡ
磁場,ㄘˊ ㄔㄤˊ
磁感應,ㄘˊ ㄍㄢˇ ㄧㄥˋ
磅硠,ㄆㄤ ㄌㄤˊ
磅礴,ㄆㄤ ㄅㄛˊ
磅薄,ㄆㄤ ㄅㄛˊ
磊砢,ㄌㄟˇ ㄌㄨㄛˇ
磕巴,ㄎㄜ ˙ㄅㄚ
磕打,ㄎㄜ ˙ㄉㄚ
磕碰兒,ㄎㄜ ˙ㄆㄥ ㄦ
磕過頭的,ㄎㄜ ˙ㄍㄨㄛ ㄊㄡˊ ˙ㄉㄜ
磕頭兒,ㄎㄜ ㄊㄡˊ ㄦ
磚坯,ㄓㄨㄢ ㄆㄧ
磣可可,ㄔㄣˇ ˙ㄎㄜ ˙ㄎㄜ
磣得慌,ㄔㄣˇ ˙ㄉㄜ ˙ㄏㄨㄤ
磣磕磕,ㄔㄣˇ ˙ㄎㄜ ˙ㄎㄜ
磨不開,ㄇㄛˋ ㄅㄨˋ ㄎㄞ
磨了半截舌頭,ㄇㄛˊ ˙ㄌㄜ ㄅㄢˋ ㄐㄧㄝˊ ㄕㄜˊ ˙ㄊㄡ
磨刻,ㄇㄛˊ ㄎㄜ
磨功夫,ㄇㄛˊ ㄍㄨㄥ ˙ㄈㄨ
磨勁兒,ㄇㄛˊ ㄐㄧㄣˋ ㄦ
磨勒,ㄇㄛˊ ㄌㄜˋ
磨叨,ㄇㄛˋ ˙ㄉㄠ
磨咕,ㄇㄛˊ ˙ㄍㄨ
磨坊,ㄇㄛˋ ㄈㄤ
磨子,ㄇㄛˋ ˙ㄗ
磨它子,ㄇㄛˊ ㄊㄨㄛˊ ˙ㄗ
磨對,ㄇㄛˊ ˙ㄉㄨㄟ
磨房,ㄇㄛˋ ㄈㄤˊ
磨扇墜手,ㄇㄛˋ ㄕㄢˋ ㄓㄨㄟˋ ㄕㄡˇ
磨擔,ㄇㄛˊ ㄉㄢˋ
磨旗,ㄇㄛˋ ㄑㄧˊ
磨煩,ㄇㄛˊ ˙ㄈㄢ
磨盤,ㄇㄛˋ ㄆㄢˊ
磨砂玻璃,ㄇㄛˊ ㄕㄚ ㄅㄛ ˙ㄌㄧ
磨而不磷,ㄇㄛˊ ㄦˊ ㄅㄨˋ ㄌㄧㄣˋ
磨舌頭,ㄇㄛˊ ㄕㄜˊ ˙ㄊㄡ
磨菇,ㄇㄛˊ ˙ㄍㄨ
磨蝎,ㄇㄛˊ ㄏㄜˊ
磨豆腐,ㄇㄛˋ ㄉㄡˋ ˙ㄈㄨ
磨趄子,ㄇㄛˊ ㄑㄧㄝˋ ˙ㄗ
磨難,ㄇㄛˊ ㄋㄢˋ
磷脂質,ㄌㄧㄣˊ ㄓ ㄓˊ
磽薄,ㄑㄧㄠ ㄅㄛˊ
礤床兒,ㄘㄚˇ ㄔㄨㄤˊ ㄦ
礦場,ㄎㄨㄤˋ ㄔㄤˊ
礦物質,ㄎㄨㄤˋ ㄨˋ ㄓˊ
社會失調,ㄕㄜˋ ㄏㄨㄟˋ ㄕ ㄊㄧㄠˊ
社會總供給,ㄕㄜˋ ㄏㄨㄟˋ ㄗㄨㄥˇ ㄍㄨㄥ ㄐㄧˇ
社會行為,ㄕㄜˋ ㄏㄨㄟˋ ㄒㄧㄥˊ ㄨㄟˊ
社會角色,ㄕㄜˋ ㄏㄨㄟˋ ㄐㄩㄝˊ ㄙㄜˋ
社會調適,ㄕㄜˋ ㄏㄨㄟˋ ㄊㄧㄠˊ ㄕˋ
社稷為墟,ㄕㄜˋ ㄐㄧˋ ㄨㄟˊ ㄒㄩ
祇是,ㄓ ㄕˋ
祇洹精舍,ㄑㄧˊ ㄩㄢˊ ㄐㄧㄥ ㄕㄜˋ
祈父,ㄑㄧˊ ㄈㄨˇ
祕書監,ㄇㄧˋ ㄕㄨ ㄐㄧㄢˋ
祖鞭先著,ㄗㄨˇ ㄅㄧㄢ ㄒㄧㄢ ㄓㄨㄛˊ
祗從,ㄓ ㄗㄨㄥˋ
祝釐,ㄓㄨˋ ㄒㄧ
神不守舍,ㄕㄣˊ ㄅㄨˋ ㄕㄡˇ ㄕㄜˋ
神出鬼沒,ㄕㄣˊ ㄔㄨ ㄍㄨㄟˇ ㄇㄛˋ
神巫,ㄕㄣˊ ㄨˊ
神差鬼使,ㄕㄣˊ ㄔㄞ ㄍㄨㄟˇ ㄕˇ
神曲,ㄕㄣˊ ㄑㄩˇ
神紙馬兒,ㄕㄣˊ ㄓˇ ㄇㄚˇ ㄦ
神經質,ㄕㄣˊ ㄐㄧㄥ ㄓˊ
神色自得,ㄕㄣˊ ㄙㄜˋ ㄗˋ ㄉㄜˊ
神荼鬱壘,ㄕㄣˊ ㄕㄨ ㄩˋ ㄌㄩˋ
神號鬼哭,ㄕㄣˊ ㄏㄠˊ ㄍㄨㄟˇ ㄎㄨ
神魂撩亂,ㄕㄣˊ ㄏㄨㄣˊ ㄌㄧㄠˊ ㄌㄨㄢˋ
神魂顛倒,ㄕㄣˊ ㄏㄨㄣˊ ㄉㄧㄢ ㄉㄠˇ
票據行為,ㄆㄧㄠˋ ㄐㄩˋ ㄒㄧㄥˊ ㄨㄟˊ
祭遵布被,ㄓㄞˋ ㄗㄨㄣ ㄅㄨˋ ㄅㄟˋ
祿相,ㄌㄨˋ ㄒㄧㄤˋ
祿養,ㄌㄨˋ ㄧㄤˋ
禁不住,ㄐㄧㄣ ㄅㄨˋ ㄓㄨˋ
禁不得,ㄐㄧㄣ ㄅㄨˋ ˙ㄉㄜ
禁不起,ㄐㄧㄣ ㄅㄨˋ ㄑㄧˇ
禁受,ㄐㄧㄣ ㄕㄡˋ
禁得,ㄐㄧㄣ ˙ㄉㄜ
禁得住,ㄐㄧㄣ ˙ㄉㄜ ㄓㄨˋ
禁得起,ㄐㄧㄣ ˙ㄉㄜ ㄑㄧˇ
禁掖,ㄐㄧㄣˋ ㄧㄝˋ
禁架,ㄐㄧㄣ ㄐㄧㄚˋ
禁當,ㄐㄧㄣ ㄉㄤ
禁節兒,ㄐㄧㄣ ㄐㄧㄝˊ ㄦ
禊帖,ㄒㄧˋ ㄊㄧㄝˋ
禍亂交興,ㄏㄨㄛˋ ㄌㄨㄢˋ ㄐㄧㄠ ㄒㄧㄥ
禍為福先,ㄏㄨㄛˋ ㄨㄟˊ ㄈㄨˊ ㄒㄧㄢ
禍生肘腋,ㄏㄨㄛˋ ㄕㄥ ㄓㄡˇ ㄧˋ
禍福靡常,ㄏㄨㄛˋ ㄈㄨˊ ㄇㄧˇ ㄔㄤˊ
福分,ㄈㄨˊ ˙ㄈㄣ
福壽綿長,ㄈㄨˊ ㄕㄡˋ ㄇㄧㄢˊ ㄔㄤˊ
福將,ㄈㄨˊ ㄐㄧㄤˋ
福為禍先,ㄈㄨˊ ㄨㄟˊ ㄏㄨㄛˋ ㄒㄧㄢ
福為禍始,ㄈㄨˊ ㄨㄟˊ ㄏㄨㄛˋ ㄕˇ
福相,ㄈㄨˊ ㄒㄧㄤˋ
福舍,ㄈㄨˊ ㄕㄜˋ
福薄,ㄈㄨˊ ㄅㄛˊ
禪位,ㄕㄢˋ ㄨㄟˋ
禪和子,ㄔㄢˊ ㄏㄜˊ ㄗˇ
禪讓,ㄕㄢˋ ㄖㄤˋ
禮壞樂崩,ㄌㄧˇ ㄏㄨㄞˋ ㄩㄝˋ ㄅㄥ
禮壞樂缺,ㄌㄧˇ ㄏㄨㄞˋ ㄩㄝˋ ㄑㄩㄝ
禮崩樂壞,ㄌㄧˇ ㄅㄥ ㄩㄝˋ ㄏㄨㄞˋ
禮廢樂崩,ㄌㄧˇ ㄈㄟˋ ㄩㄝˋ ㄅㄥ
禮樂,ㄌㄧˇ ㄩㄝˋ
禮樂崩壞,ㄌㄧˇ ㄩㄝˋ ㄅㄥ ㄏㄨㄞˋ
禮樂為鉤,ㄌㄧˇ ㄩㄝˋ ㄨㄟˊ ㄍㄡ
禮行貨,ㄌㄧˇ ˙ㄒㄧㄥ ㄏㄨㄛˋ
禮賢好士,ㄌㄧˇ ㄒㄧㄢˊ ㄏㄠˋ ㄕˋ
禮賢遠佞,ㄌㄧˇ ㄒㄧㄢˊ ㄩㄢˋ ㄋㄧㄥˋ
禮路兒,ㄌㄧˇ ㄌㄨˋ ㄦ
禽困覆車,ㄑㄧㄣˊ ㄎㄨㄣˋ ㄈㄨˋ ㄐㄩ
禽滑釐,ㄑㄧㄣˊ ㄍㄨˇ ㄌㄧˊ
禾場,ㄏㄜˊ ㄔㄤˊ
秀出班行,ㄒㄧㄡˋ ㄔㄨ ㄅㄢ ㄏㄤˊ
秀氣,ㄒㄧㄡˋ ˙ㄑㄧ
秀逗,ㄒㄧㄡˋ ˙ㄉㄡ
私了,ㄙ ㄌㄧㄠˇ
私人銀行業務,ㄙ ㄖㄣˊ ㄧㄣˊ ㄏㄤˊ ㄧㄝˋ ㄨˋ
私生子,ㄙ ㄕㄥ ㄗˇ
私累,ㄙ ㄌㄟˇ
私處,ㄙ ㄔㄨˇ
秋場,ㄑㄧㄡ ㄔㄤˊ
秋莊稼,ㄑㄧㄡ ㄓㄨㄤ ˙ㄐㄧㄚ
种師中,ㄔㄨㄥˊ ㄕ ㄓㄨㄥ
种師道,ㄔㄨㄥˊ ㄕ ㄉㄠˋ
种放,ㄔㄨㄥˊ ㄈㄤˋ
科分,ㄎㄜ ㄈㄣˋ
科場,ㄎㄜ ㄔㄤˊ
科差,ㄎㄜ ㄔㄞ
秒差距,ㄇㄧㄠˇ ㄔㄚ ㄐㄩˋ
秘魯,ㄅㄧˋ ㄌㄨˇ
秘魯共和國,ㄅㄧˋ ㄌㄨˇ ㄍㄨㄥˋ ㄏㄜˊ ㄍㄨㄛˊ
秤鉤兒打釘,ㄔㄥˋ ㄍㄡ ㄦ ㄉㄚˇ ㄉㄧㄥ
秦吉了,ㄑㄧㄣˊ ㄐㄧˊ ㄌㄧㄠˇ
秦少游,ㄑㄧㄣˊ ㄕㄠˋ ㄧㄡˊ
秦王破陣樂,ㄑㄧㄣˊ ㄨㄤˊ ㄆㄛˋ ㄓㄣˋ ㄩㄝˋ
秧秧蹌蹌,ㄧㄤ ˙ㄧㄤ ㄑㄧㄤ ㄑㄧㄤ
秫秸,ㄕㄨˊ ˙ㄐㄧㄝ
移孝為忠,ㄧˊ ㄒㄧㄠˋ ㄨㄟˊ ㄓㄨㄥ
移山倒海,ㄧˊ ㄕㄢ ㄉㄠˇ ㄏㄞˇ
移民媽媽,ㄧˊ ㄇㄧㄣˊ ㄇㄚ ˙ㄇㄚ
移液管,ㄧˊ ㄧˋ ㄍㄨㄢˇ
移調樂器,ㄧˊ ㄉㄧㄠˋ ㄩㄝˋ ㄑㄧˋ
稀薄,ㄒㄧ ㄅㄛˊ
稀里嘩啦,ㄒㄧ ㄌㄧˇ ㄏㄨㄚ ㄌㄚ
稀里打哄,ㄒㄧ ㄌㄧˇ ㄉㄚˇ ㄏㄨㄥ
稂不稂莠不莠,ㄌㄤˊ ㄅㄨˋ ㄌㄤˊ ㄧㄡˇ ㄅㄨˋ ㄧㄡˇ
稂莠,ㄌㄤˊ ㄧㄡˇ
程長庚,ㄔㄥˊ ㄔㄤˊ ㄍㄥ
稚子,ㄓˋ ㄗˇ
稟帖,ㄅㄧㄥˇ ㄊㄧㄝˇ
稠糊,ㄔㄡˊ ˙ㄏㄨ
種因,ㄓㄨㄥˋ ㄧㄣ
種地,ㄓㄨㄥˋ ㄉㄧˋ
種子,ㄓㄨㄥˇ ㄗˇ
種子球員,ㄓㄨㄥˇ ㄗˇ ㄑㄧㄡˊ ㄩㄢˊ
種子網路,ㄓㄨㄥˇ ㄗˇ ㄨㄤˇ ㄌㄨˋ
種子隊,ㄓㄨㄥˇ ㄗˇ ㄉㄨㄟˋ
種德,ㄓㄨㄥˋ ㄉㄜˊ
種植,ㄓㄨㄥˋ ㄓˊ
種植義齒,ㄓㄨㄥˋ ㄓˊ ㄧˋ ㄔˇ
種牛痘,ㄓㄨㄥˋ ㄋㄧㄡˊ ㄉㄡˋ
種玉,ㄓㄨㄥˋ ㄩˋ
種瓜得瓜,ㄓㄨㄥˋ ㄍㄨㄚ ㄉㄜˊ ㄍㄨㄚ
種生,ㄓㄨㄥˋ ㄕㄥ
種田,ㄓㄨㄥˋ ㄊㄧㄢˊ
種痘,ㄓㄨㄥˋ ㄉㄡˋ
種花,ㄓㄨㄥˋ ㄏㄨㄚ
種莊稼,ㄓㄨㄥˋ ㄓㄨㄤ ˙ㄐㄧㄚ
種豆得豆,ㄓㄨㄥˋ ㄉㄡˋ ㄉㄜˊ ㄉㄡˋ
種麥得麥,ㄓㄨㄥˋ ㄇㄞˋ ㄉㄜˊ ㄇㄞˋ
稱名念佛,ㄔㄥ ㄇㄧㄥˊ ㄋㄧㄢˋ ㄈㄛˊ
稱家有無,ㄔㄥˋ ㄐㄧㄚ ㄧㄡˇ ㄨˊ
稱心,ㄔㄥˋ ㄒㄧㄣ
稱心如意,ㄔㄥˋ ㄒㄧㄣ ㄖㄨˊ ㄧˋ
稱心快意,ㄔㄥˋ ㄒㄧㄣ ㄎㄨㄞˋ ㄧˋ
稱心滿志,ㄔㄥˋ ㄒㄧㄣ ㄇㄢˇ ㄓˋ
稱心滿意,ㄔㄥˋ ㄒㄧㄣ ㄇㄢˇ ㄧˋ
稱情,ㄔㄥˋ ㄑㄧㄥˊ
稱意,ㄔㄥˋ ㄧˋ
稱職,ㄔㄥˋ ㄓˊ
稱薪量水,ㄔㄥ ㄒㄧㄣ ㄌㄧㄤˊ ㄕㄨㄟˇ
稱身,ㄔㄥˋ ㄕㄣ
稱錢,ㄔㄥˋ ㄑㄧㄢˊ
稱鎚落井,ㄔㄥˋ ㄔㄨㄟˊ ㄌㄨㄛˋ ㄐㄧㄥˇ
稱願,ㄔㄥˋ ㄩㄢˋ
稱體裁衣,ㄔㄥˋ ㄊㄧˇ ㄘㄞˊ ㄧ
稻場,ㄉㄠˋ ㄔㄤˊ
稻畦,ㄉㄠˋ ㄒㄧ
稽顙,ㄑㄧˇ ㄙㄤˇ
稽顙泣血,ㄑㄧˇ ㄙㄤˇ ㄑㄧˋ ㄒㄩㄝˋ
稽顙肉袒,ㄑㄧˇ ㄙㄤˇ ㄖㄡˋ ㄊㄢˇ
稽首,ㄑㄧˇ ㄕㄡˇ
稿兒,ㄍㄠˇ ㄦ
穀梁傳,ㄍㄨˇ ㄌㄧㄤˊ ㄓㄨㄢˋ
穆天子傳,ㄇㄨˋ ㄊㄧㄢ ㄗˇ ㄓㄨㄢˋ
積作,ㄐㄧ ˙ㄗㄨㄛ
積健為雄,ㄐㄧ ㄐㄧㄢˋ ㄨㄟˊ ㄒㄩㄥˊ
積年累月,ㄐㄧ ㄋㄧㄢˊ ㄌㄟˇ ㄩㄝˋ
積微成著,ㄐㄧ ㄨㄟˊ ㄔㄥˊ ㄓㄨˋ
積德累仁,ㄐㄧ ㄉㄜˊ ㄌㄟˇ ㄖㄣˊ
積德累功,ㄐㄧ ㄉㄜˊ ㄌㄟˇ ㄍㄨㄥ
積極分子,ㄐㄧ ㄐㄧˊ ㄈㄣˋ ㄗˇ
積累,ㄐㄧ ㄌㄟˇ
積金累玉,ㄐㄧ ㄐㄧㄣ ㄌㄟˇ ㄩˋ
積銖累寸,ㄐㄧ ㄓㄨ ㄌㄟˇ ㄘㄨㄣˋ
穗兒,ㄙㄨㄟˋ ㄦ
穠華,ㄋㄨㄥˊ ㄏㄨㄚ
穢行,ㄏㄨㄟˋ ㄒㄧㄥˋ
穩住,ㄨㄣˇ ˙ㄓㄨ
穩當,ㄨㄣˇ ˙ㄉㄤ
穩紮穩打,ㄨㄣˇ ㄓㄚˊ ㄨㄣˇ ㄉㄚˇ
穰穰,ㄖㄤˇ ㄖㄤˇ
穴位,ㄒㄩㄝˊ ㄨㄟˋ
穴寶蓋兒,ㄒㄩㄝˋ ㄅㄠˇ ㄍㄞˋ ㄦ
穴居野處,ㄒㄩㄝˋ ㄐㄩ ㄧㄝˇ ㄔㄨˇ
穴處之徒,ㄒㄩㄝˋ ㄔㄨˇ ㄓ ㄊㄨˊ
穴處知雨,ㄒㄩㄝˋ ㄔㄨˇ ㄓ ㄩˇ
穴道,ㄒㄩㄝˊ ㄉㄠˋ
空中少爺,ㄎㄨㄥ ㄓㄨㄥ ㄕㄠˋ ㄧㄝˊ
空乏,ㄎㄨㄥˋ ㄈㄚˊ
空位,ㄎㄨㄥˋ ㄨㄟˋ
空侗,ㄎㄨㄥ ㄊㄨㄥˊ
空便,ㄎㄨㄥˋ ㄅㄧㄢˋ
空兒,ㄎㄨㄥ ㄦ
空匱,ㄎㄨㄥ ㄎㄨㄟˋ
空古絕今,ㄎㄨㄥˋ ㄍㄨˇ ㄐㄩㄝˊ ㄐㄧㄣ
空地,ㄎㄨㄥˋ ㄉㄧˋ
空地稅,ㄎㄨㄥˋ ㄉㄧˋ ㄕㄨㄟˋ
空子,ㄎㄨㄥˋ ˙ㄗ
空帖拜年,ㄎㄨㄥ ㄊㄧㄝˇ ㄅㄞˋ ㄋㄧㄢˊ
空心蘿蔔,ㄎㄨㄥ ㄒㄧㄣ ㄌㄨㄛˊ ˙ㄅㄛ
空房,ㄎㄨㄥˋ ㄈㄤˊ
空暇,ㄎㄨㄥˋ ㄒㄧㄚˊ
空格兒,ㄎㄨㄥˋ ㄍㄜˊ ㄦ
空桑子,ㄎㄨㄥ ㄙㄤ ㄗˇ
空檔,ㄎㄨㄥˋ ㄉㄤˇ
空氣調節,ㄎㄨㄥ ㄑㄧˋ ㄊㄧㄠˊ ㄐㄧㄝˊ
空氣調節機,ㄎㄨㄥ ㄑㄧˋ ㄊㄧㄠˊ ㄐㄧㄝˊ ㄐㄧ
空當兒,ㄎㄨㄥˋ ㄉㄤˋ ㄦ
空當子,ㄎㄨㄥˋ ㄉㄤˋ ˙ㄗ
空白,ㄎㄨㄥˋ ㄅㄞˊ
空白點,ㄎㄨㄥˋ ㄅㄞˊ ㄉㄧㄢˇ
空相,ㄎㄨㄥ ㄒㄧㄤˋ
空缺,ㄎㄨㄥˋ ㄑㄩㄝ
空肚兒,ㄎㄨㄥˋ ㄉㄨˋ ㄦ
空腹便便,ㄎㄨㄥ ㄈㄨˋ ㄆㄧㄢˊ ㄆㄧㄢˊ
空興頭,ㄎㄨㄥ ㄒㄧㄥ ㄊㄡˊ
空調,ㄎㄨㄥ ㄊㄧㄠˊ
空調機,ㄎㄨㄥ ㄊㄧㄠˊ ㄐㄧ
空調症,ㄎㄨㄥ ㄊㄧㄠˊ ㄓㄥˋ
空調設備,ㄎㄨㄥ ㄊㄧㄠˊ ㄕㄜˋ ㄅㄟˋ
空身人兒,ㄎㄨㄥ ㄕㄣ ㄖㄣˊ ㄦ
空轉,ㄎㄨㄥ ㄓㄨㄢˋ
空鐘,ㄎㄨㄥ ˙ㄓㄨㄥ
空閒,ㄎㄨㄥˋ ㄒㄧㄢˊ
空隙,ㄎㄨㄥˋ ㄒㄧˋ
空難,ㄎㄨㄥ ㄋㄢˋ
空頭,ㄎㄨㄥˋ ㄊㄡˊ
空頭事,ㄎㄨㄥ ˙ㄊㄡ ㄕˋ
空頭冤家,ㄎㄨㄥ ˙ㄊㄡ ㄩㄢ ㄐㄧㄚ
空頭堡,ㄎㄨㄥ ˙ㄊㄡ ㄅㄠˇ
空頭情,ㄎㄨㄥ ˙ㄊㄡ ㄑㄧㄥˊ
空頭支票,ㄎㄨㄥˋ ㄊㄡˊ ㄓ ㄆㄧㄠˋ
空頭敕,ㄎㄨㄥˋ ㄊㄡˊ ㄔˋ
空頭禍,ㄎㄨㄥˋ ㄊㄡˊ ㄏㄨㄛˋ
空頭話,ㄎㄨㄥ ˙ㄊㄡ ㄏㄨㄚˋ
空頭謊,ㄎㄨㄥ ˙ㄊㄡ ㄏㄨㄤˇ
空額,ㄎㄨㄥˋ ㄜˊ
穾廈,ㄧㄠˇ ㄒㄧㄚˋ
穿紅著綠,ㄔㄨㄢ ㄏㄨㄥˊ ㄓㄨㄛˊ ㄌㄩˋ
穿著,ㄔㄨㄢ ㄓㄨㄛˊ
穿袍兒的,ㄔㄨㄢ ㄆㄠˊ ㄦ ˙ㄉㄜ
穿鑿,ㄔㄨㄢ ㄗㄨㄛˋ
穿鑿附會,ㄔㄨㄢ ㄗㄨㄛˋ ㄈㄨˋ ㄏㄨㄟˋ
突梯滑稽,ㄊㄨˊ ㄊㄧ ㄍㄨˇ ㄐㄧ
突騎,ㄊㄨˊ ㄐㄧˋ
窄巴,ㄓㄞˇ ˙ㄅㄚ
窅窱,ㄧㄠˇ ㄊㄧㄠˇ
窈娜,ㄧㄠˇ ㄋㄨㄛˊ
窒塞,ㄓˋ ㄙㄜˋ
窗兒眼吹喇叭,ㄔㄨㄤ ㄦ ㄧㄢˇ ㄔㄨㄟ ㄌㄚˇ ˙ㄅㄚ
窗戶,ㄔㄨㄤ ˙ㄏㄨ
窗戶眼兒,ㄔㄨㄤ ˙ㄏㄨ ㄧㄢˇ ㄦ
窗戶紙,ㄔㄨㄤ ˙ㄏㄨ ㄓˇ
窗檻,ㄔㄨㄤ ㄐㄧㄢˋ
窟宅,ㄎㄨ ㄓㄜˋ
窟窿,ㄎㄨ ˙ㄌㄨㄥ
窟窿眼兒,ㄎㄨ ˙ㄌㄨㄥ ㄧㄢˇ ㄦ
窨井,ㄧㄣˋ ㄐㄧㄥˇ
窨付,ㄧㄣˋ ㄈㄨˋ
窨子裡秋月,ㄧㄣˋ ˙ㄗ ㄌㄧˇ ㄑㄧㄡ ㄩㄝˋ
窨戶,ㄧㄣˋ ㄏㄨˋ
窨約,ㄧㄣˋ ㄩㄝ
窨腹,ㄧㄣˋ ㄈㄨˋ
窩兒,ㄨㄛ ㄦ
窩囊,ㄨㄛ ˙ㄋㄤ
窩囊廢,ㄨㄛ ˙ㄋㄤ ㄈㄟˋ
窩囊氣,ㄨㄛ ˙ㄋㄤ ㄑㄧˋ
窩憋,ㄨㄛ ˙ㄅㄧㄝ
窩棚,ㄨㄛ ˙ㄆㄥ
窩瞘眼,ㄨㄛ ˙ㄎㄡ ㄧㄢˇ
窩窩頭,ㄨㄛ ˙ㄨㄛ ㄊㄡˊ
窩裡反,ㄨㄛ ˙ㄌㄧ ㄈㄢˇ
窩裡炮,ㄨㄛ ˙ㄌㄧ ㄆㄠˋ
窩闊臺汗國,ㄨㄛ ㄎㄨㄛˋ ㄊㄞˊ ㄏㄢˊ ㄍㄨㄛˊ
窮匱,ㄑㄩㄥˊ ㄎㄨㄟˋ
窮年累世,ㄑㄩㄥˊ ㄋㄧㄢˊ ㄌㄟˇ ㄕˋ
窮年累月,ㄑㄩㄥˊ ㄋㄧㄢˊ ㄌㄟˇ ㄩㄝˋ
窮年累歲,ㄑㄩㄥˊ ㄋㄧㄢˊ ㄌㄟˇ ㄙㄨㄟˋ
窮形盡相,ㄑㄩㄥˊ ㄒㄧㄥˊ ㄐㄧㄣˋ ㄒㄧㄤˋ
窮愁潦倒,ㄑㄩㄥˊ ㄔㄡˊ ㄌㄧㄠˊ ㄉㄠˇ
窮於應付,ㄑㄩㄥˊ ㄩˊ ㄧㄥˋ ㄈㄨˋ
窮相,ㄑㄩㄥˊ ㄒㄧㄤˋ
窮途潦倒,ㄑㄩㄥˊ ㄊㄨˊ ㄌㄧㄠˊ ㄉㄠˇ
窮途落魄,ㄑㄩㄥˊ ㄊㄨˊ ㄌㄨㄛˋ ㄊㄨㄛˋ
窮骨頭,ㄑㄩㄥˊ ㄍㄨˊ ˙ㄊㄡ
窯黑兒,ㄧㄠˊ ㄏㄟ ㄦ
窳兒,ㄩˇ ㄦ
窳楛,ㄩˇ ㄎㄨˇ
窶人子,ㄐㄩˋ ㄖㄣˊ ㄗˇ
窶數,ㄐㄩˋ ㄕㄨˇ
窺伺,ㄎㄨㄟ ㄙˋ
立人兒,ㄌㄧˋ ㄖㄣˊ ㄦ
立地成佛,ㄌㄧˋ ㄉㄧˋ ㄔㄥˊ ㄈㄛˊ
立場,ㄌㄧˋ ㄔㄤˊ
立字兒,ㄌㄧˋ ㄗˋ ㄦ
立手兒,ㄌㄧˋ ㄕㄡˇ ㄦ
立規矩,ㄌㄧˋ ㄍㄨㄟ ˙ㄐㄩ
立身處世,ㄌㄧˋ ㄕㄣ ㄔㄨˇ ㄕˋ
立體停車場,ㄌㄧˋ ㄊㄧˇ ㄊㄧㄥˊ ㄔㄜ ㄔㄤˊ
立體照相機,ㄌㄧˋ ㄊㄧˇ ㄓㄠˋ ㄒㄧㄤˋ ㄐㄧ
站不住腳,ㄓㄢˋ ˙ㄅㄨ ㄓㄨˋ ㄐㄧㄠˇ
站乾岸兒,ㄓㄢˋ ㄍㄢ ㄢˋ ㄦ
章懷太子,ㄓㄤ ㄏㄨㄞˊ ㄊㄞˋ ㄗˇ
章甫縫掖,ㄓㄤ ㄈㄨˇ ㄈㄥˊ ㄧㄝˋ
童子,ㄊㄨㄥˊ ㄗˇ
童子癆,ㄊㄨㄥˊ ㄗˇ ㄌㄠˊ
童子試,ㄊㄨㄥˊ ㄗˇ ㄕˋ
童子軍,ㄊㄨㄥˊ ㄗˇ ㄐㄩㄣ
童子軍節,ㄊㄨㄥˊ ㄗˇ ㄐㄩㄣ ㄐㄧㄝˊ
童牛角馬,ㄊㄨㄥˊ ㄋㄧㄡˊ ㄐㄩㄝˊ ㄇㄚˇ
竭分,ㄐㄧㄝˊ ㄈㄣˋ
端子插頭,ㄉㄨㄢ ㄗˇ ㄔㄚ ㄊㄡˊ
端的,ㄉㄨㄢ ㄉㄧˋ
端量,ㄉㄨㄢ ㄌㄧㄤˊ
競技場,ㄐㄧㄥˋ ㄐㄧˋ ㄔㄤˊ
競短爭長,ㄐㄧㄥˋ ㄉㄨㄢˇ ㄓㄥ ㄔㄤˊ
竹刻,ㄓㄨˊ ㄎㄜ
竹批兒,ㄓㄨˊ ㄆㄧ ㄦ
竹筴魚,ㄓㄨˊ ㄐㄧㄚˊ ㄩˊ
竹籃兒打水,ㄓㄨˊ ㄌㄢˊ ㄦ ㄉㄚˇ ㄕㄨㄟˇ
竹籬茅舍,ㄓㄨˊ ㄌㄧˊ ㄇㄠˊ ㄕㄜˋ
笄冠,ㄐㄧ ㄍㄨㄢˋ
笊籬,ㄓㄠˋ ˙ㄌㄧ
笑場,ㄒㄧㄠˋ ㄔㄤˊ
笑敖,ㄒㄧㄠˋ ㄠˋ
笑殺,ㄒㄧㄠˋ ˙ㄕㄚ
笑話兒,ㄒㄧㄠˋ ㄏㄨㄚˋ ㄦ
笤帚,ㄊㄧㄠˊ ˙ㄓㄡ
符兒,ㄈㄨˊ ㄦ
符應,ㄈㄨˊ ㄧㄥˋ
第一個,ㄉㄧˋ ㄧ ˙ㄍㄜ
第五縱隊,ㄉㄧˋ ㄨˇ ㄗㄨㄥ ㄉㄨㄟˋ
第宅,ㄉㄧˋ ㄓㄜˋ
笳角,ㄐㄧㄚ ㄐㄩㄝˊ
笸籮,ㄆㄛˇ ˙ㄌㄨㄛ
筆下功夫,ㄅㄧˇ ㄒㄧㄚˋ ㄍㄨㄥ ˙ㄈㄨ
筆帖式,ㄅㄧˇ ㄊㄧㄝˇ ㄕˋ
筆頭兒,ㄅㄧˇ ㄊㄡˊ ㄦ
等一會兒,ㄉㄥˇ ㄧ ㄏㄨㄟˇ ㄦ
等不得,ㄉㄥˇ ㄅㄨˋ ㄉㄜˊ
等差,ㄉㄥˇ ㄔㄚ
等差級數,ㄉㄥˇ ㄔㄚ ㄐㄧˊ ㄕㄨˋ
等長,ㄉㄥˇ ㄔㄤˊ
等高種植,ㄉㄥˇ ㄍㄠ ㄓㄨㄥˋ ㄓˊ
筋節兒,ㄐㄧㄣ ˙ㄐㄧㄝ ㄦ
筍乾,ㄙㄨㄣˇ ㄍㄢ
筍脯,ㄙㄨㄣˇ ㄈㄨˇ
筍裡不知茆裡,ㄙㄨㄣˇ ˙ㄌㄧ ㄅㄨˋ ㄓ ㄇㄠˇ ˙ㄌㄧ
筒仔米糕,ㄊㄨㄥˇ ㄗˇ ㄇㄧˇ ㄍㄠ
答允,ㄉㄚ ㄩㄣˇ
答兒,ㄉㄚ ㄦ
答剌,ㄉㄚ ㄌㄚˋ
答剌孫,ㄉㄚˊ ㄌㄚˋ ㄙㄨㄣ
答剌蘇,ㄉㄚˊ ㄌㄚˋ ㄙㄨ
答剌速,ㄉㄚˊ ㄌㄚˋ ㄙㄨˋ
答嘴,ㄉㄚ ㄗㄨㄟˇ
答岔兒,ㄉㄚ ㄔㄚˋ ㄦ
答應,ㄉㄚ ㄧㄥˋ
答應不迭,ㄉㄚ ㄧㄥˋ ㄅㄨˋ ㄉㄧㄝˊ
答救,ㄉㄚ ㄐㄧㄡˋ
答案卷,ㄉㄚˊ ㄢˋ ㄐㄩㄢˋ
答理,ㄉㄚ ˙ㄌㄧ
答碴兒,ㄉㄚ ㄔㄚˊ ㄦ
答答,ㄉㄚ ㄉㄚ
答腔,ㄉㄚ ㄑㄧㄤ
答颯,ㄉㄚ ㄙㄚˋ
策應,ㄘㄜˋ ㄧㄥˋ
筦子,ㄍㄨㄢˇ ㄗˇ
箍兒,ㄍㄨ ㄦ
箑脯,ㄕㄚˋ ㄈㄨˇ
箕子,ㄐㄧ ㄗˇ
算上,ㄙㄨㄢˋ ˙ㄕㄤ
算不了,ㄙㄨㄢˋ ˙ㄅㄨ ㄌㄧㄠˇ
算不得,ㄙㄨㄢˋ ˙ㄅㄨ ㄉㄜˊ
算命先生,ㄙㄨㄢˋ ㄇㄧㄥˋ ㄒㄧㄢ ˙ㄕㄥ
算子,ㄙㄨㄢˋ ㄗˇ
算得,ㄙㄨㄢˋ ㄉㄜˊ
算盤子兒,ㄙㄨㄢˋ ㄆㄢˊ ㄗˇ ㄦ
算計兒,ㄙㄨㄢˋ ˙ㄐㄧ ㄦ
算起來,ㄙㄨㄢˋ ˙ㄑㄧ ˙ㄌㄞ
箘簬,ㄐㄩㄣˋ ㄌㄨˋ
管人弔腳兒事,ㄍㄨㄢˇ ㄖㄣˊ ㄉㄧㄠˋ ㄐㄧㄠˇ ㄦ ㄕˋ
管城子,ㄍㄨㄢˇ ㄔㄥˊ ㄗˇ
管子,ㄍㄨㄢˇ ㄗˇ
管弦樂,ㄍㄨㄢˇ ㄒㄧㄢˊ ㄩㄝˋ
管弦樂團,ㄍㄨㄢˇ ㄒㄧㄢˊ ㄩㄝˋ ㄊㄨㄢˊ
管樂,ㄍㄨㄢˇ ㄩㄝˋ
管樂器,ㄍㄨㄢˇ ㄩㄝˋ ㄑㄧˋ
管樂隊,ㄍㄨㄢˇ ㄩㄝˋ ㄉㄨㄟˋ
箭鏃,ㄐㄧㄢˋ ㄘㄨˋ
箸長碗短,ㄓㄨˋ ㄔㄤˊ ㄨㄢˇ ㄉㄨㄢˇ
節假,ㄐㄧㄝˊ ㄐㄧㄚˋ
節孢子,ㄐㄧㄝˊ ㄅㄠ ㄗˇ
節目現場,ㄐㄧㄝˊ ㄇㄨˋ ㄒㄧㄢˋ ㄔㄤˊ
節行瑰奇,ㄐㄧㄝˊ ㄒㄧㄥˋ ㄍㄨㄟ ㄑㄧˊ
節錢,ㄐㄧㄝˊ ˙ㄑㄧㄢ
節骨眼,ㄐㄧㄝˊ ˙ㄍㄨ ㄧㄢˇ
節骨眼上,ㄐㄧㄝˊ ˙ㄍㄨ ㄧㄢˇ ㄕㄤˋ
節骨眼兒,ㄐㄧㄝˊ ˙ㄍㄨ ㄧㄢˇ ㄦ
篇什,ㄆㄧㄢ ㄕˊ
篇兒,ㄆㄧㄢ ㄦ
篇卷,ㄆㄧㄢ ㄐㄩㄢˋ
築壇拜將,ㄓㄨˊ ㄊㄢˊ ㄅㄞˋ ㄐㄧㄤˋ
篙頭,ㄍㄠ ˙ㄊㄡ
篠子,ㄒㄧㄠˇ ㄗˇ
篣楚,ㄆㄤˊ ㄔㄨˇ
篣竹,ㄆㄤˊ ㄓㄨˊ
篤信好古,ㄉㄨˇ ㄒㄧㄣˋ ㄏㄠˋ ㄍㄨˇ
篤學好古,ㄉㄨˇ ㄒㄩㄝˊ ㄏㄠˋ ㄍㄨˇ
篤志好學,ㄉㄨˇ ㄓˋ ㄏㄠˋ ㄒㄩㄝˊ
篤磨,ㄉㄨˇ ㄇㄛˋ
篤麼,ㄉㄨˇ ㄇㄛˊ
篾片相公,ㄇㄧㄝˋ ㄆㄧㄢˋ ㄒㄧㄤˋ ㄍㄨㄥ
簍兒,ㄌㄡˇ ㄦ
簞瓢屢空,ㄉㄢ ㄆㄧㄠˊ ㄌㄩˇ ㄎㄨㄥˋ
簞食,ㄉㄢ ㄙˋ
簞食壺漿,ㄉㄢ ㄙˋ ㄏㄨˊ ㄐㄧㄤ
簞食瓢飲,ㄉㄢ ㄙˋ ㄆㄧㄠˊ ㄧㄣˇ
簞食豆羹,ㄉㄢ ㄙˋ ㄉㄡˋ ㄍㄥ
簡子,ㄐㄧㄢˇ ㄗˇ
簡帖,ㄐㄧㄢˇ ㄊㄧㄝˇ
簡截了當,ㄐㄧㄢˇ ㄐㄧㄝˊ ㄌㄧㄠˇ ㄉㄤˋ
簧樂器,ㄏㄨㄤˊ ㄩㄝˋ ㄑㄧˋ
簷溜,ㄧㄢˊ ㄌㄧㄡˋ
簸箕,ㄅㄛˋ ㄐㄧ
簸箕掌,ㄅㄛˋ ㄐㄧ ㄓㄤˇ
簸箕甲,ㄅㄛˋ ㄐㄧ ㄐㄧㄚˇ
簸箕陣,ㄅㄛˋ ㄐㄧ ㄓㄣˋ
簸籮,ㄅㄛˋ ㄌㄨㄛˊ
簽押房,ㄑㄧㄢ ㄧㄚˊ ㄈㄤˊ
簽署,ㄑㄧㄢ ㄕㄨˋ
籃球場,ㄌㄢˊ ㄑㄧㄡˊ ㄔㄤˊ
籌度,ㄔㄡˊ ㄉㄨㄛˋ
籌量,ㄔㄡˊ ㄌㄧㄤˊ
籍沒,ㄐㄧˊ ㄇㄛˋ
籠侗,ㄌㄨㄥˊ ㄊㄨㄥˊ
籠街喝道,ㄌㄨㄥˊ ㄐㄧㄝ ㄏㄜˋ ㄉㄠˋ
籠頭,ㄌㄨㄥˊ ˙ㄊㄡ
籠鳥檻猿,ㄌㄨㄥˊ ㄋㄧㄠˇ ㄐㄧㄢˋ ㄩㄢˊ
籬笆,ㄌㄧˊ ˙ㄅㄚ
籮擔,ㄌㄨㄛˊ ㄉㄢˋ
籰子,ㄩㄝˋ ㄗˇ
米勒,ㄇㄧˇ ㄌㄜˋ
米哈,ㄇㄧˇ ㄏㄚˇ
米湯,ㄇㄧˇ ˙ㄊㄤ
米芾,ㄇㄧˇ ㄈㄨˊ
粉團兒,ㄈㄣˇ ㄊㄨㄢˊ ㄦ
粉團兒似的,ㄈㄣˇ ㄊㄨㄢˊ ㄦ ㄙˋ ˙ㄉㄜ
粉墨登場,ㄈㄣˇ ㄇㄛˋ ㄉㄥ ㄔㄤˊ
粒兒,ㄌㄧˋ ㄦ
粒子,ㄌㄧˋ ㄗˇ
粔籹,ㄐㄩˋ ㄋㄩˋ
粗實,ㄘㄨ ˙ㄕ
粗樂,ㄘㄨ ㄩㄝˋ
粗率,ㄘㄨ ㄕㄨㄞˋ
粢盛,ㄗ ㄔㄥˊ
粥粥,ㄓㄨˋ ㄓㄨˋ
粥粥無能,ㄓㄨˋ ㄓㄨˋ ㄨˊ ㄋㄥˊ
粥餳,ㄓㄨˋ ㄒㄧㄥˊ
粳稻,ㄍㄥ ㄉㄠˋ
粳米,ㄍㄥ ㄇㄧˇ
粵曲,ㄩㄝˋ ㄑㄩˇ
精兵猛將,ㄐㄧㄥ ㄅㄧㄥ ㄇㄥˇ ㄐㄧㄤˋ
精子,ㄐㄧㄥ ㄗˇ
精忠柏,ㄐㄧㄥ ㄓㄨㄥ ㄅㄛˊ
精忠說岳傳,ㄐㄧㄥ ㄓㄨㄥ ㄕㄨㄛ ㄩㄝˋ ㄓㄨㄢˋ
精當,ㄐㄧㄥ ㄉㄤˋ
精舍,ㄐㄧㄥ ㄕㄜˋ
精貫白日,ㄐㄧㄥ ㄍㄨㄢˋ ㄅㄛˊ ㄖˋ
精餾,ㄐㄧㄥ ㄌㄧㄡˋ
糅合,ㄖㄡˊ ㄏㄜˊ
糅雜,ㄖㄡˊ ㄗㄚˊ
糊仔栽培,ㄏㄨˊ ㄗˇ ㄗㄞ ㄆㄟˊ
糊刷,ㄏㄨˊ ˙ㄕㄨㄚ
糊弄,ㄏㄨˋ ˙ㄋㄨㄥ
糊弄局,ㄏㄨˋ ˙ㄋㄨㄥ ㄐㄩˊ
糊裡糊塗,ㄏㄨˊ ˙ㄌㄧ ㄏㄨˊ ㄊㄨˊ
糊里糊塗,ㄏㄨˊ ˙ㄌㄧ ㄏㄨˊ ㄊㄨˊ
糕乾,ㄍㄠ ˙ㄍㄢ
糕仔崁古道,ㄍㄠ ㄗˇ ㄎㄢˇ ㄍㄨˇ ㄉㄠˋ
糖人兒,ㄊㄤˊ ㄖㄣˊ ㄦ
糖分,ㄊㄤˊ ㄈㄣˋ
糖葫蘆,ㄊㄤˊ ㄏㄨˊ ˙ㄌㄨ
糖蘿蔔,ㄊㄤˊ ㄌㄨㄛˊ ˙ㄅㄛ
糜子,ㄇㄟˊ ˙ㄗ
糞坑裡的石頭,ㄈㄣˋ ㄎㄥ ㄌㄧˇ ˙ㄉㄜ ㄕˊ ˙ㄊㄡ
糟老頭兒,ㄗㄠ ㄌㄠˇ ㄊㄡˊ ㄦ
糟豆腐,ㄗㄠ ㄉㄡˋ ˙ㄈㄨ
糟錢兒,ㄗㄠ ㄑㄧㄢˊ ㄦ
糢糢糊糊,ㄇㄛˊ ˙ㄇㄛ ㄏㄨ ㄏㄨ
糧行,ㄌㄧㄤˊ ㄏㄤˊ
糨糊,ㄐㄧㄤˋ ˙ㄏㄨ
糾彈,ㄐㄧㄡ ㄊㄢˊ
糾繆繩違,ㄐㄧㄡ ㄇㄧㄡˋ ㄕㄥˊ ㄨㄟˊ
紀傳體,ㄐㄧˋ ㄓㄨㄢˋ ㄊㄧˇ
約從,ㄩㄝ ㄗㄨㄥ
約莫,ㄩㄝ ˙ㄇㄛ
紅包場,ㄏㄨㄥˊ ㄅㄠ ㄔㄤˊ
紅場,ㄏㄨㄥˊ ㄔㄤˊ
紅女,ㄍㄨㄥ ㄋㄩˇ
紅暈,ㄏㄨㄥˊ ㄩㄣˋ
紅綠帖子,ㄏㄨㄥˊ ㄌㄩˋ ㄊㄧㄝˇ ˙ㄗ
紅線傳,ㄏㄨㄥˊ ㄒㄧㄢˋ ㄓㄨㄢˋ
紅臉兒漢,ㄏㄨㄥˊ ㄌㄧㄢˇ ㄦ ㄏㄢˋ
紅色廣場,ㄏㄨㄥˊ ㄙㄜˋ ㄍㄨㄤˇ ㄔㄤˊ
紅茄苳,ㄏㄨㄥˊ ㄐㄧㄚ ㄉㄨㄥ
紅葉少棒隊,ㄏㄨㄥˊ ㄧㄝˋ ㄕㄠˋ ㄅㄤˋ ㄉㄨㄟˋ
紅蘿蔔炒辣椒,ㄏㄨㄥˊ ㄌㄨㄛˊ ˙ㄅㄛ ㄔㄠˇ ㄌㄚˋ ㄐㄧㄠ
紅角兒,ㄏㄨㄥˊ ㄐㄩㄝˊ ㄦ
紅顏薄命,ㄏㄨㄥˊ ㄧㄢˊ ㄅㄛˊ ㄇㄧㄥˋ
紇刺星,ㄍㄜ ㄘˋ ㄒㄧㄥ
紇絡,ㄍㄜ ˙ㄌㄨㄛ
紇繨,ㄍㄜ ˙ㄉㄚ
紈褲子弟,ㄨㄢˊ ㄎㄨˋ ㄗˇ ㄉㄧˋ
納還,ㄋㄚˋ ㄏㄨㄢˊ
納降,ㄋㄚˋ ㄒㄧㄤˊ
紐捽,ㄋㄧㄡˇ ㄗㄨˊ
純所得,ㄔㄨㄣˊ ㄙㄨㄛˇ ㄉㄜˊ
純物質,ㄔㄨㄣˊ ㄨˋ ㄓˊ
純質,ㄔㄨㄣˊ ㄓˊ
紕繆,ㄆㄧ ㄇㄧㄡˋ
紙幡兒,ㄓˇ ㄈㄢ ㄦ
紙捻兒,ㄓˇ ㄋㄧㄢˇ ㄦ
紙撚兒,ㄓˇ ㄋㄧㄢˇ ㄦ
紙標兒,ㄓˇ ㄅㄧㄠ ㄦ
紙短情長,ㄓˇ ㄉㄨㄢˇ ㄑㄧㄥˊ ㄔㄤˊ
紙糊頭,ㄓˇ ㄏㄨˊ ˙ㄊㄡ
紙紮,ㄓˇ ㄓㄚˊ
紙紮店,ㄓˇ ㄓㄚˊ ㄉㄧㄢˋ
紛更,ㄈㄣ ㄍㄥ
紛紅駭綠,ㄈㄣ ㄏㄨㄥˊ ㄏㄞˋ ㄌㄨˋ
紛紛穰穰,ㄈㄣ ㄈㄣ ㄖㄤˇ ㄖㄤˇ
紛縕,ㄈㄣ ㄩㄣ
素行,ㄙㄨˋ ㄒㄧㄥˋ
素行不良,ㄙㄨˋ ㄒㄧㄥˋ ㄅㄨˋ ㄌㄧㄤˊ
素質,ㄙㄨˋ ㄓˊ
素隱行怪,ㄙㄨˋ ㄧㄣˇ ㄒㄧㄥˋ ㄍㄨㄞˋ
素馨,ㄙㄨˋ ㄒㄧㄥ
紫塞,ㄗˇ ㄙㄞˋ
紬次,ㄔㄡ ㄘˋ
紬繹,ㄔㄡ ㄧˋ
紮囮,ㄓㄚˊ ㄜˊ
紮實,ㄓㄚˊ ㄕˊ
紮寨,ㄓㄚˊ ㄓㄞˋ
紮營,ㄓㄚˊ ㄧㄥˊ
紮腳,ㄓㄚˊ ㄐㄧㄠˇ
紮裹,ㄓㄚˊ ㄍㄨㄛˇ
紮詐,ㄓㄚˊ ㄓㄚˋ
累七齋,ㄌㄟˇ ㄑㄧ ㄓㄞ
累世,ㄌㄟˇ ㄕˋ
累丸,ㄌㄟˇ ㄨㄢˊ
累代,ㄌㄟˇ ㄉㄞˋ
累加,ㄌㄟˇ ㄐㄧㄚ
累卵,ㄌㄟˇ ㄌㄨㄢˇ
累卵之危,ㄌㄟˇ ㄌㄨㄢˇ ㄓ ㄨㄟˊ
累土至山,ㄌㄟˇ ㄊㄨˇ ㄓˋ ㄕㄢ
累塊積蘇,ㄌㄟˇ ㄎㄨㄞˋ ㄐㄧ ㄙㄨ
累墜,ㄌㄟˊ ˙ㄓㄨㄟ
累增字,ㄌㄟˇ ㄗㄥ ㄗˋ
累年,ㄌㄟˇ ㄋㄧㄢˊ
累彰勛效,ㄌㄟˇ ㄓㄤ ㄒㄩㄣ ㄒㄧㄠˋ
累得慌,ㄌㄟˋ ˙ㄉㄜ ˙ㄏㄨㄤ
累戰,ㄌㄟˇ ㄓㄢˋ
累掯,ㄌㄟˋ ˙ㄎㄣ
累日,ㄌㄟˇ ㄖˋ
累月經年,ㄌㄟˇ ㄩㄝˋ ㄐㄧㄥ ㄋㄧㄢˊ
累榭,ㄌㄟˇ ㄒㄧㄝˋ
累次,ㄌㄟˇ ㄘˋ
累次三番,ㄌㄟˇ ㄘˋ ㄙㄢ ㄈㄢ
累牆,ㄌㄟˇ ㄑㄧㄤˊ
累牘連篇,ㄌㄟˇ ㄉㄨˊ ㄌㄧㄢˊ ㄆㄧㄢ
累犯,ㄌㄟˇ ㄈㄢˋ
累積,ㄌㄟˇ ㄐㄧ
累積性傷害症候群,ㄌㄟˇ ㄐㄧ ㄒㄧㄥˋ ㄕㄤ ㄏㄞˋ ㄓㄥˋ ㄏㄡˋ ㄑㄩㄣˊ
累積盈餘,ㄌㄟˇ ㄐㄧ ㄧㄥˊ ㄩˊ
累累,ㄌㄟˇ ㄌㄟˇ
累紲,ㄌㄟˊ ㄒㄧㄝˋ
累計,ㄌㄟˇ ㄐㄧˋ
累贅,ㄌㄟˊ ˙ㄓㄨㄟ
累足,ㄌㄟˇ ㄗㄨˊ
累足成步,ㄌㄟˇ ㄗㄨˊ ㄔㄥˊ ㄅㄨˋ
累進,ㄌㄟˇ ㄐㄧㄣˋ
累進稅,ㄌㄟˇ ㄐㄧㄣˋ ㄕㄨㄟˋ
累進稅率,ㄌㄟˇ ㄐㄧㄣˋ ㄕㄨㄟˋ ㄌㄩˋ
累進處遇,ㄌㄟˇ ㄐㄧㄣˋ ㄔㄨˇ ㄩˋ
累遷,ㄌㄟˇ ㄑㄧㄢ
累黍,ㄌㄟˇ ㄕㄨˇ
細嚼,ㄒㄧˋ ㄐㄧㄠˊ
細嚼慢嚥,ㄒㄧˋ ㄐㄧㄠˊ ㄇㄢˋ ㄧㄢˋ
細挑,ㄒㄧˋ ˙ㄊㄧㄠ
細曲,ㄒㄧˋ ㄑㄩˇ
細樂,ㄒㄧˋ ㄩㄝˋ
細水長流,ㄒㄧˋ ㄕㄨㄟˇ ㄔㄤˊ ㄌㄧㄡˊ
細玩,ㄒㄧˋ ㄨㄢˋ
細究,ㄒㄧˋ ㄐㄧㄡ
細篾兒,ㄒㄧˋ ㄇㄧㄝˋ ㄦ
細胞原生質,ㄒㄧˋ ㄅㄠ ㄩㄢˊ ㄕㄥ ㄓˊ
細胞膜,ㄒㄧˋ ㄅㄠ ㄇㄛˊ
細胞質,ㄒㄧˋ ㄅㄠ ㄓˊ
細胞銀行,ㄒㄧˋ ㄅㄠ ㄧㄣˊ ㄏㄤˊ
細菌性心內膜炎,ㄒㄧˋ ㄐㄩㄣˋ ㄒㄧㄥˋ ㄒㄧㄣ ㄋㄟˋ ㄇㄛˊ ㄧㄢˊ
細行,ㄒㄧˋ ㄒㄧㄥˋ
細長,ㄒㄧˋ ㄔㄤˊ
紹興,ㄕㄠˋ ㄒㄧㄥ
紹興師爺,ㄕㄠˋ ㄒㄧㄥ ㄕ ㄧㄝˊ
紹興縣,ㄕㄠˋ ㄒㄧㄥ ㄒㄧㄢˋ
紹興酒,ㄕㄠˋ ㄒㄧㄥ ㄐㄧㄡˇ
終了,ㄓㄨㄥ ㄌㄧㄠˇ
終場,ㄓㄨㄥ ㄔㄤˊ
終曲,ㄓㄨㄥ ㄑㄩˇ
終朝,ㄓㄨㄥ ㄓㄠ
終軍棄繻,ㄓㄨㄥ ㄐㄩㄣ ㄑㄧˋ ㄖㄨˊ
終養,ㄓㄨㄥ ㄧㄤˋ
組曲,ㄗㄨˇ ㄑㄩˇ
絆倒,ㄅㄢˋ ㄉㄠˇ
結婚進行曲,ㄐㄧㄝˊ ㄏㄨㄣ ㄐㄧㄣˋ ㄒㄧㄥˊ ㄑㄩˇ
結子,ㄐㄧㄝˊ ㄗˇ
結尾應酬語,ㄐㄧㄝˊ ㄨㄟˇ ㄧㄥˋ ㄔㄡˊ ㄩˇ
結巴,ㄐㄧㄝ ˙ㄅㄚ
結巴子,ㄐㄧㄝ ㄅㄚ ˙ㄗ
結晶玻璃,ㄐㄧㄝˊ ㄐㄧㄥ ㄅㄛ ˙ㄌㄧ
結煞,ㄐㄧㄝˊ ㄕㄚˋ
結結實實,ㄐㄧㄝ ㄐㄧㄝ ㄕˊ ㄕˊ
結結巴巴,ㄐㄧㄝ ˙ㄐㄧㄝ ㄅㄚ ㄅㄚ
結駟連騎,ㄐㄧㄝˊ ㄙˋ ㄌㄧㄢˊ ㄐㄧˋ
絕倒,ㄐㄩㄝˊ ㄉㄠˇ
絕塞,ㄐㄩㄝˊ ㄙㄞˋ
絕子絕孫,ㄐㄩㄝˊ ㄗˇ ㄐㄩㄝˊ ㄙㄨㄣ
絕對音樂,ㄐㄩㄝˊ ㄉㄨㄟˋ ㄧㄣ ㄩㄝˋ
絕聖棄知,ㄐㄩㄝˊ ㄕㄥˋ ㄑㄧˋ ㄓˋ
絕長繼短,ㄐㄩㄝˊ ㄔㄤˊ ㄐㄧˋ ㄉㄨㄢˇ
絕長續短,ㄐㄩㄝˊ ㄔㄤˊ ㄒㄩˋ ㄉㄨㄢˇ
絕長補短,ㄐㄩㄝˊ ㄔㄤˊ ㄅㄨˇ ㄉㄨㄢˇ
絜矩,ㄒㄧㄝˊ ㄐㄩˇ
絜行,ㄐㄧㄝˊ ㄒㄧㄥˋ
絡子,ㄌㄠˋ ˙ㄗ
絡縸,ㄌㄨㄛˋ ㄇㄛˋ
給予,ㄐㄧˇ ㄩˇ
給事中,ㄐㄧˇ ㄕˋ ㄓㄨㄥ
給付,ㄐㄧˇ ㄈㄨˋ
給使,ㄐㄧˇ ㄕˇ
給個棒錘當針認,ㄍㄟˇ ˙ㄍㄜ ㄅㄤˋ ㄔㄨㄟˊ ㄉㄤˋ ㄓㄣ ㄖㄣˋ
給假,ㄐㄧˇ ㄐㄧㄚˋ
給散,ㄐㄧˇ ㄙㄢˋ
給水,ㄐㄧˇ ㄕㄨㄟˇ
給與,ㄐㄧˇ ㄩˇ
給足,ㄐㄧˇ ㄗㄨˊ
給養,ㄐㄧˇ ㄧㄤˇ
絪縕,ㄧㄣ ㄩㄣ
絮煩,ㄒㄩˋ ˙ㄈㄢ
絮鍋兒,ㄒㄩˋ ㄍㄨㄛ ㄦ
統率,ㄊㄨㄥˇ ㄕㄨㄞˋ
絲毫不差,ㄙ ㄏㄠˊ ㄅㄨˋ ㄔㄚ
絲瓜絡,ㄙ ㄍㄨㄚ ㄌㄠˋ
絲竹樂,ㄙ ㄓㄨˊ ㄩㄝˋ
絲質,ㄙ ㄓˊ
絳帖,ㄐㄧㄤˋ ㄊㄧㄝˋ
綈袍之賜,ㄊㄧˊ ㄆㄠˊ ㄓ ㄙˋ
綑兒,ㄎㄨㄣˇ ㄦ
經傳,ㄐㄧㄥ ㄓㄨㄢˋ
經傳釋詞,ㄐㄧㄥ ㄓㄨㄢˋ ㄕˋ ㄘˊ
經卷,ㄐㄧㄥ ㄐㄩㄢˋ
經史子集,ㄐㄧㄥ ㄕˇ ㄗˇ ㄐㄧˊ
經年累月,ㄐㄧㄥ ㄋㄧㄢˊ ㄌㄟˇ ㄩㄝˋ
經旬累月,ㄐㄧㄥ ㄒㄩㄣˊ ㄌㄟˇ ㄩㄝˋ
經板兒,ㄐㄧㄥ ㄅㄢˇ ㄦ
經藏,ㄐㄧㄥ ㄗㄤˋ
經行吐衄,ㄐㄧㄥ ㄒㄧㄥˊ ㄊㄨˋ ㄋㄩˋ
綜合所得稅,ㄗㄨㄥˋ ㄏㄜˊ ㄙㄨㄛˇ ㄉㄜˊ ㄕㄨㄟˋ
綜合銀行,ㄗㄨㄥˋ ㄏㄜˊ ㄧㄣˊ ㄏㄤˊ
綜鼻兒,ㄗㄨㄥˋ ㄅㄧˊ ㄦ
綝纚,ㄌㄧㄣˊ ㄕˇ
綠耳,ㄌㄨˋ ㄦˇ
綠螘,ㄌㄨˋ ㄧˇ
綠豆皮兒,ㄌㄩˋ ㄉㄡˋ ㄆㄧˊ ㄦ
綢帷,ㄗ ㄨㄟˊ
綰角兒,ㄨㄢˇ ㄐㄧㄠˇ ㄦ
綰角兒夫妻,ㄨㄢˇ ㄐㄧㄠˇ ㄦ ㄈㄨ ㄑㄧ
網路伺服器,ㄨㄤˇ ㄌㄨˋ ㄙˋ ㄈㄨˊ ㄑㄧˋ
網路商場,ㄨㄤˇ ㄌㄨˋ ㄕㄤ ㄔㄤˊ
網路拍賣廣場,ㄨㄤˇ ㄌㄨˋ ㄆㄞ ㄇㄞˋ ㄍㄨㄤˇ ㄔㄤˊ
網路銀行,ㄨㄤˇ ㄌㄨˋ ㄧㄣˊ ㄏㄤˊ
網路音樂廳,ㄨㄤˇ ㄌㄨˋ ㄧㄣ ㄩㄝˋ ㄊㄧㄥ
綴宅,ㄓㄨㄟˋ ㄓㄜˋ
綵牌樓,ㄘㄞˇ ㄆㄞˊ ˙ㄌㄡ
綸巾,ㄍㄨㄢ ㄐㄧㄣ
綸音佛語,ㄌㄨㄣˊ ㄧㄣ ㄈㄛˊ ㄩˇ
綺靡,ㄑㄧˇ ㄇㄧˇ
綻口兒,ㄓㄢˋ ㄎㄡˇ ㄦ
綽著經兒,ㄔㄨㄛˋ ˙ㄓㄜ ㄐㄧㄥ ㄦ
綿力薄材,ㄇㄧㄢˊ ㄌㄧˋ ㄅㄛˊ ㄘㄞˊ
綿薄,ㄇㄧㄢˊ ㄅㄛˊ
綿薄之力,ㄇㄧㄢˊ ㄅㄛˊ ㄓ ㄌㄧˋ
綿長,ㄇㄧㄢˊ ㄔㄤˊ
緊仔,ㄐㄧㄣˇ ㄗˇ
緊差緊做,ㄐㄧㄣˇ ㄔㄞ ㄐㄧㄣˇ ㄗㄨㄛˋ
緊急處分,ㄐㄧㄣˇ ㄐㄧˊ ㄔㄨˇ ㄈㄣˋ
緊急避難權,ㄐㄧㄣˇ ㄐㄧˊ ㄅㄧˋ ㄋㄢˋ ㄑㄩㄢˊ
緊急避難行為,ㄐㄧㄣˇ ㄐㄧˊ ㄅㄧˋ ㄋㄢˋ ㄒㄧㄥˊ ㄨㄟˊ
緊溜兒的,ㄐㄧㄣˇ ㄌㄧㄡ ㄦ ˙ㄉㄜ
緊箍兒,ㄐㄧㄣˇ ㄍㄨ ㄦ
緊身兒,ㄐㄧㄣˇ ㄕㄣ ㄦ
線上叩應,ㄒㄧㄢˋ ㄕㄤˋ ㄎㄡˋ ㄧㄥˋ
線抽傀儡,ㄒㄧㄢˋ ㄔㄡ ㄎㄨㄟˇ ㄌㄟˇ
線板兒,ㄒㄧㄢˋ ㄅㄢˇ ㄦ
線桄子,ㄒㄧㄢˋ ㄍㄨㄤˋ ˙ㄗ
線腳兒,ㄒㄧㄢˋ ㄐㄧㄠˇ ㄦ
線軸兒,ㄒㄧㄢˋ ㄓㄡˊ ㄦ
線頭兒,ㄒㄧㄢˋ ㄊㄡˊ ㄦ
緣分,ㄩㄢˊ ㄈㄣˋ
緣慳分淺,ㄩㄢˊ ㄑㄧㄢ ㄈㄣˋ ㄑㄧㄢˇ
編曲,ㄅㄧㄢ ㄑㄩˇ
編氓,ㄅㄧㄢ ㄇㄥˊ
編著,ㄅㄧㄢ ㄓㄨˋ
緩步代車,ㄏㄨㄢˇ ㄅㄨˋ ㄉㄞˋ ㄐㄩ
練把式,ㄌㄧㄢˋ ㄅㄚˇ ˙ㄕ
練習曲,ㄌㄧㄢˋ ㄒㄧˊ ㄑㄩˇ
練聲曲,ㄌㄧㄢˋ ㄕㄥ ㄑㄩˇ
緹騎,ㄊㄧˊ ㄐㄧˋ
縑緗黃卷,ㄐㄧㄢ ㄒㄧㄤ ㄏㄨㄤˊ ㄐㄩㄢˋ
縛稿為人,ㄈㄨˊ ㄍㄠˇ ㄨㄟˊ ㄖㄣˊ
縣分,ㄒㄧㄢˋ ㄈㄣˋ
縣圃,ㄒㄩㄢˊ ㄆㄨˇ
縣象,ㄒㄩㄢˊ ㄒㄧㄤˋ
縣賞,ㄒㄩㄢˊ ㄕㄤˇ
縣跂,ㄒㄩㄢˊ ㄑㄧˋ
縫兒,ㄈㄥˋ ㄦ
縫合,ㄈㄥˊ ㄏㄜˊ
縫工,ㄈㄥˊ ㄍㄨㄥ
縫紉,ㄈㄥˊ ㄖㄣˋ
縫紉機,ㄈㄥˊ ㄖㄣˋ ㄐㄧ
縫縫補補,ㄈㄥˊ ㄈㄥˊ ㄅㄨˇ ㄅㄨˇ
縫縫連連,ㄈㄥˊ ㄈㄥˊ ㄌㄧㄢˊ ㄌㄧㄢˊ
縫衣,ㄈㄥˊ ㄧ
縫補,ㄈㄥˊ ㄅㄨˇ
縫製,ㄈㄥˊ ㄓˋ
縫針補線,ㄈㄥˊ ㄓㄣ ㄅㄨˇ ㄒㄧㄢˋ
縮囊,ㄙㄨˋ ㄋㄤˊ
縮地,ㄙㄨˋ ㄉㄧˋ
縮地補天,ㄙㄨˋ ㄉㄧˋ ㄅㄨˇ ㄊㄧㄢ
縮屋稱貞,ㄙㄨˋ ㄨ ㄔㄥ ㄓㄣ
縮手,ㄙㄨˋ ㄕㄡˇ
縮手旁觀,ㄙㄨˋ ㄕㄡˇ ㄆㄤˊ ㄍㄨㄢ
縮朒,ㄙㄨˋ ㄋㄩˋ
縮栗,ㄙㄨˋ ㄌㄧˋ
縮砂蔤,ㄙㄨˋ ㄕㄚ ㄇㄧˋ
縮縮,ㄙㄨˋ ㄙㄨˋ
縮縮朒朒,ㄙㄨˋ ㄙㄨˋ ㄋㄩˋ ㄋㄩˋ
縮衣節口,ㄙㄨˋ ㄧ ㄐㄧㄝˊ ㄎㄡˇ
縮衣節食,ㄙㄨˋ ㄧ ㄐㄧㄝˊ ㄕˊ
縮酒,ㄙㄨˋ ㄐㄧㄡˇ
縮頞,ㄙㄨˋ ㄜˋ
縮鼻,ㄙㄨˋ ㄅㄧˊ
縱切面,ㄗㄨㄥ ㄑㄧㄝ ㄇㄧㄢˋ
縱剖面,ㄗㄨㄥ ㄆㄡˇ ㄇㄧㄢˋ
縱坐標,ㄗㄨㄥ ㄗㄨㄛˋ ㄅㄧㄠ
縱心兒,ㄗㄨㄥˋ ㄒㄧㄣ ㄦ
縱斷面,ㄗㄨㄥ ㄉㄨㄢˋ ㄇㄧㄢˋ
縱橫,ㄗㄨㄥ ㄏㄥˊ
縱橫交貫,ㄗㄨㄥ ㄏㄥˊ ㄐㄧㄠ ㄍㄨㄢˋ
縱橫交錯,ㄗㄨㄥ ㄏㄥˊ ㄐㄧㄠ ㄘㄨㄛˋ
縱橫四海,ㄗㄨㄥ ㄏㄥˊ ㄙˋ ㄏㄞˇ
縱橫天下,ㄗㄨㄥ ㄏㄥˊ ㄊㄧㄢ ㄒㄧㄚˋ
縱橫家,ㄗㄨㄥ ㄏㄥˊ ㄐㄧㄚ
縱橫捭闔,ㄗㄨㄥ ㄏㄥˊ ㄅㄞˇ ㄏㄜˊ
縱橫馳騁,ㄗㄨㄥ ㄏㄥˊ ㄔˊ ㄔㄥˇ
縱波,ㄗㄨㄥ ㄅㄛ
縱深,ㄗㄨㄥ ㄕㄣ
縱縱,ㄗㄨㄥˇ ㄗㄨㄥˇ
縱臾,ㄗㄨㄥˇ ㄩㄥˇ
縱谷,ㄗㄨㄥ ㄍㄨˇ
縱貫,ㄗㄨㄥ ㄍㄨㄢˋ
縱貫線,ㄗㄨㄥ ㄍㄨㄢˋ ㄒㄧㄢˋ
縱走,ㄗㄨㄥ ㄗㄡˇ
縱軸,ㄗㄨㄥ ㄓㄡˊ
縱隊,ㄗㄨㄥ ㄉㄨㄟˋ
縱風止燎,ㄗㄨㄥˋ ㄈㄥ ㄓˇ ㄌㄧㄠˋ
縱黍尺,ㄗㄨㄥ ㄕㄨˇ ㄔˇ
縷當,ㄌㄩˇ ㄉㄤˋ
總得,ㄗㄨㄥˇ ㄉㄟˇ
總行,ㄗㄨㄥˇ ㄏㄤˊ
總角,ㄗㄨㄥˇ ㄐㄩㄝˊ
總角之交,ㄗㄨㄥˇ ㄐㄩㄝˊ ㄓ ㄐㄧㄠ
總角之好,ㄗㄨㄥˇ ㄐㄩㄝˊ ㄓ ㄏㄠˇ
績麻拈苧,ㄐㄧ ㄇㄚˊ ㄋㄧㄢˇ ㄓㄨˋ
繁欽,ㄆㄛˊ ㄑㄧㄣ
繁臺,ㄆㄛˊ ㄊㄞˊ
繁華損枝,ㄈㄢˊ ㄏㄨㄚ ㄙㄨㄣˇ ㄓ
繃勁兒,ㄅㄥˇ ㄐㄧㄣˋ ㄦ
繃場面,ㄅㄥ ㄔㄤˊ ㄇㄧㄢˋ
繃拽,ㄅㄥ ㄓㄨㄞˋ
繃瓷,ㄅㄥˋ ㄘˊ
繃繃拽拽,ㄅㄥ ㄅㄥ ㄓㄨㄞˋ ㄓㄨㄞˋ
繃臉,ㄅㄥˇ ㄌㄧㄢˇ
繃裂,ㄅㄥˋ ㄌㄧㄝˋ
繄袼,ㄧ ㄌㄨㄛˋ
繆學,ㄇㄧㄡˋ ㄒㄩㄝˊ
繆巧,ㄇㄧㄡˋ ㄑㄧㄠˇ
繆思女神,ㄇㄧㄡˋ ㄙ ㄋㄩˇ ㄕㄣˊ
繆種流傳,ㄇㄧㄡˋ ㄓㄨㄥˇ ㄌㄧㄡˊ ㄔㄨㄢˊ
繒繃,ㄗㄥˋ ㄅㄥˇ
織田信長,ㄓ ㄊㄧㄢˊ ㄒㄧㄣˋ ㄔㄤˊ
繞場,ㄖㄠˋ ㄔㄤˊ
繞彎兒,ㄖㄠˋ ㄨㄢ ㄦ
繞磨,ㄖㄠˋ ˙ㄇㄛ
繞遠兒,ㄖㄠˋ ㄩㄢˇ ㄦ
繡佛,ㄒㄧㄡˋ ㄈㄛˊ
繡帖兒,ㄒㄧㄡˋ ㄊㄧㄝˇ ㄦ
繡幙牽絲,ㄒㄧㄡˋ ㄇㄨˋ ㄑㄧㄢ ㄙ
繡花枕頭,ㄒㄧㄡˋ ㄏㄨㄚ ㄓㄣˇ ˙ㄊㄡ
繡閣長春,ㄒㄧㄡˋ ㄍㄜˊ ㄔㄤˊ ㄔㄨㄣ
繫捻兒,ㄐㄧˋ ㄋㄧㄢˇ ㄦ
繫風捕景,ㄒㄧˋ ㄈㄥ ㄅㄨˇ ㄧㄥˇ
繭兒,ㄐㄧㄢˇ ㄦ
繳卷,ㄐㄧㄠˇ ㄐㄩㄢˋ
繳白卷,ㄐㄧㄠˇ ㄅㄞˊ ㄐㄩㄢˋ
繳還,ㄐㄧㄠˇ ㄏㄨㄢˊ
繼子,ㄐㄧˋ ㄗˇ
繼絕興亡,ㄐㄧˋ ㄐㄩㄝˊ ㄒㄧㄥ ㄨㄤˊ
纂兒,ㄗㄨㄢˇ ㄦ
續假,ㄒㄩˋ ㄐㄧㄚˋ
續隨子,ㄒㄩˋ ㄙㄨㄟˊ ㄗˇ
纏磨,ㄔㄢˊ ˙ㄇㄛ
纏累,ㄔㄢˊ ㄌㄟˇ
纏髻兒,ㄔㄢˊ ㄐㄧˋ ㄦ
纖穠中度,ㄒㄧㄢ ㄋㄨㄥˊ ㄓㄨㄥˋ ㄉㄨˋ
纖纖弱質,ㄒㄧㄢ ㄒㄧㄢ ㄖㄨㄛˋ ㄓˊ
纖阿,ㄒㄧㄢ ㄜ
缸兒,ㄍㄤ ㄦ
缸裡的醬蘿蔔,ㄍㄤ ㄌㄧˇ ˙ㄉㄜ ㄐㄧㄤˋ ㄌㄨㄛˊ ˙ㄅㄛ
缿筩,ㄒㄧㄤˋ ㄊㄨㄥˇ
罅剌兒,ㄒㄧㄚˋ ㄌㄚˊ ㄦ
罌子桐,ㄧㄥ ㄗˇ ㄊㄨㄥˊ
罐頭,ㄍㄨㄢˋ ˙ㄊㄡ
罩不住,ㄓㄠˋ ˙ㄅㄨ ㄓㄨˋ
罪人不帑,ㄗㄨㄟˋ ㄖㄣˊ ㄅㄨˋ ㄋㄨˊ
罪惡昭著,ㄗㄨㄟˋ ㄜˋ ㄓㄠ ㄓㄨˋ
罪有應得,ㄗㄨㄟˋ ㄧㄡˇ ㄧㄥ ㄉㄜˊ
罪行,ㄗㄨㄟˋ ㄒㄧㄥˋ
罰一勸百,ㄈㄚˊ ㄧ ㄑㄩㄢˋ ㄅㄛˊ
署名,ㄕㄨˋ ㄇㄧㄥˊ
署吏,ㄕㄨˋ ㄌㄧˋ
署書,ㄕㄨˋ ㄕㄨ
署榜,ㄕㄨˋ ㄅㄤˇ
署理,ㄕㄨˋ ㄌㄧˇ
署缺,ㄕㄨˋ ㄑㄩㄝ
署辦,ㄕㄨˋ ㄅㄢˋ
罵罵咧咧,ㄇㄚˋ ㄇㄚˋ ㄌㄧㄝ ㄌㄧㄝ
罷勞,ㄆㄧˊ ㄌㄠˊ
罷弊,ㄆㄧˊ ㄅㄧˋ
罷教,ㄅㄚˋ ㄐㄧㄠ
罷敝,ㄆㄧˊ ㄅㄧˋ
罷散,ㄆㄧˊ ㄙㄢˋ
罷於奔命,ㄆㄧˊ ㄩˊ ㄅㄣ ㄇㄧㄥˋ
罷癃,ㄆㄧˊ ㄌㄨㄥˊ
罷軟,ㄆㄧˊ ㄖㄨㄢˇ
罹難,ㄌㄧˊ ㄋㄢˋ
羅剎,ㄌㄨㄛˊ ㄔㄚˋ
羅剎國,ㄌㄨㄛˊ ㄔㄚˋ ㄍㄨㄛˊ
羅剎女,ㄌㄨㄛˊ ㄔㄚˋ ㄋㄩˇ
羅勒,ㄌㄨㄛˊ ㄌㄜˋ
羅圈兒揖,ㄌㄨㄛˊ ㄑㄩㄢ ㄦ ㄧ
羅圈兒架,ㄌㄨㄛˊ ㄑㄩㄢ ㄦ ㄐㄧㄚˋ
羅塞提,ㄌㄨㄛˊ ㄙㄞˋ ㄊㄧˊ
羅塞達石碑,ㄌㄨㄛˊ ㄙㄞˋ ㄉㄚˊ ㄕˊ ㄅㄟ
羅望子,ㄌㄨㄛˊ ㄨㄤˋ ㄗˇ
羅漢柏,ㄌㄨㄛˊ ㄏㄢˋ ㄅㄛˊ
羅馬假期,ㄌㄨㄛˊ ㄇㄚˇ ㄐㄧㄚˋ ㄑㄧˊ
羅馬廣場,ㄌㄨㄛˊ ㄇㄚˇ ㄍㄨㄤˇ ㄔㄤˊ
羈勒,ㄐㄧ ㄌㄜˋ
羊兒風,ㄧㄤˊ ㄦ ㄈㄥ
羊撞籬笆,ㄧㄤˊ ㄓㄨㄤˋ ㄌㄧˊ ˙ㄅㄚ
羊栖菜,ㄧㄤˊ ㄒㄧ ㄘㄞˋ
羊毛出在羊身上,ㄧㄤˊ ㄇㄠˊ ㄔㄨ ㄗㄞˋ ㄧㄤˊ ㄕㄣ ˙ㄕㄤ
羊群裡跑出駱駝來,ㄧㄤˊ ㄑㄩㄣˊ ˙ㄌㄧ ㄆㄠˇ ˙ㄔㄨ ㄌㄨㄛˋ ˙ㄊㄨㄛ ㄌㄞˊ
羊肉落在狗嘴裡,ㄧㄤˊ ㄖㄡˋ ㄌㄨㄛˋ ㄗㄞˋ ㄍㄡˇ ㄗㄨㄟˇ ˙ㄌㄧ
羊肚蕈,ㄧㄤˊ ㄉㄨˇ ㄒㄩㄣˋ
羊膜穿刺術,ㄧㄤˊ ㄇㄛˊ ㄔㄨㄢ ㄘˋ ㄕㄨˋ
羊質虎皮,ㄧㄤˊ ㄓˊ ㄏㄨˇ ㄆㄧˊ
羊霜腸,ㄧㄤˊ ㄕㄨㄤ ˙ㄔㄤ
羌帖,ㄑㄧㄤ ˙ㄊㄧㄝ
美不勝收,ㄇㄟˇ ㄅㄨˋ ㄕㄥ ㄕㄡ
美人兒,ㄇㄟˇ ㄖㄣˊ ㄦ
美人命薄,ㄇㄟˇ ㄖㄣˊ ㄇㄧㄥˋ ㄅㄛˊ
美人燈兒,ㄇㄟˇ ㄖㄣˊ ㄉㄥ ㄦ
美冠一方,ㄇㄟˇ ㄍㄨㄢˋ ㄧ ㄈㄤ
美滿收場,ㄇㄟˇ ㄇㄢˇ ㄕㄡ ㄔㄤˊ
美男子,ㄇㄟˇ ㄋㄢˊ ㄗˇ
美質,ㄇㄟˇ ㄓˊ
美麗的磨坊少女,ㄇㄟˇ ㄌㄧˋ ˙ㄉㄜ ㄇㄛˋ ㄈㄤ ㄕㄠˋ ㄋㄩˇ
羔兒,ㄍㄠ ㄦ
羔兒酒,ㄍㄠ ㄦ ㄐㄧㄡˇ
羔酒自勞,ㄍㄠ ㄐㄧㄡˇ ㄗˋ ㄌㄠˋ
羝乳得歸,ㄉㄧ ㄖㄨˇ ㄉㄜˊ ㄍㄨㄟ
羞人答答,ㄒㄧㄡ ㄖㄣˊ ㄉㄚ ㄉㄚ
羞怯,ㄒㄧㄡ ㄑㄩㄝˋ
羞怯怯,ㄒㄧㄡ ㄑㄩㄝˋ ㄑㄩㄝˋ
羞惡,ㄒㄧㄡ ㄨˋ
羞答答,ㄒㄧㄡ ㄉㄚ ㄉㄚ
羞與為伍,ㄒㄧㄡ ㄩˇ ㄨㄟˊ ㄨˇ
群居穴處,ㄑㄩㄣˊ ㄐㄩ ㄒㄩㄝˋ ㄔㄨˇ
群從,ㄑㄩㄣˊ ㄗㄨㄥˋ
群蝨處褌中,ㄑㄩㄣˊ ㄕ ㄔㄨˇ ㄎㄨㄣ ㄓㄨㄥ
群辟,ㄑㄩㄣˊ ㄅㄧˋ
群雌粥粥,ㄑㄩㄣˊ ㄘ ㄓㄨˋ ㄓㄨˋ
羧酸,ㄙㄨㄛ ㄙㄨㄢ
羨煞,ㄒㄧㄢˋ ㄕㄚˋ
義不辭難,ㄧˋ ㄅㄨˋ ㄘˊ ㄋㄢˋ
義分,ㄧˋ ㄈㄣˋ
義妖傳,ㄧˋ ㄧㄠ ㄓㄨㄢˋ
義子,ㄧˋ ㄗˇ
義從,ㄧˋ ㄗㄨㄥˋ
義疏,ㄧˋ ㄕㄨˋ
義薄雲天,ㄧˋ ㄅㄛˊ ㄩㄣˊ ㄊㄧㄢ
義行,ㄧˋ ㄒㄧㄥˋ
義行可風,ㄧˋ ㄒㄧㄥˋ ㄎㄜˇ ㄈㄥ
羶行,ㄕㄢ ㄒㄧㄥˋ
羹匙,ㄍㄥ ㄔˊ
羹藜唅糗,ㄍㄥ ㄌㄧˊ ㄏㄢˊ ㄑㄧㄡˇ
羹裡不著飯裡著,ㄍㄥ ㄌㄧˇ ㄅㄨˋ ㄓㄠˊ ㄈㄢˋ ㄌㄧˇ ㄓㄠˊ
羽扇綸巾,ㄩˇ ㄕㄢˋ ㄍㄨㄢ ㄐㄧㄣ
羽騎,ㄩˇ ㄐㄧˋ
翁蛤,ㄨㄥ ㄍㄜˊ
翅兒,ㄔˋ ㄦ
習以為常,ㄒㄧˊ ㄧˇ ㄨㄟˊ ㄔㄤˊ
翟子悲,ㄉㄧˊ ㄗˇ ㄅㄟ
翠翹,ㄘㄨㄟˋ ㄑㄧㄠˊ
翹企,ㄑㄧㄠˊ ㄑㄧˋ
翹尾巴,ㄑㄧㄠˋ ㄧˇ ㄅㄚ
翹思,ㄑㄧㄠˊ ㄙ
翹材,ㄑㄧㄠˊ ㄘㄞˊ
翹棱,ㄑㄧㄠˊ ˙ㄌㄥ
翹楚,ㄑㄧㄠˊ ㄔㄨˇ
翹翹,ㄑㄧㄠˊ ㄑㄧㄠˊ
翹舌音,ㄑㄧㄠˊ ㄕㄜˊ ㄧㄣ
翹足引領,ㄑㄧㄠˊ ㄗㄨˊ ㄧㄣˇ ㄌㄧㄥˇ
翹足而待,ㄑㄧㄠˊ ㄗㄨˊ ㄦˊ ㄉㄞˋ
翹首,ㄑㄧㄠˊ ㄕㄡˇ
翹首企足,ㄑㄧㄠˊ ㄕㄡˇ ㄑㄧˋ ㄗㄨˊ
翹首引領,ㄑㄧㄠˊ ㄕㄡˇ ㄧㄣˇ ㄌㄧㄥˇ
翹首盼望,ㄑㄧㄠˊ ㄕㄡˇ ㄆㄢˋ ㄨㄤˋ
翻刻,ㄈㄢ ㄎㄜ
翻刻本,ㄈㄢ ㄎㄜ ㄅㄣˇ
翻手為雲,ㄈㄢ ㄕㄡˇ ㄨㄟˊ ㄩㄣˊ
翻把恩人當仇人,ㄈㄢ ㄅㄚˇ ㄣ ㄖㄣˊ ㄉㄤˋ ㄔㄡˊ ㄖㄣˊ
翻毛兒,ㄈㄢ ㄇㄠˊ ㄦ
翻江倒海,ㄈㄢ ㄐㄧㄤ ㄉㄠˇ ㄏㄞˇ
翻箱倒櫃,ㄈㄢ ㄒㄧㄤ ㄉㄠˇ ㄍㄨㄟˋ
翻箱倒篋,ㄈㄢ ㄒㄧㄤ ㄉㄠˇ ㄑㄧㄝˋ
翻箱倒籠,ㄈㄢ ㄒㄧㄤ ㄉㄠˇ ㄌㄨㄥˊ
翻花頭,ㄈㄢ ㄏㄨㄚ ˙ㄊㄡ
翻跟頭,ㄈㄢ ㄍㄣ ˙ㄊㄡ
翻過兒,ㄈㄢ ㄍㄨㄛˋ ㄦ
老一巴掌,ㄌㄠˇ ㄧ ㄅㄚ ˙ㄓㄤ
老一門兒,ㄌㄠˇ ㄧ ㄇㄣˊ ㄦ
老丈人,ㄌㄠˇ ㄓㄤˋ ˙ㄖㄣ
老主顧,ㄌㄠˇ ㄓㄨˇ ˙ㄍㄨ
老乾,ㄌㄠˇ ㄍㄢ
老交情,ㄌㄠˇ ㄐㄧㄠ ˙ㄑㄧㄥ
老人家,ㄌㄠˇ ˙ㄖㄣ ˙ㄐㄧㄚ
老佛爺,ㄌㄠˇ ㄈㄛˊ ˙ㄧㄝ
老兄弟,ㄌㄠˇ ㄒㄩㄥ ˙ㄉㄧ
老先生,ㄌㄠˇ ㄒㄧㄢ ˙ㄕㄥ
老八板兒,ㄌㄠˇ ㄅㄚ ㄅㄢˇ ㄦ
老公公,ㄌㄠˇ ㄍㄨㄥ ˙ㄍㄨㄥ
老公嘴兒,ㄌㄠˇ ˙ㄍㄨㄥ ㄗㄨㄟˇ ㄦ
老和尚看嫁妝,ㄌㄠˇ ㄏㄜˊ ㄕㄤˋ ㄎㄢˋ ㄐㄧㄚˋ ˙ㄓㄨㄤ
老哥兒倆,ㄌㄠˇ ㄍㄜ ㄦ ㄌㄧㄚˇ
老哥兒們,ㄌㄠˇ ㄍㄜ ㄦ ˙ㄇㄣ
老哥哥,ㄌㄠˇ ㄍㄜ ˙ㄍㄜ
老在行,ㄌㄠˇ ㄗㄞˋ ㄏㄤˊ
老地方,ㄌㄠˇ ㄉㄧˋ ˙ㄈㄤ
老大兒,ㄌㄠˇ ㄉㄚˋ ㄦ
老太太,ㄌㄠˇ ㄊㄞˋ ˙ㄊㄞ
老夫子,ㄌㄠˇ ㄈㄨ ㄗˇ
老奶奶,ㄌㄠˇ ㄋㄞˇ ˙ㄋㄞ
老姐妹兒,ㄌㄠˇ ㄐㄧㄝˇ ㄇㄟˋ ㄦ
老娘兒,ㄌㄠˇ ㄋㄧㄤˊ ㄦ
老婆,ㄌㄠˇ ˙ㄆㄛ
老婆兒,ㄌㄠˇ ㄆㄛˊ ㄦ
老婆婆,ㄌㄠˇ ㄆㄛˊ ˙ㄆㄛ
老婆舌頭,ㄌㄠˇ ㄆㄛˊ ㄕㄜˊ ˙ㄊㄡ
老嬤嬤,ㄌㄠˇ ㄇㄚ ˙ㄇㄚ
老子婆娑,ㄌㄠˇ ㄗˇ ㄆㄛˊ ㄙㄨㄛ
老子道君,ㄌㄠˇ ㄗˇ ㄉㄠˋ ㄐㄩㄣ
老學究,ㄌㄠˇ ㄒㄩㄝˊ ㄐㄧㄡ
老家兒,ㄌㄠˇ ㄐㄧㄚ ㄦ
老實巴交,ㄌㄠˇ ˙ㄕ ㄅㄚ ㄐㄧㄠ
老實話,ㄌㄠˇ ˙ㄕ ㄏㄨㄚˋ
老實頭,ㄌㄠˇ ˙ㄕ ㄊㄡˊ
老將,ㄌㄠˇ ㄐㄧㄤˋ
老將行,ㄌㄠˇ ㄐㄧㄤˋ ㄒㄧㄥˊ
老少,ㄌㄠˇ ㄕㄠˋ
老少一同,ㄌㄠˇ ㄕㄠˋ ㄧ ㄊㄨㄥˊ
老少咸宜,ㄌㄠˇ ㄕㄠˋ ㄒㄧㄢˊ ㄧˊ
老少年,ㄌㄠˇ ㄕㄠˋ ㄋㄧㄢˊ
老少無欺,ㄌㄠˇ ㄕㄠˋ ㄨˊ ㄑㄧ
老少男女,ㄌㄠˇ ㄕㄠˋ ㄋㄢˊ ㄋㄩˇ
老少配,ㄌㄠˇ ㄕㄠˋ ㄆㄟˋ
老師傅,ㄌㄠˇ ㄕ ˙ㄈㄨ
老師父,ㄌㄠˇ ㄕ ˙ㄈㄨ
老年得子,ㄌㄠˇ ㄋㄧㄢˊ ㄉㄜˊ ㄗˇ
老底兒,ㄌㄠˇ ㄉㄧˇ ㄦ
老把勢,ㄌㄠˇ ㄅㄚˇ ˙ㄕ
老把式,ㄌㄠˇ ㄅㄚˇ ˙ㄕ
老朋友,ㄌㄠˇ ㄆㄥˊ ˙ㄧㄡ
老本行,ㄌㄠˇ ㄅㄣˇ ㄏㄤˊ
老東西,ㄌㄠˇ ㄉㄨㄥ ˙ㄒㄧ
老根人家兒,ㄌㄠˇ ˙ㄍㄣ ㄖㄣˊ ㄐㄧㄚ ㄦ
老橛話兒,ㄌㄠˇ ㄐㄩㄝˊ ㄏㄨㄚˋ ㄦ
老江湖,ㄌㄠˇ ㄐㄧㄤ ˙ㄏㄨ
老法子,ㄌㄠˇ ㄈㄚˊ ˙ㄗ
老淚縱橫,ㄌㄠˇ ㄌㄟˋ ㄗㄨㄥ ㄏㄥˊ
老滿兒,ㄌㄠˇ ㄇㄢˇ ㄦ
老營兒,ㄌㄠˇ ㄧㄥˊ ㄦ
老營生,ㄌㄠˇ ㄧㄥˊ ˙ㄕㄥ
老爺,ㄌㄠˇ ˙ㄧㄝ
老爺兒,ㄌㄠˇ ㄧㄝˊ ㄦ
老爺廟,ㄌㄠˇ ˙ㄧㄝ ㄇㄧㄠˋ
老爺爺,ㄌㄠˇ ㄧㄝˊ ˙ㄧㄝ
老狐狸,ㄌㄠˇ ㄏㄨˊ ˙ㄌㄧ
老生兒,ㄌㄠˇ ˙ㄕㄥ ㄦ
老畜生,ㄌㄠˇ ㄔㄨˋ ˙ㄕㄥ
老的少的,ㄌㄠˇ ˙ㄉㄜ ㄕㄠˋ ˙ㄉㄜ
老相,ㄌㄠˇ ㄒㄧㄤˋ
老祖兒,ㄌㄠˇ ㄗㄨˇ ㄦ
老章程,ㄌㄠˇ ㄓㄤ ˙ㄔㄥ
老糊塗,ㄌㄠˇ ㄏㄨˊ ˙ㄊㄨ
老繃,ㄌㄠˇ ˙ㄅㄥ
老老,ㄌㄠˇ ˙ㄌㄠ
老老少少,ㄌㄠˇ ㄌㄠˇ ㄕㄠˋ ㄕㄠˋ
老而不死是為賊,ㄌㄠˇ ㄦˊ ㄅㄨˋ ㄙˇ ㄕˋ ㄨㄟˊ ㄗㄟˊ
老背悔,ㄌㄠˇ ㄅㄟˋ ˙ㄏㄨㄟ
老背晦,ㄌㄠˇ ㄅㄟˋ ˙ㄏㄨㄟ
老萊子,ㄌㄠˇ ㄌㄞˊ ㄗˇ
老虎掛念佛珠,ㄌㄠˇ ㄏㄨˇ ㄍㄨㄚˋ ㄋㄧㄢˋ ㄈㄛˊ ㄓㄨ
老虎攤兒,ㄌㄠˇ ㄏㄨˇ ㄊㄢ ㄦ
老虎頭上打蒼蠅,ㄌㄠˇ ㄏㄨˇ ㄊㄡˊ ㄕㄤˋ ㄉㄚˇ ㄘㄤ ˙ㄧㄥ
老虎頭上拍蒼蠅,ㄌㄠˇ ㄏㄨˇ ㄊㄡˊ ㄕㄤˋ ㄆㄞ ㄘㄤ ˙ㄧㄥ
老虎頭上撲蒼蠅,ㄌㄠˇ ㄏㄨˇ ㄊㄡˊ ㄕㄤˋ ㄆㄨ ㄘㄤ ˙ㄧㄥ
老行伍,ㄌㄠˇ ㄏㄤˊ ㄨˇ
老行家,ㄌㄠˇ ㄏㄤˊ ˙ㄐㄧㄚ
老行尊,ㄌㄠˇ ㄏㄤˊ ㄗㄨㄣ
老街坊,ㄌㄠˇ ㄐㄧㄝ ˙ㄈㄤ
老西兒,ㄌㄠˇ ㄒㄧ ㄦ
老規矩,ㄌㄠˇ ㄍㄨㄟ ˙ㄐㄩ
老調重彈,ㄌㄠˇ ㄉㄧㄠˋ ㄔㄨㄥˊ ㄊㄢˊ
老豆腐,ㄌㄠˇ ㄉㄡˋ ˙ㄈㄨ
老走道兒,ㄌㄠˇ ㄗㄡˇ ˙ㄉㄠ ㄦ
老身長子,ㄌㄠˇ ㄕㄣ ㄓㄤˇ ㄗˇ
老都爺,ㄌㄠˇ ㄉㄨ ㄧㄝˊ
老醃兒,ㄌㄠˇ ㄧㄢ ㄦ
老醫少卜,ㄌㄠˇ ㄧ ㄕㄠˋ ㄅㄨˇ
老阿媽,ㄌㄠˇ ㄚˋ ㄇㄚ
老阿者,ㄌㄠˇ ㄚˋ ㄓㄜˇ
老頑固,ㄌㄠˇ ㄨㄢˊ ˙ㄍㄨ
老頭兒,ㄌㄠˇ ㄊㄡˊ ㄦ
老馬為駒,ㄌㄠˇ ㄇㄚˇ ㄨㄟˊ ㄐㄩ
老骨頭,ㄌㄠˇ ㄍㄨˊ ˙ㄊㄡ
老鴰,ㄌㄠˇ ˙ㄍㄨㄚ
老鴰窩裡出鳳凰,ㄌㄠˇ ˙ㄍㄨㄚ ㄨㄛ ㄌㄧˇ ㄔㄨ ㄈㄥˋ ㄏㄨㄤˊ
老鼠尾巴上害癤子,ㄌㄠˇ ㄕㄨˇ ㄨㄟˇ ˙ㄅㄚ ㄕㄤˋ ㄏㄞˋ ㄐㄧㄝˊ ˙ㄗ
老鼠尾巴生瘡兒,ㄌㄠˇ ㄕㄨˇ ㄨㄟˇ ˙ㄅㄚ ㄕㄥ ㄔㄨㄤ ㄦ
考中,ㄎㄠˇ ㄓㄨㄥˋ
考卷,ㄎㄠˇ ㄐㄩㄢˋ
考古質疑,ㄎㄠˇ ㄍㄨˇ ㄓˊ ㄧˊ
考場,ㄎㄠˇ ㄔㄤˊ
考差,ㄎㄠˇ ㄔㄞ
考校,ㄎㄠˇ ㄐㄧㄠˋ
考量,ㄎㄠˇ ㄌㄧㄤˊ
耆儒碩德,ㄑㄧˊ ㄖㄨˊ ㄕˊ ㄉㄜˊ
耆儒碩望,ㄑㄧˊ ㄖㄨˊ ㄕˊ ㄨㄤˋ
耆儒碩老,ㄑㄧˊ ㄖㄨˊ ㄕˊ ㄌㄠˇ
耆年碩德,ㄑㄧˊ ㄋㄧㄢˊ ㄕˊ ㄉㄜˊ
耆碩,ㄑㄧˊ ㄕˊ
耍像兒,ㄕㄨㄚˇ ㄒㄧㄤˋ ㄦ
耍噱頭,ㄕㄨㄚˇ ㄒㄩㄝ ㄊㄡˊ
耍手藝,ㄕㄨㄚˇ ㄕㄡˇ ˙ㄧ
耍猴兒,ㄕㄨㄚˇ ㄏㄡˊ ㄦ
耍脾氣,ㄕㄨㄚˇ ㄆㄧˊ ˙ㄑㄧ
耍骨頭,ㄕㄨㄚˇ ㄍㄨˊ ˙ㄊㄡ
耕種,ㄍㄥ ㄓㄨㄥˋ
耗斁,ㄏㄠˋ ㄉㄨˋ
耳刀兒,ㄦˇ ㄉㄠ ㄦ
耳咽管,ㄦˇ ㄧㄢ ㄍㄨㄢˇ
耳挖勺兒,ㄦˇ ㄨㄚ ㄕㄠˊ ㄦ
耳朵,ㄦˇ ˙ㄉㄨㄛ
耳朵尖,ㄦˇ ˙ㄉㄨㄛ ㄐㄧㄢ
耳朵帽,ㄦˇ ˙ㄉㄨㄛ ㄇㄠˋ
耳朵眼兒,ㄦˇ ˙ㄉㄨㄛ ㄧㄢˇ ㄦ
耳朵裡冒出腳來,ㄦˇ ˙ㄉㄨㄛ ㄌㄧˇ ㄇㄠˋ ㄔㄨ ㄐㄧㄠˇ ㄌㄞˊ
耳朵裡響,ㄦˇ ˙ㄉㄨㄛ ˙ㄌㄧ ㄒㄧㄤˇ
耳朵軟,ㄦˇ ˙ㄉㄨㄛ ㄖㄨㄢˇ
耳穴,ㄦˇ ㄒㄩㄝˊ
耳簷兒當不的胡帽,ㄦˇ ㄧㄢˊ ㄦ ㄉㄤˋ ˙ㄅㄨ ˙ㄉㄜ ㄏㄨˊ ㄇㄠˋ
耳膜,ㄦˇ ㄇㄛˊ
耳風,ㄦˇ ˙ㄈㄥ
耵聹腺,ㄊㄧㄥ ㄋㄧㄥˊ ㄒㄧㄢˋ
耶和華,ㄧㄝ ㄏㄜˊ ㄏㄨㄚˊ
耶律,ㄧㄝ ㄌㄩˋ
耶律休哥,ㄧㄝ ㄌㄩˋ ㄒㄧㄡ ㄍㄜ
耶律大石,ㄧㄝ ㄌㄩˋ ㄉㄚˋ ㄕˊ
耶律楚材,ㄧㄝ ㄌㄩˋ ㄔㄨˇ ㄘㄞˊ
耶律阿保機,ㄧㄝ ㄌㄩˋ ㄚˋ ㄅㄠˇ ㄐㄧ
耶悉茗,ㄧㄝ ㄒㄧ ㄇㄧㄥˊ
耶穌,ㄧㄝ ㄙㄨ
耶穌基督,ㄧㄝ ㄙㄨ ㄐㄧ ㄉㄨ
耶穌會,ㄧㄝ ㄙㄨ ㄏㄨㄟˋ
耶誕卡,ㄧㄝ ㄉㄢˋ ㄎㄚˇ
耶誕夜,ㄧㄝ ㄉㄢˋ ㄧㄝˋ
耶誕樹,ㄧㄝ ㄉㄢˋ ㄕㄨˋ
耶誕節,ㄧㄝ ㄉㄢˋ ㄐㄧㄝˊ
耶誕老人,ㄧㄝ ㄉㄢˋ ㄌㄠˇ ㄖㄣˊ
耶路撒冷,ㄧㄝ ㄌㄨˋ ㄙㄚ ㄌㄥˇ
耶魯大學,ㄧㄝ ㄌㄨˇ ㄉㄚˋ ㄒㄩㄝˊ
耶魯拼音,ㄧㄝ ㄌㄨˇ ㄆㄧㄣ ㄧㄣ
耷拉,ㄉㄚ ˙ㄌㄚ
耽玩,ㄉㄢ ㄨㄢˋ
聆樂,ㄌㄧㄥˊ ㄩㄝˋ
聊以塞責,ㄌㄧㄠˊ ㄧˇ ㄙㄜˋ ㄗㄜˊ
聊聊,ㄌㄧㄠˊ ˙ㄌㄧㄠ
聖彼得堡,ㄕㄥˋ ㄅㄧˇ ㄉㄜˊ ㄅㄠˇ
聖彼得大教堂,ㄕㄥˋ ㄅㄧˇ ㄉㄜˊ ㄉㄚˋ ㄐㄧㄠˋ ㄊㄤˊ
聖德懿行,ㄕㄥˋ ㄉㄜˊ ㄧˋ ㄒㄧㄥˋ
聖樂,ㄕㄥˋ ㄩㄝˋ
聖經賢傳,ㄕㄥˋ ㄐㄧㄥ ㄒㄧㄢˊ ㄓㄨㄢˋ
聖赫勒拿島,ㄕㄥˋ ㄏㄜˋ ㄌㄜˋ ㄋㄚˊ ㄉㄠˇ
聚米為山,ㄐㄩˋ ㄇㄧˇ ㄨㄟˊ ㄕㄢ
聞望,ㄨㄣˋ ㄨㄤˋ
聞達,ㄨㄣˋ ㄉㄚˊ
聞風響應,ㄨㄣˊ ㄈㄥ ㄒㄧㄤˇ ㄧㄥˋ
聯彈,ㄌㄧㄢˊ ㄊㄢˊ
聰了,ㄘㄨㄥ ㄌㄧㄠˇ
聲叫聲應,ㄕㄥ ㄐㄧㄠˋ ㄕㄥ ㄧㄥˋ
聲喏,ㄕㄥ ㄖㄜˇ
聲子,ㄕㄥ ㄗˇ
聲應氣求,ㄕㄥ ㄧㄥˋ ㄑㄧˋ ㄑㄧㄡˊ
聲樂,ㄕㄥ ㄩㄝˋ
聲求氣應,ㄕㄥ ㄑㄧㄡˊ ㄑㄧˋ ㄧㄥˋ
聲絲氣咽,ㄕㄥ ㄙ ㄑㄧˋ ㄧㄝˋ
聲色場所,ㄕㄥ ㄙㄜˋ ㄔㄤˊ ㄙㄨㄛˇ
職分,ㄓˊ ㄈㄣˋ
聽之任之,ㄊㄧㄥˋ ㄓ ㄖㄣˋ ㄓ
聽人穿鼻,ㄊㄧㄥˋ ㄖㄣˊ ㄔㄨㄢ ㄅㄧˊ
聽任,ㄊㄧㄥˋ ㄖㄣˋ
聽便,ㄊㄧㄥˋ ㄅㄧㄢˋ
聽其自然,ㄊㄧㄥˋ ㄑㄧˊ ㄗˋ ㄖㄢˊ
聽其言而觀其行,ㄊㄧㄥ ㄑㄧˊ ㄧㄢˊ ㄦˊ ㄍㄨㄢ ㄑㄧˊ ㄒㄧㄥˋ
聽命,ㄊㄧㄥˋ ㄇㄧㄥˋ
聽天任命,ㄊㄧㄥˋ ㄊㄧㄢ ㄖㄣˋ ㄇㄧㄥˋ
聽天命,ㄊㄧㄥˋ ㄊㄧㄢ ㄇㄧㄥˋ
聽天由命,ㄊㄧㄥˋ ㄊㄧㄢ ㄧㄡˊ ㄇㄧㄥˋ
聽差,ㄊㄧㄥ ㄔㄞ
聽憑,ㄊㄧㄥˋ ㄆㄧㄥˊ
聽憑尊便,ㄊㄧㄥˋ ㄆㄧㄥˊ ㄗㄨㄣ ㄅㄧㄢˋ
聽政,ㄊㄧㄥˋ ㄓㄥˋ
聽斷,ㄊㄧㄥˋ ㄉㄨㄢˋ
聽氣兒,ㄊㄧㄥ ㄑㄧˋ ㄦ
聽獄,ㄊㄧㄥˋ ㄩˋ
聽訟,ㄊㄧㄥˋ ㄙㄨㄥˋ
聽頭,ㄊㄧㄥ ˙ㄊㄡ
聽頭兒,ㄊㄧㄥ ˙ㄊㄡ ㄦ
肆意妄為,ㄙˋ ㄧˋ ㄨㄤˋ ㄨㄟˊ
肆應,ㄙˋ ㄧㄥˋ
肉乾,ㄖㄡˋ ㄍㄢ
肉傀儡,ㄖㄡˋ ㄎㄨㄟˇ ㄌㄟˇ
肉山脯林,ㄖㄡˋ ㄕㄢ ㄈㄨˇ ㄌㄧㄣˊ
肉棗兒,ㄖㄡˋ ㄗㄠˇ ㄦ
肉燥,ㄖㄡˋ ㄙㄠˋ
肉眼泡兒,ㄖㄡˋ ㄧㄢˇ ㄆㄠ ㄦ
肉脯,ㄖㄡˋ ㄈㄨˇ
肉質,ㄖㄡˋ ㄓˊ
肉頭,ㄖㄡˋ ˙ㄊㄡ
肋巴扇兒,ㄌㄟˋ ㄅㄚ ㄕㄢˋ ㄦ
肋條,ㄌㄟˋ ㄊㄧㄠˊ
肋窩,ㄌㄟˋ ㄨㄛ
肐膊,ㄍㄜ ˙ㄅㄛ
肐膊兒往外撇,ㄍㄜ ˙ㄅㄛ ㄦ ㄨㄤˇ ㄨㄞˋ ㄆㄧㄝˇ
肐膊只折在袖子裡,ㄍㄜ ˙ㄅㄛ ㄓˇ ㄓㄜˊ ㄗㄞˋ ㄒㄧㄡˋ ˙ㄗ ㄌㄧˇ
肐膊折了往袖子裡藏,ㄍㄜ ˙ㄅㄛ ㄓㄜˊ ˙ㄌㄜ ㄨㄤˇ ㄒㄧㄡˋ ˙ㄗ ㄌㄧˇ ㄘㄤˊ
肐膊肘子,ㄍㄜ ˙ㄅㄛ ㄓㄡˇ ˙ㄗ
肐膊腕子,ㄍㄜ ˙ㄅㄛ ㄨㄢˋ ˙ㄗ
肖子,ㄒㄧㄠˋ ㄗˇ
肖翹,ㄒㄧㄠˋ ㄑㄧㄠˊ
肘腋,ㄓㄡˇ ㄧˋ
肘腋之患,ㄓㄡˇ ㄧˋ ㄓ ㄏㄨㄢˋ
肘腋之憂,ㄓㄡˇ ㄧˋ ㄓ ㄧㄡ
肚兒,ㄉㄨˋ ㄦ
肚兒裡有勾當,ㄉㄨˋ ㄦ ㄌㄧˇ ㄧㄡˇ ㄍㄡˋ ˙ㄉㄤ
肚囊兒,ㄉㄨˋ ㄋㄤˊ ㄦ
肚子,ㄉㄨˇ ˙ㄗ
肚裡明白,ㄉㄨˋ ㄌㄧˇ ㄇㄧㄥˊ ˙ㄅㄞ
肝氣,ㄍㄢ ˙ㄑㄧ
股兒,ㄍㄨˇ ㄦ
股子,ㄍㄨˇ ㄗˇ
股癬,ㄍㄨˇ ㄒㄧㄢˇ
股票市場,ㄍㄨˇ ㄆㄧㄠˋ ㄕˋ ㄔㄤˊ
肥分,ㄈㄟˊ ㄈㄣˋ
肥碩,ㄈㄟˊ ㄕˊ
肥肥胖胖,ㄈㄟˊ ˙ㄈㄟ ㄆㄤˋ ㄆㄤˋ
肩挑背負,ㄐㄧㄢ ㄊㄧㄠ ㄅㄟ ㄈㄨˋ
肩擔之家,ㄐㄧㄢ ㄉㄢˋ ㄓ ㄐㄧㄚ
肩相比,ㄐㄧㄢ ㄒㄧㄤ ㄅㄧˋ
肩膀兒寬,ㄐㄧㄢ ㄅㄤˇ ㄦ ㄎㄨㄢ
肯心兒,ㄎㄣˇ ㄒㄧㄣ ㄦ
肯綮,ㄎㄣˇ ㄑㄧㄥˋ
肺肺,ㄆㄟˋ ㄆㄟˋ
肺膜,ㄈㄟˋ ㄇㄛˊ
胄子,ㄓㄡˋ ㄗˇ
背包,ㄅㄟ ㄅㄠ
背子,ㄅㄟ ˙ㄗ
背帶,ㄅㄟ ㄉㄞˋ
背景音樂,ㄅㄟˋ ㄐㄧㄥˇ ㄧㄣ ㄩㄝˋ
背榜,ㄅㄟ ㄅㄤˇ
背空子,ㄅㄟˋ ㄎㄨㄥˋ ˙ㄗ
背負,ㄅㄟ ㄈㄨˋ
背黑鍋,ㄅㄟ ㄏㄟ ㄍㄨㄛ
胎藏界,ㄊㄞ ㄗㄤˋ ㄐㄧㄝˋ
胖墩兒,ㄆㄤˋ ㄉㄨㄣ ㄦ
胖姑娘坐小轎兒,ㄆㄤˋ ㄍㄨ ˙ㄋㄧㄤ ㄗㄨㄛˋ ㄒㄧㄠˇ ㄐㄧㄠˋ ㄦ
胖子也不是一口兒吃的,ㄆㄤˋ ˙ㄗ ㄧㄝˇ ㄅㄨˋ ㄕˋ ㄧ ㄎㄡˇ ㄦ ㄔ ˙ㄉㄜ
胖高麗,ㄆㄤˋ ㄍㄠ ˙ㄌㄧ
胗肝兒,ㄓㄣ ㄍㄢ ㄦ
胞子,ㄅㄠ ㄗˇ
胞子世代,ㄅㄠ ㄗˇ ㄕˋ ㄉㄞˋ
胞子器,ㄅㄠ ㄗˇ ㄑㄧˋ
胞子囊群,ㄅㄠ ㄗˇ ㄋㄤˊ ㄑㄩㄣˊ
胞子蟲,ㄅㄠ ㄗˇ ㄔㄨㄥˊ
胞子體,ㄅㄠ ㄗˇ ㄊㄧˇ
胞與為懷,ㄅㄠ ㄩˇ ㄨㄟˊ ㄏㄨㄞˊ
胡三省,ㄏㄨˊ ㄙㄢ ㄒㄧㄥˇ
胡佛,ㄏㄨˊ ㄈㄛˊ
胡作非為,ㄏㄨˊ ㄗㄨㄛˋ ㄈㄟ ㄨㄟˊ
胡做喬為,ㄏㄨˊ ㄗㄨㄛˋ ㄑㄧㄠˊ ㄨㄟˊ
胡同,ㄏㄨˊ ㄊㄨㄥˋ
胡嚕,ㄏㄨˊ ˙ㄌㄨ
胡姑姑,ㄏㄨˊ ㄍㄨ ˙ㄍㄨ
胡廝哄,ㄏㄨˊ ㄙ ㄏㄨㄥ
胡思亂量,ㄏㄨˊ ㄙ ㄌㄨㄢˋ ㄌㄧㄤˊ
胡枝子,ㄏㄨˊ ㄓ ㄗˇ
胡桃鉗組曲,ㄏㄨˊ ㄊㄠˊ ㄑㄧㄢˊ ㄗㄨˇ ㄑㄩˇ
胡樂,ㄏㄨˊ ㄩㄝˋ
胡為,ㄏㄨˊ ㄨㄟˊ
胡胡盧盧,ㄏㄨˊ ˙ㄏㄨ ㄌㄨˊ ㄌㄨˊ
胡蘿蔔,ㄏㄨˊ ㄌㄨㄛˊ ˙ㄅㄛ
胡蘿蔔就燒酒,ㄏㄨˊ ㄌㄨㄛˊ ˙ㄅㄛ ㄐㄧㄡˋ ㄕㄠ ㄐㄧㄡˇ
胡蘿蔔素,ㄏㄨˊ ㄌㄨㄛˊ ˙ㄅㄛ ㄙㄨˋ
胡裡胡塗,ㄏㄨˊ ˙ㄌㄧ ㄏㄨˊ ㄊㄨˊ
胡說散道,ㄏㄨˊ ㄕㄨㄛ ㄙㄢˇ ㄉㄠˋ
胡遮剌,ㄏㄨˊ ㄓㄜ ㄌㄚˋ
胡鋪搭,ㄏㄨˊ ㄆㄨ ㄉㄚ
胡頹子,ㄏㄨˊ ㄊㄨㄟˊ ㄗˇ
胡騎,ㄏㄨˊ ㄐㄧˋ
胤子,ㄧㄣˋ ㄗˇ
胥濤,ㄒㄩ ㄊㄠ
胯骨軸兒,ㄎㄨㄚˋ ㄍㄨˇ ㄓㄡˊ ㄦ
胳肢窩,ㄍㄜ ˙ㄓ ㄨㄛ
胳膊,ㄍㄜ ˙ㄅㄛ
胸脊,ㄒㄩㄥ ㄐㄧˊ
能勾,ㄋㄥˊ ㄍㄡˋ
能樂,ㄋㄥˊ ㄩㄝˋ
能為,ㄋㄥˊ ㄨㄟˊ
能者為師,ㄋㄥˊ ㄓㄜˇ ㄨㄟˊ ㄕ
脂麻,ㄓ ˙ㄇㄚ
脅從,ㄒㄧㄝˊ ㄗㄨㄥˋ
脅肩累足,ㄒㄧㄝˊ ㄐㄧㄢ ㄌㄟˇ ㄗㄨˊ
脆快了當,ㄘㄨㄟˋ ㄎㄨㄞˋ ㄌㄧㄠˇ ˙ㄉㄤ
脆生,ㄘㄨㄟˋ ˙ㄕㄥ
脆薄,ㄘㄨㄟˋ ㄅㄛˊ
脈絡膜,ㄇㄞˋ ㄌㄨㄛˋ ㄇㄛˊ
脈脈,ㄇㄛˋ ㄇㄛˋ
脈衝電磁場,ㄇㄞˋ ㄔㄨㄥ ㄉㄧㄢˋ ㄘˊ ㄔㄤˊ
脊檁,ㄐㄧˇ ㄌㄧㄣˇ
脖兒枴,ㄅㄛˊ ㄦ ㄍㄨㄞˇ
脖胦,ㄅㄛˊ ㄧㄤ
脖頸兒,ㄅㄛˊ ㄍㄥˇ ㄦ
脖頸子,ㄅㄛˊ ㄍㄥˇ ˙ㄗ
脩脯,ㄒㄧㄡ ㄈㄨˇ
脫稍兒,ㄊㄨㄛ ㄕㄠ ㄦ
脫難,ㄊㄨㄛ ㄋㄢˋ
脯資,ㄈㄨˇ ㄗ
脯醢,ㄈㄨˇ ㄏㄞˇ
脾氣,ㄆㄧˊ ˙ㄑㄧ
脾氣情性,ㄆㄧˊ ˙ㄑㄧ ㄑㄧㄥˊ ㄒㄧㄥˋ
腊毒,ㄒㄧˊ ㄉㄨˊ
腌䐶,ㄤ ㄗㄤ
腌臢,ㄤ ㄗㄤ
腌裡巴臢,ㄤ ˙ㄌㄧ ㄅㄚ ㄗㄤ
腐化分子,ㄈㄨˇ ㄏㄨㄚˋ ㄈㄣˋ ㄗˇ
腐植質,ㄈㄨˇ ㄓˊ ㄓˊ
腥風血雨,ㄒㄧㄥ ㄈㄥ ㄒㄧㄝˋ ㄩˇ
腦中風,ㄋㄠˇ ㄓㄨㄥˋ ㄈㄥ
腦充血,ㄋㄠˇ ㄔㄨㄥ ㄒㄩㄝˋ
腦兒,ㄋㄠˇ ㄦ
腦杓子,ㄋㄠˇ ㄕㄠˊ ˙ㄗ
腦栓塞,ㄋㄠˇ ㄕㄨㄢ ㄙㄜˋ
腦瓜頂兒,ㄋㄠˇ ㄍㄨㄚ ㄉㄧㄥˇ ㄦ
腦瓢兒,ㄋㄠˇ ㄆㄧㄠˊ ㄦ
腦膜,ㄋㄠˇ ㄇㄛˊ
腦血管栓塞,ㄋㄠˇ ㄒㄧㄝˇ ㄍㄨㄢˇ ㄕㄨㄢ ㄙㄜˋ
腦袋,ㄋㄠˇ ˙ㄉㄞ
腦袋搬家,ㄋㄠˇ ˙ㄉㄞ ㄅㄢ ㄐㄧㄚ
腦袋瓜子,ㄋㄠˇ ˙ㄉㄞ ㄍㄨㄚ ˙ㄗ
腦袋疼,ㄋㄠˇ ˙ㄉㄞ ㄊㄥˊ
腦門兒錢,ㄋㄠˇ ㄇㄣˊ ㄦ ㄑㄧㄢˊ
腰板兒,ㄧㄠ ㄅㄢˇ ㄦ
腰窩兒,ㄧㄠ ㄨㄛ ㄦ
腰站兒,ㄧㄠ ㄓㄢˋ ㄦ
腰金衣紫,ㄧㄠ ㄐㄧㄣ ㄧˋ ㄗˇ
腰頭硬,ㄧㄠ ˙ㄊㄡ ㄧㄥˋ
腳底下,ㄐㄧㄠˇ ㄉㄧˇ ˙ㄒㄧㄚ
腳底板兒,ㄐㄧㄠˇ ㄉㄧˇ ㄅㄢˇ ㄦ
腳打著腦杓子,ㄐㄧㄠˇ ㄉㄚˇ ˙ㄓㄜ ㄋㄠˇ ㄕㄠˊ ˙ㄗ
腳樣兒,ㄐㄧㄠˇ ㄧㄤˋ ㄦ
腳癬,ㄐㄧㄠˇ ㄒㄧㄢˇ
腳行,ㄐㄧㄠˇ ㄏㄤˊ
腸阻塞,ㄔㄤˊ ㄗㄨˇ ㄙㄜˋ
腹便便,ㄈㄨˋ ㄆㄧㄢˊ ㄆㄧㄢˊ
膀胱,ㄆㄤˊ ㄍㄨㄤ
膀胱炎,ㄆㄤˊ ㄍㄨㄤ ㄧㄢˊ
膀胱癌,ㄆㄤˊ ㄍㄨㄤ ㄧㄢˊ
膀胱鏡,ㄆㄤˊ ㄍㄨㄤ ㄐㄧㄥˋ
膃肭,ㄨㄚˋ ㄋㄚˋ
膈肢,ㄍㄜˊ ˙ㄓ
膈肢窩,ㄍㄜˊ ˙ㄓ ㄨㄛ
膈膜,ㄍㄜˊ ㄇㄛˊ
膏粱之子,ㄍㄠ ㄌㄧㄤˊ ㄓ ㄗˇ
膏粱子弟,ㄍㄠ ㄌㄧㄤˊ ㄗˇ ㄉㄧˋ
膏血,ㄍㄠ ㄒㄩㄝˋ
膚如刻畫,ㄈㄨ ㄖㄨˊ ㄎㄜ ㄏㄨㄚˋ
膜拜,ㄇㄛˊ ㄅㄞˋ
膜鳴樂器,ㄇㄛˋ ㄇㄧㄥˊ ㄩㄝˋ ㄑㄧˋ
膠柱調瑟,ㄐㄧㄠ ㄓㄨˋ ㄊㄧㄠˊ ㄙㄜˋ
膠濟鐵路,ㄐㄧㄠ ㄐㄧˇ ㄊㄧㄝˇ ㄌㄨˋ
膠著,ㄐㄧㄠ ㄓㄨㄛˊ
膠著狀態,ㄐㄧㄠ ㄓㄨㄛˊ ㄓㄨㄤˋ ㄊㄞˋ
膩抹,ㄋㄧˋ ˙ㄇㄛ
膩抹兒,ㄋㄧˋ ㄇㄛˇ ㄦ
膩的慌,ㄋㄧˋ ˙ㄉㄜ ˙ㄏㄨㄤ
膩糊,ㄋㄧˋ ˙ㄏㄨ
膴仕,ㄨˇ ㄕˋ
膴膴,ㄨˇ ㄨˇ
膻中,ㄉㄢˋ ㄓㄨㄥ
膽大妄為,ㄉㄢˇ ㄉㄚˋ ㄨㄤˋ ㄨㄟˊ
膽怯,ㄉㄢˇ ㄑㄩㄝˋ
臁兒骨,ㄌㄧㄢˊ ㄦ ㄍㄨˇ
臆度,ㄧˋ ㄉㄨㄛˋ
臉兒,ㄌㄧㄢˇ ㄦ
臉盤兒,ㄌㄧㄢˇ ㄆㄢˊ ㄦ
臉膛兒,ㄌㄧㄢˇ ㄊㄤˊ ㄦ
臉面,ㄌㄧㄢˇ ˙ㄇㄧㄢ
臉面之情,ㄌㄧㄢˇ ˙ㄇㄧㄢ ㄓ ㄑㄧㄥˊ
臊一鼻子灰,ㄙㄠˋ ㄧ ㄅㄧˊ ˙ㄗ ㄏㄨㄟ
臊子,ㄙㄠˋ ˙ㄗ
臊皮,ㄙㄠˋ ㄆㄧˊ
臣子,ㄔㄣˊ ㄗˇ
臥人兒,ㄨㄛˋ ㄖㄣˊ ㄦ
臥兔兒,ㄨㄛˋ ㄊㄨˋ ㄦ
臥果兒,ㄨㄛˋ ㄍㄨㄛˇ ㄦ
臧否,ㄗㄤ ㄆㄧˇ
臧否人物,ㄗㄤ ㄆㄧˇ ㄖㄣˊ ㄨˋ
臨了,ㄌㄧㄣˊ ㄌㄧㄠˇ
臨危自省,ㄌㄧㄣˊ ㄨㄟˊ ㄗˋ ㄒㄧㄥˇ
臨崖勒馬,ㄌㄧㄣˊ ㄧㄞˊ ㄌㄜˋ ㄇㄚˇ
臨帖,ㄌㄧㄣˊ ㄊㄧㄝˋ
臨時抱佛腳,ㄌㄧㄣˊ ㄕˊ ㄅㄠˋ ㄈㄛˊ ㄐㄧㄠˇ
臨機應變,ㄌㄧㄣˊ ㄐㄧ ㄧㄥˋ ㄅㄧㄢˋ
臨機處置,ㄌㄧㄣˊ ㄐㄧ ㄔㄨˇ ㄓˋ
臨死不怯,ㄌㄧㄣˊ ㄙˇ ㄅㄨˋ ㄑㄩㄝˋ
臨江折軸,ㄌㄧㄣˊ ㄐㄧㄤ ㄓㄜˊ ㄓㄨˊ
臨深履薄,ㄌㄧㄣˊ ㄕㄣ ㄌㄩˇ ㄅㄛˊ
臨淵履薄,ㄌㄧㄣˊ ㄩㄢ ㄌㄩˇ ㄅㄛˊ
臨財苟得,ㄌㄧㄣˊ ㄘㄞˊ ㄍㄡˇ ㄉㄜˊ
臨難,ㄌㄧㄣˊ ㄋㄢˋ
臨難不屈,ㄌㄧㄣˊ ㄋㄢˋ ㄅㄨˋ ㄑㄩ
臨難不恐,ㄌㄧㄣˊ ㄋㄢˋ ㄅㄨˋ ㄎㄨㄥˇ
臨難不懼,ㄌㄧㄣˊ ㄋㄢˋ ㄅㄨˋ ㄐㄩˋ
臨難不懾,ㄌㄧㄣˊ ㄋㄢˋ ㄅㄨˋ ㄓㄜˊ
臨難不避,ㄌㄧㄣˊ ㄋㄢˋ ㄅㄨˋ ㄅㄧˋ
臨難無懾,ㄌㄧㄣˊ ㄋㄢˋ ㄨˊ ㄓㄜˊ
臨難苟免,ㄌㄧㄣˊ ㄋㄢˋ ㄍㄡˇ ㄇㄧㄢˇ
臨難鑄兵,ㄌㄧㄣˊ ㄋㄢˋ ㄓㄨˋ ㄅㄧㄥ
臨風搖曳,ㄌㄧㄣˊ ㄈㄥ ㄧㄠˊ ㄧˋ
自了,ㄗˋ ㄌㄧㄠˇ
自以為得計,ㄗˋ ㄧˇ ㄨㄟˊ ㄉㄜˊ ㄐㄧˋ
自以為是,ㄗˋ ㄧˇ ㄨㄟˊ ㄕˋ
自伐,ㄗˋ ㄈㄚˊ
自作自受,ㄗˋ ㄗㄨㄛ ㄗˋ ㄕㄡˋ
自作自用,ㄗˋ ㄗㄨㄛ ㄗˋ ㄩㄥˋ
自個兒,ㄗˋ ㄍㄜˇ ㄦ
自傳,ㄗˋ ㄓㄨㄢˋ
自分,ㄗˋ ㄈㄣˋ
自動資料處理系統,ㄗˋ ㄉㄨㄥˋ ㄗ ㄌㄧㄠˋ ㄔㄨˇ ㄌㄧˇ ㄒㄧˋ ㄊㄨㄥˇ
自好,ㄗˋ ㄏㄠˋ
自度,ㄗˋ ㄉㄨㄛˋ
自度曲,ㄗˋ ㄉㄨˋ ㄑㄩˇ
自得,ㄗˋ ㄉㄜˊ
自得其樂,ㄗˋ ㄉㄜˊ ㄑㄧˊ ㄌㄜˋ
自怨自艾,ㄗˋ ㄩㄢˋ ㄗˋ ㄧˋ
自感應,ㄗˋ ㄍㄢˇ ㄧㄥˋ
自我反省,ㄗˋ ㄨㄛˇ ㄈㄢˇ ㄒㄧㄥˇ
自打嘴巴,ㄗˋ ㄉㄚˇ ㄗㄨㄟˇ ˙ㄅㄚ
自找麻煩,ㄗˋ ㄓㄠˇ ㄇㄚˊ ˙ㄈㄢ
自敘帖,ㄗˋ ㄒㄩˋ ㄊㄧㄝˋ
自毀長城,ㄗˋ ㄏㄨㄟˇ ㄔㄤˊ ㄔㄥˊ
自治都市,ㄗˋ ㄓˋ ㄉㄨ ㄕˋ
自然接種,ㄗˋ ㄖㄢˊ ㄐㄧㄝ ㄓㄨㄥˋ
自由市場,ㄗˋ ㄧㄡˊ ㄕˋ ㄔㄤˊ
自由裁量,ㄗˋ ㄧㄡˊ ㄘㄞˊ ㄌㄧㄤˊ
自由電子,ㄗˋ ㄧㄡˊ ㄉㄧㄢˋ ㄗˇ
自白,ㄗˋ ㄅㄛˊ
自白書,ㄗˋ ㄅㄛˊ ㄕㄨ
自省,ㄗˋ ㄒㄧㄥˇ
自給,ㄗˋ ㄐㄧˇ
自給自足,ㄗˋ ㄐㄧˇ ㄗˋ ㄗㄨˊ
自繇自在,ㄗˋ ㄧㄡˊ ㄗˋ ㄗㄞˋ
自處,ㄗˋ ㄔㄨˇ
自見,ㄗˋ ㄒㄧㄢˋ
自見者不明,ㄗˋ ㄒㄧㄢˋ ㄓㄜˇ ㄅㄨˋ ㄇㄧㄥˊ
自認倒楣,ㄗˋ ㄖㄣˋ ㄉㄠˇ ㄇㄟˊ
自轉,ㄗˋ ㄓㄨㄢˋ
自選市場,ㄗˋ ㄒㄩㄢˇ ㄕˋ ㄔㄤˊ
自鳴得意,ㄗˋ ㄇㄧㄥˊ ㄉㄜˊ ㄧˋ
臭名昭著,ㄔㄡˋ ㄇㄧㄥˊ ㄓㄠ ㄓㄨˋ
臭味相投,ㄒㄧㄡˋ ㄨㄟˋ ㄒㄧㄤ ㄊㄡˊ
臭嚼,ㄔㄡˋ ㄐㄧㄠˊ
臭排場,ㄔㄡˋ ㄆㄞˊ ˙ㄔㄤ
臭短臊長,ㄔㄡˋ ㄉㄨㄢˇ ㄙㄠ ㄔㄤˊ
臭覺,ㄒㄧㄡˋ ㄐㄩㄝˊ
臭豆腐,ㄔㄡˋ ㄉㄡˋ ˙ㄈㄨ
至當,ㄓˋ ㄉㄤˋ
至行,ㄓˋ ㄒㄧㄥˋ
臷國,ㄓˋ ㄍㄨㄛˊ
臺灣桃園國際機場,ㄊㄞˊ ㄨㄢ ㄊㄠˊ ㄩㄢˊ ㄍㄨㄛˊ ㄐㄧˋ ㄐㄧ ㄔㄤˊ
臺灣銀行,ㄊㄞˊ ㄨㄢ ㄧㄣˊ ㄏㄤˊ
舅太太,ㄐㄧㄡˋ ㄊㄞˋ ˙ㄊㄞ
舅奶奶,ㄐㄧㄡˋ ㄋㄞˇ ˙ㄋㄞ
舅老爺,ㄐㄧㄡˋ ㄌㄠˇ ˙ㄧㄝ
舅舅,ㄐㄧㄡˋ ˙ㄐㄧㄡ
與世長辭,ㄩˇ ㄕˋ ㄔㄤˊ ㄘˊ
與世靡爭,ㄩˇ ㄕˋ ㄇㄧˇ ㄓㄥ
與人為善,ㄩˇ ㄖㄣˊ ㄨㄟˊ ㄕㄢˋ
與噲為伍,ㄩˇ ㄎㄨㄞˋ ㄨㄟˊ ㄨˇ
與子同袍,ㄩˇ ㄗˇ ㄊㄨㄥˊ ㄆㄠˊ
與會,ㄩˋ ㄏㄨㄟˋ
與民更始,ㄩˇ ㄇㄧㄣˊ ㄍㄥ ㄕˇ
與聞,ㄩˋ ㄨㄣˊ
與賽,ㄩˋ ㄙㄞˋ
興中會,ㄒㄧㄥ ㄓㄨㄥ ㄏㄨㄟˋ
興亡,ㄒㄧㄥ ㄨㄤˊ
興亡繼絕,ㄒㄧㄥ ㄨㄤˊ ㄐㄧˋ ㄐㄩㄝˊ
興作,ㄒㄧㄥ ㄗㄨㄛˋ
興修,ㄒㄧㄥ ㄒㄧㄡ
興兵,ㄒㄧㄥ ㄅㄧㄥ
興兵動眾,ㄒㄧㄥ ㄅㄧㄥ ㄉㄨㄥˋ ㄓㄨㄥˋ
興凱湖,ㄒㄧㄥ ㄎㄞˇ ㄏㄨˊ
興利,ㄒㄧㄥ ㄌㄧˋ
興利剔弊,ㄒㄧㄥ ㄌㄧˋ ㄊㄧ ㄅㄧˋ
興利除害,ㄒㄧㄥ ㄌㄧˋ ㄔㄨˊ ㄏㄞˋ
興利除弊,ㄒㄧㄥ ㄌㄧˋ ㄔㄨˊ ㄅㄧˋ
興動,ㄒㄧㄥ ㄉㄨㄥˋ
興化戲,ㄒㄧㄥ ㄏㄨㄚˋ ㄒㄧˋ
興和,ㄒㄧㄥ ㄏㄜˊ
興嗟,ㄒㄧㄥ ㄐㄧㄝ
興嘆,ㄒㄧㄥ ㄊㄢˋ
興國安邦,ㄒㄧㄥ ㄍㄨㄛˊ ㄢ ㄅㄤ
興奮,ㄒㄧㄥ ㄈㄣˋ
興奮劑,ㄒㄧㄥ ㄈㄣˋ ㄐㄧˋ
興妖作孽,ㄒㄧㄥ ㄧㄠ ㄗㄨㄛˋ ㄋㄧㄝˋ
興妖作怪,ㄒㄧㄥ ㄧㄠ ㄗㄨㄛˋ ㄍㄨㄞˋ
興學,ㄒㄧㄥ ㄒㄩㄝˊ
興安嶺,ㄒㄧㄥ ㄢ ㄌㄧㄥˇ
興家立業,ㄒㄧㄥ ㄐㄧㄚ ㄌㄧˋ ㄧㄝˋ
興工,ㄒㄧㄥ ㄍㄨㄥ
興師,ㄒㄧㄥ ㄕ
興師動眾,ㄒㄧㄥ ㄕ ㄉㄨㄥˋ ㄓㄨㄥˋ
興師問罪,ㄒㄧㄥ ㄕ ㄨㄣˋ ㄗㄨㄟˋ
興師見罪,ㄒㄧㄥ ㄕ ㄐㄧㄢˋ ㄗㄨㄟˋ
興席,ㄒㄧㄥ ㄒㄧˊ
興廢,ㄒㄧㄥ ㄈㄟˋ
興廢存亡,ㄒㄧㄥ ㄈㄟˋ ㄘㄨㄣˊ ㄨㄤˊ
興廢繼絕,ㄒㄧㄥ ㄈㄟˋ ㄐㄧˋ ㄐㄩㄝˊ
興建,ㄒㄧㄥ ㄐㄧㄢˋ
興微繼絕,ㄒㄧㄥ ㄨㄟˊ ㄐㄧˋ ㄐㄩㄝˊ
興心,ㄒㄧㄥ ㄒㄧㄣ
興戎,ㄒㄧㄥ ㄖㄨㄥˊ
興文匽武,ㄒㄧㄥ ㄨㄣˊ ㄧㄢˇ ㄨˇ
興旺,ㄒㄧㄥ ㄨㄤˋ
興替,ㄒㄧㄥ ㄊㄧˋ
興業公司,ㄒㄧㄥ ㄧㄝˋ ㄍㄨㄥ ㄙ
興滅繼絕,ㄒㄧㄥ ㄇㄧㄝˋ ㄐㄧˋ ㄐㄩㄝˊ
興滅舉廢,ㄒㄧㄥ ㄇㄧㄝˋ ㄐㄩˇ ㄈㄟˋ
興登堡,ㄒㄧㄥ ㄉㄥ ㄅㄠˇ
興盛,ㄒㄧㄥ ㄕㄥˋ
興築,ㄒㄧㄥ ㄓㄨˊ
興衰,ㄒㄧㄥ ㄕㄨㄞ
興訟,ㄒㄧㄥ ㄙㄨㄥˋ
興許,ㄒㄧㄥ ㄒㄩˇ
興詞,ㄒㄧㄥ ㄘˊ
興販,ㄒㄧㄥ ㄈㄢˋ
興辦,ㄒㄧㄥ ㄅㄢˋ
興邦,ㄒㄧㄥ ㄅㄤ
興邦立國,ㄒㄧㄥ ㄅㄤ ㄌㄧˋ ㄍㄨㄛˊ
興都庫什山,ㄒㄧㄥ ㄉㄨ ㄎㄨˋ ㄕˊ ㄕㄢ
興都斯坦,ㄒㄧㄥ ㄉㄨ ㄙ ㄊㄢˇ
興隆,ㄒㄧㄥ ㄌㄨㄥˊ
興雲作雨,ㄒㄧㄥ ㄩㄣˊ ㄗㄨㄛˋ ㄩˇ
興雲作霧,ㄒㄧㄥ ㄩㄣˊ ㄗㄨㄛˋ ㄨˋ
興雲吐霧,ㄒㄧㄥ ㄩㄣˊ ㄊㄨˇ ㄨˋ
興雲布雨,ㄒㄧㄥ ㄩㄣˊ ㄅㄨˋ ㄩˇ
興雲致雨,ㄒㄧㄥ ㄩㄣˊ ㄓˋ ㄩˇ
興革,ㄒㄧㄥ ㄍㄜˊ
興頭,ㄒㄧㄥˋ ˙ㄊㄡ
興風,ㄒㄧㄥ ㄈㄥ
興風作浪,ㄒㄧㄥ ㄈㄥ ㄗㄨㄛˋ ㄌㄤˋ
興騰,ㄒㄧㄥ ㄊㄥˊ
舉不勝舉,ㄐㄩˇ ㄅㄨˋ ㄕㄥ ㄐㄩˇ
舉世混濁,ㄐㄩˇ ㄕˋ ㄏㄨㄣˇ ㄓㄨㄛˊ
舉場,ㄐㄩˇ ㄔㄤˊ
舉子,ㄐㄩˇ ㄗˇ
舉監,ㄐㄩˇ ㄐㄧㄢˋ
舉酒作樂,ㄐㄩˇ ㄐㄧㄡˇ ㄗㄨㄛˋ ㄩㄝˋ
舊地重遊,ㄐㄧㄡˋ ㄉㄧˋ ㄔㄨㄥˊ ㄧㄡˊ
舊夢重溫,ㄐㄧㄡˋ ㄇㄥˋ ㄔㄨㄥˊ ㄨㄣ
舊調重彈,ㄐㄧㄡˋ ㄉㄧㄠˋ ㄔㄨㄥˊ ㄊㄢˊ
舊都,ㄐㄧㄡˋ ㄉㄨ
舌咽神經,ㄕㄜˊ ㄧㄢ ㄕㄣˊ ㄐㄧㄥ
舌苔,ㄕㄜˊ ㄊㄞ
舌頭,ㄕㄜˊ ˙ㄊㄡ
舍下,ㄕㄜˋ ㄒㄧㄚˋ
舍人,ㄕㄜˋ ㄖㄣˊ
舍利,ㄕㄜˋ ㄌㄧˋ
舍利塔,ㄕㄜˋ ㄌㄧˋ ㄊㄚˇ
舍利子,ㄕㄜˋ ㄌㄧˋ ㄗˇ
舍利弗,ㄕㄜˋ ㄌㄧˋ ㄈㄨˊ
舍我其誰,ㄕㄜˇ ㄨㄛˇ ㄑㄧˊ ㄕㄨㄟˊ
舍我復誰,ㄕㄜˇ ㄨㄛˇ ㄈㄨˋ ㄕㄨㄟˊ
舍監,ㄕㄜˋ ㄐㄧㄢ
舍短取長,ㄕㄜˇ ㄉㄨㄢˇ ㄑㄩˇ ㄔㄤˊ
舍短從長,ㄕㄜˇ ㄉㄨㄢˇ ㄘㄨㄥˊ ㄔㄤˊ
舍短用長,ㄕㄜˇ ㄉㄨㄢˇ ㄩㄥˋ ㄔㄤˊ
舍短錄長,ㄕㄜˇ ㄉㄨㄢˇ ㄌㄨˋ ㄔㄤˊ
舍親,ㄕㄜˋ ㄑㄧㄣ
舍間,ㄕㄜˋ ㄐㄧㄢ
舒服,ㄕㄨ ˙ㄈㄨ
舜華,ㄕㄨㄣˋ ㄏㄨㄚ
舞勺,ㄨˇ ㄓㄨㄛˊ
舞場,ㄨˇ ㄔㄤˊ
舞曲,ㄨˇ ㄑㄩˇ
舞樂,ㄨˇ ㄩㄝˋ
舟子,ㄓㄡ ㄗˇ
航路標識,ㄏㄤˊ ㄌㄨˋ ㄅㄧㄠ ㄓˋ
般桓,ㄆㄢˊ ㄏㄨㄢˊ
般樂,ㄆㄢˊ ㄌㄜˋ
般涉調,ㄆㄢˊ ㄕㄜˋ ㄉㄧㄠˋ
般礴,ㄆㄢˊ ㄅㄛˊ
般舟三昧,ㄆㄢˊ ㄓㄡ ㄙㄢ ㄇㄟˋ
般若,ㄅㄛ ㄖㄜˇ
般若波羅蜜多心經,ㄅㄛ ㄖㄜˇ ㄅㄛ ㄌㄨㄛˊ ㄇㄧˋ ㄉㄨㄛ ㄒㄧㄣ ㄐㄧㄥ
般若湯,ㄅㄛ ㄖㄜˇ ㄊㄤ
般若經,ㄅㄛ ㄖㄜˇ ㄐㄧㄥ
般調,ㄅㄢ ㄊㄧㄠˊ
船帆,ㄔㄨㄢˊ ㄈㄢˊ
艮嶽,ㄍㄣˋ ㄩㄝˋ
艮苦冰涼,ㄍㄣˋ ㄎㄨˇ ㄅㄧㄥ ㄌㄧㄤˊ
良价,ㄌㄧㄤˊ ㄐㄧㄝˋ
良家子,ㄌㄧㄤˊ ㄐㄧㄚ ㄗˇ
良家子弟,ㄌㄧㄤˊ ㄐㄧㄚ ㄗˇ ㄉㄧˋ
良將,ㄌㄧㄤˊ ㄐㄧㄤˋ
良將賢相,ㄌㄧㄤˊ ㄐㄧㄤˋ ㄒㄧㄢˊ ㄒㄧㄤˋ
良相,ㄌㄧㄤˊ ㄒㄧㄤˋ
良莠不一,ㄌㄧㄤˊ ㄧㄡˇ ㄅㄨˋ ㄧ
良莠不分,ㄌㄧㄤˊ ㄧㄡˇ ㄅㄨˋ ㄈㄣ
良莠不齊,ㄌㄧㄤˊ ㄧㄡˇ ㄅㄨˋ ㄑㄧˊ
良莠淆雜,ㄌㄧㄤˊ ㄧㄡˇ ㄧㄠˊ ㄗㄚˊ
良賈深藏若虛,ㄌㄧㄤˊ ㄍㄨˇ ㄕㄣ ㄘㄤˊ ㄖㄨㄛˋ ㄒㄩ
良質,ㄌㄧㄤˊ ㄓˊ
良質米,ㄌㄧㄤˊ ㄓˊ ㄇㄧˇ
良質美手,ㄌㄧㄤˊ ㄓˊ ㄇㄟˇ ㄕㄡˇ
艱子,ㄐㄧㄢ ㄗˇ
色子,ㄕㄞˇ ˙ㄗ
色差,ㄙㄜˋ ㄔㄚ
色數兒,ㄕㄞˇ ㄕㄨˋ ㄦ
色相,ㄙㄜˋ ㄒㄧㄤˋ
色絲子女,ㄙㄜˋ ㄙ ㄗˇ ㄋㄩˇ
色質細胞,ㄙㄜˋ ㄓˊ ㄒㄧˋ ㄅㄠ
色養,ㄙㄜˋ ㄧㄤˋ
艽野,ㄑㄧㄡˊ ㄧㄝˇ
艾如張,ㄧˋ ㄖㄨˊ ㄓㄤ
艾安,ㄧˋ ㄢ
艾窩窩,ㄞˋ ㄨㄛ ˙ㄨㄛ
芊萰,ㄑㄧㄢ ㄌㄧㄢˋ
芋頭,ㄩˋ ˙ㄊㄡ
芒種,ㄇㄤˊ ㄓㄨㄥˋ
芝麻,ㄓ ˙ㄇㄚ
芝麻官,ㄓ ˙ㄇㄚ ㄍㄨㄢ
芝麻小事,ㄓ ˙ㄇㄚ ㄒㄧㄠˇ ㄕˋ
芝麻油,ㄓ ˙ㄇㄚ ㄧㄡˊ
芝麻秸,ㄓ ˙ㄇㄚ ㄐㄧㄝ
芝麻糊,ㄓ ˙ㄇㄚ ㄏㄨˊ
芝麻綠豆,ㄓ ˙ㄇㄚ ㄌㄩˋ ㄉㄡˋ
芝麻醬,ㄓ ˙ㄇㄚ ㄐㄧㄤˋ
芥子,ㄐㄧㄝˋ ㄗˇ
芥子園畫傳,ㄐㄧㄝˋ ㄗˇ ㄩㄢˊ ㄏㄨㄚˋ ㄓㄨㄢˋ
芥子毒氣,ㄐㄧㄝˋ ㄗˇ ㄉㄨˊ ㄑㄧˋ
芥子油,ㄐㄧㄝˋ ㄗˇ ㄧㄡˊ
芥子納須彌,ㄐㄧㄝˋ ㄗˇ ㄋㄚˋ ㄒㄩ ㄇㄧˊ
芭苴,ㄅㄚ ㄐㄩˇ
芯子,ㄒㄧㄣˋ ˙ㄗ
花下子,ㄏㄨㄚ ㄒㄧㄚˋ ㄗˇ
花兒洞子,ㄏㄨㄚ ㄦ ㄉㄨㄥˋ ˙ㄗ
花兒針,ㄏㄨㄚ ㄦ ㄓㄣ
花剌子模,ㄏㄨㄚ ㄌㄚˋ ㄗˇ ㄇㄛˊ
花卉冷藏處理,ㄏㄨㄚ ㄏㄨㄟˋ ㄌㄥˇ ㄘㄤˊ ㄔㄨˇ ㄌㄧˇ
花哄,ㄏㄨㄚ ˙ㄏㄨㄥ
花哨,ㄏㄨㄚ ˙ㄕㄠ
花崗岩,ㄏㄨㄚ ㄍㄤ ㄧㄢˊ
花崗岩類,ㄏㄨㄚ ㄍㄤ ㄧㄢˊ ㄌㄟˋ
花崗石,ㄏㄨㄚ ㄍㄤ ㄕˊ
花巾著目,ㄏㄨㄚ ㄐㄧㄣ ㄓㄨㄛˊ ㄇㄨˋ
花心蘿蔔,ㄏㄨㄚ ㄒㄧㄣ ㄌㄨㄛˊ ˙ㄅㄛ
花扦兒,ㄏㄨㄚ ㄑㄧㄢ ㄦ
花掉,ㄏㄨㄚ ˙ㄉㄧㄠ
花搭著,ㄏㄨㄚ ˙ㄉㄚ ˙ㄓㄜ
花攢錦簇,ㄏㄨㄚ ㄘㄨㄢˊ ㄐㄧㄣˇ ㄘㄨˋ
花斑癬,ㄏㄨㄚ ㄅㄢ ㄒㄧㄢˇ
花朝,ㄏㄨㄚ ㄓㄠ
花朝日,ㄏㄨㄚ ㄓㄠ ㄖˋ
花朝月夕,ㄏㄨㄚ ㄓㄠ ㄩㄝˋ ㄒㄧˋ
花朝月夜,ㄏㄨㄚ ㄓㄠ ㄩㄝˋ ㄧㄝˋ
花朝節,ㄏㄨㄚ ㄓㄠ ㄐㄧㄝˊ
花枝兒,ㄏㄨㄚ ㄓ ㄦ
花消,ㄏㄨㄚ ˙ㄒㄧㄠ
花狸狐哨,ㄏㄨㄚ ˙ㄌㄧ ㄏㄨˊ ㄕㄠˋ
花相,ㄏㄨㄚ ㄒㄧㄤˋ
花秧兒,ㄏㄨㄚ ㄧㄤ ㄦ
花稍,ㄏㄨㄚ ˙ㄕㄠ
花簇錦攢,ㄏㄨㄚ ㄘㄨˋ ㄐㄧㄣˇ ㄘㄨㄢˊ
花花公子,ㄏㄨㄚ ㄏㄨㄚ ㄍㄨㄥ ㄗˇ
花花搭搭,ㄏㄨㄚ ˙ㄏㄨㄚ ㄉㄚ ㄉㄚ
花莛兒,ㄏㄨㄚ ㄊㄧㄥˊ ㄦ
花蔓兒,ㄏㄨㄚ ㄇㄢˋ ㄦ
花藜胡哨,ㄏㄨㄚ ˙ㄌㄧ ㄏㄨˊ ㄕㄠˋ
花蛤,ㄏㄨㄚ ㄍㄜˊ
花裡胡哨,ㄏㄨㄚ ˙ㄌㄧ ㄏㄨˊ ㄕㄠˋ
花都,ㄏㄨㄚ ㄉㄨ
花銷,ㄏㄨㄚ ˙ㄒㄧㄠ
花頭,ㄏㄨㄚ ˙ㄊㄡ
花鬨,ㄏㄨㄚ ˙ㄏㄨㄥ
花麗狐哨,ㄏㄨㄚ ˙ㄌㄧ ㄏㄨˊ ㄕㄠˋ
芴漠,ㄏㄨ ㄇㄛˋ
芾芾,ㄈㄨˊ ㄈㄨˊ
苑結,ㄩˋ ㄐㄧㄝˊ
苕帚,ㄊㄧㄠˊ ˙ㄓㄡ
苗兒,ㄇㄧㄠˊ ㄦ
苗條,ㄇㄧㄠˊ ˙ㄊㄧㄠ
苗頭,ㄇㄧㄠˊ ˙ㄊㄡ
苛薄,ㄎㄜ ㄅㄛˊ
苜蓿長欄干,ㄇㄨˋ ㄙㄨˋ ㄔㄤˊ ㄌㄢˊ ㄍㄢ
苟且唐塞,ㄍㄡˇ ㄑㄧㄝˇ ㄊㄤˊ ㄙㄜˋ
苟得,ㄍㄡˇ ㄉㄜˊ
苟為,ㄍㄡˇ ㄨㄟˊ
若出一轍,ㄖㄨㄛˋ ㄔㄨ ㄧ ㄔㄜˋ
若夫,ㄖㄨㄛˋ ㄈㄨˊ
若數家珍,ㄖㄨㄛˋ ㄕㄨˇ ㄐㄧㄚ ㄓㄣ
若有還無,ㄖㄨㄛˋ ㄧㄡˇ ㄏㄨㄢˊ ㄨˊ
若還,ㄖㄨㄛˋ ㄏㄨㄢˊ
苦參,ㄎㄨˇ ㄕㄣ
苦差事,ㄎㄨˇ ㄔㄞ ˙ㄕ
苦楝子,ㄎㄨˇ ㄌㄧㄢˋ ㄗˇ
苦活兒,ㄎㄨˇ ㄏㄨㄛˊ ㄦ
苦相,ㄎㄨˇ ㄒㄧㄤˋ
苦繃苦拽,ㄎㄨˇ ㄅㄥ ㄎㄨˇ ㄓㄨㄞˋ
苦處,ㄎㄨˇ ˙ㄔㄨ
苦買賣,ㄎㄨˇ ㄇㄞˇ ˙ㄇㄞ
苦難,ㄎㄨˇ ㄋㄢˋ
苫眼鋪眉,ㄕㄢ ㄧㄢˇ ㄆㄨ ㄇㄟˊ
英雄交響曲,ㄧㄥ ㄒㄩㄥˊ ㄐㄧㄠ ㄒㄧㄤˇ ㄑㄩˇ
英雄出少年,ㄧㄥ ㄒㄩㄥˊ ㄔㄨ ㄕㄠˋ ㄋㄧㄢˊ
茁實,ㄓㄨㄛˊ ˙ㄕ
茂興,ㄇㄠˋ ㄒㄧㄥ
茂行,ㄇㄠˋ ㄒㄧㄥˋ
范蠡,ㄈㄢˋ ㄌㄧˇ
茄子,ㄑㄧㄝˊ ˙ㄗ
茄子也讓三分老,ㄑㄧㄝˊ ˙ㄗ ㄧㄝˇ ㄖㄤˋ ㄙㄢ ㄈㄣ ㄌㄠˇ
茄科,ㄑㄧㄝˊ ㄎㄜ
茄袋,ㄑㄧㄝˊ ㄉㄞˋ
茅塞,ㄇㄠˊ ㄙㄜˋ
茅塞頓開,ㄇㄠˊ ㄙㄜˋ ㄉㄨㄣˋ ㄎㄞ
茅廁,ㄇㄠˊ ˙ㄙ
茅廁坑,ㄇㄠˊ ˙ㄙ ㄎㄥ
茅廁的磚,ㄇㄠˊ ˙ㄙ ˙ㄉㄜ ㄓㄨㄢ
茅廁磚頭,ㄇㄠˊ ˙ㄙ ㄓㄨㄢ ˙ㄊㄡ
茅廁裡的石頭,ㄇㄠˊ ˙ㄙ ㄌㄧˇ ˙ㄉㄜ ㄕˊ ˙ㄊㄡ
茅舍,ㄇㄠˊ ㄕㄜˋ
茇茇,ㄅㄟˋ ㄅㄟˋ
茈胡,ㄔㄞˊ ㄏㄨˊ
茉莉,ㄇㄛˋ ˙ㄌㄧ
茵藉,ㄧㄣ ㄐㄧㄝˋ
茶上,ㄔㄚˊ ˙ㄕㄤ
茶匙,ㄔㄚˊ ㄔˊ
茶攤兒,ㄔㄚˊ ㄊㄢ ㄦ
茶水錢,ㄔㄚˊ ˙ㄕㄨㄟ ㄑㄧㄢˊ
茶行,ㄔㄚˊ ㄏㄤˊ
茶錢,ㄔㄚˊ ˙ㄑㄧㄢ
茶食,ㄔㄚˊ ˙ㄕ
荀勖,ㄒㄩㄣˊ ㄒㄩˋ
荀子,ㄒㄩㄣˊ ㄗˇ
荃葛,ㄑㄩㄢˊ ㄍㄜˇ
草刺兒,ㄘㄠˇ ㄘˋ ㄦ
草場,ㄘㄠˇ ㄔㄤˊ
草字頭兒,ㄘㄠˇ ㄗˋ ㄊㄡˊ ㄦ
草帚兒,ㄘㄠˇ ㄓㄡˇ ㄦ
草底兒,ㄘㄠˇ ㄉㄧˇ ㄦ
草標兒,ㄘㄠˇ ㄅㄧㄠ ㄦ
草率,ㄘㄠˇ ㄕㄨㄞˋ
草率將事,ㄘㄠˇ ㄕㄨㄞˋ ㄐㄧㄤ ㄕˋ
草率收兵,ㄘㄠˇ ㄕㄨㄞˋ ㄕㄡ ㄅㄧㄥ
草紇繨,ㄘㄠˇ ㄍㄜ ˙ㄉㄚ
草舍,ㄘㄠˇ ㄕㄜˋ
草草了事,ㄘㄠˇ ㄘㄠˇ ㄌㄧㄠˇ ㄕˋ
草質莖,ㄘㄠˇ ㄓˊ ㄐㄧㄥ
草靡風行,ㄘㄠˇ ㄇㄧˇ ㄈㄥ ㄒㄧㄥˊ
草頭天子,ㄘㄠˇ ㄊㄡˊ ㄊㄧㄢ ㄗˇ
草頭方兒,ㄘㄠˇ ㄊㄡˊ ㄈㄤ ㄦ
荒功好頑,ㄏㄨㄤ ㄍㄨㄥ ㄏㄠˋ ㄨㄢˊ
荔子,ㄌㄧˋ ㄗˇ
荷包,ㄏㄜˊ ˙ㄅㄠ
荷懼,ㄏㄜˋ ㄐㄩˋ
荷擔,ㄏㄜˋ ㄉㄢ
荷槍實彈,ㄏㄜˋ ㄑㄧㄤ ㄕˊ ㄉㄢˋ
荷花大少,ㄏㄜˊ ㄏㄨㄚ ㄉㄚˋ ㄕㄠˋ
荷蓑,ㄏㄜˋ ㄙㄨㄛ
荷重,ㄏㄜˋ ㄓㄨㄥˋ
荷鋤,ㄏㄜˋ ㄔㄨˊ
荸薺,ㄅㄧˊ ㄑㄧˊ
荼壘,ㄕㄨ ㄌㄩˋ
莊子,ㄓㄨㄤ ㄗˇ
莊子鼓盆,ㄓㄨㄤ ㄗˇ ㄍㄨˇ ㄆㄣˊ
莊家,ㄓㄨㄤ ˙ㄐㄧㄚ
莊稼,ㄓㄨㄤ ˙ㄐㄧㄚ
莊稼人,ㄓㄨㄤ ˙ㄐㄧㄚ ㄖㄣˊ
莊稼地,ㄓㄨㄤ ˙ㄐㄧㄚ ㄉㄧˋ
莊稼活兒,ㄓㄨㄤ ˙ㄐㄧㄚ ㄏㄨㄛˊ ㄦ
莊稼漢,ㄓㄨㄤ ˙ㄐㄧㄚ ㄏㄢˋ
莎草,ㄙㄨㄛ ㄘㄠˇ
莘莘學子,ㄕㄣ ㄕㄣ ㄒㄩㄝˊ ㄗˇ
莞爾,ㄨㄢˇ ㄦˇ
莨綢,ㄌㄧㄤˊ ㄔㄡˊ
莫府,ㄇㄨˋ ㄈㄨˇ
莫得,ㄇㄛˋ ㄉㄜˊ
莫敢誰何,ㄇㄛˋ ㄍㄢˇ ㄕㄨㄟˊ ㄏㄜˊ
莫春,ㄇㄨˋ ㄔㄨㄣ
莫景,ㄇㄨˋ ㄐㄧㄥˇ
莫此為甚,ㄇㄛˋ ㄘˇ ㄨㄟˊ ㄕㄣˋ
莫知所為,ㄇㄛˋ ㄓ ㄙㄨㄛˇ ㄨㄟˊ
莫邪,ㄇㄛˋ ㄧㄝˊ
菀枯,ㄩˋ ㄎㄨ
菀柳,ㄩˋ ㄌㄧㄡˇ
菁英分子,ㄐㄧㄥ ㄧㄥ ㄈㄣˋ ㄗˇ
菉豆,ㄌㄩˋ ㄉㄡˋ
菉豆眼,ㄌㄩˋ ㄉㄡˋ ㄧㄢˇ
菌褶,ㄐㄩㄣˋ ㄓㄜˊ
菑畬,ㄗ ㄩˊ
菜場,ㄘㄞˋ ㄔㄤˊ
菜子,ㄘㄞˋ ㄗˇ
菜市口,ㄘㄞˋ ˙ㄕ ㄎㄡˇ
菜市場,ㄘㄞˋ ㄕˋ ㄔㄤˊ
菟絲,ㄊㄨˋ ㄙ
菟絲子,ㄊㄨˋ ㄙ ㄗˇ
菟葵,ㄊㄨˋ ㄎㄨㄟˊ
菟裘,ㄊㄨˋ ㄑㄧㄡˊ
菩提子,ㄆㄨˊ ㄊㄧˊ ㄗˇ
菩提迦耶,ㄆㄨˊ ㄊㄧˊ ㄐㄧㄚ ㄧㄝ
華亭鶴唳,ㄏㄨㄚˋ ㄊㄧㄥˊ ㄏㄜˋ ㄌㄧˋ
華佗,ㄏㄨㄚˋ ㄊㄨㄛˊ
華佗再世,ㄏㄨㄚˋ ㄊㄨㄛˊ ㄗㄞˋ ㄕˋ
華元,ㄏㄨㄚˋ ㄩㄢˊ
華勒沙,ㄏㄨㄚˊ ㄌㄜˋ ㄕㄚ
華嚴一乘教義分齊章,ㄏㄨㄚˊ ㄧㄢˊ ㄧ ㄕㄥˋ ㄐㄧㄠˋ ㄧˋ ㄈㄣ ㄑㄧˊ ㄓㄤ
華嚴金獅子章,ㄏㄨㄚˊ ㄧㄢˊ ㄐㄧㄣ ㄕ ㄗˇ ㄓㄤ
華封三祝,ㄏㄨㄚˋ ㄈㄥ ㄙㄢ ㄓㄨˋ
華山,ㄏㄨㄚˋ ㄕㄢ
華山碑,ㄏㄨㄚˋ ㄕㄢ ㄅㄟ
華岳,ㄏㄨㄚˋ ㄩㄝˋ
華嵒,ㄏㄨㄚˋ ㄧㄢˊ
華嶽,ㄏㄨㄚˋ ㄩㄝˋ
華歆,ㄏㄨㄚˋ ㄒㄧㄣ
華爾滋舞曲,ㄏㄨㄚˊ ㄦˇ ㄗ ㄨˇ ㄑㄩˇ
華祝三多,ㄏㄨㄚˋ ㄓㄨˋ ㄙㄢ ㄉㄨㄛ
華膴,ㄏㄨㄚˊ ㄨˇ
華興會,ㄏㄨㄚˊ ㄒㄧㄥ ㄏㄨㄟˋ
華萼,ㄏㄨㄚ ㄜˋ
華蘅芳,ㄏㄨㄚˋ ㄏㄥˊ ㄈㄤ
華鄂,ㄏㄨㄚ ㄜˋ
華陰縣,ㄏㄨㄚˋ ㄧㄣ ㄒㄧㄢˋ
華靡,ㄏㄨㄚˊ ㄇㄧˇ
菱角,ㄌㄧㄥˊ ˙ㄐㄧㄠ
菱角磨作雞頭,ㄌㄧㄥˊ ˙ㄐㄧㄠ ㄇㄛˊ ㄗㄨㄛˋ ㄐㄧ ㄊㄡˊ
菲人事,ㄈㄟˇ ㄖㄣˊ ㄕˋ
菲儀,ㄈㄟˇ ㄧˊ
菲才寡學,ㄈㄟˇ ㄘㄞˊ ㄍㄨㄚˇ ㄒㄩㄝˊ
菲敬,ㄈㄟˇ ㄐㄧㄥˋ
菲材,ㄈㄟˇ ㄘㄞˊ
菲禮,ㄈㄟˇ ㄌㄧˇ
菲薄,ㄈㄟˇ ㄅㄛˊ
菲藝,ㄈㄟˇ ㄧˋ
菲衣惡食,ㄈㄟˇ ㄧ ㄜˋ ㄕˊ
菲酌,ㄈㄟˇ ㄓㄨㄛˊ
菲食卑宮,ㄈㄟˇ ㄕˊ ㄅㄟ ㄍㄨㄥ
菲食薄衣,ㄈㄟˇ ㄕˊ ㄅㄛˊ ㄧ
菴舍,ㄢ ㄕㄜˋ
菴菴,ㄢˋ ㄢˋ
菴藹,ㄢˋ ㄞˇ
菸嘴兒,ㄧㄢ ㄗㄨㄟˇ ㄦ
菽水之養,ㄕㄨˊ ㄕㄨㄟˇ ㄓ ㄧㄤˋ
萊子侯刻石,ㄌㄞˊ ㄗˇ ㄏㄡˊ ㄎㄜˋ ㄕˊ
萌兒,ㄇㄥˊ ㄦ
萍蹤靡定,ㄆㄧㄥˊ ㄗㄨㄥ ㄇㄧˇ ㄉㄧㄥˋ
萎蕤,ㄨㄟˇ ㄖㄨㄟˊ
萎靡,ㄨㄟ ㄇㄧˇ
萎靡不振,ㄨㄟ ㄇㄧˇ ㄅㄨˋ ㄓㄣˋ
萐莆,ㄕㄚˋ ㄈㄨˇ
萬不得已,ㄨㄢˋ ㄅㄨˋ ㄉㄜˊ ㄧˇ
萬乘,ㄨㄢˋ ㄕㄥˋ
萬乘之國,ㄨㄢˋ ㄕㄥˋ ㄓ ㄍㄨㄛˊ
萬乘之尊,ㄨㄢˋ ㄕㄥˋ ㄓ ㄗㄨㄣ
萬兒,ㄨㄢˋ ㄦ
萬兒八千,ㄨㄢˋ ㄦ ㄅㄚ ㄑㄧㄢ
萬別千差,ㄨㄢˋ ㄅㄧㄝˊ ㄑㄧㄢ ㄔㄚ
萬卷,ㄨㄢˋ ㄐㄩㄢˋ
萬古長春,ㄨㄢˋ ㄍㄨˇ ㄔㄤˊ ㄔㄨㄣ
萬古長青,ㄨㄢˋ ㄍㄨˇ ㄔㄤˊ ㄑㄧㄥ
萬家生佛,ㄨㄢˋ ㄐㄧㄚ ㄕㄥ ㄈㄛˊ
萬幾,ㄨㄢˋ ㄐㄧ
萬把,ㄨㄢˋ ˙ㄅㄚ
萬石,ㄨㄢˋ ㄉㄢˋ
萬箭攢心,ㄨㄢˋ ㄐㄧㄢˋ ㄘㄨㄢˊ ㄒㄧㄣ
萬象更新,ㄨㄢˋ ㄒㄧㄤˋ ㄍㄥ ㄒㄧㄣ
萬載千秋,ㄨㄢˋ ㄗㄞˇ ㄑㄧㄢ ㄑㄧㄡ
萬里長城,ㄨㄢˋ ㄌㄧˇ ㄔㄤˊ ㄔㄥˊ
萬重,ㄨㄢˋ ㄔㄨㄥˊ
萬頭攢動,ㄨㄢˋ ㄊㄡˊ ㄘㄨㄢˊ ㄉㄨㄥˋ
萯陽,ㄅㄟˋ ㄧㄤˊ
萴子,ㄗㄜˊ ㄗˇ
萹蓄,ㄆㄧㄢ ㄒㄩˋ
落下,ㄌㄨㄛˋ ˙ㄒㄧㄚ
落不是,ㄌㄠˋ ㄅㄨˋ ˙ㄕ
落不的,ㄌㄠˋ ㄅㄨˋ ˙ㄉㄜ
落了,ㄌㄚˋ ˙ㄌㄜ
落作,ㄌㄠˋ ㄗㄨㄛ
落便宜,ㄌㄨㄛˋ ㄆㄧㄢˊ ㄧˊ
落個直過兒,ㄌㄨㄛˋ ˙ㄍㄜ ㄓˊ ㄍㄨㄛˋ ㄦ
落兒,ㄌㄠˋ ㄦ
落卷,ㄌㄨㄛˋ ㄐㄩㄢˋ
落地罩,ㄌㄠˋ ˙ㄉㄧ ㄓㄠˋ
落坎兒,ㄌㄨㄛˋ ㄎㄢˇ ㄦ
落場,ㄌㄚˋ ㄔㄤˊ
落子,ㄌㄠˋ ˙ㄗ
落子館,ㄌㄠˋ ˙ㄗ ㄍㄨㄢˇ
落差,ㄌㄨㄛˋ ㄔㄚ
落帳,ㄌㄠˋ ㄓㄤˋ
落度,ㄌㄨㄛˋ ㄉㄨㄛˋ
落得,ㄌㄨㄛˋ ㄉㄜˊ
落得河水不洗船,ㄌㄨㄛˋ ㄉㄜˊ ㄏㄜˊ ㄕㄨㄟˇ ㄅㄨˋ ㄒㄧˇ ㄔㄨㄢˊ
落忍,ㄌㄠˋ ㄖㄣˇ
落枕,ㄌㄠˋ ㄓㄣˇ
落架,ㄌㄠˋ ㄐㄧㄚˋ
落槽,ㄌㄠˋ ㄘㄠˊ
落炕,ㄌㄠˋ ㄎㄤˋ
落白事,ㄌㄠˋ ㄅㄞˊ ㄕˋ
落神,ㄌㄚˋ ㄕㄣˊ
落禮兒,ㄌㄚˋ ㄌㄧˇ ㄦ
落翅仔,ㄌㄨㄛˋ ㄔˋ ㄗˇ
落草為寇,ㄌㄨㄛˋ ㄘㄠˇ ㄨㄟˊ ㄎㄡˋ
落草為盜,ㄌㄨㄛˋ ㄘㄠˇ ㄨㄟˊ ㄉㄠˋ
落薄,ㄌㄨㄛˋ ㄅㄛˊ
落褒貶,ㄌㄠˋ ㄅㄠ ˙ㄅㄧㄢ
落話,ㄌㄚˋ ㄏㄨㄚˋ
落難,ㄌㄨㄛˋ ㄋㄢˋ
落魄,ㄌㄨㄛˋ ㄊㄨㄛˋ
落魄不羈,ㄌㄨㄛˋ ㄊㄨㄛˋ ㄅㄨˋ ㄐㄧ
葄枕,ㄗㄨㄛˋ ㄓㄣˋ
葉公好龍,ㄕㄜˋ ㄍㄨㄥ ㄏㄠˋ ㄌㄨㄥˊ
葉子格,ㄧㄝˋ ㄗˇ ㄍㄜˊ
葉尼塞河,ㄧㄝˋ ㄋㄧˊ ㄙㄜˋ ㄏㄜˊ
葉綠體基質,ㄧㄝˋ ㄌㄩˋ ㄊㄧˇ ㄐㄧ ㄓˊ
葉縣,ㄕㄜˋ ㄒㄧㄢˋ
葉面對稱,ㄧㄝˋ ㄇㄧㄢˋ ㄉㄨㄟˋ ㄔㄥˋ
葑菲,ㄈㄥ ㄈㄟˇ
葑菲之采,ㄈㄥ ㄈㄟˇ ㄓ ㄘㄞˇ
著三不著兩,ㄓㄠˊ ㄙㄢ ㄅㄨˋ ㄓㄠˊ ㄌㄧㄤˇ
著人,ㄓㄨㄛˊ ㄖㄣˊ
著作,ㄓㄨˋ ㄗㄨㄛˋ
著作權,ㄓㄨˋ ㄗㄨㄛˋ ㄑㄩㄢˊ
著作權委員會,ㄓㄨˋ ㄗㄨㄛˋ ㄑㄩㄢˊ ㄨㄟˇ ㄩㄢˊ ㄏㄨㄟˋ
著作權法,ㄓㄨˋ ㄗㄨㄛˋ ㄑㄩㄢˊ ㄈㄚˇ
著作物,ㄓㄨˋ ㄗㄨㄛˋ ㄨˋ
著作等身,ㄓㄨˋ ㄗㄨㄛˋ ㄉㄥˇ ㄕㄣ
著作自由,ㄓㄨˋ ㄗㄨㄛˋ ㄗˋ ㄧㄡˊ
著作郎,ㄓㄨˋ ㄗㄨㄛˋ ㄌㄤˊ
著作鄰接權,ㄓㄨˋ ㄗㄨㄛˋ ㄌㄧㄣˊ ㄐㄧㄝ ㄑㄩㄢˊ
著先鞭,ㄓㄨㄛˊ ㄒㄧㄢ ㄅㄧㄢ
著力,ㄓㄨㄛˊ ㄌㄧˋ
著即,ㄓㄨㄛˊ ㄐㄧˊ
著名,ㄓㄨˋ ㄇㄧㄥˊ
著地,ㄓㄨㄛˊ ㄉㄧˋ
著墨,ㄓㄨㄛˊ ㄇㄛˋ
著實,ㄓㄨㄛˊ ㄕˊ
著己,ㄓㄨㄛˊ ㄐㄧˇ
著床,ㄓㄨㄛˊ ㄔㄨㄤˊ
著志,ㄓㄨㄛˊ ㄓˋ
著忙,ㄓㄠˊ ㄇㄤˊ
著急,ㄓㄠ ㄐㄧˊ
著惱,ㄓㄨㄛˊ ㄋㄠˇ
著想,ㄓㄠˊ ㄒㄧㄤˇ
著意,ㄓㄨㄛˊ ㄧˋ
著慌,ㄓㄠ ㄏㄨㄤ
著手,ㄓㄨㄛˊ ㄕㄡˇ
著手回春,ㄓㄨㄛˊ ㄕㄡˇ ㄏㄨㄟˊ ㄔㄨㄣ
著手成春,ㄓㄨㄛˊ ㄕㄡˇ ㄔㄥˊ ㄔㄨㄣ
著手腳,ㄓㄠˊ ㄕㄡˇ ㄐㄧㄠˇ
著摸,ㄓㄨㄛˊ ㄇㄛ
著數,ㄓㄠ ㄕㄨˋ
著書,ㄓㄨˋ ㄕㄨ
著書立說,ㄓㄨˋ ㄕㄨ ㄌㄧˋ ㄕㄨㄛ
著棋,ㄓㄨㄛˊ ㄑㄧˊ
著水,ㄓㄨㄛˊ ㄕㄨㄟˇ
著涼,ㄓㄠ ㄌㄧㄤˊ
著火,ㄓㄠˊ ㄏㄨㄛˇ
著火點,ㄓㄠˊ ㄏㄨㄛˇ ㄉㄧㄢˇ
著然,ㄓㄨㄛˊ ㄖㄢˊ
著甚,ㄓㄨㄛˊ ㄕㄣˊ
著甚來由,ㄓㄨㄛˊ ㄕㄣˊ ㄌㄞˊ ㄧㄡˊ
著生植物,ㄓㄨㄛˊ ㄕㄥ ㄓˊ ㄨˋ
著用,ㄓㄠˊ ㄩㄥˋ
著疼熱,ㄓㄨㄛˊ ㄊㄥˊ ㄖㄜˋ
著眼,ㄓㄨㄛˊ ㄧㄢˇ
著眼點,ㄓㄨㄛˊ ㄧㄢˇ ㄉㄧㄢˇ
著稱,ㄓㄨˋ ㄔㄥ
著筆,ㄓㄨㄛˊ ㄅㄧˇ
著糞佛頭,ㄓㄨㄛˊ ㄈㄣˋ ㄈㄛˊ ㄊㄡˊ
著緊,ㄓㄨㄛˊ ㄐㄧㄣˇ
著績,ㄓㄨˋ ㄐㄧ
著者,ㄓㄨˋ ㄓㄜˇ
著肉,ㄓㄠˊ ㄖㄡˋ
著腳,ㄓㄨㄛˊ ㄐㄧㄠˇ
著腳書樓,ㄓㄨㄛˊ ㄐㄧㄠˇ ㄕㄨ ㄌㄡˊ
著色,ㄓㄨㄛˊ ㄙㄜˋ
著花,ㄓㄨㄛˊ ㄏㄨㄚ
著莫,ㄓㄨㄛˊ ㄇㄛˋ
著落,ㄓㄨㄛˊ ˙ㄌㄨㄛ
著著失敗,ㄓㄨㄛˊ ㄓㄨㄛˊ ㄕ ㄅㄞˋ
著著進逼,ㄓㄨㄛˊ ㄓㄨㄛˊ ㄐㄧㄣˋ ㄅㄧ
著處,ㄓㄨㄛˊ ㄔㄨˋ
著衣,ㄓㄨㄛˊ ㄧ
著衣鏡,ㄓㄨㄛˊ ㄧ ㄐㄧㄥˋ
著論,ㄓㄨˋ ㄌㄨㄣˋ
著跡,ㄓㄠˊ ㄐㄧ
著身,ㄓㄨㄛˊ ㄕㄣ
著述,ㄓㄨˋ ㄕㄨˋ
著述等身,ㄓㄨˋ ㄕㄨˋ ㄉㄥˇ ㄕㄣ
著迷,ㄓㄠˊ ㄇㄧˊ
著道,ㄓㄠˊ ㄉㄠˋ
著重,ㄓㄨㄛˊ ㄓㄨㄥˋ
著重兒,ㄓㄨㄛˊ ㄓㄨㄥˋ ㄦ
著錄,ㄓㄨˋ ㄌㄨˋ
著陸,ㄓㄨㄛˊ ㄌㄨˋ
著雨,ㄓㄨㄛˊ ㄩˇ
著題,ㄓㄨㄛˊ ㄊㄧˊ
著風,ㄓㄠ ㄈㄥ
著魔,ㄓㄠˊ ㄇㄛˊ
葛仙米,ㄍㄜˇ ㄒㄧㄢ ㄇㄧˇ
葛仙翁,ㄍㄜˇ ㄒㄧㄢ ㄨㄥ
葛天八闋,ㄍㄜˇ ㄊㄧㄢ ㄅㄚ ㄑㄩㄝˋ
葛天氏,ㄍㄜˇ ㄊㄧㄢ ㄕˋ
葛洪,ㄍㄜˇ ㄏㄨㄥˊ
葛玄,ㄍㄜˇ ㄒㄩㄢˊ
葡萄乾,ㄆㄨˊ ㄊㄠˊ ㄍㄢ
葧薺,ㄅㄛˊ ㄑㄧˊ
葫蘆,ㄏㄨˊ ˙ㄌㄨ
葫蘆兒,ㄏㄨˊ ˙ㄌㄨ ㄦ
葫蘆裡賣的甚麼藥,ㄏㄨˊ ˙ㄌㄨ ㄌㄧˇ ㄇㄞˋ ˙ㄉㄜ ㄕㄣˊ ˙ㄇㄣ ㄧㄠˋ
葵花子,ㄎㄨㄟˊ ㄏㄨㄚ ㄗˇ
葶藶,ㄊㄧㄥˊ ㄌㄧˋ
葷允,ㄒㄩㄣ ㄩㄣˇ
葷笑話,ㄏㄨㄣ ㄒㄧㄠˋ ˙ㄏㄨㄚ
蒙古兒,ㄇㄥˊ ㄍㄨˇ ㄦ
蒙古大夫,ㄇㄥˊ ㄍㄨˇ ㄉㄞˋ ㄈㄨ
蒙難,ㄇㄥˊ ㄋㄢˋ
蒜瓣兒,ㄙㄨㄢˋ ㄅㄢˋ ㄦ
蒜瓣骨朵,ㄙㄨㄢˋ ㄅㄢˋ ㄍㄨ ˙ㄉㄨㄛ
蒲包兒,ㄆㄨˊ ㄅㄠ ㄦ
蒲墩兒,ㄆㄨˊ ㄉㄨㄣ ㄦ
蒲甸兒,ㄆㄨˊ ㄉㄧㄢˋ ㄦ
蒸漚歷瀾,ㄓㄥ ㄡˋ ㄌㄧˋ ㄌㄢˊ
蒸熟的鴨子,ㄓㄥ ㄕㄡˊ ˙ㄉㄜ ㄧㄚ ˙ㄗ
蒸餾,ㄓㄥ ㄌㄧㄡˋ
蒸餾器,ㄓㄥ ㄌㄧㄡˋ ㄑㄧˋ
蒸餾水,ㄓㄥ ㄌㄧㄡˋ ㄕㄨㄟˇ
蒸餾法,ㄓㄥ ㄌㄧㄡˋ ㄈㄚˇ
蒸餾瓶,ㄓㄥ ㄌㄧㄡˋ ㄆㄧㄥˊ
蒸餾酒,ㄓㄥ ㄌㄧㄡˋ ㄐㄧㄡˇ
蒼勁,ㄘㄤ ㄐㄧㄥˋ
蒼蠅,ㄘㄤ ˙ㄧㄥ
蒼蠅不抱沒縫的雞蛋,ㄘㄤ ˙ㄧㄥ ㄅㄨˋ ㄅㄠˋ ㄇㄟˊ ㄈㄥˋ ˙ㄉㄜ ㄐㄧ ㄉㄢˋ
蒼蠅拍子,ㄘㄤ ˙ㄧㄥ ㄆㄞ ˙ㄗ
蒼蠅掐了頭,ㄘㄤ ˙ㄧㄥ ㄑㄧㄚ ˙ㄌㄜ ㄊㄡˊ
蒼蠅紙,ㄘㄤ ˙ㄧㄥ ㄓˇ
蒼蠅見血,ㄘㄤ ˙ㄧㄥ ㄐㄧㄢˋ ㄒㄧㄝˇ
蒼鶻,ㄘㄤ ㄏㄨˊ
蓁椒,ㄑㄧㄣˊ ㄐㄧㄠ
蓊茸,ㄨㄥˇ ㄖㄨㄥˇ
蓋火,ㄍㄞˋ ˙ㄏㄨㄛ
蓋盅兒,ㄍㄞˋ ㄓㄨㄥ ㄦ
蓋闕,ㄍㄞˋ ㄑㄩㄝ
蓋頭,ㄍㄞˋ ˙ㄊㄡ
蓬蓬孛孛,ㄆㄥˊ ㄆㄥˊ ㄅㄛˊ ㄅㄛˊ
蓬顆,ㄆㄥˊ ㄎㄜˇ
蓮子,ㄌㄧㄢˊ ㄗˇ
蓮子花,ㄌㄧㄢˊ ㄗˇ ㄏㄨㄚ
蓮花落,ㄌㄧㄢˊ ㄏㄨㄚ ㄌㄠˋ
蓮華衣,ㄌㄧㄢˊ ㄏㄨㄚ ㄧ
蓮蓬頭,ㄌㄧㄢˊ ˙ㄆㄥ ㄊㄡˊ
蓼莪,ㄌㄨˋ ㄜˊ
蓼菜成行,ㄌㄧㄠˇ ㄘㄞˋ ㄔㄥˊ ㄏㄤˊ
蓼蓼,ㄌㄨˋ ㄌㄨˋ
蓽露藍蔞,ㄅㄧˋ ㄌㄨˋ ㄌㄢˊ ㄌㄩˇ
蔓菁,ㄇㄢˊ ˙ㄐㄧㄥ
蔚為大觀,ㄨㄟˋ ㄨㄟˊ ㄉㄚˋ ㄍㄨㄢ
蔚為奇觀,ㄨㄟˋ ㄨㄟˊ ㄑㄧˊ ㄍㄨㄢ
蔚蔚,ㄩˋ ㄩˋ
蔡澤看相,ㄘㄞˋ ㄗㄜˊ ㄎㄢˋ ㄒㄧㄤˋ
蔣百里,ㄐㄧㄤˇ ㄅㄛˊ ㄌㄧˇ
蔣舍三徑,ㄐㄧㄤˇ ㄕㄜˋ ㄙㄢ ㄐㄧㄥˋ
蔥白兒,ㄘㄨㄥ ㄅㄞˊ ㄦ
蔦蘿施喬松,ㄋㄧㄠˇ ㄌㄨㄛˊ ㄧˋ ㄑㄧㄠˊ ㄙㄨㄥ
蔫甘,ㄋㄧㄢ ˙ㄍㄢ
蔭子封妻,ㄧㄣˋ ㄗˇ ㄈㄥ ㄑㄧ
蔽塞,ㄅㄧˋ ㄙㄜˋ
蔽席,ㄈㄨˊ ㄒㄧˊ
蔽聰塞明,ㄅㄧˋ ㄘㄨㄥ ㄙㄜˋ ㄇㄧㄥˊ
蕁麻,ㄒㄩㄣˊ ㄇㄚˊ
蕁麻疹,ㄒㄩㄣˊ ㄇㄚˊ ㄓㄣˇ
蕃侯,ㄈㄢˊ ㄏㄡˊ
蕃孌,ㄈㄢˊ ㄌㄩㄢˇ
蕃庶,ㄈㄢˊ ㄕㄨˋ
蕃廡,ㄈㄢˊ ㄨˇ
蕃息,ㄈㄢˊ ㄒㄧˊ
蕃昌,ㄈㄢˊ ㄔㄤ
蕃殖,ㄈㄢˊ ㄓˊ
蕃滋,ㄈㄢˊ ㄗ
蕃籬之鷃,ㄈㄢˊ ㄌㄧˊ ㄓ ㄧㄢˋ
蕃育,ㄈㄢˊ ㄩˋ
蕃蕪,ㄈㄢˊ ㄨˊ
蕃衍,ㄈㄢˊ ㄧㄢˇ
蕃衍不絕,ㄈㄢˊ ㄧㄢˇ ㄅㄨˋ ㄐㄩㄝˊ
蕉萃,ㄑㄧㄠˊ ㄘㄨㄟˋ
蕙心紈質,ㄏㄨㄟˋ ㄒㄧㄣ ㄨㄢˊ ㄓˊ
蕙心蘭質,ㄏㄨㄟˋ ㄒㄧㄣ ㄌㄢˊ ㄓˊ
蕙質,ㄏㄨㄟˋ ㄓˊ
蕙質蘭心,ㄏㄨㄟˋ ㄓˊ ㄌㄢˊ ㄒㄧㄣ
蕩子,ㄉㄤˋ ㄗˇ
蕩蕩悠悠,ㄉㄤˋ ˙ㄉㄤ ㄧㄡ ㄧㄡ
蕪累,ㄨˊ ㄌㄟˇ
蕭散,ㄒㄧㄠ ㄙㄢˇ
薄伎,ㄅㄛˊ ㄐㄧˋ
薄伽丘,ㄅㄛˊ ㄑㄧㄝˊ ㄑㄧㄡ
薄伽尼,ㄅㄛˊ ㄑㄧㄝˊ ㄋㄧˊ
薄伽梵,ㄅㄛˊ ㄑㄧㄝˊ ㄈㄢˋ
薄俗,ㄅㄛˊ ㄙㄨˊ
薄倖,ㄅㄛˊ ㄒㄧㄥˋ
薄倖人,ㄅㄛˊ ㄒㄧㄥˋ ㄖㄣˊ
薄儀,ㄅㄛˊ ㄧˊ
薄具,ㄅㄛˊ ㄐㄩˋ
薄分,ㄅㄛˊ ㄈㄣˋ
薄利,ㄅㄛˊ ㄌㄧˋ
薄利多銷,ㄅㄛˊ ㄌㄧˋ ㄉㄨㄛ ㄒㄧㄠ
薄劣,ㄅㄛˊ ㄌㄧㄝˋ
薄厚,ㄅㄛˊ ㄏㄡˋ
薄命,ㄅㄛˊ ㄇㄧㄥˋ
薄命女,ㄅㄛˊ ㄇㄧㄥˋ ㄋㄩˇ
薄壁組織,ㄅㄛˊ ㄅㄧˋ ㄗㄨˇ ㄓ
薄夫,ㄅㄛˊ ㄈㄨ
薄媚,ㄅㄛˊ ㄇㄟˋ
薄宦,ㄅㄛˊ ㄏㄨㄢˋ
薄幹,ㄅㄛˊ ㄍㄢˋ
薄弱,ㄅㄛˊ ㄖㄨㄛˋ
薄待,ㄅㄛˊ ㄉㄞˋ
薄怯,ㄅㄛˊ ㄑㄩㄝˋ
薄怯怯,ㄅㄛˊ ㄑㄩㄝˋ ㄑㄩㄝˋ
薄情,ㄅㄛˊ ㄑㄧㄥˊ
薄情無義,ㄅㄛˊ ㄑㄧㄥˊ ㄨˊ ㄧˋ
薄情郎,ㄅㄛˊ ㄑㄧㄥˊ ㄌㄤˊ
薄惡,ㄅㄛˊ ㄜˋ
薄意,ㄅㄛˊ ㄧˋ
薄懲,ㄅㄛˊ ㄔㄥˊ
薄批細切,ㄅㄛˊ ㄆㄧ ㄒㄧˋ ㄑㄧㄝ
薄技,ㄅㄛˊ ㄐㄧˋ
薄明,ㄅㄛˊ ㄇㄧㄥˊ
薄晚,ㄅㄛˊ ㄨㄢˇ
薄暮,ㄅㄛˊ ㄇㄨˋ
薄曉,ㄅㄛˊ ㄒㄧㄠˇ
薄曲,ㄅㄛˊ ㄑㄩ
薄殼,ㄅㄛˊ ㄎㄜˊ
薄母,ㄅㄛˊ ㄇㄨˇ
薄海,ㄅㄛˊ ㄏㄞˇ
薄海同仇,ㄅㄛˊ ㄏㄞˇ ㄊㄨㄥˊ ㄔㄡˊ
薄海歡騰,ㄅㄛˊ ㄏㄞˇ ㄏㄨㄢ ㄊㄥˊ
薄溼溼,ㄅㄛˊ ㄕ ㄕ
薄片,ㄅㄛˊ ㄆㄧㄢˋ
薄片子,ㄅㄛˊ ㄆㄧㄢˋ ˙ㄗ
薄片子嘴,ㄅㄛˊ ㄆㄧㄢˋ ˙ㄗ ㄗㄨㄟˇ
薄物細故,ㄅㄛˊ ㄨˋ ㄒㄧˋ ㄍㄨˋ
薄生生,ㄅㄛˊ ㄕㄥ ㄕㄥ
薄產,ㄅㄛˊ ㄔㄢˇ
薄田,ㄅㄛˊ ㄊㄧㄢˊ
薄田朽屋,ㄅㄛˊ ㄊㄧㄢˊ ㄒㄧㄡˇ ㄨ
薄相,ㄅㄛˊ ㄒㄧㄤˋ
薄眉,ㄅㄛˊ ㄇㄟˊ
薄祚寒門,ㄅㄛˊ ㄗㄨㄛˋ ㄏㄢˊ ㄇㄣˊ
薄祜,ㄅㄛˊ ㄏㄨˋ
薄祿相,ㄅㄛˊ ㄌㄨˋ ㄒㄧㄤˋ
薄福,ㄅㄛˊ ㄈㄨˊ
薄禮,ㄅㄛˊ ㄌㄧˇ
薄籃,ㄅㄛˊ ㄌㄢˊ
薄紗,ㄅㄛˊ ㄕㄚ
薄紹之,ㄅㄛˊ ㄕㄠˋ ㄓ
薄翅黃蝶,ㄅㄛˊ ㄔˋ ㄏㄨㄤˊ ㄉㄧㄝˊ
薄耆,ㄅㄛˊ ㄑㄧˊ
薄脆,ㄅㄛˊ ㄘㄨㄟˋ
薄脣輕言,ㄅㄛˊ ㄔㄨㄣˊ ㄑㄧㄥ ㄧㄢˊ
薄膜,ㄅㄛˊ ㄇㄛˋ
薄臉,ㄅㄛˊ ㄌㄧㄢˇ
薄荷,ㄅㄛˋ ˙ㄏㄜ
薄荷油,ㄅㄛˋ ˙ㄏㄜ ㄧㄡˊ
薄荷精,ㄅㄛˋ ˙ㄏㄜ ㄐㄧㄥ
薄荷腦,ㄅㄛˋ ˙ㄏㄜ ㄋㄠˇ
薄落,ㄅㄛˊ ㄌㄨㄛˋ
薄薄,ㄅㄛˊ ㄅㄛˊ
薄薄怯怯,ㄅㄛˊ ㄅㄛˊ ㄑㄩㄝˋ ㄑㄩㄝˋ
薄藍,ㄅㄛˊ ㄌㄢˊ
薄行,ㄅㄛˊ ㄒㄧㄥˋ
薄裝,ㄅㄛˊ ㄓㄨㄤ
薄親,ㄅㄛˊ ㄑㄧㄣ
薄識,ㄅㄛˊ ㄕˋ
薄貼,ㄅㄛˊ ㄊㄧㄝ
薄賤,ㄅㄛˊ ㄐㄧㄢˋ
薄遽,ㄅㄛˊ ㄐㄩˋ
薄酌,ㄅㄛˊ ㄓㄨㄛˊ
薄酬,ㄅㄛˊ ㄔㄡˊ
薄醉,ㄅㄛˊ ㄗㄨㄟˋ
薄陋,ㄅㄛˊ ㄌㄡˋ
薄雲,ㄅㄛˊ ㄩㄣˊ
薄面,ㄅㄛˊ ㄇㄧㄢˋ
薄面含嗔,ㄅㄛˊ ㄇㄧㄢˋ ㄏㄢˊ ㄔㄣ
薄頭,ㄅㄛˊ ㄊㄡˊ
薄餅,ㄅㄛˊ ㄅㄧㄥˇ
薄鬢,ㄅㄛˊ ㄅㄧㄣˋ
薦頭,ㄐㄧㄢˋ ˙ㄊㄡ
薦頭店,ㄐㄧㄢˋ ˙ㄊㄡ ㄉㄧㄢˋ
薩都剌,ㄙㄚˋ ㄉㄨ ㄌㄚˋ
薪給,ㄒㄧㄣ ㄐㄧˇ
薯莨,ㄕㄨˇ ㄌㄧㄤˊ
薰豁,ㄒㄩㄣ ㄏㄨㄛˋ
薺薴,ㄐㄧˋ ㄋㄧㄥˊ
藉助,ㄐㄧㄝˋ ㄓㄨˋ
藉卉,ㄐㄧㄝˋ ㄏㄨㄟˋ
藉口,ㄐㄧㄝˋ ㄎㄡˇ
藉手,ㄐㄧㄝˋ ㄕㄡˇ
藉故,ㄐㄧㄝˋ ㄍㄨˋ
藉槁,ㄐㄧㄝˋ ㄍㄠˇ
藉機,ㄐㄧㄝˋ ㄐㄧ
藉甚,ㄐㄧㄝˋ ㄕㄣˋ
藉端,ㄐㄧㄝˋ ㄉㄨㄢ
藉箸代籌,ㄐㄧㄝˋ ㄓㄨˋ ㄉㄞˋ ㄔㄡˊ
藉草枕塊,ㄐㄧㄝˋ ㄘㄠˇ ㄓㄣˇ ㄎㄨㄞˋ
藉詞,ㄐㄧㄝˋ ㄘˊ
藋粱,ㄉㄧˊ ㄌㄧㄤˊ
藍田種玉,ㄌㄢˊ ㄊㄧㄢˊ ㄓㄨㄥˋ ㄩˋ
藏北高原,ㄗㄤˋ ㄅㄟˇ ㄍㄠ ㄩㄢˊ
藏南縱谷,ㄗㄤˋ ㄋㄢˊ ㄗㄨㄥ ㄍㄨˇ
藏悶兒,ㄘㄤˊ ㄇㄣ ㄦ
藏文,ㄗㄤˋ ㄨㄣˊ
藏曆,ㄗㄤˋ ㄌㄧˋ
藏矇歌兒,ㄘㄤˊ ㄇㄥˊ ㄍㄜ ㄦ
藏紅花,ㄗㄤˋ ㄏㄨㄥˊ ㄏㄨㄚ
藏經,ㄗㄤˋ ㄐㄧㄥ
藏藍,ㄗㄤˋ ㄌㄢˊ
藏語,ㄗㄤˋ ㄩˇ
藏貓兒,ㄘㄤˊ ㄇㄠ ㄦ
藏針縫,ㄘㄤˊ ㄓㄣ ㄈㄥˊ
藏青,ㄗㄤˋ ㄑㄧㄥ
藏香,ㄗㄤˋ ㄒㄧㄤ
藐姑射,ㄇㄧㄠˇ ㄍㄨ ㄧㄝˋ
藕棒兒,ㄡˇ ㄅㄤˋ ㄦ
藕絲兒,ㄡˇ ㄙ ㄦ
藕零兒,ㄡˇ ㄌㄧㄥˊ ㄦ
藝壓當行,ㄧˋ ㄧㄚ ㄉㄤ ㄏㄤˊ
藝術歌曲,ㄧˋ ㄕㄨˋ ㄍㄜ ㄑㄩˇ
藥師佛,ㄧㄠˋ ㄕ ㄈㄛˊ
藥物中毒,ㄧㄠˋ ㄨˋ ㄓㄨㄥˋ ㄉㄨˊ
藥發傀儡,ㄧㄠˋ ㄈㄚ ㄎㄨㄟˇ ㄌㄟˇ
藥行,ㄧㄠˋ ㄏㄤˊ
藥麵兒,ㄧㄠˋ ㄇㄧㄢˋ ㄦ
藷蔗,ㄓㄨ ㄓㄜˋ
蘆洲蟹舍,ㄌㄨˊ ㄓㄡ ㄒㄧㄝˋ ㄕㄜˋ
蘇州彈詞,ㄙㄨ ㄓㄡ ㄊㄢˊ ㄘˊ
蘇州評彈,ㄙㄨ ㄓㄡ ㄆㄧㄥˊ ㄊㄢˊ
蘇打餅乾,ㄙㄨ ㄉㄚˇ ㄅㄧㄥˇ ㄍㄢ
蘇轍,ㄙㄨ ㄔㄜˋ
蘇門長嘯,ㄙㄨ ㄇㄣˊ ㄔㄤˊ ㄒㄧㄠˋ
蘊藉,ㄩㄣˋ ㄐㄧㄝˋ
蘊藉含蓄,ㄩㄣˋ ㄐㄧㄝˋ ㄏㄢˊ ㄒㄩˋ
蘋婆,ㄆㄧㄣˊ ㄆㄛˊ
蘋果子姜尼,ㄆㄧㄥˊ ㄍㄨㄛˇ ㄗˇ ㄐㄧㄤ ㄋㄧˊ
蘋葉,ㄆㄧㄣˊ ㄧㄝˋ
蘋風,ㄆㄧㄣˊ ㄈㄥ
蘑菇,ㄇㄛˊ ˙ㄍㄨ
蘭亭帖,ㄌㄢˊ ㄊㄧㄥˊ ㄊㄧㄝˋ
蘭臭,ㄌㄢˊ ㄒㄧㄡˋ
蘭臺公子,ㄌㄢˊ ㄊㄞˊ ㄍㄨㄥ ㄗˇ
蘭花末兒,ㄌㄢˊ ㄏㄨㄚ ㄇㄛˋ ㄦ
蘭花煙,ㄌㄢˊ ˙ㄏㄨㄚ ㄧㄢ
蘭芷漸滫,ㄌㄢˊ ㄓˇ ㄐㄧㄢ ㄒㄧㄡˇ
蘭若,ㄌㄢˊ ㄖㄜˇ
蘭葉撇,ㄌㄢˊ ㄧㄝˋ ㄆㄧㄝˇ
蘭蕙質,ㄌㄢˊ ㄏㄨㄟˋ ㄓˊ
蘿蔔,ㄌㄨㄛˊ ˙ㄅㄛ
蘿蔔乾,ㄌㄨㄛˊ ˙ㄅㄛ ㄍㄢ
蘿蔔精,ㄌㄨㄛˊ ˙ㄅㄛ ㄐㄧㄥ
蘿蔔糕,ㄌㄨㄛˊ ˙ㄅㄛ ㄍㄠ
蘿蔔頭,ㄌㄨㄛˊ ˙ㄅㄛ ㄊㄡˊ
虎不拉,ㄏㄨˇ ˙ㄅㄨ ㄌㄚ
虎兒,ㄏㄨˇ ㄦ
虎剌孩,ㄏㄨˇ ㄌㄚˋ ㄏㄞˊ
虎圈,ㄏㄨˇ ㄐㄩㄢˋ
虎子,ㄏㄨˇ ㄗˇ
虎將,ㄏㄨˇ ㄐㄧㄤˋ
虎毒不食子,ㄏㄨˇ ㄉㄨˊ ㄅㄨˋ ㄕˊ ㄗˇ
虎父無犬子,ㄏㄨˇ ㄈㄨˋ ㄨˊ ㄑㄩㄢˇ ㄗˇ
虎皮羊質,ㄏㄨˇ ㄆㄧˊ ㄧㄤˊ ㄓˊ
虎而冠,ㄏㄨˇ ㄦˊ ㄍㄨㄢˋ
虎賁,ㄏㄨˇ ㄅㄣ
虎賁中郎將,ㄏㄨˇ ㄅㄣ ㄓㄨㄥ ㄌㄤˊ ㄐㄧㄤˋ
虓闞,ㄒㄧㄠ ㄏㄢˇ
處世,ㄔㄨˇ ㄕˋ
處世待人,ㄔㄨˇ ㄕˋ ㄉㄞˋ ㄖㄣˊ
處之泰然,ㄔㄨˇ ㄓ ㄊㄞˋ ㄖㄢˊ
處事,ㄔㄨˇ ㄕˋ
處分,ㄔㄨˇ ㄈㄣˋ
處刑,ㄔㄨˇ ㄒㄧㄥˊ
處境,ㄔㄨˇ ㄐㄧㄥˋ
處境尷尬,ㄔㄨˇ ㄐㄧㄥˋ ㄍㄢ ㄍㄚˋ
處士,ㄔㄨˇ ㄕˋ
處女,ㄔㄨˇ ㄋㄩˇ
處女作,ㄔㄨˇ ㄋㄩˇ ㄗㄨㄛˋ
處女地,ㄔㄨˇ ㄋㄩˇ ㄉㄧˋ
處女膜,ㄔㄨˇ ㄋㄩˇ ㄇㄛˋ
處女航,ㄔㄨˇ ㄋㄩˇ ㄏㄤˊ
處女表演,ㄔㄨˇ ㄋㄩˇ ㄅㄧㄠˇ ㄧㄢˇ
處子,ㄔㄨˇ ㄗˇ
處安思危,ㄔㄨˇ ㄢ ㄙ ㄨㄟˊ
處宗談雞,ㄔㄨˇ ㄗㄨㄥ ㄊㄢˊ ㄐㄧ
處室,ㄔㄨˇ ㄕˋ
處心積慮,ㄔㄨˇ ㄒㄧㄣ ㄐㄧ ㄌㄩˋ
處斬,ㄔㄨˇ ㄓㄢˇ
處斷,ㄔㄨˇ ㄉㄨㄢˋ
處方,ㄔㄨˇ ㄈㄤ
處方箋,ㄔㄨˇ ㄈㄤ ㄐㄧㄢ
處暑,ㄔㄨˇ ㄕㄨˇ
處死,ㄔㄨˇ ㄙˇ
處決,ㄔㄨˇ ㄐㄩㄝˊ
處治,ㄔㄨˇ ㄓˋ
處理,ㄔㄨˇ ㄌㄧˇ
處理品,ㄔㄨˇ ㄌㄧˇ ㄆㄧㄣˇ
處窩子,ㄔㄨˇ ˙ㄨㄛ ˙ㄗ
處約,ㄔㄨˇ ㄩㄝ
處置,ㄔㄨˇ ㄓˋ
處罰,ㄔㄨˇ ㄈㄚˊ
處變不驚,ㄔㄨˇ ㄅㄧㄢˋ ㄅㄨˋ ㄐㄧㄥ
處身,ㄔㄨˇ ㄕㄣ
處館,ㄔㄨˇ ㄍㄨㄢˇ
虛喝,ㄒㄩ ㄏㄜˋ
虛怯,ㄒㄩ ㄑㄩㄝˋ
虛應故事,ㄒㄩ ㄧㄥˋ ㄍㄨˋ ㄕˋ
虛給,ㄒㄩ ㄐㄧˇ
虛聲恫嚇,ㄒㄩ ㄕㄥ ㄉㄨㄥˋ ㄏㄜˋ
虛與委蛇,ㄒㄩ ㄩˇ ㄨㄟ ㄧˊ
虛薄,ㄒㄩ ㄅㄛˊ
虛驚一場,ㄒㄩ ㄐㄧㄥ ㄧ ㄔㄤˊ
虞犯少年,ㄩˊ ㄈㄢˋ ㄕㄠˋ ㄋㄧㄢˊ
號咷痛哭,ㄏㄠˊ ㄊㄠˊ ㄊㄨㄥˋ ㄎㄨ
號哭,ㄏㄠˊ ㄎㄨ
號啕,ㄏㄠˊ ㄊㄠˊ
號啕大哭,ㄏㄠˊ ㄊㄠˊ ㄉㄚˋ ㄎㄨ
號啕痛哭,ㄏㄠˊ ㄊㄠˊ ㄊㄨㄥˋ ㄎㄨ
號喪,ㄏㄠˊ ㄙㄤ
號坎兒,ㄏㄠˋ ㄎㄢˇ ㄦ
號天叩地,ㄏㄠˊ ㄊㄧㄢ ㄎㄡˋ ㄉㄧˋ
號天哭地,ㄏㄠˊ ㄊㄧㄢ ㄎㄨ ㄉㄧˋ
號天大哭,ㄏㄠˊ ㄊㄧㄢ ㄉㄚˋ ㄎㄨ
號天扣地,ㄏㄠˊ ㄊㄧㄢ ㄎㄡˋ ㄉㄧˋ
號天拍地,ㄏㄠˊ ㄊㄧㄢ ㄆㄞ ㄉㄧˋ
號天號地,ㄏㄠˊ ㄊㄧㄢ ㄏㄠˊ ㄉㄧˋ
號寒啼飢,ㄏㄠˊ ㄏㄢˊ ㄊㄧˊ ㄐㄧ
號帖,ㄏㄠˋ ㄊㄧㄝˇ
號泣,ㄏㄠˊ ㄑㄧˋ
號舍,ㄏㄠˋ ㄕㄜˋ
虧不盡,ㄎㄨㄟ ˙ㄅㄨ ㄐㄧㄣˋ
虧心短行,ㄎㄨㄟ ㄒㄧㄣ ㄉㄨㄢˇ ㄒㄧㄥˋ
虧空,ㄎㄨㄟ ㄎㄨㄥˋ
虧累,ㄎㄨㄟ ㄌㄟˇ
虯髯客傳,ㄑㄧㄡˊ ㄖㄢˊ ㄎㄜˋ ㄓㄨㄢˋ
虹蜺,ㄏㄨㄥˊ ㄋㄧˊ
虺虺,ㄏㄨㄟˇ ㄏㄨㄟˇ
虺蛇入夢,ㄏㄨㄟˇ ㄕㄜˊ ㄖㄨˋ ㄇㄥˋ
虺蜮,ㄏㄨㄟˇ ㄩˋ
虺蜴,ㄏㄨㄟˇ ㄧˋ
虼蚤,ㄍㄜˋ ˙ㄗㄠ
虼蚪兒,ㄍㄜˋ ㄉㄡˇ ㄦ
蚌埠市,ㄅㄤˋ ㄈㄨˋ ㄕˋ
蚵仔煎,ㄜˊ ㄗˇ ㄐㄧㄢ
蚵仔麵線,ㄜˊ ㄗˇ ㄇㄧㄢˋ ㄒㄧㄢˋ
蚺䗊,ㄊㄧㄢˋ ㄊㄢˋ
蚺蛇,ㄖㄢˊ ㄕㄜˊ
蛇心佛口,ㄕㄜˊ ㄒㄧㄣ ㄈㄛˊ ㄎㄡˇ
蛇蛇,ㄧˊ ㄧˊ
蛋白質,ㄉㄢˋ ㄅㄞˊ ㄓˊ
蛐蛐兒,ㄑㄩ ˙ㄑㄩ ㄦ
蛐蛐兒罩子,ㄑㄩ ˙ㄑㄩ ㄦ ㄓㄠˋ ˙ㄗ
蛐蛐罐兒,ㄑㄩ ˙ㄑㄩ ㄍㄨㄢˋ ㄦ
蛛蛛,ㄓㄨ ˙ㄓㄨ
蛟龍得水,ㄐㄧㄠ ㄌㄨㄥˊ ㄉㄜˊ ㄕㄨㄟˇ
蛟龍得雲雨,ㄐㄧㄠ ㄌㄨㄥˊ ㄉㄜˊ ㄩㄣˊ ㄩˇ
蛤柱,ㄍㄜˊ ㄓㄨˋ
蛤灰,ㄍㄜˊ ㄏㄨㄟ
蛤粉,ㄍㄜˊ ㄈㄣˇ
蛤蚌,ㄍㄜˊ ㄅㄤˋ
蛤蚧,ㄍㄜˊ ㄐㄧㄝˋ
蛤蜊,ㄍㄜˊ ㄌㄧˊ
蛤蟆,ㄏㄚˊ ˙ㄇㄚ
蛤蟆吵坑,ㄏㄚˊ ˙ㄇㄚ ㄔㄠˇ ㄎㄥ
蛤蟆蹲,ㄏㄚˊ ˙ㄇㄚ ㄉㄨㄣ
蛤蠣,ㄍㄜˊ ㄌㄧˋ
蛻變,ㄕㄨㄟˋ ㄅㄧㄢˋ
蛾綠,ㄜˊ ㄌㄨˋ
蜀素帖,ㄕㄨˇ ㄙㄨˋ ㄊㄧㄝˋ
蜂窩兒,ㄈㄥ ㄨㄛ ㄦ
蜃蛤,ㄕㄣˋ ㄍㄜˊ
蜃車,ㄕㄣˋ ㄐㄩ
蜚條,ㄈㄟˇ ㄊㄧㄠˊ
蜚短流長,ㄈㄟ ㄉㄨㄢˇ ㄌㄧㄡˊ ㄔㄤˊ
蜚色,ㄈㄟˇ ㄙㄜˋ
蜚蠊,ㄈㄟˇ ㄌㄧㄢˊ
蜜供,ㄇㄧˋ ㄍㄨㄥˋ
蜜罐兒,ㄇㄧˋ ㄍㄨㄢˋ ㄦ
蜜裡調油,ㄇㄧˋ ˙ㄌㄧ ㄊㄧㄠˊ ㄧㄡˊ
蜡月,ㄓㄚˋ ㄩㄝˋ
蜡祭,ㄓㄚˋ ㄐㄧˋ
蜷蜿,ㄑㄩㄢˊ ㄨㄢ
蝍蛆,ㄐㄧˊ ㄐㄩ
蝍蛆鉗帶,ㄐㄧˊ ㄐㄩ ㄑㄧㄢˊ ㄉㄞˋ
蝎蝎螫螫,ㄏㄜˊ ㄏㄜˊ ㄓㄜ ㄓㄜ
蝕刻,ㄕˊ ㄎㄜ
蝕相,ㄕˊ ㄒㄧㄤˋ
蝤蛑,ㄐㄧㄡ ㄇㄡˊ
蝥賊,ㄇㄠˊ ㄗㄜˊ
蝦兵蟹將,ㄒㄧㄚ ㄅㄧㄥ ㄒㄧㄝˋ ㄐㄧㄤˋ
蝦米,ㄒㄧㄚ ˙ㄇㄧ
蝦芭,ㄒㄧㄚ ˙ㄅㄚ
蝦蟆,ㄏㄚˊ ˙ㄇㄚ
蝦蟆促織兒,ㄏㄚˊ ˙ㄇㄚ ㄘㄨˋ ㄓ ㄦ
蝦蟆子,ㄏㄚˊ ˙ㄇㄚ ˙ㄗ
蝦蟆跳在戥盤子裡,ㄏㄚˊ ˙ㄇㄚ ㄊㄧㄠˋ ㄗㄞˋ ㄉㄥˇ ㄆㄢˊ ˙ㄗ ㄌㄧˇ
蝦蟆陵,ㄏㄚˊ ˙ㄇㄚ ㄌㄧㄥˊ
蝨處褌中,ㄕ ㄔㄨˇ ㄎㄨㄣ ㄓㄨㄥ
蝳蝐,ㄉㄞˋ ㄇㄟˋ
蝸舍,ㄍㄨㄚ ㄕㄜˋ
螇蚸,ㄒㄧ ㄌㄧˋ
螇螰,ㄒㄧ ㄌㄨˋ
融泄,ㄖㄨㄥˊ ㄧˋ
融為一體,ㄖㄨㄥˊ ㄨㄟˊ ㄧ ㄊㄧˇ
螞蚱,ㄇㄚˋ ˙ㄓㄚ
螞螂,ㄇㄚ ˙ㄌㄤ
螞蟻啃骨頭,ㄇㄚˇ ㄧˇ ㄎㄣˇ ㄍㄨˇ ˙ㄊㄡ
螟蛉子,ㄇㄧㄥˊ ㄌㄧㄥˊ ㄗˇ
螣蛇,ㄊㄥˊ ㄕㄜˊ
螣蛇無足而飛,ㄊㄥˊ ㄕㄜˊ ㄨˊ ㄗㄨˊ ㄦˊ ㄈㄟ
螫傷,ㄓㄜ ㄕㄤ
螫蠅,ㄓㄜ ㄧㄥˊ
螲蟷,ㄉㄧㄝˊ ㄉㄤˋ
螳臂當車,ㄊㄤˊ ㄅㄧˋ ㄉㄤˇ ㄔㄜ
螵蛸,ㄆㄧㄠ ㄒㄧㄠ
螺子黛,ㄌㄨㄛˊ ㄗˇ ㄉㄞˋ
螺紋鑽,ㄌㄨㄛˊ ㄨㄣˊ ㄗㄨㄢˋ
螺螄,ㄌㄨㄛˊ ˙ㄙ
螺螄轉兒,ㄌㄨㄛˊ ˙ㄙ ㄓㄨㄢˋ ㄦ
螻蟻得志,ㄌㄡˊ ㄧˇ ㄉㄜˊ ㄓˋ
螾廬曲談,ㄧㄣˇ ㄌㄨˊ ㄑㄩˇ ㄊㄢˊ
蟄伏,ㄓˊ ㄈㄨˊ
蟄居,ㄓˊ ㄐㄩ
蟄獸,ㄓˊ ㄕㄡˋ
蟄蟄,ㄓˊ ㄓˊ
蟄蟲,ㄓˊ ㄔㄨㄥˊ
蟄陷,ㄓˊ ㄒㄧㄢˋ
蟄雷,ㄓˊ ㄌㄟˊ
蟈蟈兒,ㄍㄨㄛ ˙ㄍㄨㄛ ㄦ
蟊賊,ㄇㄠˊ ㄗㄜˊ
蟛螖,ㄆㄥˊ ㄏㄨㄚˊ
蟠虺紋,ㄆㄢˊ ㄏㄨㄟˇ ㄨㄣˊ
蟭蟟蟲,ㄐㄧㄠ ㄌㄧㄠˊ ㄔㄨㄥˊ
蟲兒,ㄔㄨㄥˊ ㄦ
蟲字旁兒,ㄔㄨㄥˊ ㄗˋ ㄆㄤˊ ㄦ
蟶乾,ㄔㄥ ㄍㄢ
蟺蜎,ㄔㄢˊ ㄐㄩㄢ
蠍蠍螫螫,ㄒㄧㄝ ㄒㄧㄝ ㄓㄜ ㄓㄜ
蠟查,ㄌㄚˋ ㄓㄚ
蠟燭相,ㄌㄚˋ ㄓㄨˊ ㄒㄧㄤˋ
蠟芯兒,ㄌㄚˋ ㄒㄧㄣˋ ㄦ
蠟頭兒,ㄌㄚˋ ㄊㄡˊ ㄦ
蠠沒,ㄇㄧˋ ㄇㄛˋ
蠡縣,ㄌㄧˇ ㄒㄧㄢˋ
蠢東西,ㄔㄨㄣˇ ㄉㄨㄥ ˙ㄒㄧ
蠣鷸,ㄌㄧˋ ㄩˋ
蠶兒似的,ㄘㄢˊ ㄦ ㄙˋ ˙ㄉㄜ
蠹居棋處,ㄉㄨˋ ㄐㄩ ㄑㄧˊ ㄔㄨˇ
蠻橫,ㄇㄢˊ ㄏㄥˋ
蠻聲哈剌,ㄇㄢˊ ㄕㄥ ㄏㄚ ㄌㄚˋ
血光之災,ㄒㄩㄝˋ ㄍㄨㄤ ㄓ ㄗㄞ
血化為碧,ㄒㄩㄝˋ ㄏㄨㄚˋ ㄨㄟˊ ㄅㄧˋ
血參,ㄒㄧㄝˇ ㄕㄣ
血口噴人,ㄒㄩㄝˋ ㄎㄡˇ ㄆㄣ ㄖㄣˊ
血嗣,ㄒㄩㄝˋ ㄙˋ
血忱,ㄒㄩㄝˋ ㄔㄣˊ
血本,ㄒㄩㄝˋ ㄅㄣˇ
血本無歸,ㄒㄩㄝˋ ㄅㄣˇ ㄨˊ ㄍㄨㄟ
血氣,ㄒㄩㄝˋ ㄑㄧˋ
血氣之勇,ㄒㄩㄝˋ ㄑㄧˋ ㄓ ㄩㄥˇ
血氣方剛,ㄒㄩㄝˋ ㄑㄧˋ ㄈㄤ ㄍㄤ
血氣方壯,ㄒㄩㄝˋ ㄑㄧˋ ㄈㄤ ㄓㄨㄤˋ
血氣方盛,ㄒㄩㄝˋ ㄑㄧˋ ㄈㄤ ㄕㄥˋ
血泊,ㄒㄩㄝˋ ㄅㄛˊ
血流如注,ㄒㄩㄝˋ ㄌㄧㄡˊ ㄖㄨˊ ㄓㄨˋ
血流成河,ㄒㄩㄝˋ ㄌㄧㄡˊ ㄔㄥˊ ㄏㄜˊ
血流成渠,ㄒㄩㄝˋ ㄌㄧㄡˊ ㄔㄥˊ ㄑㄩˊ
血流漂杵,ㄒㄩㄝˋ ㄌㄧㄡˊ ㄆㄧㄠ ㄔㄨˇ
血滴子,ㄒㄧㄝˇ ㄉㄧ ㄗˇ
血脈賁張,ㄒㄧㄝˇ ㄇㄞˋ ㄅㄣ ㄓㄤ
血衚衕,ㄒㄧㄝˇ ㄏㄨˊ ˙ㄊㄨㄥ
血誠,ㄒㄩㄝˋ ㄔㄥˊ
血食,ㄒㄩㄝˋ ㄕˊ
血餘,ㄒㄩㄝˋ ㄩˊ
行不得,ㄒㄧㄥˊ ˙ㄅㄨ ˙ㄉㄜ
行不得也哥哥,ㄒㄧㄥˊ ㄅㄨˋ ㄉㄜˊ ㄧㄝˇ ㄍㄜ ㄍㄜ
行伍,ㄏㄤˊ ㄨˇ
行伍出身,ㄏㄤˊ ㄨˇ ㄔㄨ ㄕㄣ
行佣,ㄏㄤˊ ㄩㄥˋ
行個方便,ㄒㄧㄥˊ ˙ㄍㄜ ㄈㄤ ㄅㄧㄢˋ
行分,ㄏㄤˊ ㄈㄣ
行刑場,ㄒㄧㄥˊ ㄒㄧㄥˊ ㄔㄤˊ
行列,ㄏㄤˊ ㄌㄧㄝˋ
行列式,ㄏㄤˊ ㄌㄧㄝˋ ㄕˋ
行列輸入法,ㄏㄤˊ ㄌㄧㄝˋ ㄕㄨ ㄖㄨˋ ㄈㄚˇ
行化,ㄒㄧㄥˊ ˙ㄏㄨㄚ
行卷,ㄒㄧㄥˊ ㄐㄩㄢˋ
行口,ㄏㄤˊ ㄎㄡˇ
行口商,ㄏㄤˊ ㄎㄡˇ ㄕㄤ
行員,ㄏㄤˊ ㄩㄢˊ
行子,ㄏㄤˊ ˙ㄗ
行家,ㄏㄤˊ ˙ㄐㄧㄚ
行家瞧門道,ㄏㄤˊ ˙ㄐㄧㄚ ㄑㄧㄠˊ ㄇㄣˊ ㄉㄠˋ
行家莫說力把話,ㄏㄤˊ ˙ㄐㄧㄚ ㄇㄛˋ ㄕㄨㄛ ㄌㄧˋ ˙ㄅㄚ ㄏㄨㄚˋ
行家話,ㄏㄤˊ ˙ㄐㄧㄚ ㄏㄨㄚˋ
行市,ㄏㄤˊ ㄕˋ
行幫,ㄏㄤˊ ㄅㄤ
行庫,ㄏㄤˊ ㄎㄨˋ
行情,ㄏㄤˊ ㄑㄧㄥˊ
行戲,ㄏㄤˊ ㄒㄧˋ
行政協調,ㄒㄧㄥˊ ㄓㄥˋ ㄒㄧㄝˊ ㄊㄧㄠˊ
行政處分,ㄒㄧㄥˊ ㄓㄥˋ ㄔㄨˇ ㄈㄣˋ
行會,ㄏㄤˊ ㄏㄨㄟˋ
行東,ㄏㄤˊ ㄉㄨㄥ
行棧,ㄏㄤˊ ㄓㄢˋ
行業,ㄏㄤˊ ㄧㄝˋ
行業語,ㄏㄤˊ ㄧㄝˋ ㄩˇ
行檔,ㄏㄤˊ ˙ㄉㄤ
行款,ㄏㄤˊ ㄎㄨㄢˇ
行為,ㄒㄧㄥˊ ㄨㄟˊ
行為主義,ㄒㄧㄥˊ ㄨㄟˊ ㄓㄨˇ ㄧˋ
行為模式,ㄒㄧㄥˊ ㄨㄟˊ ㄇㄛˊ ㄕˋ
行為派,ㄒㄧㄥˊ ㄨㄟˊ ㄆㄞˋ
行為科學,ㄒㄧㄥˊ ㄨㄟˊ ㄎㄜ ㄒㄩㄝˊ
行為能力,ㄒㄧㄥˊ ㄨㄟˊ ㄋㄥˊ ㄌㄧˋ
行為藝術,ㄒㄧㄥˊ ㄨㄟˊ ㄧˋ ㄕㄨˋ
行為藝術者,ㄒㄧㄥˊ ㄨㄟˊ ㄧˋ ㄕㄨˋ ㄓㄜˇ
行當,ㄏㄤˊ ˙ㄉㄤ
行短,ㄒㄧㄥˋ ㄉㄨㄢˇ
行短才喬,ㄒㄧㄥˋ ㄉㄨㄢˇ ㄘㄞˊ ㄑㄧㄠˊ
行短才高,ㄒㄧㄥˋ ㄉㄨㄢˇ ㄘㄞˊ ㄍㄠ
行老,ㄏㄤˊ ㄌㄠˇ
行能,ㄒㄧㄥˋ ㄋㄥˊ
行號,ㄏㄤˊ ㄏㄠˋ
行號巷哭,ㄏㄤˊ ㄏㄠˊ ㄒㄧㄤˋ ㄎㄨ
行行出狀元,ㄏㄤˊ ㄏㄤˊ ㄔㄨ ㄓㄨㄤˋ ㄩㄢˊ
行行蛇蚓,ㄏㄤˊ ㄏㄤˊ ㄕㄜˊ ㄧㄣˇ
行規,ㄏㄤˊ ㄍㄨㄟ
行話,ㄏㄤˊ ㄏㄨㄚˋ
行誼,ㄒㄧㄥˋ ㄧˋ
行貨,ㄏㄤˊ ㄏㄨㄛˋ
行賈,ㄒㄧㄥˊ ㄍㄨˇ
行距,ㄏㄤˊ ㄐㄩˋ
行輩,ㄏㄤˊ ㄅㄟˋ
行都,ㄒㄧㄥˊ ㄉㄨ
行鋪,ㄏㄤˊ ㄆㄨˋ
行間,ㄏㄤˊ ㄐㄧㄢ
行院,ㄏㄤˊ ㄩㄢˋ
行陣,ㄏㄤˊ ㄓㄣˋ
行雨朝雲,ㄒㄧㄥˊ ㄩˇ ㄓㄠ ㄩㄣˊ
行頭,ㄒㄧㄥˊ ˙ㄊㄡ
行鬼路兒,ㄒㄧㄥˊ ㄍㄨㄟˇ ㄌㄨˋ ㄦ
行鬼頭兒,ㄒㄧㄥˊ ㄍㄨㄟˇ ㄊㄡˊ ㄦ
衒玉賈石,ㄒㄩㄢˋ ㄩˋ ㄍㄨˇ ㄕˊ
街上,ㄐㄧㄝ ˙ㄕㄤ
街坊,ㄐㄧㄝ ˙ㄈㄤ
街坊鄰舍,ㄐㄧㄝ ㄈㄤ ㄌㄧㄣˊ ㄕㄜˋ
街號巷哭,ㄐㄧㄝ ㄏㄠˊ ㄒㄧㄤˋ ㄎㄨ
街里街坊,ㄐㄧㄝ ˙ㄌㄧ ㄐㄧㄝ ㄈㄤ
街面兒,ㄐㄧㄝ ㄇㄧㄢˋ ㄦ
衚衕,ㄏㄨˊ ˙ㄊㄨㄥ
衛從,ㄨㄟˋ ㄗㄨㄥˋ
衛星都市,ㄨㄟˋ ㄒㄧㄥ ㄉㄨ ㄕˋ
衝勁,ㄔㄨㄥ ㄐㄧㄥˋ
衝盹兒,ㄔㄨㄥˋ ㄉㄨㄣˇ ㄦ
衡石量書,ㄏㄥˊ ㄕˊ ㄌㄧㄤˊ ㄕㄨ
衡量,ㄏㄥˊ ㄌㄧㄤˊ
衣不曳地,ㄧ ㄅㄨˋ ㄧˋ ㄉㄧˋ
衣冠子女,ㄧ ㄍㄨㄢ ㄗˇ ㄋㄩˇ
衣冠濟楚,ㄧ ㄍㄨㄢ ㄐㄧˇ ㄔㄨˇ
衣冠濟濟,ㄧ ㄍㄨㄢ ㄐㄧˇ ㄐㄧˇ
衣冠禮樂,ㄧ ㄍㄨㄢ ㄌㄧˇ ㄩㄝˋ
衣帛食肉,ㄧˋ ㄅㄛˊ ㄕˊ ㄖㄡˋ
衣服,ㄧ ˙ㄈㄨ
衣紫腰金,ㄧˋ ㄗˇ ㄧㄠ ㄐㄧㄣ
衣紫腰銀,ㄧˋ ㄗˇ ㄧㄠ ㄧㄣˊ
衣紫腰黃,ㄧˋ ㄗˇ ㄧㄠ ㄏㄨㄤˊ
衣繡夜行,ㄧˋ ㄒㄧㄡˋ ㄧㄝˋ ㄒㄧㄥˊ
衣繡晝行,ㄧˋ ㄒㄧㄡˋ ㄓㄡˋ ㄒㄧㄥˊ
衣著,ㄧ ㄓㄨㄛˊ
衣補兒,ㄧ ㄅㄨˇ ㄦ
衣裳,ㄧ ˙ㄕㄤ
衣褐懷寶,ㄧˋ ㄏㄜˊ ㄏㄨㄞˊ ㄅㄠˇ
衣車,ㄧ ㄐㄩ
衣錦之榮,ㄧˋ ㄐㄧㄣˇ ㄓ ㄖㄨㄥˊ
衣錦夜游,ㄧˋ ㄐㄧㄣˇ ㄧㄝˋ ㄧㄡˊ
衣錦夜行,ㄧˋ ㄐㄧㄣˇ ㄧㄝˋ ㄒㄧㄥˊ
衣錦尚絅,ㄧˋ ㄐㄧㄣˇ ㄕㄤˋ ㄐㄩㄥˇ
衣錦故鄉,ㄧˋ ㄐㄧㄣˇ ㄍㄨˋ ㄒㄧㄤ
衣錦晝游,ㄧˋ ㄐㄧㄣˇ ㄓㄡˋ ㄧㄡˊ
衣錦榮歸,ㄧˋ ㄐㄧㄣˇ ㄖㄨㄥˊ ㄍㄨㄟ
衣錦過鄉,ㄧˋ ㄐㄧㄣˇ ㄍㄨㄛˋ ㄒㄧㄤ
衣錦還鄉,ㄧˋ ㄐㄧㄣˇ ㄏㄨㄢˊ ㄒㄧㄤ
衣錦食肉,ㄧˋ ㄐㄧㄣˇ ㄕˊ ㄖㄡˋ
表率,ㄅㄧㄠˇ ㄕㄨㄞˋ
表相,ㄅㄧㄠˇ ㄒㄧㄤˋ
表裡相應,ㄅㄧㄠˇ ㄌㄧˇ ㄒㄧㄤ ㄧㄥˋ
表識,ㄅㄧㄠˇ ㄓˋ
表面上,ㄅㄧㄠˇ ㄇㄧㄢˋ ˙ㄕㄤ
表面工夫,ㄅㄧㄠˇ ㄇㄧㄢˋ ㄍㄨㄥ ˙ㄈㄨ
衩衣,ㄔㄚˋ ㄧ
衫兒,ㄕㄢ ㄦ
衿曲,ㄐㄧㄣ ㄑㄩˇ
袍笏登場,ㄆㄠˊ ㄏㄨˋ ㄉㄥ ㄔㄤˊ
袒免,ㄊㄢˇ ㄨㄣˋ
袒裼,ㄊㄢˇ ㄒㄧˊ
袒裼裸裎,ㄊㄢˇ ㄒㄧˊ ㄌㄨㄛˇ ㄔㄥˊ
袖搭兒,ㄒㄧㄡˋ ㄉㄚ ㄦ
袜肚,ㄇㄛˋ ㄉㄨˋ
被堅執銳,ㄆㄧ ㄐㄧㄢ ㄓˊ ㄖㄨㄟˋ
被子植物,ㄅㄟˋ ㄗˇ ㄓˊ ㄨˋ
被山帶河,ㄆㄧ ㄕㄢ ㄉㄞˋ ㄏㄜˊ
被甲,ㄆㄧ ㄐㄧㄚˇ
被甲兵,ㄆㄧ ㄐㄧㄚˇ ㄅㄧㄥ
被禍,ㄆㄧ ㄏㄨㄛˋ
被窩裡放屁,ㄅㄟˋ ㄨㄛ ˙ㄌㄧ ㄈㄤˋ ㄆㄧˋ
被筩,ㄅㄟˋ ㄊㄨㄥˇ
被罪,ㄆㄧ ㄗㄨㄟˋ
被臥,ㄅㄟˋ ˙ㄨㄛ
被褐,ㄆㄧ ㄏㄜˊ
被褐懷寶,ㄆㄧ ㄏㄜˊ ㄏㄨㄞˊ ㄅㄠˇ
被褐懷玉,ㄆㄧ ㄏㄜˊ ㄏㄨㄞˊ ㄩˋ
被褐懷珠,ㄆㄧ ㄏㄜˊ ㄏㄨㄞˊ ㄓㄨ
被褐懷金,ㄆㄧ ㄏㄜˊ ㄏㄨㄞˊ ㄐㄧㄣ
被褐藏輝,ㄆㄧ ㄏㄜˊ ㄘㄤˊ ㄏㄨㄟ
被髮,ㄆㄧ ㄈㄚˇ
被髮佯狂,ㄆㄧ ㄈㄚˇ ㄧㄤˊ ㄎㄨㄤˊ
被髮入山,ㄆㄧ ㄈㄚˇ ㄖㄨˋ ㄕㄢ
被髮左衽,ㄆㄧ ㄈㄚˇ ㄗㄨㄛˇ ㄖㄣˋ
被髮纓冠,ㄆㄧ ㄈㄚˇ ㄧㄥ ㄍㄨㄢ
被髮陽狂,ㄆㄧ ㄈㄚˇ ㄧㄤˊ ㄎㄨㄤˊ
裁度,ㄘㄞˊ ㄉㄨㄛˋ
裁縫,ㄘㄞˊ ㄈㄥˊ
裁縫店,ㄘㄞˊ ˙ㄈㄥ ㄉㄧㄢˋ
裁縫鋪,ㄘㄞˊ ˙ㄈㄥ ㄆㄨˋ
裁處,ㄘㄞˊ ㄔㄨˇ
裁量,ㄘㄞˊ ㄌㄧㄤˊ
裂開,ㄌㄧㄝˋ ˙ㄎㄞ
裊娜,ㄋㄧㄠˇ ㄋㄨㄛˊ
裘葛之遺,ㄑㄧㄡˊ ㄍㄜˊ ㄓ ㄨㄟˋ
裙屐少年,ㄑㄩㄣˊ ㄐㄧ ㄕㄠˋ ㄋㄧㄢˊ
補丁,ㄅㄨˇ ˙ㄉㄧㄥ
補假,ㄅㄨˇ ㄐㄧㄚˋ
補垣塞穴,ㄅㄨˇ ㄩㄢˊ ㄙㄜˋ ㄒㄩㄝˋ
補精神,ㄅㄨˇ ㄐㄧㄥ ˙ㄕㄣ
補給,ㄅㄨˇ ㄐㄧˇ
補給品,ㄅㄨˇ ㄐㄧˇ ㄆㄧㄣˇ
補給線,ㄅㄨˇ ㄐㄧˇ ㄒㄧㄢˋ
補給證,ㄅㄨˇ ㄐㄧˇ ㄓㄥˋ
補苴調胹,ㄅㄨˇ ㄐㄩ ㄊㄧㄠˊ ㄦˊ
補還,ㄅㄨˇ ㄏㄨㄢˊ
補釘,ㄅㄨˇ ˙ㄉㄧㄥ
補闕,ㄅㄨˇ ㄑㄩㄝ
補靪,ㄅㄨˇ ˙ㄉㄧㄥ
裝糊塗,ㄓㄨㄤ ㄏㄨˊ ˙ㄊㄨ
裝裹,ㄓㄨㄤ ˙ㄍㄨㄛ
裡應外合,ㄌㄧˇ ㄧㄥˋ ㄨㄞˋ ㄏㄜˊ
裡懷裡,ㄌㄧˇ ㄏㄨㄞˊ ˙ㄌㄧ
裡脊肉,ㄌㄧˇ ˙ㄐㄧ ㄖㄡˋ
裡頭,ㄌㄧˇ ˙ㄊㄡ
裨將,ㄆㄧˊ ㄐㄧㄤˋ
裨海,ㄆㄧˊ ㄏㄞˇ
裨補闕漏,ㄅㄧˋ ㄅㄨˇ ㄑㄩㄝ ㄌㄡˋ
裨販,ㄆㄧˊ ㄈㄢˋ
裱褙師傅,ㄅㄧㄠˇ ㄅㄟˋ ㄕ ˙ㄈㄨ
裴少俊,ㄆㄟˊ ㄕㄠˋ ㄐㄩㄣˋ
裸子植物,ㄌㄨㄛˇ ㄗˇ ㄓˊ ㄨˋ
裹創,ㄍㄨㄛˇ ㄔㄨㄤ
裹抹,ㄍㄨㄛˇ ˙ㄇㄛ
裹腳,ㄍㄨㄛˇ ˙ㄐㄧㄠ
複合蛋白質,ㄈㄨˋ ㄏㄜˊ ㄉㄢˋ ㄅㄞˊ ㄓˊ
複種,ㄈㄨˋ ㄓㄨㄥˋ
褊褼,ㄆㄧㄢˊ ㄒㄧㄢ
褎如充耳,ㄧㄡˋ ㄖㄨˊ ㄔㄨㄥ ㄦˇ
褎然,ㄧㄡˋ ㄖㄢˊ
褎然舉首,ㄧㄡˋ ㄖㄢˊ ㄐㄩˇ ㄕㄡˇ
褒彈,ㄅㄠ ㄊㄢˊ
褓抱提攜,ㄅㄠˇ ㄅㄠˋ ㄊㄧˊ ㄒㄧ
褚少孫,ㄔㄨˇ ㄕㄠˋ ㄙㄨㄣ
褪套兒,ㄊㄨㄣˋ ㄊㄠˋ ㄦ
褲叉兒,ㄎㄨˋ ㄔㄚˇ ㄦ
褶子,ㄒㄩㄝˊ ˙ㄗ
褶曲,ㄓㄜˊ ㄑㄩ
褶曲山脈,ㄓㄜˊ ㄑㄩ ㄕㄢ ㄇㄞˋ
褶皺,ㄓㄜˊ ㄓㄡˋ
褶皺帶,ㄓㄜˊ ㄓㄡˋ ㄉㄞˋ
褶裙,ㄓㄜˊ ㄑㄩㄣˊ
褻玩,ㄒㄧㄝˋ ㄨㄢˋ
襛華,ㄋㄨㄥˊ ㄏㄨㄚ
襞褶,ㄅㄧˋ ㄓㄜˊ
襯兒,ㄔㄣˋ ㄦ
襯鋪兒,ㄔㄣˋ ㄆㄨ ㄦ
襲逮,ㄒㄧˊ ㄉㄞˋ
西塞羅,ㄒㄧ ㄙㄞˋ ㄌㄨㄛˊ
西子,ㄒㄧ ㄗˇ
西子捧心,ㄒㄧ ㄗˇ ㄆㄥˇ ㄒㄧㄣ
西子顰,ㄒㄧ ㄗˇ ㄆㄧㄣˊ
西山日薄,ㄒㄧ ㄕㄢ ㄖˋ ㄅㄛˊ
西打,ㄒㄧ ㄉㄚˊ
西拉雅文化相,ㄒㄧ ㄌㄚ ㄧㄚˇ ㄨㄣˊ ㄏㄨㄚˋ ㄒㄧㄤˋ
西曲,ㄒㄧ ㄑㄩˇ
西柏林,ㄒㄧ ㄅㄛˊ ㄌㄧㄣˊ
西樂,ㄒㄧ ㄩㄝˋ
西歪東倒,ㄒㄧ ㄨㄞ ㄉㄨㄥ ㄉㄠˇ
西泠十子,ㄒㄧ ㄌㄧㄥˊ ㄕˊ ㄗˇ
西洋參,ㄒㄧ ㄧㄤˊ ㄕㄣ
西海岸爵士樂,ㄒㄧ ㄏㄞˇ ㄢˋ ㄐㄩㄝˊ ㄕˋ ㄩㄝˋ
西燕,ㄒㄧ ㄧㄢ
西班牙音樂,ㄒㄧ ㄅㄢ ㄧㄚˊ ㄧㄣ ㄩㄝˋ
西瓜子兒,ㄒㄧ ㄍㄨㄚ ㄗˇ ㄦ
西藏佛教,ㄒㄧ ㄗㄤˋ ㄈㄛˊ ㄐㄧㄠˋ
西西佛斯,ㄒㄧ ㄒㄧ ㄈㄛˊ ㄙ
西谷椰子,ㄒㄧ ㄍㄨˇ ㄧㄝˊ ㄗˇ
西都,ㄒㄧ ㄉㄨ
西都賦,ㄒㄧ ㄉㄨ ㄈㄨˋ
西門子,ㄒㄧ ㄇㄣˊ ㄗˇ
西門子電機廠,ㄒㄧ ㄇㄣˊ ㄗˇ ㄉㄧㄢˋ ㄐㄧ ㄔㄤˇ
西門町,ㄒㄧ ㄇㄣˊ ㄉㄧㄥ
要不得,ㄧㄠˋ ㄅㄨˋ ㄉㄜˊ
要不的,ㄧㄠˋ ˙ㄅㄨ ˙ㄉㄜ
要價還價,ㄧㄠˋ ㄐㄧㄚˋ ㄏㄨㄢˊ ㄐㄧㄚˋ
要功,ㄧㄠ ㄍㄨㄥ
要劫,ㄧㄠ ㄐㄧㄝˊ
要勒,ㄧㄠ ㄌㄜˋ
要塞,ㄧㄠˋ ㄙㄞˋ
要妙,ㄧㄠ ㄇㄧㄠˋ
要寵召禍,ㄧㄠ ㄔㄨㄥˇ ㄓㄠˋ ㄏㄨㄛˋ
要市,ㄧㄠ ㄕˋ
要挾,ㄧㄠ ㄒㄧㄝˊ
要擊,ㄧㄠ ㄐㄧˊ
要時,ㄧㄠ ㄕˊ
要服,ㄧㄠ ㄈㄨˊ
要束,ㄧㄠ ㄕㄨˋ
要求,ㄧㄠ ㄑㄧㄡˊ
要盟,ㄧㄠ ㄇㄥˊ
要眇,ㄧㄠ ㄇㄧㄠˇ
要約,ㄧㄠ ㄩㄝ
要約人,ㄧㄠ ㄩㄝ ㄖㄣˊ
要結,ㄧㄠ ㄐㄧㄝˊ
要絰,ㄧㄠ ㄉㄧㄝˊ
要脅,ㄧㄠ ㄒㄧㄝˊ
要荒,ㄧㄠ ㄏㄨㄤ
要褭,ㄧㄠ ㄋㄧㄠˇ
要誓,ㄧㄠ ㄕˋ
要買,ㄧㄠ ㄇㄞˇ
要離,ㄧㄠ ㄌㄧˊ
覆幬,ㄈㄨˋ ㄉㄠˋ
覆校,ㄈㄨˋ ㄐㄧㄠˋ
覆沒,ㄈㄨˋ ㄇㄛˋ
覆車之轍,ㄈㄨˋ ㄔㄜ ㄓ ㄔㄜˋ
覆軍殺將,ㄈㄨˋ ㄐㄩㄣ ㄕㄚ ㄐㄧㄤˋ
覆轍,ㄈㄨˋ ㄔㄜˋ
覆轍重蹈,ㄈㄨˋ ㄔㄜˋ ㄔㄨㄥˊ ㄉㄠˋ
見不得,ㄐㄧㄢˋ ㄅㄨˋ ㄉㄜˊ
見不得人,ㄐㄧㄢˋ ㄅㄨˋ ㄉㄜˊ ㄖㄣˊ
見世報,ㄒㄧㄢˋ ㄕˋ ㄅㄠˋ
見仁見知,ㄐㄧㄢˋ ㄖㄣˊ ㄐㄧㄢˋ ㄓˋ
見個情,ㄐㄧㄢˋ ˙ㄍㄜ ㄑㄧㄥˊ
見在,ㄒㄧㄢˋ ㄗㄞˋ
見在佛,ㄒㄧㄢˋ ㄗㄞˋ ㄈㄛˊ
見幾,ㄐㄧㄢˋ ㄐㄧ
見幾而作,ㄐㄧㄢˋ ㄐㄧ ㄦˊ ㄗㄨㄛˋ
見得,ㄐㄧㄢˋ ㄉㄜˊ
見微知著,ㄐㄧㄢˋ ㄨㄟˊ ㄓ ㄓㄨˋ
見性成佛,ㄐㄧㄢˋ ㄒㄧㄥˋ ㄔㄥˊ ㄈㄛˊ
見意,ㄒㄧㄢˋ ㄧˋ
見成,ㄒㄧㄢˋ ㄔㄥˊ
見糧,ㄒㄧㄢˋ ㄌㄧㄤˊ
見義勇為,ㄐㄧㄢˋ ㄧˋ ㄩㄥˇ ㄨㄟˊ
見錢,ㄒㄧㄢˋ ㄑㄧㄢˊ
見風使帆,ㄐㄧㄢˋ ㄈㄥ ㄕˇ ㄈㄢˊ
規重矩疊,ㄍㄨㄟ ㄔㄨㄥˊ ㄐㄩˇ ㄉㄧㄝˊ
覓貼兒,ㄇㄧˋ ㄊㄧㄝ ㄦ
視人如子,ㄕˋ ㄖㄣˊ ㄖㄨˊ ㄗˇ
視差,ㄕˋ ㄔㄚ
視微知著,ㄕˋ ㄨㄟˊ ㄓ ㄓㄨˋ
視民如子,ㄕˋ ㄇㄧㄣˊ ㄖㄨˊ ㄗˇ
視為畏途,ㄕˋ ㄨㄟˊ ㄨㄟˋ ㄊㄨˊ
視覺適應,ㄕˋ ㄐㄩㄝˊ ㄕˋ ㄧㄥˋ
親太太,ㄑㄧㄥˋ ㄊㄞˋ ˙ㄊㄞ
親奶奶,ㄑㄧㄥˋ ㄋㄞˇ ˙ㄋㄞ
親子教養,ㄑㄧㄣ ㄗˇ ㄐㄧㄠˋ ㄧㄤˇ
親子關係,ㄑㄧㄣ ㄗˇ ㄍㄨㄢ ㄒㄧˋ
親家,ㄑㄧㄥˋ ˙ㄐㄧㄚ
親家公,ㄑㄧㄥˋ ˙ㄐㄧㄚ ㄍㄨㄥ
親家母,ㄑㄧㄥˋ ˙ㄐㄧㄚ ㄇㄨˇ
親家禮道,ㄑㄧㄥˋ ˙ㄐㄧㄚ ㄌㄧˇ ㄉㄠˋ
親家翁,ㄑㄧㄥˋ ˙ㄐㄧㄚ ㄨㄥ
親家老爺,ㄑㄧㄥˋ ˙ㄐㄧㄚ ㄌㄠˇ ˙ㄧㄝ
親密無間,ㄑㄧㄣ ㄇㄧˋ ㄨˊ ㄐㄧㄢˋ
親房,ㄑㄧㄥˋ ㄈㄤˊ
親率,ㄑㄧㄣ ㄕㄨㄞˋ
親翁,ㄑㄧㄥˋ ㄨㄥ
親迎,ㄑㄧㄣ ㄧㄥˋ
覬豁,ㄐㄧˋ ㄏㄨㄛˋ
覷個意順,ㄑㄩˋ ˙ㄍㄜ ㄧˋ ㄕㄨㄣˋ
覷空,ㄑㄩˋ ㄎㄨㄥˋ
觀主,ㄍㄨㄢˋ ㄓㄨˇ
觀宇,ㄍㄨㄢˋ ㄩˇ
觀想念佛,ㄍㄨㄢ ㄒㄧㄤˇ ㄋㄧㄢˋ ㄈㄛˊ
觀棋不語真君子,ㄍㄨㄢ ㄑㄧˊ ㄅㄨˋ ㄩˇ ㄓㄣ ㄐㄩㄣ ㄗˇ
觀省,ㄍㄨㄢ ㄒㄧㄥˇ
觀行,ㄍㄨㄢ ㄒㄧㄥˋ
觀釁伺隙,ㄍㄨㄢ ㄒㄧㄣˋ ㄙˋ ㄒㄧˋ
角兒,ㄐㄧㄠˇ ㄦ
角冠,ㄐㄩㄝˊ ㄍㄨㄢ
角妓,ㄐㄩㄝˊ ㄐㄧˋ
角宿,ㄐㄩㄝˊ ㄒㄧㄡˋ
角招,ㄐㄩㄝˊ ㄕㄠˊ
角枕,ㄐㄩㄝˊ ㄓㄣˇ
角立,ㄐㄩㄝˊ ㄌㄧˋ
角粽,ㄐㄩㄝˊ ㄗㄨㄥˋ
角色,ㄐㄩㄝˊ ㄙㄜˋ
角色衝突,ㄐㄩㄝˊ ㄙㄜˋ ㄔㄨㄥ ㄊㄨˊ
角角,ㄐㄩㄝˊ ㄐㄩㄝˊ
角調,ㄐㄩㄝˊ ㄉㄧㄠˋ
角質層,ㄐㄧㄠˇ ㄓˊ ㄘㄥˊ
角里,ㄌㄨˋ ㄌㄧˇ
角馬,ㄐㄩㄝˊ ㄇㄚˇ
角鷹,ㄐㄩㄝˊ ㄧㄥ
角黍,ㄐㄩㄝˊ ㄕㄨˇ
觜鼻,ㄗㄨㄟˇ ㄅㄧˊ
解元,ㄐㄧㄝˋ ㄩㄢˊ
解典庫,ㄐㄧㄝˋ ㄉㄧㄢˇ ㄎㄨˋ
解典鋪,ㄐㄧㄝˋ ㄉㄧㄢˇ ㄆㄨˋ
解子,ㄐㄧㄝˋ ˙ㄗ
解差,ㄐㄧㄝˋ ㄔㄞ
解帖,ㄐㄧㄝˋ ㄊㄧㄝˇ
解庫,ㄐㄧㄝˋ ㄎㄨˋ
解廌,ㄒㄧㄝˋ ㄓˋ
解弦更張,ㄐㄧㄝˇ ㄒㄧㄢˊ ㄍㄥ ㄓㄤ
解扣兒,ㄐㄧㄝˇ ㄎㄡˋ ㄦ
解攜,ㄐㄧㄝˇ ㄒㄧ
解池,ㄒㄧㄝˋ ㄔˊ
解甲倒戈,ㄐㄧㄝˇ ㄐㄧㄚˇ ㄉㄠˇ ㄍㄜ
解當,ㄐㄧㄝˋ ㄉㄤˋ
解當鋪,ㄐㄧㄝˋ ㄉㄤˋ ㄆㄨˋ
解發,ㄐㄧㄝˋ ㄈㄚ
解縣,ㄒㄧㄝˋ ㄒㄧㄢˋ
解調器,ㄐㄧㄝˇ ㄊㄧㄠˊ ㄑㄧˋ
解送,ㄐㄧㄝˋ ㄙㄨㄥˋ
解難,ㄐㄧㄝˇ ㄋㄢˋ
解頭,ㄐㄧㄝˋ ㄊㄡˊ
觰沙,ㄓㄚ ˙ㄕㄚ
觸霉頭,ㄔㄨˋ ㄇㄟˊ ˙ㄊㄡ
言不應點,ㄧㄢˊ ㄅㄨˋ ㄧㄥˋ ㄉㄧㄢˇ
言不逮意,ㄧㄢˊ ㄅㄨˋ ㄉㄞˋ ㄧˋ
言之鑿鑿,ㄧㄢˊ ㄓ ㄗㄨㄛˋ ㄗㄨㄛˋ
言兒語子,ㄧㄢˊ ㄦˊ ㄩˇ ㄗˇ
言必有中,ㄧㄢˊ ㄅㄧˋ ㄧㄡˇ ㄓㄨㄥˋ
言歸正傳,ㄧㄢˊ ㄍㄨㄟ ㄓㄥˋ ㄓㄨㄢˋ
言為心聲,ㄧㄢˊ ㄨㄟˊ ㄒㄧㄣ ㄕㄥ
言行,ㄧㄢˊ ㄒㄧㄥˋ
言行一致,ㄧㄢˊ ㄒㄧㄥˋ ㄧ ㄓˋ
言行相悖,ㄧㄢˊ ㄒㄧㄥˋ ㄒㄧㄤ ㄅㄟˋ
言行相詭,ㄧㄢˊ ㄒㄧㄥˋ ㄒㄧㄤ ㄍㄨㄟˇ
言行相顧,ㄧㄢˊ ㄒㄧㄥˋ ㄒㄧㄤ ㄍㄨˋ
言行舉止,ㄧㄢˊ ㄒㄧㄥˋ ㄐㄩˇ ㄓˇ
言行若一,ㄧㄢˊ ㄒㄧㄥˋ ㄖㄨㄛˋ ㄧ
言行計從,ㄧㄢˊ ㄒㄧㄥˋ ㄐㄧˋ ㄘㄨㄥˊ
言行錄,ㄧㄢˊ ㄒㄧㄥˋ ㄌㄨˋ
言論廣場,ㄧㄢˊ ㄌㄨㄣˋ ㄍㄨㄤˇ ㄔㄤˊ
訂久要,ㄉㄧㄥˋ ㄐㄧㄡˇ ㄧㄠ
訂婚柬帖,ㄉㄧㄥˋ ㄏㄨㄣ ㄐㄧㄢˇ ㄊㄧㄝˇ
計日而俟,ㄐㄧˋ ㄖˋ ㄦˊ ㄙˋ
計會,ㄐㄧˋ ㄎㄨㄞˋ
計量,ㄐㄧˋ ㄌㄧㄤˊ
討便宜,ㄊㄠˇ ㄆㄧㄢˊ ˙ㄧ
討個分曉,ㄊㄠˇ ˙ㄍㄜ ㄈㄣ ㄒㄧㄠˇ
討價還價,ㄊㄠˇ ㄐㄧㄚˋ ㄏㄨㄢˊ ㄐㄧㄚˋ
討公道,ㄊㄠˇ ㄍㄨㄥ ˙ㄉㄠ
討分上,ㄊㄠˇ ㄈㄣˋ ㄕㄤˋ
討沒意思,ㄊㄠˇ ㄇㄟˊ ㄧˋ ˙ㄙ
討油水,ㄊㄠˇ ㄧㄡˊ ˙ㄕㄨㄟ
討饒頭,ㄊㄠˇ ㄖㄠˊ ˙ㄊㄡ
訑謾,ㄧˊ ㄇㄢˋ
訕不搭的,ㄕㄢˋ ˙ㄅㄨ ㄉㄚ ˙ㄉㄜ
訖了,ㄑㄧˋ ㄌㄧㄠˇ
記事兒,ㄐㄧˋ ㄕˋ ㄦ
記省,ㄐㄧˋ ㄒㄧㄥˇ
訛詞兒,ㄜˊ ㄘˊ ㄦ
訛頭,ㄜˊ ˙ㄊㄡ
訢合,ㄒㄧ ㄏㄜˊ
設身處地,ㄕㄜˋ ㄕㄣ ㄔㄨˇ ㄉㄧˋ
許許,ㄏㄨˇ ㄏㄨˇ
訶佛罵祖,ㄏㄜ ㄈㄛˊ ㄇㄚˋ ㄗㄨˇ
訶子,ㄏㄜ ㄗˇ
訶梨勒,ㄏㄜ ㄌㄧˊ ㄌㄜˋ
診脈,ㄓㄣˇ ㄇㄛˋ
註生娘娘,ㄓㄨˋ ㄕㄥ ㄋㄧㄤˊ ˙ㄋㄧㄤ
訾厲,ㄗˇ ㄌㄧˋ
訾病,ㄗˇ ㄅㄧㄥˋ
訾短,ㄗˇ ㄉㄨㄢˇ
訾議,ㄗˇ ㄧˋ
詐眼兒,ㄓㄚˋ ㄧㄢˇ ㄦ
詐降,ㄓㄚˋ ㄒㄧㄤˊ
評傳,ㄆㄧㄥˊ ㄓㄨㄢˋ
評卷,ㄆㄧㄥˊ ㄐㄩㄢˋ
評度,ㄆㄧㄥˊ ㄉㄨㄛˋ
評彈,ㄆㄧㄥˊ ㄊㄢˊ
評書帖,ㄆㄧㄥˊ ㄕㄨ ㄊㄧㄝˇ
評薄,ㄆㄧㄥˊ ㄅㄛˊ
評詙,ㄆㄧㄥˊ ㄅㄚˊ
評量,ㄆㄧㄥˊ ㄌㄧㄤˊ
詖行,ㄅㄧˋ ㄒㄧㄥˋ
詗伺,ㄒㄩㄥˋ ㄙˋ
詘寸信尺,ㄑㄩ ㄘㄨㄣˋ ㄕㄣ ㄔˇ
詞曲,ㄘˊ ㄑㄩˇ
試卷,ㄕˋ ㄐㄩㄢˋ
試場,ㄕˋ ㄔㄤˊ
試帖,ㄕˋ ㄊㄧㄝˇ
試試,ㄕˋ ˙ㄕ
試試看,ㄕˋ ˙ㄕ ㄎㄢˋ
試風頭,ㄕˋ ㄈㄥ ˙ㄊㄡ
詩云子曰,ㄕ ㄩㄣˊ ㄗˇ ㄩㄝ
詩書禮樂,ㄕ ㄕㄨ ㄌㄧˇ ㄩㄝˋ
詩腸鼓吹,ㄕ ㄔㄤˊ ㄍㄨˇ ㄔㄨㄟˋ
詩詞曲語辭匯釋,ㄕ ㄘˊ ㄑㄩˇ ㄩˇ ㄘˊ ㄏㄨㄟˋ ㄕˋ
詭病,ㄍㄨㄟˇ ˙ㄅㄧㄥ
詰難,ㄐㄧㄝˊ ㄋㄢˋ
話兒,ㄏㄨㄚˋ ㄦ
話口兒,ㄏㄨㄚˋ ㄎㄡˇ ㄦ
話差,ㄏㄨㄚˋ ㄔㄚ
話把,ㄏㄨㄚˋ ㄅㄚˋ
話拉兒,ㄏㄨㄚˋ ㄌㄚ ㄦ
話柄,ㄏㄨㄚˋ ㄅㄧㄥˋ
話茬兒,ㄏㄨㄚˋ ㄔㄚˊ ㄦ
詼啁,ㄏㄨㄟ ㄔㄠˊ
詼諧曲,ㄏㄨㄟ ㄒㄧㄝˊ ㄑㄩˇ
誇多鬥靡,ㄎㄨㄚ ㄉㄨㄛ ㄉㄡˋ ㄇㄧˇ
認分,ㄖㄣˋ ㄈㄣˋ
認為,ㄖㄣˋ ㄨㄟˊ
認識,ㄖㄣˋ ˙ㄕ
認識論,ㄖㄣˋ ˙ㄕ ㄌㄨㄣˋ
認賊為子,ㄖㄣˋ ㄗㄟˊ ㄨㄟˊ ㄗˇ
誖謾,ㄅㄟˋ ㄇㄢˋ
誘掖,ㄧㄡˋ ㄧˋ
誘掖後進,ㄧㄡˋ ㄧˋ ㄏㄡˋ ㄐㄧㄣˋ
誘降,ㄧㄡˋ ㄒㄧㄤˊ
語塞,ㄩˇ ㄙㄜˋ
語意區分量表,ㄩˇ ㄧˋ ㄑㄩ ㄈㄣ ㄌㄧㄤˊ ㄅㄧㄠˇ
語意差別量表,ㄩˇ ㄧˋ ㄔㄚ ㄅㄧㄝˊ ㄌㄧㄤˊ ㄅㄧㄠˇ
語言顛倒,ㄩˇ ㄧㄢˊ ㄉㄧㄢ ㄉㄠˇ
語重心長,ㄩˇ ㄓㄨㄥˋ ㄒㄧㄣ ㄔㄤˊ
誣良為盜,ㄨ ㄌㄧㄤˊ ㄨㄟˊ ㄉㄠˋ
誤人子弟,ㄨˋ ㄖㄣˊ ㄗˇ ㄉㄧˋ
誤差,ㄨˋ ㄔㄚ
說不上,ㄕㄨㄛ ˙ㄅㄨ ㄕㄤˋ
說不上來,ㄕㄨㄛ ˙ㄅㄨ ㄕㄤˋ ㄌㄞˊ
說不下去,ㄕㄨㄛ ˙ㄅㄨ ㄒㄧㄚˋ ㄑㄩˋ
說不來,ㄕㄨㄛ ˙ㄅㄨ ㄌㄞˊ
說不出,ㄕㄨㄛ ˙ㄅㄨ ㄔㄨ
說不定,ㄕㄨㄛ ˙ㄅㄨ ㄉㄧㄥˋ
說不得,ㄕㄨㄛ ˙ㄅㄨ ˙ㄉㄜ
說不是,ㄕㄨㄛ ˙ㄅㄨ ㄕˋ
說不清,ㄕㄨㄛ ˙ㄅㄨ ㄑㄧㄥ
說不盡,ㄕㄨㄛ ˙ㄅㄨ ㄐㄧㄣˋ
說不過,ㄕㄨㄛ ˙ㄅㄨ ㄍㄨㄛˋ
說不過去,ㄕㄨㄛ ˙ㄅㄨ ㄍㄨㄛˋ ㄑㄩˋ
說來話長,ㄕㄨㄛ ㄌㄞˊ ㄏㄨㄚˋ ㄔㄤˊ
說分上,ㄕㄨㄛ ㄈㄣˋ ˙ㄕㄤ
說合了蓋兒了,ㄕㄨㄛ ㄏㄜˊ ˙ㄌㄜ ㄍㄞˋ ㄦ ˙ㄌㄜ
說和,ㄕㄨㄛ ˙ㄏㄜ
說士,ㄕㄨㄟˋ ㄕˋ
說太平話兒,ㄕㄨㄛ ㄊㄞˋ ㄆㄧㄥˊ ㄏㄨㄚˋ ㄦ
說客,ㄕㄨㄟˋ ㄎㄜˋ
說帖,ㄕㄨㄛ ㄊㄧㄝˇ
說得著,ㄕㄨㄛ ˙ㄉㄜ ㄓㄠˊ
說服,ㄕㄨㄟˋ ㄈㄨˊ
說服力,ㄕㄨㄟˋ ㄈㄨˊ ㄌㄧˋ
說相聲,ㄕㄨㄛ ㄒㄧㄤˋ ˙ㄕㄥ
說短論長,ㄕㄨㄛ ㄉㄨㄢˇ ㄌㄨㄣˋ ㄔㄤˊ
說短道長,ㄕㄨㄛ ㄉㄨㄢˇ ㄉㄠˋ ㄔㄤˊ
說短長,ㄕㄨㄛ ㄉㄨㄢˇ ㄔㄤˊ
說章兒,ㄕㄨㄛ ㄓㄤ ㄦ
說著玩兒,ㄕㄨㄛ ˙ㄓㄜ ㄨㄢˊ ㄦ
說話兒,ㄕㄨㄛ ㄏㄨㄚˋ ㄦ
說話答禮兒,ㄕㄨㄛ ㄏㄨㄚˋ ㄉㄚˊ ㄌㄧˇ ㄦ
說調,ㄕㄨㄛ ㄊㄧㄠˊ
說起來,ㄕㄨㄛ ˙ㄑㄧ ˙ㄌㄞ
說鐵騎兒,ㄕㄨㄛ ㄊㄧㄝˇ ㄐㄧˋ ㄦ
說長短,ㄕㄨㄛ ㄔㄤˊ ㄉㄨㄢˇ
說長說短,ㄕㄨㄛ ㄔㄤˊ ㄕㄨㄛ ㄉㄨㄢˇ
說長論短,ㄕㄨㄛ ㄔㄤˊ ㄌㄨㄣˋ ㄉㄨㄢˇ
說長道短,ㄕㄨㄛ ㄔㄤˊ ㄉㄠˋ ㄉㄨㄢˇ
說閒話兒,ㄕㄨㄛ ㄒㄧㄢˊ ㄏㄨㄚˋ ㄦ
說頭兒,ㄕㄨㄛ ˙ㄊㄡ ㄦ
誰行,ㄕㄟˊ ㄏㄤˊ
課卷,ㄎㄜˋ ㄐㄩㄢˋ
課嘴撩牙,ㄎㄜˋ ㄗㄨㄟˇ ㄌㄧㄠˊ ㄧㄚˊ
課稅所得,ㄎㄜˋ ㄕㄨㄟˋ ㄙㄨㄛˇ ㄉㄜˊ
調三斡四,ㄊㄧㄠˊ ㄙㄢ ㄨㄛˋ ㄙˋ
調三窩四,ㄊㄧㄠˊ ㄙㄢ ㄨㄛ ㄙˋ
調人,ㄊㄧㄠˊ ㄖㄣˊ
調低,ㄊㄧㄠˊ ㄉㄧ
調侃,ㄊㄧㄠˊ ㄎㄢˇ
調停,ㄊㄧㄠˊ ㄊㄧㄥˊ
調停人,ㄊㄧㄠˊ ㄊㄧㄥˊ ㄖㄣˊ
調價,ㄊㄧㄠˊ ㄐㄧㄚˋ
調光,ㄊㄧㄠˊ ㄍㄨㄤ
調兒,ㄉㄧㄠˋ ㄦ
調兵遣將,ㄉㄧㄠˋ ㄅㄧㄥ ㄑㄧㄢˇ ㄐㄧㄤˋ
調刺,ㄊㄧㄠˊ ㄘˋ
調劑,ㄊㄧㄠˊ ㄐㄧˋ
調勤,ㄊㄧㄠˊ ㄑㄧㄣˊ
調勻,ㄊㄧㄠˊ ㄩㄣˊ
調升,ㄊㄧㄠˊ ㄕㄥ
調卷,ㄉㄧㄠˋ ㄐㄩㄢˋ
調合,ㄊㄧㄠˊ ㄏㄜˊ
調合漆,ㄊㄧㄠˊ ㄏㄜˊ ㄑㄧ
調味,ㄊㄧㄠˊ ㄨㄟˋ
調味乳,ㄊㄧㄠˊ ㄨㄟˋ ㄖㄨˇ
調味品,ㄊㄧㄠˊ ㄨㄟˋ ㄆㄧㄣˇ
調味料,ㄊㄧㄠˊ ㄨㄟˋ ㄌㄧㄠˋ
調和,ㄊㄧㄠˊ ㄏㄜˊ
調和鼎鼐,ㄊㄧㄠˊ ㄏㄜˊ ㄉㄧㄥˇ ㄋㄞˋ
調哄,ㄊㄧㄠˊ ㄏㄨㄥˇ
調唆,ㄊㄧㄠˊ ˙ㄙㄨㄛ
調墨弄筆,ㄊㄧㄠˊ ㄇㄛˋ ㄋㄨㄥˋ ㄅㄧˇ
調子曰兒,ㄉㄧㄠˋ ㄗˇ ㄩㄝ ㄦ
調差,ㄉㄧㄠˋ ㄔㄞ
調幅,ㄊㄧㄠˊ ㄈㄨˊ
調幅廣播,ㄊㄧㄠˊ ㄈㄨˊ ㄍㄨㄤˇ ㄅㄛˋ
調度場,ㄉㄧㄠˋ ㄉㄨˋ ㄔㄤˊ
調弄,ㄊㄧㄠˊ ㄋㄨㄥˋ
調弓號猿,ㄊㄧㄠˊ ㄍㄨㄥ ㄏㄠˊ ㄩㄢˊ
調引,ㄊㄧㄠˊ ㄧㄣˇ
調弦,ㄊㄧㄠˊ ㄒㄧㄢˊ
調息,ㄊㄧㄠˊ ㄒㄧˊ
調情,ㄊㄧㄠˊ ㄑㄧㄥˊ
調戲,ㄊㄧㄠˊ ㄒㄧˋ
調攝,ㄊㄧㄠˊ ㄕㄜˋ
調教,ㄊㄧㄠˊ ㄐㄧㄠˋ
調整,ㄊㄧㄠˊ ㄓㄥˇ
調書帶兒,ㄉㄧㄠˋ ㄕㄨ ㄉㄞˋ ㄦ
調書擔兒,ㄉㄧㄠˋ ㄕㄨ ㄉㄢˋ ㄦ
調服,ㄊㄧㄠˊ ㄈㄨˊ
調氣,ㄊㄧㄠˊ ㄑㄧˋ
調治,ㄊㄧㄠˊ ㄓˋ
調泛,ㄊㄧㄠˊ ㄈㄢˋ
調漲,ㄊㄧㄠˊ ㄓㄤˇ
調焦,ㄊㄧㄠˊ ㄐㄧㄠ
調犯,ㄊㄧㄠˊ ㄈㄢˋ
調猴兒,ㄉㄧㄠˋ ㄏㄡˊ ㄦ
調理,ㄊㄧㄠˊ ㄌㄧˇ
調理室,ㄊㄧㄠˊ ㄌㄧˇ ㄕˋ
調當,ㄉㄧㄠˋ ㄉㄤˇ
調白,ㄊㄧㄠˊ ㄅㄞˊ
調皮,ㄊㄧㄠˊ ㄆㄧˊ
調皮搗蛋,ㄊㄧㄠˊ ㄆㄧˊ ㄉㄠˇ ㄉㄢˋ
調皮鬼,ㄊㄧㄠˊ ㄆㄧˊ ㄍㄨㄟˇ
調笑,ㄊㄧㄠˊ ㄒㄧㄠˋ
調節,ㄊㄧㄠˊ ㄐㄧㄝˊ
調絃品竹,ㄊㄧㄠˊ ㄒㄧㄢˊ ㄆㄧㄣˇ ㄓㄨˊ
調絃弄管,ㄊㄧㄠˊ ㄒㄧㄢˊ ㄋㄨㄥˋ ㄍㄨㄢˇ
調絲品竹,ㄊㄧㄠˊ ㄙ ㄆㄧㄣˇ ㄓㄨˊ
調經,ㄊㄧㄠˊ ㄐㄧㄥ
調羹,ㄊㄧㄠˊ ㄍㄥ
調色,ㄊㄧㄠˊ ㄙㄜˋ
調色板,ㄊㄧㄠˊ ㄙㄜˋ ㄅㄢˇ
調色盤,ㄊㄧㄠˊ ㄙㄜˋ ㄆㄢˊ
調薪,ㄊㄧㄠˊ ㄒㄧㄣ
調處,ㄊㄧㄠˊ ㄔㄨˇ
調製,ㄊㄧㄠˊ ㄓˋ
調解,ㄊㄧㄠˊ ㄐㄧㄝˇ
調詖,ㄊㄧㄠˊ ㄅㄧˋ
調詞架訟,ㄊㄧㄠˊ ㄘˊ ㄐㄧㄚˋ ㄙㄨㄥˋ
調調,ㄉㄧㄠˋ ˙ㄉㄧㄠ
調諧,ㄊㄧㄠˊ ㄒㄧㄝˊ
調諧器,ㄊㄧㄠˊ ㄒㄧㄝˊ ㄑㄧˋ
調謔,ㄊㄧㄠˊ ㄋㄩㄝˋ
調護,ㄊㄧㄠˊ ㄏㄨˋ
調變,ㄊㄧㄠˊ ㄅㄧㄢˋ
調貼,ㄊㄧㄠˊ ㄊㄧㄝ
調資,ㄊㄧㄠˊ ㄗ
調逗,ㄊㄧㄠˊ ㄉㄡˋ
調達,ㄊㄧㄠˊ ㄉㄚˊ
調適,ㄊㄧㄠˊ ㄕˋ
調酒,ㄊㄧㄠˊ ㄐㄧㄡˇ
調降,ㄊㄧㄠˊ ㄐㄧㄤˋ
調露,ㄊㄧㄠˊ ㄌㄨˋ
調音,ㄊㄧㄠˊ ㄧㄣ
調頻,ㄊㄧㄠˊ ㄆㄧㄣˊ
調頻廣播,ㄊㄧㄠˊ ㄆㄧㄣˊ ㄍㄨㄤˇ ㄅㄛˋ
調風弄月,ㄊㄧㄠˊ ㄈㄥ ㄋㄨㄥˋ ㄩㄝˋ
調風月,ㄊㄧㄠˊ ㄈㄥ ㄩㄝˋ
調風變俗,ㄊㄧㄠˊ ㄈㄥ ㄅㄧㄢˋ ㄙㄨˊ
調風貼怪,ㄊㄧㄠˊ ㄈㄥ ㄊㄧㄝ ㄍㄨㄞˋ
調養,ㄊㄧㄠˊ ㄧㄤˇ
調養生息,ㄊㄧㄠˊ ㄧㄤˇ ㄕㄥ ㄒㄧˊ
調高,ㄊㄧㄠˊ ㄍㄠ
調鬼,ㄊㄧㄠˊ ㄍㄨㄟˇ
調鼎,ㄊㄧㄠˊ ㄉㄧㄥˇ
談得攏,ㄊㄢˊ ㄉㄜˊ ㄌㄨㄥˇ
談生意,ㄊㄢˊ ㄕㄥ ˙ㄧ
談言微中,ㄊㄢˊ ㄧㄢˊ ㄨㄟˊ ㄓㄨㄥˋ
請佃,ㄑㄧㄥˊ ㄉㄧㄢˋ
請俸,ㄑㄧㄥˊ ㄈㄥˋ
請假,ㄑㄧㄥˇ ㄐㄧㄚˋ
請受,ㄑㄧㄥˊ ˙ㄕㄡ
請奉,ㄑㄧㄥˊ ㄈㄥˋ
請室,ㄑㄧㄥ ㄕˋ
請將不如激將,ㄑㄧㄥˇ ㄐㄧㄤˋ ㄅㄨˋ ㄖㄨˊ ㄐㄧ ㄐㄧㄤˋ
請帖,ㄑㄧㄥˇ ㄊㄧㄝˇ
請給,ㄑㄧㄥˊ ㄐㄧˇ
諒陰,ㄌㄧㄤˊ ㄢ
論孟,ㄌㄨㄣˊ ㄇㄥˋ
論著,ㄌㄨㄣˋ ㄓㄨˋ
論藏,ㄌㄨㄣˋ ㄗㄤˋ
論處,ㄌㄨㄣˋ ㄔㄨˇ
論語,ㄌㄨㄣˊ ㄩˇ
論貴粟疏,ㄌㄨㄣˋ ㄍㄨㄟˋ ㄙㄨˋ ㄕㄨˋ
論量,ㄌㄨㄣˋ ㄌㄧㄤˊ
論難,ㄌㄨㄣˋ ㄋㄢˋ
論頭,ㄌㄨㄣˋ ˙ㄊㄡ
論黃數白,ㄌㄨㄣˋ ㄏㄨㄤˊ ㄕㄨˇ ㄅㄞˊ
論黃數黑,ㄌㄨㄣˋ ㄏㄨㄤˊ ㄕㄨˇ ㄏㄟ
諧當,ㄒㄧㄝˊ ㄉㄤˋ
諫太宗十思疏,ㄐㄧㄢˋ ㄊㄞˋ ㄗㄨㄥ ㄕˊ ㄙ ㄕㄨˋ
諭帖,ㄩˋ ㄊㄧㄝˇ
諳分,ㄢ ㄈㄣˋ
諷一勸百,ㄈㄥˋ ㄧ ㄑㄩㄢˋ ㄅㄛˊ
諸子,ㄓㄨ ㄗˇ
諸子略,ㄓㄨ ㄗˇ ㄌㄩㄝˋ
諸子百家,ㄓㄨ ㄗˇ ㄅㄛˊ ㄐㄧㄚ
諾們罕,ㄋㄨㄛˋ ㄇㄣˊ ㄏㄢˇ
謀泄事露,ㄇㄡˊ ㄒㄧㄝˋ ㄕˋ ㄌㄡˋ
謀為不軌,ㄇㄡˊ ㄨㄟˊ ㄅㄨˋ ㄍㄨㄟˇ
謀臣武將,ㄇㄡˊ ㄔㄣˊ ㄨˇ ㄐㄧㄤˋ
謀臣猛將,ㄇㄡˊ ㄔㄣˊ ㄇㄥˇ ㄐㄧㄤˋ
謊喳呼,ㄏㄨㄤˇ ㄔㄚ ㄏㄨ
謎兒,ㄇㄧˊ ㄦ
謔浪笑敖,ㄋㄩㄝˋ ㄌㄤˋ ㄒㄧㄠˋ ㄠˋ
謙謙君子,ㄑㄧㄢ ㄑㄧㄢ ㄐㄩㄣ ㄗˇ
講倒,ㄐㄧㄤˇ ㄉㄠˇ
講盤兒,ㄐㄧㄤˇ ㄆㄢˊ ㄦ
講究,ㄐㄧㄤˇ ˙ㄐㄧㄡ
謝勒,ㄒㄧㄝˋ ㄌㄜˋ
謝帖,ㄒㄧㄝˋ ㄊㄧㄝˇ
謝朓,ㄒㄧㄝˋ ㄊㄧㄠˋ
謝謝,ㄒㄧㄝˋ ˙ㄒㄧㄝ
謠言惑眾,ㄧㄠˊ ˙ㄧㄢ ㄏㄨㄛˋ ㄓㄨㄥˋ
謠言止於智者,ㄧㄠˊ ˙ㄧㄢ ㄓˇ ㄩˊ ㄓˋ ㄓㄜˇ
謠言紛飛,ㄧㄠˊ ˙ㄧㄢ ㄈㄣ ㄈㄟ
謾罵,ㄇㄢˋ ㄇㄚˋ
謾罵叫囂,ㄇㄢˋ ㄇㄚˋ ㄐㄧㄠˋ ㄒㄧㄠ
謾舞,ㄇㄢˋ ㄨˇ
謾語,ㄇㄢˋ ㄩˇ
謾道,ㄇㄢˋ ㄉㄠˋ
證券市場,ㄓㄥˋ ㄑㄩㄢˋ ㄕˋ ㄔㄤˊ
識時務者為俊傑,ㄕˋ ㄕˊ ㄨˋ ㄓㄜˇ ㄨㄟˊ ㄐㄩㄣˋ ㄐㄧㄝˊ
識相,ㄕˋ ㄒㄧㄤˋ
譙周,ㄑㄧㄠˊ ㄓㄡ
譙周獨笑,ㄑㄧㄠˊ ㄓㄡ ㄉㄨˊ ㄒㄧㄠˋ
譙樓,ㄑㄧㄠˊ ㄌㄡˊ
譙櫓,ㄑㄧㄠˊ ㄌㄨˇ
譙譙,ㄑㄧㄠˊ ㄑㄧㄠˊ
譙門,ㄑㄧㄠˊ ㄇㄣˊ
譜兒,ㄆㄨˇ ㄦ
譜曲,ㄆㄨˇ ㄑㄩˇ
警角,ㄐㄧㄥˇ ㄐㄩㄝˊ
譯著,ㄧˋ ㄓㄨˋ
議場,ㄧˋ ㄔㄤˊ
議處,ㄧˋ ㄔㄨˇ
議長論短,ㄧˋ ㄔㄤˊ ㄌㄨㄣˋ ㄉㄨㄢˇ
護喪,ㄏㄨˋ ㄙㄤ
護從,ㄏㄨˋ ㄗㄨㄥˋ
護禿兒,ㄏㄨˋ ㄊㄨ ㄦ
譸張為幻,ㄓㄡ ㄓㄤ ㄨㄟˊ ㄏㄨㄢˋ
譽塞天下,ㄩˋ ㄙㄜˋ ㄊㄧㄢ ㄒㄧㄚˋ
譾薄之材,ㄐㄧㄢˇ ㄅㄛˊ ㄓ ㄘㄞˊ
讀書破萬卷,ㄉㄨˊ ㄕㄨ ㄆㄛˋ ㄨㄢˋ ㄐㄩㄢˋ
讀書種子,ㄉㄨˊ ㄕㄨ ㄓㄨㄥˇ ㄗˇ
讀為,ㄉㄨˊ ㄨㄟˊ
變危為安,ㄅㄧㄢˋ ㄨㄟˊ ㄨㄟˊ ㄢ
變奏曲,ㄅㄧㄢˋ ㄗㄡˋ ㄑㄩˇ
變徵,ㄅㄧㄢˋ ㄓˇ
變徵之聲,ㄅㄧㄢˋ ㄓˇ ㄓ ㄕㄥ
變徵之音,ㄅㄧㄢˋ ㄓˇ ㄓ ㄧㄣ
變更,ㄅㄧㄢˋ ㄍㄥ
變法兒,ㄅㄧㄢˋ ㄈㄚ ㄦ
變相,ㄅㄧㄢˋ ㄒㄧㄤˋ
變質,ㄅㄧㄢˋ ㄓˊ
讎校,ㄔㄡˊ ㄐㄧㄠˋ
讒間,ㄔㄢˊ ㄐㄧㄢˋ
讚唄,ㄗㄢˋ ㄅㄞˋ
谷都,ㄍㄨˇ ㄉㄨ
谿子,ㄒㄧ ㄗˇ
豁亮,ㄏㄨㄛˋ ㄌㄧㄤˋ
豁免,ㄏㄨㄛˋ ㄇㄧㄢˇ
豁免權,ㄏㄨㄛˋ ㄇㄧㄢˇ ㄑㄩㄢˊ
豁出去,ㄏㄨㄛˋ ㄔㄨ ㄑㄩˋ
豁剌剌,ㄏㄨㄛˋ ㄌㄚˋ ㄌㄚˋ
豁口截舌,ㄏㄨㄛˋ ㄎㄡˇ ㄐㄧㄝˊ ㄕㄜˊ
豁地,ㄏㄨㄛˋ ㄉㄧˋ
豁拳,ㄏㄨㄚˊ ㄑㄩㄢˊ
豁朗,ㄏㄨㄛˋ ㄌㄤˇ
豁然,ㄏㄨㄛˋ ㄖㄢˊ
豁然大悟,ㄏㄨㄛˋ ㄖㄢˊ ㄉㄚˋ ㄨˋ
豁然省悟,ㄏㄨㄛˋ ㄖㄢˊ ㄒㄧㄥˇ ㄨˋ
豁然貫通,ㄏㄨㄛˋ ㄖㄢˊ ㄍㄨㄢˋ ㄊㄨㄥ
豁然開悟,ㄏㄨㄛˋ ㄖㄢˊ ㄎㄞ ㄨˋ
豁然開朗,ㄏㄨㄛˋ ㄖㄢˊ ㄎㄞ ㄌㄤˇ
豁略大度,ㄏㄨㄛˋ ㄌㄩㄝˋ ㄉㄚˋ ㄉㄨˋ
豁脫,ㄏㄨㄛˋ ㄊㄨㄛ
豁蕩,ㄏㄨㄛˋ ㄉㄤˋ
豁達,ㄏㄨㄛˋ ㄉㄚˊ
豁達大度,ㄏㄨㄛˋ ㄉㄚˊ ㄉㄚˋ ㄉㄨˋ
豁達明亮,ㄏㄨㄛˋ ㄉㄚˊ ㄇㄧㄥˊ ㄌㄧㄤˋ
豁鄧,ㄏㄨㄛˋ ㄉㄥˋ
豆乾,ㄉㄡˋ ㄍㄢ
豆兒大,ㄉㄡˋ ㄦ ㄉㄚˋ
豆嘴兒,ㄉㄡˋ ㄗㄨㄟˇ ㄦ
豆脯,ㄉㄡˋ ㄈㄨˇ
豆腐,ㄉㄡˋ ˙ㄈㄨ
豆腐乳,ㄉㄡˋ ˙ㄈㄨ ㄖㄨˇ
豆腐乾,ㄉㄡˋ ˙ㄈㄨ ㄍㄢ
豆腐官,ㄉㄡˋ ˙ㄈㄨ ㄍㄨㄢ
豆腐干,ㄉㄡˋ ˙ㄈㄨ ㄍㄢ
豆腐皮,ㄉㄡˋ ˙ㄈㄨ ㄆㄧˊ
豆腐衣,ㄉㄡˋ ˙ㄈㄨ ㄧ
豆腐西施,ㄉㄡˋ ˙ㄈㄨ ㄒㄧ ㄕ
豆腐鯊,ㄉㄡˋ ˙ㄈㄨ ㄕㄚ
豆豉,ㄉㄡˋ ㄔˇ
豆豉油,ㄉㄡˋ ㄔˇ ㄧㄡˊ
豆重榆瞑,ㄉㄡˋ ㄓㄨㄥˋ ㄩˊ ㄇㄧㄢˊ
豈弟,ㄎㄞˇ ㄊㄧˋ
豈弟君子,ㄎㄞˇ ㄊㄧˋ ㄐㄩㄣ ㄗˇ
豉蟲,ㄔˇ ㄔㄨㄥˊ
豎子,ㄕㄨˋ ㄗˇ
豎子不足與謀,ㄕㄨˋ ㄗˇ ㄅㄨˋ ㄗㄨˊ ㄩˇ ㄇㄡˊ
豐殺,ㄈㄥ ㄕㄞˋ
豔冠群芳,ㄧㄢˋ ㄍㄨㄢˋ ㄑㄩㄣˊ ㄈㄤ
豕交獸畜,ㄕˇ ㄐㄧㄠ ㄕㄡˋ ㄒㄩˋ
豚兒犬子,ㄊㄨㄣˊ ㄦˊ ㄑㄩㄢˇ ㄗˇ
豚拍,ㄊㄨㄣˊ ㄅㄛˊ
象傳,ㄒㄧㄤˋ ㄓㄨㄢˋ
象揥,ㄒㄧㄤˋ ㄊㄧˋ
象牙質,ㄒㄧㄤˋ ㄧㄚˊ ㄓˊ
象車,ㄒㄧㄤˋ ㄐㄩ
豪俠好義,ㄏㄠˊ ㄒㄧㄚˊ ㄏㄠˋ ㄧˋ
豪忕,ㄏㄠˊ ㄊㄞˋ
豪橫,ㄏㄠˊ ㄏㄥˋ
豬八戒吃人參果,ㄓㄨ ㄅㄚ ㄐㄧㄝˋ ㄔ ㄖㄣˊ ㄕㄣ ㄍㄨㄛˇ
豬圈,ㄓㄨ ㄐㄩㄢˋ
豬肉乾,ㄓㄨ ㄖㄡˋ ㄍㄢ
豬肚,ㄓㄨ ㄉㄨˇ
豬舍,ㄓㄨ ㄕㄜˋ
豺狼塞路,ㄔㄞˊ ㄌㄤˊ ㄙㄜˋ ㄌㄨˋ
貉子,ㄏㄜˊ ㄗˇ
貉絨,ㄏㄜˊ ㄖㄨㄥˊ
貌相,ㄇㄠˋ ㄒㄧㄤˋ
貍貓換太子,ㄌㄧˊ ㄇㄠ ㄏㄨㄢˋ ㄊㄞˋ ㄗˇ
貓兒,ㄇㄠ ㄦ
貓兒洗臉,ㄇㄠ ㄦ ㄒㄧˇ ㄌㄧㄢˇ
貓兒眼,ㄇㄠ ㄦ ㄧㄢˇ
貓兒臉,ㄇㄠ ㄦ ㄌㄧㄢˇ
貓兒見了魚鮮飯,ㄇㄠ ㄦ ㄐㄧㄢˋ ˙ㄌㄜ ㄩˊ ㄒㄧㄢ ㄈㄢˋ
貓兒頭,ㄇㄠ ㄦ ㄊㄡˊ
貓兒頭差事,ㄇㄠ ㄦ ㄊㄡˊ ㄔㄞ ㄕˋ
貓兒頭生活,ㄇㄠ ㄦ ㄊㄡˊ ㄕㄥ ㄏㄨㄛˊ
貓兒食,ㄇㄠ ㄦ ㄕˊ
貓溺,ㄇㄠ ㄋㄧㄠˋ
貓耳朵,ㄇㄠ ㄦˇ ˙ㄉㄨㄛ
貔子窩港,ㄆㄧˊ ㄗˇ ㄨㄛ ㄍㄤˇ
貝他蛻變,ㄅㄟˋ ㄊㄚ ㄕㄨㄟˋ ㄅㄧㄢˋ
貝克勒,ㄅㄟˋ ㄎㄜˋ ㄌㄜˋ
貝勒,ㄅㄟˋ ˙ㄌㄜ
貝子,ㄅㄟˋ ㄗˇ
貝爾格勒,ㄅㄟˋ ㄦˇ ㄍㄜˊ ㄌㄜˋ
貝錦萋菲,ㄅㄟˋ ㄐㄧㄣˇ ㄑㄧ ㄈㄟˇ
貞白,ㄓㄣ ㄅㄛˊ
貞節牌坊,ㄓㄣ ㄐㄧㄝˊ ㄆㄞˊ ˙ㄈㄤ
貞觀,ㄓㄣ ㄍㄨㄢˋ
貞觀之治,ㄓㄣ ㄍㄨㄢˋ ㄓ ㄓˋ
貞觀政要,ㄓㄣ ㄍㄨㄢˋ ㄓㄥˋ ㄧㄠˋ
負乘致寇,ㄈㄨˋ ㄕㄥˋ ㄓˋ ㄎㄡˋ
負債累累,ㄈㄨˋ ㄓㄞˋ ㄌㄟˇ ㄌㄟˇ
負子鼠,ㄈㄨˋ ㄗˇ ㄕㄨˇ
負所得稅,ㄈㄨˋ ㄙㄨㄛˇ ㄉㄜˊ ㄕㄨㄟˋ
負累,ㄈㄨˋ ㄌㄟˇ
負老攜幼,ㄈㄨˋ ㄌㄠˇ ㄒㄧ ㄧㄡˋ
負荷,ㄈㄨˋ ㄏㄜˋ
負荷量,ㄈㄨˋ ㄏㄜˋ ㄌㄧㄤˋ
財匱力絀,ㄘㄞˊ ㄎㄨㄟˋ ㄌㄧˋ ㄔㄨˋ
貢監,ㄍㄨㄥˋ ㄐㄧㄢˋ
貢禹彈冠,ㄍㄨㄥˋ ㄩˇ ㄊㄢˊ ㄍㄨㄢ
貧嘴薄舌,ㄆㄧㄣˊ ㄗㄨㄟˇ ㄅㄛˊ ㄕㄜˊ
貧子,ㄆㄧㄣˊ ㄗˇ
貧富差距,ㄆㄧㄣˊ ㄈㄨˋ ㄔㄚ ㄐㄩˋ
貧骨頭,ㄆㄧㄣˊ ㄍㄨˊ ˙ㄊㄡ
貨幣供給額,ㄏㄨㄛˋ ㄅㄧˋ ㄍㄨㄥ ㄐㄧˇ ㄜˊ
貨幣市場,ㄏㄨㄛˋ ㄅㄧˋ ㄕˋ ㄔㄤˊ
貨郎兒,ㄏㄨㄛˋ ㄌㄤˊ ㄦ
貨郎擔兒,ㄏㄨㄛˋ ㄌㄤˊ ㄉㄢˋ ㄦ
貪便宜,ㄊㄢ ㄆㄧㄢˊ ˙ㄧ
貪冒,ㄊㄢ ㄇㄛˋ
貪冒榮寵,ㄊㄢ ㄇㄛˋ ㄖㄨㄥˊ ㄔㄨㄥˇ
貪多務得,ㄊㄢ ㄉㄨㄛ ㄨˋ ㄉㄜˊ
貪多嚼不爛,ㄊㄢ ㄉㄨㄛ ㄐㄧㄠˊ ㄅㄨˋ ㄌㄢˋ
貪安好逸,ㄊㄢ ㄢ ㄏㄠˋ ㄧˋ
貪小便宜,ㄊㄢ ㄒㄧㄠˇ ㄆㄧㄢˊ ㄧˊ
貪得無厭,ㄊㄢ ㄉㄜˊ ㄨˊ ㄧㄢˋ
貪榮冒寵,ㄊㄢ ㄖㄨㄥˊ ㄇㄛˋ ㄔㄨㄥˇ
貪生惡死,ㄊㄢ ㄕㄥ ㄨˋ ㄙˇ
貪財好色,ㄊㄢ ㄘㄞˊ ㄏㄠˋ ㄙㄜˋ
貪財好賄,ㄊㄢ ㄘㄞˊ ㄏㄠˋ ㄏㄨㄟˋ
貫手著棼,ㄍㄨㄢˋ ㄕㄡˇ ㄓㄨㄛˊ ㄈㄣˊ
責數,ㄗㄜˊ ㄕㄨˇ
責躬省過,ㄗㄜˊ ㄍㄨㄥ ㄒㄧㄥˇ ㄍㄨㄛˋ
責難,ㄗㄜˊ ㄋㄢˋ
貳臣傳,ㄦˋ ㄔㄣˊ ㄓㄨㄢˋ
貳車,ㄦˋ ㄐㄩ
貴价,ㄍㄨㄟˋ ㄐㄧㄝˋ
貴族子弟,ㄍㄨㄟˋ ㄗㄨˊ ㄗˇ ㄉㄧˋ
貴甲子,ㄍㄨㄟˋ ㄐㄧㄚˇ ㄗˇ
貴相,ㄍㄨㄟˋ ㄒㄧㄤˋ
貴遊子弟,ㄍㄨㄟˋ ㄧㄡˊ ㄗˇ ㄉㄧˋ
買得,ㄇㄞˇ ㄉㄜˊ
買服,ㄇㄞˇ ˙ㄈㄨ
買櫝還珠,ㄇㄞˇ ㄉㄨˊ ㄏㄨㄢˊ ㄓㄨ
買賣場,ㄇㄞˇ ㄇㄞˋ ㄔㄤˊ
買金偏撞不著賣金的,ㄇㄞˇ ㄐㄧㄣ ㄆㄧㄢ ㄓㄨㄤˋ ㄅㄨˋ ㄓㄠˊ ㄇㄞˋ ㄐㄧㄣ ˙ㄉㄜ
費商量,ㄈㄟˋ ㄕㄤ ㄌㄧㄤˊ
費思量,ㄈㄟˋ ㄙ ㄌㄧㄤˊ
貼兒,ㄊㄧㄝ ㄦ
貼換,ㄊㄧㄝ ˙ㄏㄨㄢ
貿易差額,ㄇㄠˋ ㄧˋ ㄔㄚ ㄜˊ
貿易逆差,ㄇㄠˋ ㄧˋ ㄋㄧˋ ㄔㄚ
貿易順差,ㄇㄠˋ ㄧˋ ㄕㄨㄣˋ ㄔㄚ
賀正,ㄏㄜˋ ㄓㄥ
賁張,ㄅㄣ ㄓㄤ
賁石,ㄅㄣ ㄕˊ
賁育,ㄅㄣ ㄩˋ
賁華,ㄅㄧˋ ㄏㄨㄚ
賁賁,ㄅㄣ ㄅㄣ
賁門,ㄅㄣ ㄇㄣˊ
資料處理,ㄗ ㄌㄧㄠˋ ㄔㄨˇ ㄌㄧˇ
資本市場,ㄗ ㄅㄣˇ ㄕˋ ㄔㄤˊ
資淺齒少,ㄗ ㄑㄧㄢˇ ㄔˇ ㄕㄠˋ
資產重估,ㄗ ㄔㄢˇ ㄔㄨㄥˊ ㄍㄨ
資質,ㄗ ㄓˊ
賈人,ㄍㄨˇ ㄖㄣˊ
賈人渡河,ㄍㄨˇ ㄖㄣˊ ㄉㄨˋ ㄏㄜˊ
賈儈,ㄍㄨˇ ㄎㄨㄞˋ
賈儒商秀,ㄍㄨˇ ㄖㄨˊ ㄕㄤ ㄒㄧㄡˋ
賈利,ㄍㄨˇ ㄌㄧˋ
賈勇,ㄍㄨˇ ㄩㄥˇ
賈客,ㄍㄨˇ ㄎㄜˋ
賈怨,ㄍㄨˇ ㄩㄢˋ
賈禍,ㄍㄨˇ ㄏㄨㄛˋ
賈胡,ㄍㄨˇ ㄏㄨˊ
賈舶,ㄍㄨˇ ㄅㄛˊ
賈豎,ㄍㄨˇ ㄕㄨˋ
賈豎子,ㄍㄨˇ ㄕㄨˋ ㄗˇ
賊仔星,ㄗㄟˊ ㄗˇ ㄒㄧㄥ
賊子,ㄗㄟˊ ㄗˇ
賊子亂臣,ㄗㄟˊ ㄗˇ ㄌㄨㄢˋ ㄔㄣˊ
賊害,ㄗㄜˊ ㄏㄞˋ
賊臣亂子,ㄗㄟˊ ㄔㄣˊ ㄌㄨㄢˋ ㄗˇ
賊臣逆子,ㄗㄟˊ ㄔㄣˊ ㄋㄧˋ ㄗˇ
賊虐,ㄗㄜˊ ㄋㄩㄝˋ
賊話兒,ㄗㄟˊ ㄏㄨㄚˋ ㄦ
賊骨頭,ㄗㄟˊ ㄍㄨˊ ˙ㄊㄡ
賊鬼,ㄗㄟˊ ˙ㄍㄨㄟ
賑給,ㄓㄣˋ ㄐㄧˇ
賓興,ㄅㄧㄣ ㄒㄧㄥ
賜予,ㄙˋ ㄩˇ
賜假,ㄙˋ ㄐㄧㄚˋ
賜光,ㄙˋ ㄍㄨㄤ
賜卹,ㄙˋ ㄒㄩˋ
賜名,ㄙˋ ㄇㄧㄥˊ
賜告,ㄙˋ ㄍㄠˋ
賜姓,ㄙˋ ㄒㄧㄥˋ
賜宴,ㄙˋ ㄧㄢˋ
賜履,ㄙˋ ㄌㄩˇ
賜帛,ㄙˋ ㄅㄛˊ
賜復,ㄙˋ ㄈㄨˋ
賜教,ㄙˋ ㄐㄧㄠˋ
賜死,ㄙˋ ㄙˇ
賜爵,ㄙˋ ㄐㄩㄝˊ
賜環,ㄙˋ ㄏㄨㄢˊ
賜示,ㄙˋ ㄕˋ
賜福,ㄙˋ ㄈㄨˊ
賜紫,ㄙˋ ㄗˇ
賜酺,ㄙˋ ㄆㄨˊ
賜顧,ㄙˋ ㄍㄨˋ
賞勞,ㄕㄤˇ ㄌㄠˋ
賞玩,ㄕㄤˇ ㄨㄢˋ
賞賜,ㄕㄤˇ ㄙˋ
賠個不是,ㄆㄟˊ ˙ㄍㄜ ㄅㄨˋ ㄕˋ
賠小心,ㄆㄟˊ ㄒㄧㄠˇ ˙ㄒㄧㄣ
賢否不明,ㄒㄧㄢˊ ㄆㄧˇ ㄅㄨˋ ㄇㄧㄥˊ
賢從,ㄒㄧㄢˊ ㄗㄨㄥˋ
賢相,ㄒㄧㄢˊ ㄒㄧㄤˋ
賣串兒,ㄇㄞˋ ㄔㄨㄢˋ ㄦ
賣個破綻,ㄇㄞˋ ˙ㄍㄜ ㄆㄛˋ ㄓㄢˋ
賣倒,ㄇㄞˋ ㄉㄠˇ
賣力氣,ㄇㄞˋ ㄌㄧˋ ˙ㄑㄧ
賣務場,ㄇㄞˋ ㄨˋ ㄔㄤˊ
賣呆兒,ㄇㄞˋ ㄉㄞ ㄦ
賣嚷嚷兒,ㄇㄞˋ ㄖㄤ ㄖㄤ ㄦ
賣場,ㄇㄞˋ ㄔㄤˊ
賣妻鬻子,ㄇㄞˋ ㄑㄧ ㄩˋ ㄗˇ
賣字號,ㄇㄞˋ ㄗˋ ˙ㄏㄠ
賣富差貧,ㄇㄞˋ ㄈㄨˋ ㄔㄞ ㄆㄧㄣˊ
賣工夫,ㄇㄞˋ ㄍㄨㄥ ˙ㄈㄨ
賣弄玄虛,ㄇㄞˋ ˙ㄌㄨㄥ ㄒㄩㄢˊ ㄒㄩ
賣文為活,ㄇㄞˋ ㄨㄣˊ ㄨㄟˊ ㄏㄨㄛˊ
賣本事,ㄇㄞˋ ㄅㄣˇ ˙ㄕ
賣查梨,ㄇㄞˋ ㄓㄚ ㄌㄧˊ
賣爵贅子,ㄇㄞˋ ㄐㄩㄝˊ ㄓㄨㄟˋ ㄗˇ
賣爵鬻子,ㄇㄞˋ ㄐㄩㄝˊ ㄩˋ ㄗˇ
賣瓜子兒開廂子打嚏噴,ㄇㄞˋ ㄍㄨㄚ ㄗˇ ㄦ ㄎㄞ ㄒㄧㄤ ˙ㄗ ㄉㄚˇ ㄊㄧˋ ˙ㄈㄣ
賣胳臂,ㄇㄞˋ ㄍㄜ ˙ㄅㄟ
賣荳腐點了河灘地,ㄇㄞˋ ㄉㄡˋ ˙ㄈㄨ ㄉㄧㄢˇ ˙ㄌㄜ ㄏㄜˊ ㄊㄢ ㄉㄧˋ
賣長舌,ㄇㄞˋ ㄔㄤˊ ㄕㄜˊ
賤累,ㄐㄧㄢˋ ㄌㄟˇ
賤骨頭,ㄐㄧㄢˋ ㄍㄨˊ ˙ㄊㄡ
賦得,ㄈㄨˋ ㄉㄜˊ
質問,ㄓˊ ㄨㄣˋ
質因數,ㄓˊ ㄧㄣ ㄕㄨˋ
質地,ㄓˊ ㄉㄧˋ
質妻鬻子,ㄓˋ ㄑㄧ ㄩˋ ㄗˇ
質子,ㄓˊ ㄗˇ
質實,ㄓˊ ㄕˊ
質對,ㄓˊ ㄉㄨㄟˋ
質感,ㄓˊ ㄍㄢˇ
質成,ㄓˊ ㄔㄥˊ
質數,ㄓˊ ㄕㄨˋ
質料,ㄓˊ ㄌㄧㄠˋ
質明,ㄓˊ ㄇㄧㄥˊ
質朴,ㄓˊ ㄆㄨˊ
質樸,ㄓˊ ㄆㄨˊ
質當,ㄓˋ ㄉㄤˋ
質疑,ㄓˊ ㄧˊ
質疑問難,ㄓˊ ㄧˊ ㄨㄣˋ ㄋㄢˋ
質的,ㄓˊ ㄉㄧˋ
質直,ㄓˊ ㄓˊ
質直渾厚,ㄓˊ ㄓˊ ㄏㄨㄣˊ ㄏㄡˋ
質而不俚,ㄓˊ ㄦˊ ㄅㄨˋ ㄌㄧˇ
質能不滅定律,ㄓˊ ㄋㄥˊ ㄅㄨˋ ㄇㄧㄝˋ ㄉㄧㄥˋ ㄌㄩˋ
質言,ㄓˊ ㄧㄢˊ
質詢,ㄓˊ ㄒㄩㄣˊ
質證,ㄓˊ ㄓㄥˋ
質變,ㄓˊ ㄅㄧㄢˋ
質讓,ㄓˊ ㄖㄤˋ
質責,ㄓˊ ㄗㄜˊ
質量,ㄓˊ ㄌㄧㄤˋ
質量數,ㄓˊ ㄌㄧㄤˋ ㄕㄨˋ
質點,ㄓˊ ㄉㄧㄢˇ
賭博場,ㄉㄨˇ ㄅㄛˊ ㄔㄤˊ
賭場,ㄉㄨˇ ㄔㄤˊ
賭當,ㄉㄨˇ ㄉㄤˇ
賭色,ㄉㄨˇ ㄕㄞˇ
賴詞兒,ㄌㄞˋ ㄘˊ ㄦ
賴象嗑瓜子,ㄌㄞˋ ㄒㄧㄤˋ ㄎㄜˋ ㄍㄨㄚ ㄗˇ
賺哄,ㄗㄨㄢˋ ㄏㄨㄥˇ
賺弄,ㄗㄨㄢˋ ˙ㄋㄨㄥ
賺漏,ㄗㄨㄢˋ ㄌㄡˋ
賺頭,ㄓㄨㄢˋ ˙ㄊㄡ
賺騙,ㄗㄨㄢˋ ㄆㄧㄢˋ
賽普勒斯,ㄙㄞˋ ㄆㄨˇ ㄌㄜˋ ㄙ
賽普勒斯共和國,ㄙㄞˋ ㄆㄨˇ ㄌㄜˋ ㄙ ㄍㄨㄥˋ ㄏㄜˊ ㄍㄨㄛˊ
賽璐玢,ㄙㄞˋ ㄌㄨˋ ㄈㄣ
贅子,ㄓㄨㄟˋ ㄗˇ
贈遺,ㄗㄥˋ ㄨㄟˋ
贏得,ㄧㄥˊ ㄉㄜˊ
贏縮,ㄧㄥˊ ㄙㄨˋ
贓誣,ㄗㄤ ㄨˊ
贖當,ㄕㄨˊ ㄉㄤˋ
赤口白舌,ㄔˋ ㄎㄡˇ ㄅㄛˊ ㄕㄜˊ
赤子,ㄔˋ ㄗˇ
赤子之心,ㄔˋ ㄗˇ ㄓ ㄒㄧㄣ
赤嵌樓,ㄔˋ ㄎㄢˇ ㄌㄡˊ
赤巴巴,ㄔˋ ㄅㄚ ˙ㄅㄚ
赤帝子,ㄔˋ ㄉㄧˋ ㄗˇ
赤松子,ㄔˋ ㄙㄨㄥ ㄗˇ
赤瓦不剌海,ㄔˋ ㄨㄚˇ ㄅㄨˋ ㄌㄚˋ ㄏㄞˇ
赤身露體,ㄔˋ ㄕㄣ ㄌㄡˋ ㄊㄧˇ
赤道幾內亞,ㄔˋ ㄉㄠˋ ㄐㄧ ㄋㄟˋ ㄧㄚˋ
赤道幾內亞共和國,ㄔˋ ㄉㄠˋ ㄐㄧ ㄋㄟˋ ㄧㄚˋ ㄍㄨㄥˋ ㄏㄜˊ ㄍㄨㄛˊ
赤鯶公,ㄔˋ ㄏㄨㄣˋ ㄍㄨㄥ
赫塞,ㄏㄜˋ ㄙㄜˋ
赫柏定律,ㄏㄜˋ ㄅㄛˊ ㄉㄧㄥˋ ㄌㄩˋ
赭衣塞路,ㄓㄜˇ ㄧ ㄙㄜˋ ㄌㄨˋ
走不開,ㄗㄡˇ ˙ㄅㄨ ㄎㄞ
走了和尚走不了廟,ㄗㄡˇ ˙ㄌㄜ ㄏㄜˊ ㄕㄤˋ ㄗㄡˇ ㄅㄨˋ ㄌㄧㄠˇ ㄇㄧㄠˋ
走了大褶兒,ㄗㄡˇ ˙ㄌㄜ ㄉㄚˋ ㄓㄜˊ ㄦ
走南闖北,ㄗㄡˇ ㄋㄢˊ ㄔㄨㄤˋ ㄅㄟˇ
走味兒,ㄗㄡˇ ㄨㄟˋ ㄦ
走心經,ㄗㄡˇ ㄒㄧㄣ ˙ㄐㄧㄥ
走漏消息,ㄗㄡˇ ㄌㄡˋ ㄒㄧㄠ ˙ㄒㄧ
走為上策,ㄗㄡˇ ㄨㄟˊ ㄕㄤˋ ㄘㄜˋ
走百病,ㄗㄡˇ ㄅㄛˊ ㄅㄧㄥˋ
走神兒,ㄗㄡˇ ㄕㄣˊ ㄦ
走過場,ㄗㄡˇ ㄍㄨㄛˋ ㄔㄤˊ
走道兒,ㄗㄡˇ ㄉㄠˋ ㄦ
走馬換將,ㄗㄡˇ ㄇㄚˇ ㄏㄨㄢˋ ㄐㄧㄤˋ
走黑道兒的,ㄗㄡˇ ㄏㄟ ㄉㄠˋ ㄦ ˙ㄉㄜ
赴曲,ㄈㄨˋ ㄑㄩˇ
赴難,ㄈㄨˋ ㄋㄢˋ
起倒,ㄑㄧˇ ㄉㄠˇ
起偃為豎,ㄑㄧˇ ㄧㄢˇ ㄨㄟˊ ㄕㄨˋ
起圈,ㄑㄧˇ ㄐㄩㄢˋ
起更,ㄑㄧˇ ㄍㄥ
起根兒,ㄑㄧˇ ㄍㄣ ㄦ
起解,ㄑㄧˇ ㄐㄧㄝˋ
起開,ㄑㄧˇ ˙ㄎㄞ
趁亮兒,ㄔㄣˋ ㄌㄧㄤˋ ㄦ
趁哄,ㄔㄣˋ ㄏㄨㄥ
趁哄打劫,ㄔㄣˋ ㄏㄨㄥ ㄉㄚˇ ㄐㄧㄝˊ
趁熟,ㄔㄣˋ ㄕㄡˊ
趁空,ㄔㄣˋ ㄎㄨㄥˋ
趁腳兒蹻,ㄔㄣˋ ㄐㄧㄠˇ ㄦ ㄑㄧㄠ
趁貨兒,ㄔㄣˋ ㄏㄨㄛˋ ㄦ
趁風揚帆,ㄔㄣˋ ㄈㄥ ㄧㄤˊ ㄈㄢˊ
趄坡兒,ㄑㄧㄝˋ ㄆㄛ ㄦ
超今冠古,ㄔㄠ ㄐㄧㄣ ㄍㄨㄢˋ ㄍㄨˇ
超子,ㄔㄠ ㄗˇ
超然獨處,ㄔㄠ ㄖㄢˊ ㄉㄨˊ ㄔㄨˇ
超然自得,ㄔㄠ ㄖㄢˊ ㄗˋ ㄉㄜˊ
超級市場,ㄔㄠ ㄐㄧˊ ㄕˋ ㄔㄤˊ
越子,ㄩㄝˋ ㄗˇ
趕一會兒,ㄍㄢˇ ㄧ ㄏㄨㄟˇ ㄦ
趕場,ㄍㄢˇ ㄔㄤˊ
趕情,ㄍㄢˇ ˙ㄑㄧㄥ
趕情兒,ㄍㄢˇ ㄑㄧㄥˊ ㄦ
趕明兒,ㄍㄢˇ ㄇㄧㄥˊ ㄦ
趕活兒,ㄍㄢˇ ㄏㄨㄛˊ ㄦ
趕浪頭,ㄍㄢˇ ㄌㄤˋ ˙ㄊㄡ
趕熱腳兒,ㄍㄢˇ ㄖㄜˋ ㄐㄧㄠˇ ㄦ
趕碌,ㄍㄢˇ ˙ㄌㄨ
趕空兒,ㄍㄢˇ ㄎㄨㄥˋ ㄦ
趕網兒,ㄍㄢˇ ㄨㄤˇ ㄦ
趕著增福神著棍打,ㄍㄢˇ ˙ㄓㄜ ㄗㄥ ㄈㄨˊ ㄕㄣˊ ㄓㄠˊ ㄍㄨㄣˋ ㄉㄚˇ
趕趟兒,ㄍㄢˇ ㄊㄤˋ ㄦ
趕飯擔,ㄍㄢˇ ㄈㄢˋ ㄉㄢˋ
趙子龍,ㄓㄠˋ ㄗˇ ㄌㄨㄥˊ
趙衰,ㄓㄠˋ ㄘㄨㄟ
趣兒,ㄑㄩˋ ㄦ
足了十人,ㄗㄨˊ ㄌㄧㄠˇ ㄕˊ ㄖㄣˊ
足恭,ㄐㄩˋ ㄍㄨㄥ
足球場,ㄗㄨˊ ㄑㄧㄡˊ ㄔㄤˊ
足癬,ㄗㄨˊ ㄒㄧㄢˇ
趴下,ㄆㄚ ˙ㄒㄧㄚ
趵趵,ㄅㄛ ㄅㄛ
趿拉,ㄊㄚ ˙ㄌㄚ
趿拉兒,ㄊㄚ ˙ㄌㄚ ㄦ
趿拉板兒,ㄊㄚ ˙ㄌㄚ ㄅㄢˇ ㄦ
跂坐,ㄑㄧˋ ㄗㄨㄛˋ
跂望,ㄑㄧˋ ㄨㄤˋ
跂訾,ㄑㄧˋ ㄗˇ
跂蹻,ㄑㄧˊ ㄐㄩㄝˊ
跌倒,ㄉㄧㄝˊ ㄉㄠˇ
跌根頭,ㄉㄧㄝˊ ㄍㄣ ˙ㄊㄡ
跌窨,ㄉㄧㄝˊ ㄧㄣˋ
跑不了,ㄆㄠˇ ㄅㄨˋ ㄌㄧㄠˇ
跑了和尚跑不了廟,ㄆㄠˇ ˙ㄌㄜ ㄏㄜˊ ㄕㄤˋ ㄆㄠˇ ㄅㄨˋ ㄌㄧㄠˇ ㄇㄧㄠˋ
跑兒,ㄆㄠˇ ㄦ
跑圓場,ㄆㄠˇ ㄩㄢˊ ㄔㄤˊ
跑堂兒的,ㄆㄠˇ ㄊㄤˊ ㄦ ˙ㄉㄜ
跑狗場,ㄆㄠˇ ㄍㄡˇ ㄔㄤˊ
跑碼頭,ㄆㄠˇ ㄇㄚˇ ˙ㄊㄡ
跑街,ㄆㄠˊ ㄐㄧㄝ
跑蹄,ㄆㄠˊ ㄊㄧˊ
跑蹄剪尾,ㄆㄠˊ ㄊㄧˊ ㄐㄧㄢˇ ㄨㄟˇ
跑道兒,ㄆㄠˇ ㄉㄠˋ ㄦ
跑馬場,ㄆㄠˇ ㄇㄚˇ ㄔㄤˊ
跑馬賣解,ㄆㄠˇ ㄇㄚˇ ㄇㄞˋ ㄒㄧㄝˋ
跑馬走解,ㄆㄠˇ ㄇㄚˇ ㄗㄡˇ ㄒㄧㄝˋ
跕跕,ㄉㄧㄝˊ ㄉㄧㄝˊ
跖蹻,ㄓˊ ㄐㄧㄠˇ
跛倚,ㄅㄧˋ ㄧˇ
跛立箕坐,ㄅㄧˋ ㄌㄧˋ ㄐㄧ ㄗㄨㄛˋ
距塞,ㄐㄩˋ ㄙㄜˋ
跟兒,ㄍㄣ ㄦ
跟子,ㄍㄣ ㄗˇ
跟尾兒,ㄍㄣ ㄨㄟˇ ㄦ
跟屁股,ㄍㄣ ㄆㄧˋ ˙ㄍㄨ
跟頭,ㄍㄣ ˙ㄊㄡ
跟頭蟲,ㄍㄣ ˙ㄊㄡ ㄔㄨㄥˊ
跨胳膊,ㄎㄨㄚˋ ㄍㄜ ˙ㄅㄛ
跨行,ㄎㄨㄚˋ ㄏㄤˊ
跨院兒,ㄎㄨㄚˋ ㄩㄢˋ ㄦ
跪倒,ㄍㄨㄟˋ ㄉㄠˇ
路兒,ㄌㄨˋ ㄦ
路線測量,ㄌㄨˋ ㄒㄧㄢˋ ㄘㄜˋ ㄌㄧㄤˊ
路遠沒輕擔,ㄌㄨˋ ㄩㄢˇ ㄇㄟˊ ㄑㄧㄥ ㄉㄢˋ
跳傀儡,ㄊㄧㄠˋ ㄎㄨㄟˇ ㄌㄟˇ
跳咯噔兒,ㄊㄧㄠˋ ㄍㄜˊ ㄉㄥ ㄦ
跳枝兒,ㄊㄧㄠˋ ㄓ ㄦ
跳蚤市場,ㄊㄧㄠˋ ㄗㄠˇ ㄕˋ ㄔㄤˊ
跳行,ㄊㄧㄠˋ ㄏㄤˊ
跺跺腳,ㄉㄨㄛˋ ˙ㄉㄨㄛ ㄐㄧㄠˇ
踅摸,ㄒㄩㄝˊ ˙ㄇㄛ
踅門瞭戶,ㄒㄩㄝˊ ㄇㄣˊ ㄌㄧㄠˋ ㄏㄨˋ
踆踆,ㄑㄩㄣ ㄑㄩㄣ
踉踉蹌蹌,ㄌㄧㄤˋ ㄌㄧㄤˋ ㄑㄧㄤˋ ㄑㄧㄤˋ
踉踉蹡蹡,ㄌㄧㄤˋ ㄌㄧㄤˋ ㄑㄧㄤˋ ㄑㄧㄤˋ
踉蹌,ㄌㄧㄤˋ ㄑㄧㄤˋ
踉蹡,ㄌㄧㄤˋ ㄑㄧㄤˋ
踏場,ㄊㄚˋ ㄔㄤˊ
踏小板凳兒糊險道神,ㄊㄚˋ ㄒㄧㄠˇ ㄅㄢˇ ㄉㄥˋ ㄦ ㄏㄨˊ ㄒㄧㄢˇ ㄉㄠˋ ㄕㄣˊ
踏浪兒,ㄊㄚˋ ㄌㄤˋ ㄦ
踏著尾羓頭動,ㄊㄚˋ ˙ㄓㄜ ㄨㄟˇ ˙ㄅㄚ ㄊㄡˊ ㄉㄨㄥˋ
踏踏實實,ㄊㄚˋ ˙ㄊㄚ ㄕˊ ㄕˊ
踢蹬,ㄊㄧ ˙ㄉㄥ
踵決肘見,ㄓㄨㄥˇ ㄐㄩㄝˊ ㄓㄡˇ ㄒㄧㄢˋ
踶跂,ㄓˋ ㄑㄧˊ
蹀血,ㄉㄧㄝˊ ㄒㄩㄝˋ
蹇吃,ㄐㄧㄢˇ ㄐㄧˊ
蹇味兒,ㄐㄧㄢˇ ㄨㄟˋ ㄦ
蹋皮兒,ㄊㄚˋ ㄆㄧˊ ㄦ
蹌踉,ㄑㄧㄤˋ ㄌㄧㄤˋ
蹌蹌,ㄑㄧㄤˋ ㄑㄧㄤˋ
蹌蹌踉踉,ㄑㄧㄤˋ ㄑㄧㄤˋ ㄌㄧㄤˋ ㄌㄧㄤˋ
蹓躂,ㄌㄧㄡˋ ˙ㄉㄚ
蹙眉長歎,ㄘㄨˋ ㄇㄟˊ ㄔㄤˊ ㄊㄢˋ
蹢躅,ㄓˊ ㄓㄨˊ
蹣跚,ㄆㄢˊ ㄕㄢ
蹣跼,ㄆㄢˊ ㄐㄩˊ
蹦兒,ㄅㄥˋ ㄦ
蹦兒亮,ㄅㄥˋ ㄦ ㄌㄧㄤˋ
蹦蹦兒,ㄅㄥˋ ㄅㄥˋ ㄦ
蹦蹦兒戲,ㄅㄥˋ ㄅㄥˋ ㄦ ㄒㄧˋ
蹧踐,ㄗㄠ ˙ㄐㄧㄢ
蹧蹋,ㄗㄠ ˙ㄊㄚ
蹭兒戲,ㄘㄥˋ ㄦ ㄒㄧˋ
蹭邊兒,ㄘㄥˋ ㄅㄧㄢ ㄦ
蹶角,ㄐㄩㄝˊ ㄐㄩㄝˊ
蹺敧,ㄑㄧㄠ ㄑㄧ
蹻勇,ㄐㄧㄠˇ ㄩㄥˇ
蹻捷,ㄐㄧㄠˇ ㄐㄧㄝˊ
蹻跖,ㄐㄧㄠˇ ㄓˊ
蹻蹻,ㄐㄧㄠˇ ㄐㄧㄠˇ
躉售市場,ㄉㄨㄣˇ ㄕㄡˋ ㄕˋ ㄔㄤˊ
躉當,ㄉㄨㄣˇ ㄉㄤˋ
躡景,ㄋㄧㄝˋ ㄧㄥˇ
躡景追飛,ㄋㄧㄝˋ ㄧㄥˇ ㄓㄨㄟ ㄈㄟ
躡蹻擔簦,ㄋㄧㄝˋ ㄐㄩㄝˊ ㄉㄢ ㄉㄥ
躧匾稱鉈,ㄒㄧˇ ㄅㄧㄢˇ ㄔㄥˋ ㄊㄨㄛˊ
躪藉,ㄌㄧㄣˋ ㄐㄧㄝˋ
身分,ㄕㄣ ㄈㄣˋ
身分認證,ㄕㄣ ㄈㄣˋ ㄖㄣˋ ㄓㄥˋ
身分證,ㄕㄣ ㄈㄣˋ ㄓㄥˋ
身子骨兒,ㄕㄣ ˙ㄗ ㄍㄨˇ ㄦ
身懷六甲,ㄕㄣ ㄏㄨㄞˊ ㄌㄨˋ ㄐㄧㄚˇ
身毒,ㄐㄩㄢ ㄉㄨˊ
身無長物,ㄕㄣ ㄨˊ ㄓㄤˋ ㄨˋ
身量,ㄕㄣ ˙ㄌㄧㄤ
身長,ㄕㄣ ㄔㄤˊ
躬先表率,ㄍㄨㄥ ㄒㄧㄢ ㄅㄧㄠˇ ㄕㄨㄞˋ
躬自菲薄,ㄍㄨㄥ ㄗˋ ㄈㄟˇ ㄅㄛˊ
躲不了,ㄉㄨㄛˇ ˙ㄅㄨ ㄌㄧㄠˇ
躲不掉,ㄉㄨㄛˇ ˙ㄅㄨ ㄉㄧㄠˋ
躲得和尚躲不得寺,ㄉㄨㄛˇ ㄉㄜˊ ㄏㄜˊ ˙ㄕㄤ ㄉㄨㄛˇ ㄅㄨˋ ㄉㄜˊ ㄙˋ
躲煞,ㄉㄨㄛˇ ㄕㄚˋ
躲猾兒,ㄉㄨㄛˇ ㄏㄨㄚˊ ㄦ
躲躲藏藏,ㄉㄨㄛˇ ˙ㄉㄨㄛ ㄘㄤˊ ㄘㄤˊ
躲開,ㄉㄨㄛˇ ˙ㄎㄞ
車人,ㄐㄩ ㄖㄣˊ
車份兒,ㄔㄜ ㄈㄣˋ ㄦ
車右,ㄐㄩ ㄧㄡˋ
車喝,ㄔㄜ ˙ㄏㄜ
車場,ㄔㄜ ㄔㄤˊ
車士,ㄐㄩ ㄕˋ
車夫,ㄔㄜ ˙ㄈㄨ
車把式,ㄔㄜ ㄅㄚˇ ˙ㄕ
車桑仔,ㄔㄜ ㄙㄤ ㄗˇ
車殆馬煩,ㄐㄩ ㄉㄞˋ ㄇㄚˇ ㄈㄢˊ
車笠之盟,ㄐㄩ ㄌㄧˋ ㄓ ㄇㄥˊ
車簸箕,ㄔㄜ ㄅㄛˋ ㄐㄧ
車行,ㄔㄜ ㄏㄤˊ
車裂,ㄐㄩ ㄌㄧㄝˋ
車載斗量,ㄔㄜ ㄗㄞˋ ㄉㄡˇ ㄌㄧㄤˊ
車轍,ㄔㄜ ㄔㄜˋ
車長,ㄔㄜ ㄔㄤˊ
車馬人兒,ㄔㄜ ㄇㄚˇ ㄖㄣˊ ㄦ
車駕,ㄐㄩ ㄐㄧㄚˋ
車騎,ㄐㄩ ㄐㄧˋ
軋一腳,ㄍㄚˊ ㄧ ㄐㄧㄠˇ
軋戲,ㄍㄚˊ ㄒㄧˋ
軋支票,ㄍㄚˊ ㄓ ㄆㄧㄠˋ
軋然,ㄍㄚˊ ㄖㄢˊ
軋輥,ㄓㄚˊ ㄍㄨㄣˇ
軋進,ㄍㄚˊ ㄐㄧㄣˋ
軋鋼,ㄓㄚˊ ㄍㄤ
軋鋼機,ㄓㄚˊ ㄍㄤ ㄐㄧ
軋頭寸,ㄍㄚˊ ㄊㄡˊ ㄘㄨㄣˋ
軌外行為,ㄍㄨㄟˇ ㄨㄞˋ ㄒㄧㄥˊ ㄨㄟˊ
軌轍,ㄍㄨㄟˇ ㄔㄜˋ
軍不血刃,ㄐㄩㄣ ㄅㄨˋ ㄒㄩㄝˋ ㄖㄣˋ
軍多將廣,ㄐㄩㄣ ㄉㄨㄛ ㄐㄧㄤˋ ㄍㄨㄤˇ
軍帖,ㄐㄩㄣ ㄊㄧㄝˋ
軍樂,ㄐㄩㄣ ㄩㄝˋ
軍樂隊,ㄐㄩㄣ ㄩㄝˋ ㄉㄨㄟˋ
軒掖,ㄒㄩㄢ ㄧㄝˋ
軒檻,ㄒㄩㄢ ㄐㄧㄢˋ
軒豁,ㄒㄩㄢ ㄏㄨㄛˋ
軒軒甚得,ㄒㄩㄢ ㄒㄩㄢ ㄕㄣˋ ㄉㄜˊ
軟兀剌,ㄖㄨㄢˇ ㄨˋ ㄌㄚˋ
軟和,ㄖㄨㄢˇ ˙ㄏㄨㄛ
軟怯怯,ㄖㄨㄢˇ ㄑㄩㄝˋ ㄑㄩㄝˋ
軟瞇𥉐,ㄖㄨㄢˇ ㄇㄧ ㄒㄧˋ
軟磨兒,ㄖㄨㄢˇ ㄇㄛˊ ㄦ
軟罐頭,ㄖㄨㄢˇ ㄍㄨㄢˋ ˙ㄊㄡ
軟耳朵,ㄖㄨㄢˇ ㄦˇ ˙ㄉㄨㄛ
軟調脾,ㄖㄨㄢˇ ㄊㄧㄠˊ ㄆㄧˊ
軟骨頭,ㄖㄨㄢˇ ㄍㄨˊ ˙ㄊㄡ
軟體銀行,ㄖㄨㄢˇ ㄊㄧˇ ㄧㄣˊ ㄏㄤˊ
軫慨,ㄓㄣˇ ㄎㄞˋ
較勁兒,ㄐㄧㄠˋ ㄐㄧㄣˋ ㄦ
較場,ㄐㄧㄠˋ ㄔㄤˊ
較真兒,ㄐㄧㄠˋ ㄓㄣ ㄦ
較短量長,ㄐㄧㄠˋ ㄉㄨㄢˇ ㄌㄧㄤˋ ㄔㄤˊ
較著,ㄐㄧㄠˋ ㄓㄨˋ
載荷,ㄗㄞˋ ㄏㄜˋ
輔相,ㄈㄨˇ ㄒㄧㄤˋ
輔車相依,ㄈㄨˇ ㄐㄩ ㄒㄧㄤ ㄧ
輔車脣齒,ㄈㄨˇ ㄐㄩ ㄔㄨㄣˊ ㄔˇ
輕口薄舌,ㄑㄧㄥ ㄎㄡˇ ㄅㄛˊ ㄕㄜˊ
輕嘴薄舌,ㄑㄧㄥ ㄗㄨㄟˇ ㄅㄛˊ ㄕㄜˊ
輕子,ㄑㄧㄥ ㄗˇ
輕徭薄稅,ㄑㄧㄥ ㄧㄠˊ ㄅㄛˊ ㄕㄨㄟˋ
輕徭薄賦,ㄑㄧㄥ ㄧㄠˊ ㄅㄛˊ ㄈㄨˋ
輕水反應器,ㄑㄧㄥ ㄕㄨㄟˇ ㄈㄢˇ ㄧㄥˋ ㄑㄧˋ
輕水式反應器,ㄑㄧㄥ ㄕㄨㄟˇ ㄕˋ ㄈㄢˇ ㄧㄥˋ ㄑㄧˋ
輕浪浮薄,ㄑㄧㄥ ㄌㄤˋ ㄈㄨˊ ㄅㄛˊ
輕災浮難,ㄑㄧㄥ ㄗㄞ ㄈㄨˊ ㄋㄢˋ
輕率,ㄑㄧㄥ ㄕㄨㄞˋ
輕薄,ㄑㄧㄥ ㄅㄛˊ
輕薄無知,ㄑㄧㄥ ㄅㄛˊ ㄨˊ ㄓ
輕薄無行,ㄑㄧㄥ ㄅㄛˊ ㄨˊ ㄒㄧㄥˋ
輕裝簡從,ㄑㄧㄥ ㄓㄨㄤ ㄐㄧㄢˇ ㄗㄨㄥˋ
輕財好士,ㄑㄧㄥ ㄘㄞˊ ㄏㄠˋ ㄕˋ
輕財好施,ㄑㄧㄥ ㄘㄞˊ ㄏㄠˋ ㄕ
輕財好義,ㄑㄧㄥ ㄘㄞˊ ㄏㄠˋ ㄧˋ
輕車,ㄑㄧㄥ ㄐㄩ
輕車介士,ㄑㄧㄥ ㄐㄩ ㄐㄧㄝˋ ㄕˋ
輕車熟路,ㄑㄧㄥ ㄐㄩ ㄕㄨˊ ㄌㄨˋ
輕車簡從,ㄑㄧㄥ ㄐㄩ ㄐㄧㄢˇ ㄗㄨㄥˋ
輕音樂,ㄑㄧㄥ ㄧㄣ ㄩㄝˋ
輕騎,ㄑㄧㄥ ㄐㄧˋ
輕骨頭,ㄑㄧㄥ ㄍㄨˊ ˙ㄊㄡ
輝長岩,ㄏㄨㄟ ㄔㄤˊ ㄧㄢˊ
輩分,ㄅㄟˋ ˙ㄈㄣ
輩行,ㄅㄟˋ ㄏㄤˊ
輩輩兒,ㄅㄟˋ ㄅㄟˋ ㄦ
輪兒,ㄌㄨㄣˊ ㄦ
輪唱曲,ㄌㄨㄣˊ ㄔㄤˋ ㄑㄩˇ
輪旋曲,ㄌㄨㄣˊ ㄒㄩㄢˊ ㄑㄩˇ
輪種,ㄌㄨㄣˊ ㄓㄨㄥˋ
輪鎗拽步,ㄌㄨㄣˊ ㄑㄧㄤ ㄧㄝˋ ㄅㄨˋ
輸寫,ㄕㄨ ㄒㄧㄝˋ
輿從,ㄩˊ ㄗㄨㄥˋ
輿謣,ㄩˊ ㄒㄩ
轂轆,ㄍㄨ ˙ㄌㄨ
轂轆兒,ㄍㄨ ˙ㄌㄨ ㄦ
轉一轉,ㄓㄨㄢˋ ㄧ ㄓㄨㄢˋ
轉危為安,ㄓㄨㄢˇ ㄨㄟˊ ㄨㄟˊ ㄢ
轉圈,ㄓㄨㄢˋ ㄑㄩㄢ
轉子,ㄓㄨㄢˋ ˙ㄗ
轉彎抹角,ㄓㄨㄢˇ ㄨㄢ ㄇㄛˋ ㄐㄧㄠˇ
轉悲為喜,ㄓㄨㄢˇ ㄅㄟ ㄨㄟˊ ㄒㄧˇ
轉愁為喜,ㄓㄨㄢˇ ㄔㄡˊ ㄨㄟˊ ㄒㄧˇ
轉憂為喜,ㄓㄨㄢˇ ㄧㄡ ㄨㄟˊ ㄒㄧˇ
轉敗為功,ㄓㄨㄢˇ ㄅㄞˋ ㄨㄟˊ ㄍㄨㄥ
轉敗為勝,ㄓㄨㄢˇ ㄅㄞˋ ㄨㄟˊ ㄕㄥˋ
轉灣抹角,ㄓㄨㄢˇ ㄨㄢ ㄇㄛˋ ㄐㄧㄠˇ
轉災為福,ㄓㄨㄢˇ ㄗㄞ ㄨㄟˊ ㄈㄨˊ
轉燈,ㄓㄨㄢˋ ㄉㄥ
轉盤,ㄓㄨㄢˋ ㄆㄢˊ
轉磨,ㄓㄨㄢˋ ㄇㄛˋ
轉磨磨,ㄓㄨㄢˋ ㄇㄛˋ ㄇㄛˋ
轉禍為福,ㄓㄨㄢˇ ㄏㄨㄛˋ ㄨㄟˊ ㄈㄨˊ
轉腰子,ㄓㄨㄢˋ ㄧㄠ ˙ㄗ
轉花兒,ㄓㄨㄢˇ ㄏㄨㄚ ㄦ
轉行,ㄓㄨㄢˇ ㄏㄤˊ
轉軸,ㄓㄨㄢˋ ㄓㄡˊ
轉輪手槍,ㄓㄨㄢˋ ㄌㄨㄣˊ ㄕㄡˇ ㄑㄧㄤ
轉轍,ㄓㄨㄢˇ ㄔㄜˋ
轉轍器,ㄓㄨㄢˇ ㄔㄜˋ ㄑㄧˋ
轉關兒,ㄓㄨㄢˇ ㄍㄨㄢ ㄦ
轍亂旗靡,ㄔㄜˋ ㄌㄨㄢˋ ㄑㄧˊ ㄇㄧˇ
轍兒,ㄓㄜˊ ㄦ
轍環天下,ㄔㄜˋ ㄏㄨㄢˊ ㄊㄧㄢ ㄒㄧㄚˋ
轍跡,ㄔㄜˋ ㄐㄧ
轍鮒,ㄔㄜˋ ㄈㄨˋ
轍鮒之急,ㄔㄜˋ ㄈㄨˋ ㄓ ㄐㄧˊ
轟的,ㄏㄨㄥ ㄉㄧˋ
轡勒,ㄆㄟˋ ㄌㄜˋ
辛螫,ㄒㄧㄣ ㄓㄜ
辟世,ㄅㄧˋ ㄕˋ
辟人之士,ㄅㄧˋ ㄖㄣˊ ㄓ ㄕˋ
辟召,ㄅㄧˋ ㄓㄠˋ
辟君三舍,ㄅㄧˋ ㄐㄩㄣ ㄙㄢ ㄕㄜˋ
辟命,ㄅㄧˋ ㄇㄧㄥˋ
辟地,ㄅㄧˋ ㄉㄧˋ
辟廱,ㄅㄧˋ ㄩㄥ
辟引,ㄅㄧˋ ㄧㄣˇ
辟惡,ㄅㄧˋ ㄜˋ
辟支佛,ㄆㄧˋ ㄓ ㄈㄛˊ
辟易,ㄅㄧˋ ㄧˋ
辟書,ㄅㄧˋ ㄕㄨ
辟淫,ㄅㄧˋ ㄧㄣˊ
辟舉,ㄅㄧˋ ㄐㄩˇ
辟色,ㄅㄧˋ ㄙㄜˋ
辟芷,ㄅㄧˋ ㄓˇ
辟言,ㄅㄧˋ ㄧㄢˊ
辟邏,ㄅㄧˋ ㄌㄨㄛˊ
辟邪,ㄅㄧˋ ㄒㄧㄝˊ
辟雍,ㄅㄧˋ ㄩㄥ
辣實,ㄌㄚˋ ˙ㄕ
辣瓣兒醬,ㄌㄚˋ ㄅㄢˋ ㄦ ㄐㄧㄤˋ
辣菜,ㄌㄚˋ ˙ㄘㄞ
辣菜根子,ㄌㄚˋ ˙ㄘㄞ ㄍㄣ ˙ㄗ
辣豁豁,ㄌㄚˋ ㄏㄨㄛˋ ㄏㄨㄛˋ
辦不到,ㄅㄢˋ ˙ㄅㄨ ㄉㄠˋ
辦差,ㄅㄢˋ ㄔㄞ
辨給,ㄅㄧㄢˋ ㄐㄧˇ
辭不意逮,ㄘˊ ㄅㄨˋ ㄧˋ ㄉㄞˋ
辭給,ㄘˊ ㄐㄧˇ
辭頭,ㄘˊ ˙ㄊㄡ
辯給,ㄅㄧㄢˋ ㄐㄧˇ
辯難,ㄅㄧㄢˋ ㄋㄢˋ
辱子,ㄖㄨˋ ㄗˇ
辱沒,ㄖㄨˋ ㄇㄛˋ
辱荷,ㄖㄨˋ ㄏㄜˋ
農地重劃,ㄋㄨㄥˊ ㄉㄧˋ ㄔㄨㄥˊ ㄏㄨㄚˋ
農場,ㄋㄨㄥˊ ㄔㄤˊ
農家子,ㄋㄨㄥˊ ㄐㄧㄚ ㄗˇ
農家子弟,ㄋㄨㄥˊ ㄐㄧㄚ ㄗˇ ㄉㄧˋ
農舍,ㄋㄨㄥˊ ㄕㄜˋ
迂夫子,ㄩ ㄈㄨ ㄗˇ
迂氣,ㄩ ˙ㄑㄧ
迆涎,ㄧˇ ㄧㄢˋ
迆迆,ㄧˇ ㄧˇ
迆迆邐邐,ㄧˇ ㄧˇ ㄌㄧˇ ㄌㄧˇ
迆逗,ㄧˇ ㄉㄡˋ
迆邐,ㄧˇ ㄌㄧˇ
迆邐不絕,ㄧˇ ㄌㄧˇ ㄅㄨˋ ㄐㄩㄝˊ
迆邐歪斜,ㄧˇ ㄌㄧˇ ㄨㄞ ㄒㄧㄝˊ
迆靡,ㄧˇ ㄇㄧˇ
迋迋,ㄍㄨㄤˇ ㄍㄨㄤˇ
迎阿,ㄧㄥˊ ㄜ
迎頭兒,ㄧㄥˊ ㄊㄡˊ ㄦ
迎頭棒喝,ㄧㄥˊ ㄊㄡˊ ㄅㄤˋ ㄏㄜˋ
迎風搖曳,ㄧㄥˊ ㄈㄥ ㄧㄠˊ ㄧˋ
迎養,ㄧㄥˊ ㄧㄤˋ
近鄉情怯,ㄐㄧㄣˋ ㄒㄧㄤ ㄑㄧㄥˊ ㄑㄩㄝˋ
返景,ㄈㄢˇ ㄧㄥˇ
返本還原,ㄈㄢˇ ㄅㄣˇ ㄏㄨㄢˊ ㄩㄢˊ
返老還童,ㄈㄢˇ ㄌㄠˇ ㄏㄨㄢˊ ㄊㄨㄥˊ
返躬內省,ㄈㄢˇ ㄍㄨㄥ ㄋㄟˋ ㄒㄧㄥˇ
迤邐,ㄧˇ ㄌㄧˇ
迫不得已,ㄆㄛˋ ㄅㄨˋ ㄉㄜˊ ㄧˇ
迫良為娼,ㄆㄛˋ ㄌㄧㄤˊ ㄨㄟˊ ㄔㄤ
迭興,ㄉㄧㄝˊ ㄒㄧㄥ
迴旋曲,ㄏㄨㄟˊ ㄒㄩㄢˊ ㄑㄩˇ
迷你玫瑰,ㄇㄧˊ ㄋㄧˇ ㄇㄟˊ ˙ㄍㄨㄟ
迷倒,ㄇㄧˊ ㄉㄠˇ
迷溜沒亂,ㄇㄧˊ ㄌㄧㄡ ㄇㄛˋ ㄌㄨㄢˋ
迷留悶亂,ㄇㄧˊ ㄌㄧㄡˊ ㄇㄣ ㄌㄨㄢˋ
迷留沒亂,ㄇㄧˊ ㄌㄧㄡˊ ㄇㄛˋ ㄌㄨㄢˋ
迷離顛倒,ㄇㄧˊ ㄌㄧˊ ㄉㄧㄢ ㄉㄠˇ
迸兒焦,ㄅㄥˋ ㄦ ㄐㄧㄠ
迸豆兒,ㄅㄥˋ ㄉㄡˋ ㄦ
退場,ㄊㄨㄟˋ ㄔㄤˊ
退徙三舍,ㄊㄨㄟˋ ㄒㄧˇ ㄙㄢ ㄕㄜˋ
退怯怯,ㄊㄨㄟˋ ㄑㄩㄝˋ ㄑㄩㄝˋ
退省,ㄊㄨㄟˋ ㄒㄧㄥˇ
退身步兒,ㄊㄨㄟˋ ㄕㄣ ㄅㄨˋ ㄦ
退避三舍,ㄊㄨㄟˋ ㄅㄧˋ ㄙㄢ ㄕㄜˋ
退還,ㄊㄨㄟˋ ㄏㄨㄢˊ
送佛送到西天,ㄙㄨㄥˋ ㄈㄛˊ ㄙㄨㄥˋ ㄉㄠˋ ㄒㄧ ㄊㄧㄢ
送喪,ㄙㄨㄥˋ ㄙㄤ
送還,ㄙㄨㄥˋ ㄏㄨㄢˊ
逃北,ㄊㄠˊ ㄅㄛˋ
逃奔,ㄊㄠˊ ㄅㄣˋ
逃災躲難,ㄊㄠˊ ㄗㄞ ㄉㄨㄛˇ ㄋㄢˋ
逃災避難,ㄊㄠˊ ㄗㄞ ㄅㄧˋ ㄋㄢˋ
逃生子,ㄊㄠˊ ㄕㄥ ㄗˇ
逃難,ㄊㄠˊ ㄋㄢˋ
逆子,ㄋㄧˋ ㄗˇ
逆子賊臣,ㄋㄧˋ ㄗˇ ㄗㄟˊ ㄔㄣˊ
逆家子,ㄋㄧˋ ㄐㄧㄚ ㄗˇ
逆差,ㄋㄧˋ ㄔㄚ
逆臣賊子,ㄋㄧˋ ㄔㄣˊ ㄗㄟˊ ㄗˇ
逍遙自得,ㄒㄧㄠ ㄧㄠˊ ㄗˋ ㄉㄜˊ
透亮,ㄊㄡˋ ˙ㄌㄧㄤ
逐兔先得,ㄓㄨˊ ㄊㄨˋ ㄒㄧㄢ ㄉㄜˊ
逐朝每日,ㄓㄨˊ ㄓㄠ ㄇㄟˇ ㄖˋ
逕路兒,ㄐㄧㄥˋ ㄌㄨˋ ㄦ
逗弄,ㄉㄡˋ ˙ㄋㄨㄥ
這些兒,ㄓㄜˋ ㄒㄧㄝ ㄦ
這個,ㄓㄜˋ ˙ㄍㄜ
這個擋口,ㄓㄜˋ ˙ㄍㄜ ㄉㄤˇ ㄎㄡˇ
這個當兒,ㄓㄜˋ ˙ㄍㄜ ㄉㄤ ㄦ
這個那個,ㄓㄜˋ ˙ㄍㄜ ㄋㄚˋ ˙ㄍㄜ
這兒,ㄓㄜˋ ㄦ
這咱,ㄓㄜˋ ˙ㄗㄢ
這塊兒,ㄓㄜˋ ㄎㄨㄞˋ ㄦ
這忽兒,ㄓㄜˋ ㄏㄨ ㄦ
這搭兒,ㄓㄜˋ ㄉㄚ ㄦ
這會兒,ㄓㄜˋ ㄏㄨㄟˇ ㄦ
這會子,ㄓㄜˋ ㄏㄨㄟˇ ˙ㄗ
這溜兒,ㄓㄜˋ ㄌㄧㄡˋ ㄦ
這當兒,ㄓㄜˋ ㄉㄤ ㄦ
這的,ㄓㄜˋ ㄉㄧˋ
這的是,ㄓㄜˋ ㄉㄧˋ ㄕˋ
這陣兒,ㄓㄜˋ ㄓㄣˋ ㄦ
這頭,ㄓㄜˋ ˙ㄊㄡ
這麼點兒,ㄓㄜˋ ˙ㄇㄜ ㄉㄧㄢˇ ㄦ
通事舍人,ㄊㄨㄥ ㄕˋ ㄕㄜˋ ㄖㄣˊ
通侻,ㄊㄨㄥ ㄊㄨㄛ
通塞,ㄊㄨㄥ ㄙㄜˋ
通宿,ㄊㄨㄥ ㄒㄧㄡˇ
通眉長爪,ㄊㄨㄥ ㄇㄟˊ ㄔㄤˊ ㄓㄨㄚˇ
通都大邑,ㄊㄨㄥ ㄉㄨ ㄉㄚˋ ㄧˋ
逞意妄為,ㄔㄥˇ ㄧˋ ㄨㄤˋ ㄨㄟˊ
逞著勁兒,ㄔㄥˇ ˙ㄓㄜ ㄐㄧㄣˋ ㄦ
造微入妙,ㄗㄠˋ ㄨㄟ ㄖㄨˋ ㄇㄧㄠˋ
造父,ㄗㄠˋ ㄈㄨˇ
逢場作戲,ㄈㄥˊ ㄔㄤˊ ㄗㄨㄛˋ ㄒㄧˋ
逢場作樂,ㄈㄥˊ ㄔㄤˊ ㄗㄨㄛˋ ㄌㄜˋ
逢掖,ㄈㄥˊ ㄧㄝˋ
逢掖之士,ㄈㄥˊ ㄧㄝˋ ㄓ ㄕˋ
逢逢,ㄆㄥˊ ㄆㄥˊ
連中三元,ㄌㄧㄢˊ ㄓㄨㄥˋ ㄙㄢ ㄩㄢˊ
連冠,ㄌㄧㄢˊ ㄍㄨㄢˋ
連卷,ㄌㄧㄢˊ ㄑㄩㄢˊ
連扯跟頭,ㄌㄧㄢˊ ㄔㄜˇ ㄍㄣ ˙ㄊㄡ
連拖帶拽,ㄌㄧㄢˊ ㄊㄨㄛ ㄉㄞˋ ㄓㄨㄞˋ
連更徹夜,ㄌㄧㄢˊ ㄍㄥ ㄔㄜˋ ㄧㄝˋ
連朝接夕,ㄌㄧㄢˊ ㄓㄠ ㄐㄧㄝ ㄒㄧˋ
連氣兒,ㄌㄧㄢˊ ㄑㄧˋ ㄦ
連營畫角,ㄌㄧㄢˊ ㄧㄥˊ ㄏㄨㄚˋ ㄐㄩㄝˊ
連章累牘,ㄌㄧㄢˊ ㄓㄤ ㄌㄟˇ ㄉㄨˊ
連篇累幅,ㄌㄧㄢˊ ㄆㄧㄢ ㄌㄟˇ ㄈㄨˊ
連篇累牘,ㄌㄧㄢˊ ㄆㄧㄢ ㄌㄟˇ ㄉㄨˊ
連續假日,ㄌㄧㄢˊ ㄒㄩˋ ㄐㄧㄚˋ ㄖˋ
連署,ㄌㄧㄢˊ ㄕㄨˋ
連翹,ㄌㄧㄢˊ ㄑㄧㄠˊ
連軸兒轉,ㄌㄧㄢˊ ㄓㄡˊ ㄦ ㄓㄨㄢˋ
連鎖反應,ㄌㄧㄢˊ ㄙㄨㄛˇ ㄈㄢˇ ㄧㄥˋ
連階累任,ㄌㄧㄢˊ ㄐㄧㄝ ㄌㄟˇ ㄖㄣˋ
連鬼也不見一個,ㄌㄧㄢˊ ㄍㄨㄟˇ ㄧㄝˇ ㄅㄨˋ ㄐㄧㄢˋ ㄧ ˙ㄍㄜ
逮下,ㄉㄞˋ ㄒㄧㄚˋ
逮捕,ㄉㄞˋ ㄅㄨˇ
逮治,ㄉㄞˋ ㄓˋ
逮繫,ㄉㄞˋ ㄒㄧˋ
逮逮,ㄉㄧˋ ㄉㄧˋ
週末效應,ㄓㄡ ㄇㄛˋ ㄒㄧㄠˋ ㄧㄥˋ
進可替不,ㄐㄧㄣˋ ㄎㄜˇ ㄊㄧˋ ㄈㄡˇ
進可替否,ㄐㄧㄣˋ ㄎㄜˇ ㄊㄧˋ ㄆㄧˇ
進場,ㄐㄧㄣˋ ㄔㄤˊ
進行曲,ㄐㄧㄣˋ ㄒㄧㄥˊ ㄑㄩˇ
進退中繩,ㄐㄧㄣˋ ㄊㄨㄟˋ ㄓㄨㄥˋ ㄕㄥˊ
逴躒,ㄔㄨㄛˋ ㄌㄨㄛˋ
逼不得已,ㄅㄧ ㄅㄨˋ ㄉㄜˊ ㄧˇ
逼勒,ㄅㄧ ㄌㄜˋ
逼民為盜,ㄅㄧ ㄇㄧㄣˊ ㄨㄟˊ ㄉㄠˋ
逼良為娼,ㄅㄧ ㄌㄧㄤˊ ㄨㄟˊ ㄔㄤ
逾分,ㄩˊ ㄈㄣˋ
遇難,ㄩˋ ㄋㄢˋ
遇難成祥,ㄩˋ ㄋㄢˋ ㄔㄥˊ ㄒㄧㄤˊ
遊子,ㄧㄡˊ ㄗˇ
遊子吟,ㄧㄡˊ ㄗˇ ㄧㄣˊ
遊戲場,ㄧㄡˊ ㄒㄧˋ ㄔㄤˊ
遊手好閒,ㄧㄡˊ ㄕㄡˇ ㄏㄠˋ ㄒㄧㄢˊ
遊樂場,ㄧㄡˊ ㄌㄜˋ ㄔㄤˊ
遊說,ㄧㄡˊ ㄕㄨㄟˋ
遊遊磨磨兒,ㄧㄡˊ ㄧㄡˊ ㄇㄛˊ ㄇㄛˊ ㄦ
遊騎,ㄧㄡˊ ㄐㄧˋ
遊騎無歸,ㄧㄡˊ ㄐㄧˋ ㄨˊ ㄍㄨㄟ
運動場,ㄩㄣˋ ㄉㄨㄥˋ ㄔㄤˊ
運智鋪謀,ㄩㄣˋ ㄓˋ ㄆㄨ ㄇㄡˊ
運氣,ㄩㄣˋ ˙ㄑㄧ
運計鋪謀,ㄩㄣˋ ㄐㄧˋ ㄆㄨ ㄇㄡˊ
過一過,ㄍㄨㄛˋ ˙ㄧ ㄍㄨㄛˋ
過不去,ㄍㄨㄛˋ ˙ㄅㄨ ㄑㄩˋ
過了青春無少年,ㄍㄨㄛˋ ˙ㄌㄜ ㄑㄧㄥ ㄔㄨㄣ ㄨˊ ㄕㄠˋ ㄋㄧㄢˊ
過五關斬六將,ㄍㄨㄛˋ ㄨˇ ㄍㄨㄢ ㄓㄢˇ ㄌㄧㄡˋ ㄐㄧㄤˋ
過來,ㄍㄨㄛˋ ˙ㄌㄞ
過兒,ㄍㄨㄛˋ ㄦ
過分,ㄍㄨㄛˋ ㄈㄣˋ
過場,ㄍㄨㄛˋ ㄔㄤˊ
過天,ㄍㄨㄛˋ ˙ㄊㄧㄢ
過嫁妝,ㄍㄨㄛˋ ㄐㄧㄚˋ ˙ㄓㄨㄤ
過年兒,ㄍㄨㄛˋ ㄋㄧㄢˊ ㄦ
過得著,ㄍㄨㄛˋ ˙ㄉㄜ ㄓㄠˊ
過敏性反應,ㄍㄨㄛˋ ㄇㄧㄣˇ ㄒㄧㄥˋ ㄈㄢˇ ㄧㄥˋ
過當,ㄍㄨㄛˋ ㄉㄤˋ
過當防衛,ㄍㄨㄛˋ ㄉㄤˋ ㄈㄤˊ ㄨㄟˋ
過節兒,ㄍㄨㄛˋ ㄐㄧㄝˊ ㄦ
過過身,ㄍㄨㄛˋ ˙ㄍㄨㄛ ㄕㄣ
過門兒,ㄍㄨㄛˋ ㄇㄣˊ ㄦ
過關斬將,ㄍㄨㄛˋ ㄍㄨㄢ ㄓㄢˇ ㄐㄧㄤˋ
遏漸防萌,ㄜˋ ㄐㄧㄢ ㄈㄤˊ ㄇㄥˊ
遐邇著聞,ㄒㄧㄚˊ ㄦˇ ㄓㄨˋ ㄨㄣˊ
遒勁,ㄑㄧㄡˊ ㄐㄧㄥˋ
道三不著兩,ㄉㄠˋ ㄙㄢ ㄅㄨˋ ㄓㄠˊ ㄌㄧㄤˇ
道上,ㄉㄠˋ ˙ㄕㄤ
道不了,ㄉㄠˋ ㄅㄨˋ ㄌㄧㄠˇ
道不得,ㄉㄠˋ ㄅㄨˋ ㄉㄜˊ
道傍李,ㄉㄠˋ ㄆㄤˊ ㄌㄧˇ
道傍苦李,ㄉㄠˋ ㄆㄤˊ ㄎㄨˇ ㄌㄧˇ
道兒,ㄉㄠˋ ㄦ
道冠兒,ㄉㄠˋ ㄍㄨㄢ ㄦ
道分,ㄉㄠˋ ˙ㄈㄣ
道在屎溺,ㄉㄠˋ ㄗㄞˋ ㄕˇ ㄋㄧㄠˋ
道場,ㄉㄠˋ ㄔㄤˊ
道得應得,ㄉㄠˋ ㄉㄜˊ ㄧㄥ ㄉㄜˊ
道曲,ㄉㄠˋ ㄑㄩˇ
道範長昭,ㄉㄠˋ ㄈㄢˋ ㄔㄤˊ ㄓㄠ
道著,ㄉㄠˋ ㄓㄠˊ
道藏,ㄉㄠˋ ㄗㄤˋ
道行,ㄉㄠˋ ˙ㄏㄤ
道觀,ㄉㄠˋ ㄍㄨㄢˋ
道道地地,ㄉㄠˋ ˙ㄉㄠ ㄉㄧˋ ㄉㄧˋ
達喀爾,ㄉㄚˊ ㄎㄚˋ ㄦˇ
違拗,ㄨㄟˊ ㄠˋ
遙相應和,ㄧㄠˊ ㄒㄧㄤ ㄧㄥˋ ㄏㄜˋ
遛彎兒,ㄌㄧㄡˋ ㄨㄢ ㄦ
遛早兒,ㄌㄧㄡˋ ㄗㄠˇ ㄦ
遛活,ㄌㄧㄡˋ ㄏㄨㄛˊ
遛狗,ㄌㄧㄡˋ ㄍㄡˇ
遛達,ㄌㄧㄡˋ ˙ㄉㄚ
遛食兒,ㄌㄧㄡˋ ㄕˊ ㄦ
遛馬,ㄌㄧㄡˋ ㄇㄚˇ
遛鳥,ㄌㄧㄡˋ ㄋㄧㄠˇ
遞解,ㄉㄧˋ ㄐㄧㄝˋ
遞解出境,ㄉㄧˋ ㄐㄧㄝˋ ㄔㄨ ㄐㄧㄥˋ
遠不間親,ㄩㄢˇ ㄅㄨˋ ㄐㄧㄢˋ ㄑㄧㄣ
遠來的和尚好看經,ㄩㄢˇ ㄌㄞˊ ˙ㄉㄜ ㄏㄜˊ ˙ㄕㄤ ㄏㄠˇ ㄎㄢˋ ㄐㄧㄥ
遠來的和尚會念經,ㄩㄢˇ ㄌㄞˊ ˙ㄉㄜ ㄏㄜˊ ˙ㄕㄤ ㄏㄨㄟˋ ㄋㄧㄢˋ ㄐㄧㄥ
遠圖長慮,ㄩㄢˇ ㄊㄨˊ ㄔㄤˊ ㄌㄩˋ
遠嫌,ㄩㄢˋ ㄒㄧㄢˊ
遠害全身,ㄩㄢˋ ㄏㄞˋ ㄑㄩㄢˊ ㄕㄣ
遠水救不了近火,ㄩㄢˇ ㄕㄨㄟˇ ㄐㄧㄡˋ ˙ㄅㄨ ㄌㄧㄠˇ ㄐㄧㄣˋ ㄏㄨㄛˇ
遠水救不得近渴,ㄩㄢˇ ㄕㄨㄟˇ ㄐㄧㄡˋ ˙ㄅㄨ ˙ㄉㄜ ㄐㄧㄣˋ ㄎㄜˇ
遠渡重洋,ㄩㄢˇ ㄉㄨˋ ㄔㄨㄥˊ ㄧㄤˊ
遣兵調將,ㄑㄧㄢˇ ㄅㄧㄥ ㄉㄧㄠˋ ㄐㄧㄤˋ
適中下懷,ㄕˋ ㄓㄨㄥˋ ㄒㄧㄚˋ ㄏㄨㄞˊ
適孫,ㄉㄧˊ ㄙㄨㄣ
適得其反,ㄕˋ ㄉㄜˊ ㄑㄧˊ ㄈㄢˇ
適得其所,ㄕˋ ㄉㄜˊ ㄑㄧˊ ㄙㄨㄛˇ
適應,ㄕˋ ㄧㄥˋ
適當,ㄕˋ ㄉㄤˋ
遭難,ㄗㄠ ㄋㄢˋ
遮場面,ㄓㄜ ㄔㄤˊ ㄇㄧㄢˋ
遮沒,ㄓㄜ ㄇㄛˋ
遮溜子,ㄓㄜˇ ㄌㄧㄡ ˙ㄗ
遮說,ㄓㄜˇ ˙ㄕㄨㄛ
遲明,ㄓˋ ㄇㄧㄥˊ
遲賓之館,ㄓˋ ㄅㄧㄣ ㄓ ㄍㄨㄢˇ
遴嗇,ㄌㄧㄣˋ ㄙㄜˋ
遷都,ㄑㄧㄢ ㄉㄨ
選佛場,ㄒㄩㄢˇ ㄈㄛˊ ㄔㄤˊ
選場,ㄒㄩㄢˇ ㄔㄤˊ
遺少,ㄧˊ ㄕㄠˋ
遺腹子,ㄧˊ ㄈㄨˋ ㄗˇ
遺臭萬載,ㄧˊ ㄔㄡˋ ㄨㄢˋ ㄗㄞˇ
遺著,ㄧˊ ㄓㄨˋ
遺行,ㄧˊ ㄒㄧㄥˋ
遼東白豕,ㄌㄧㄠˊ ㄉㄨㄥ ㄅㄛˊ ㄕˇ
避火浴血,ㄅㄧˋ ㄏㄨㄛˇ ㄩˋ ㄒㄩㄝˋ
避煞,ㄅㄧˋ ㄕㄚˋ
避貓鼠兒似的,ㄅㄧˋ ㄇㄠ ㄕㄨˇ ㄦ ㄙˋ ˙ㄉㄜ
避難,ㄅㄧˋ ㄋㄢˋ
避難所,ㄅㄧˋ ㄋㄢˋ ㄙㄨㄛˇ
邀勒,ㄧㄠ ㄌㄜˋ
邀喝,ㄧㄠ ㄏㄜˋ
還丹,ㄏㄨㄢˊ ㄉㄢ
還了得,ㄏㄞˊ ㄌㄧㄠˇ ˙ㄉㄜ
還以顏色,ㄏㄨㄢˊ ㄧˇ ㄧㄢˊ ㄙㄜˋ
還俗,ㄏㄨㄢˊ ㄙㄨˊ
還債,ㄏㄨㄢˊ ㄓㄞˋ
還價,ㄏㄨㄢˊ ㄐㄧㄚˋ
還元返本,ㄏㄨㄢˊ ㄩㄢˊ ㄈㄢˇ ㄅㄣˇ
還券,ㄏㄨㄢˊ ㄑㄩㄢˋ
還原,ㄏㄨㄢˊ ㄩㄢˊ
還原劑,ㄏㄨㄢˊ ㄩㄢˊ ㄐㄧˋ
還原反應,ㄏㄨㄢˊ ㄩㄢˊ ㄈㄢˇ ㄧㄥˋ
還原焰,ㄏㄨㄢˊ ㄩㄢˊ ㄧㄢˋ
還嘴,ㄏㄨㄢˊ ㄗㄨㄟˇ
還報,ㄏㄨㄢˊ ㄅㄠˋ
還嬰,ㄏㄨㄢˊ ㄧㄥ
還席,ㄏㄨㄢˊ ㄒㄧˊ
還帳,ㄏㄨㄢˊ ㄓㄤˋ
還忌,ㄏㄨㄢˊ ㄐㄧˋ
還性,ㄏㄨㄢˊ ㄒㄧㄥˋ
還惺,ㄏㄨㄢˊ ㄒㄧㄥ
還我河山,ㄏㄨㄢˊ ㄨㄛˇ ㄏㄜˊ ㄕㄢ
還手,ㄏㄨㄢˊ ㄕㄡˇ
還擊,ㄏㄨㄢˊ ㄐㄧˊ
還政,ㄏㄨㄢˊ ㄓㄥˋ
還本,ㄏㄨㄢˊ ㄅㄣˇ
還淳反樸,ㄏㄨㄢˊ ㄔㄨㄣˊ ㄈㄢˇ ㄆㄨˊ
還淳返樸,ㄏㄨㄢˊ ㄔㄨㄣˊ ㄈㄢˇ ㄆㄨˊ
還珠合浦,ㄏㄨㄢˊ ㄓㄨ ㄏㄜˊ ㄆㄨˇ
還珠返璧,ㄏㄨㄢˊ ㄓㄨ ㄈㄢˇ ㄅㄧˋ
還目,ㄏㄨㄢˊ ㄇㄨˋ
還禮,ㄏㄨㄢˊ ㄌㄧˇ
還翰,ㄏㄨㄢˊ ㄏㄢˋ
還言,ㄏㄨㄢˊ ㄧㄢˊ
還辟,ㄏㄨㄢˊ ㄅㄧˋ
還都,ㄏㄨㄢˊ ㄉㄨ
還鄉,ㄏㄨㄢˊ ㄒㄧㄤ
還錢,ㄏㄨㄢˊ ㄑㄧㄢˊ
還陽,ㄏㄨㄢˊ ㄧㄤˊ
還願,ㄏㄨㄢˊ ㄩㄢˋ
還飆,ㄏㄨㄢˊ ㄅㄧㄠ
還首,ㄏㄨㄢˊ ㄕㄡˇ
還魂,ㄏㄨㄢˊ ㄏㄨㄣˊ
還魂記,ㄏㄨㄢˊ ㄏㄨㄣˊ ㄐㄧˋ
邊卡,ㄅㄧㄢ ㄑㄧㄚˇ
邊塞,ㄅㄧㄢ ㄙㄞˋ
邊塞詩,ㄅㄧㄢ ㄙㄞˋ ㄕ
邊將,ㄅㄧㄢ ㄐㄧㄤˋ
邊皮兒,ㄅㄧㄢ ㄆㄧˊ ㄦ
邊騎,ㄅㄧㄢ ㄐㄧˋ
邋裡邋遢,ㄌㄚˊ ˙ㄌㄧ ㄌㄚˊ ㄊㄚˋ
邋遢,ㄌㄚˊ ˙ㄊㄚ
邋邋,ㄌㄧㄝˋ ㄌㄧㄝˋ
邏摣兒,ㄌㄨㄛˊ ㄓㄚ ㄦ
邏騎,ㄌㄨㄛˊ ㄐㄧˋ
邐迤,ㄌㄧˇ ㄧˇ
邑子,ㄧˋ ㄗˇ
邢侗,ㄒㄧㄥˊ ㄊㄨㄥˊ
那不勒斯,ㄋㄚˋ ㄅㄨˋ ㄌㄜˋ ㄙ
那個,ㄋㄚˋ ˙ㄍㄜ
那個耗子不偷油,ㄋㄚˇ ˙ㄍㄜ ㄏㄠˋ ˙ㄗ ㄅㄨˋ ㄊㄡ ㄧㄡˊ
那個貓兒不吃腥,ㄋㄚˇ ˙ㄍㄜ ㄇㄠ ㄦ ㄅㄨˋ ㄔ ㄒㄧㄥ
那借,ㄋㄨㄛˊ ㄐㄧㄝˋ
那兒,ㄋㄚˋ ㄦ
那動,ㄋㄨㄛˊ ㄉㄨㄥˋ
那匡,ㄋㄚˇ ㄎㄨㄤ
那咱,ㄋㄚˋ ˙ㄗㄢ
那哈兒,ㄋㄚˋ ㄏㄚ ㄦ
那哼,ㄋㄚˇ ㄏㄥ
那堝兒,ㄋㄚˋ ㄍㄨㄛ ㄦ
那壺不開提那壺,ㄋㄚˇ ㄏㄨˊ ㄅㄨˋ ㄎㄞ ㄊㄧˊ ㄋㄚˇ ㄏㄨˊ
那得,ㄋㄚˇ ㄉㄜˊ
那怕,ㄋㄚˇ ㄆㄚˋ
那會子,ㄋㄚˋ ㄏㄨㄟˇ ˙ㄗ
那根蔥那根蒜,ㄋㄚˇ ㄍㄣ ㄘㄨㄥ ㄋㄚˇ ㄍㄣ ㄙㄨㄢˋ
那樁兒,ㄋㄚˋ ㄓㄨㄤ ㄦ
那步,ㄋㄨㄛˊ ㄅㄨˋ
那溜兒,ㄋㄚˋ ㄌㄧㄡˋ ㄦ
那爭,ㄋㄚˇ ㄓㄥ
那當兒,ㄋㄚˋ ㄉㄤ ㄦ
那話兒,ㄋㄚˋ ㄏㄨㄚˋ ㄦ
那頭兒,ㄋㄚˋ ㄊㄡˊ ㄦ
那麼點兒,ㄋㄚˋ ˙ㄇㄜ ㄉㄧㄢˇ ㄦ
邪呼,ㄧㄝˊ ㄏㄨ
邪行,ㄒㄧㄝˊ ˙ㄒㄧㄥ
邪許,ㄧㄝˊ ㄏㄨˇ
邪道兒,ㄒㄧㄝˊ ㄉㄠˋ ㄦ
邸舍,ㄉㄧˇ ㄕㄜˋ
郁郁青青,ㄩˋ ㄩˋ ㄐㄧㄥ ㄐㄧㄥ
郁離子,ㄩˋ ㄌㄧˊ ㄗˇ
郃陽縣,ㄍㄜˊ ㄧㄤˊ ㄒㄧㄢˋ
郎個,ㄌㄤˊ ˙ㄍㄜ
郎子,ㄌㄤˊ ㄗˇ
郎潛白髮,ㄌㄤˊ ㄑㄧㄢˊ ㄅㄛˊ ㄈㄚˇ
郢書燕說,ㄧㄥˇ ㄕㄨ ㄧㄢ ㄕㄨㄛ
郢都,ㄧㄥˇ ㄉㄨ
部分,ㄅㄨˋ ㄈㄣˋ
部分法,ㄅㄨˋ ㄈㄣˋ ㄈㄚˇ
部勒,ㄅㄨˋ ㄌㄜˋ
部將,ㄅㄨˋ ㄐㄧㄤˋ
部從,ㄅㄨˋ ㄗㄨㄥˋ
部派佛教,ㄅㄨˋ ㄆㄞˋ ㄈㄛˊ ㄐㄧㄠˋ
部署,ㄅㄨˋ ㄕㄨˋ
部陳,ㄅㄨˋ ㄓㄣˋ
郭子儀,ㄍㄨㄛ ㄗˇ ㄧˊ
郯子,ㄊㄢˊ ㄗˇ
郵子,ㄧㄡˊ ㄗˇ
郵差,ㄧㄡˊ ㄔㄞ
都中,ㄉㄨ ㄓㄨㄥ
都人士,ㄉㄨ ㄖㄣˊ ㄕˋ
都來,ㄉㄨ ㄌㄞˊ
都保,ㄉㄨ ㄅㄠˇ
都俞吁咈,ㄉㄨ ㄩˊ ㄒㄩ ㄈㄨˊ
都嚕,ㄉㄨ ˙ㄌㄨ
都坑,ㄉㄨ ㄎㄥ
都城,ㄉㄨ ㄔㄥˊ
都大,ㄉㄨ ㄉㄚˋ
都子,ㄉㄨ ㄗˇ
都寺,ㄉㄨ ㄙˋ
都市,ㄉㄨ ㄕˋ
都市之肺,ㄉㄨ ㄕˋ ㄓ ㄈㄟˋ
都市化,ㄉㄨ ㄕˋ ㄏㄨㄚˋ
都市家具,ㄉㄨ ㄕˋ ㄐㄧㄚ ㄐㄩˋ
都市病,ㄉㄨ ㄕˋ ㄅㄧㄥˋ
都市美容師,ㄉㄨ ㄕˋ ㄇㄟˇ ㄖㄨㄥˊ ㄕ
都市計畫,ㄉㄨ ㄕˋ ㄐㄧˋ ㄏㄨㄚˋ
都府,ㄉㄨ ㄈㄨˇ
都把勢,ㄉㄨ ㄅㄚˇ ˙ㄕ
都抹,ㄉㄨ ㄇㄛˇ
都料匠,ㄉㄨ ㄌㄧㄠˋ ㄐㄧㄤˋ
都會,ㄉㄨ ㄏㄨㄟˋ
都會區,ㄉㄨ ㄏㄨㄟˋ ㄑㄩ
都會文學,ㄉㄨ ㄏㄨㄟˋ ㄨㄣˊ ㄒㄩㄝˊ
都柏林,ㄉㄨ ㄅㄛˊ ㄌㄧㄣˊ
都根主兒,ㄉㄨ ㄍㄣ ㄓㄨˇ ㄦ
都督,ㄉㄨ ㄉㄨ
都管,ㄉㄨ ㄍㄨㄢˇ
都纂,ㄉㄨ ㄗㄨㄢˇ
都試,ㄉㄨ ㄕˋ
都講,ㄉㄨ ㄐㄧㄤˇ
都護,ㄉㄨ ㄏㄨˋ
都轄,ㄉㄨ ㄒㄧㄚˊ
都邑,ㄉㄨ ㄧˋ
都都摸摸,ㄉㄨ ˙ㄉㄨ ㄇㄛ ㄇㄛ
都都磨磨,ㄉㄨ ˙ㄉㄨ ㄇㄛˊ ㄇㄛˊ
都鄙,ㄉㄨ ㄅㄧˇ
都鄙有章,ㄉㄨ ㄅㄧˇ ㄧㄡˇ ㄓㄤ
都門,ㄉㄨ ㄇㄣˊ
都雅,ㄉㄨ ㄧㄚˇ
都頭,ㄉㄨ ㄊㄡˊ
都馬調,ㄉㄨ ㄇㄚˇ ㄉㄧㄠˋ
都鬼,ㄉㄨ ㄍㄨㄟˇ
鄉壁虛造,ㄒㄧㄤˋ ㄅㄧˋ ㄒㄩ ㄗㄠˋ
鄉方,ㄒㄧㄤˋ ㄈㄤ
鄉鎮市調解委員會,ㄒㄧㄤ ㄓㄣˋ ㄕˋ ㄊㄧㄠˊ ㄐㄧㄝˇ ㄨㄟˇ ㄩㄢˊ ㄏㄨㄟˋ
鄉風慕義,ㄒㄧㄤˋ ㄈㄥ ㄇㄨˋ ㄧˋ
鄙薄,ㄅㄧˇ ㄅㄛˊ
鄙言累句,ㄅㄧˇ ㄧㄢˊ ㄌㄟˇ ㄐㄩˋ
鄧艾吃,ㄉㄥˋ ㄞˋ ㄐㄧˊ
鄭衛之曲,ㄓㄥˋ ㄨㄟˋ ㄓ ㄑㄩˇ
鄰比,ㄌㄧㄣˊ ㄅㄧˋ
鄰舍,ㄌㄧㄣˊ ㄕㄜˋ
酆都,ㄈㄥ ㄉㄨ
酈食其,ㄌㄧˋ ㄧˋ ㄐㄧ
酌量,ㄓㄨㄛˊ ㄌㄧㄤˊ
配上,ㄆㄟˋ ˙ㄕㄤ
配不上,ㄆㄟˋ ˙ㄅㄨ ㄕㄤˋ
配子,ㄆㄟˋ ㄗˇ
配子世代,ㄆㄟˋ ㄗˇ ㄕˋ ㄉㄞˋ
配子囊,ㄆㄟˋ ㄗˇ ㄋㄤˊ
配子枝,ㄆㄟˋ ㄗˇ ㄓ
配子體,ㄆㄟˋ ㄗˇ ㄊㄧˇ
配搭兒,ㄆㄟˋ ˙ㄉㄚ ㄦ
配樂,ㄆㄟˋ ㄩㄝˋ
配稱,ㄆㄟˋ ㄔㄥˋ
配給,ㄆㄟˋ ㄐㄧˇ
配給制度,ㄆㄟˋ ㄐㄧˇ ㄓˋ ㄉㄨˋ
配給品,ㄆㄟˋ ㄐㄧˇ ㄆㄧㄣˇ
配給票,ㄆㄟˋ ㄐㄧˇ ㄆㄧㄠˋ
配角,ㄆㄟˋ ㄐㄩㄝˊ
配頭,ㄆㄟˋ ˙ㄊㄡ
酒吧,ㄐㄧㄡˇ ㄅㄚ
酒吧女,ㄐㄧㄡˇ ㄅㄚ ㄋㄩˇ
酒吧間,ㄐㄧㄡˇ ㄅㄚ ㄐㄧㄢ
酒惡,ㄐㄧㄡˇ ㄜˇ
酒暈,ㄐㄧㄡˇ ㄩㄣˋ
酒曲,ㄐㄧㄡˇ ㄑㄩˇ
酒生兒,ㄐㄧㄡˇ ㄕㄥ ㄦ
酒精中毒,ㄐㄧㄡˇ ㄐㄧㄥ ㄓㄨㄥˋ ㄉㄨˊ
酒錢,ㄐㄧㄡˇ ˙ㄑㄧㄢ
酖酖,ㄉㄢ ㄉㄢ
酘一酘,ㄊㄡˊ ˙ㄧ ㄊㄡˊ
酥倒,ㄙㄨ ㄉㄠˇ
酥酪,ㄙㄨ ㄌㄨㄛˋ
酪乳,ㄌㄨㄛˋ ㄖㄨˇ
酪奴,ㄌㄨㄛˋ ㄋㄨˊ
酪梨,ㄌㄨㄛˋ ㄌㄧˊ
酪漿,ㄌㄨㄛˋ ㄐㄧㄤ
酪素,ㄌㄨㄛˋ ㄙㄨˋ
酪蛋白,ㄌㄨㄛˋ ㄉㄢˋ ㄅㄞˊ
酪農,ㄌㄨㄛˋ ㄋㄨㄥˊ
酪農業,ㄌㄨㄛˋ ㄋㄨㄥˊ ㄧㄝˋ
酪酥,ㄌㄨㄛˋ ㄙㄨ
酪酸,ㄌㄨㄛˋ ㄙㄨㄢ
酬和,ㄔㄡˊ ㄏㄜˋ
酬庸,ㄔㄡˊ ㄩㄥˊ
酬應,ㄔㄡˊ ㄧㄥˋ
酬酢,ㄔㄡˊ ㄗㄨㄛˋ
酷好,ㄎㄨˋ ㄏㄠˋ
酸不溜丟,ㄙㄨㄢ ˙ㄅㄨ ㄌㄧㄡ ㄉㄧㄡ
酸中毒,ㄙㄨㄢ ㄓㄨㄥˋ ㄉㄨˊ
酸凝酪,ㄙㄨㄢ ㄋㄧㄥˊ ㄌㄨㄛˋ
酸子,ㄙㄨㄢ ㄗˇ
酸巴溜丟,ㄙㄨㄢ ˙ㄅㄚ ㄌㄧㄡ ㄉㄧㄡ
酸甜兒,ㄙㄨㄢ ㄊㄧㄢˊ ㄦ
酸葡萄心理,ㄙㄨㄢ ㄆㄨˊ ˙ㄊㄠ ㄒㄧㄣ ㄌㄧˇ
酸酪乳,ㄙㄨㄢ ㄌㄨㄛˋ ㄖㄨˇ
酸黃虀爛豆腐,ㄙㄨㄢ ㄏㄨㄤˊ ㄐㄧ ㄌㄢˋ ㄉㄡˋ ˙ㄈㄨ
醉厭厭,ㄗㄨㄟˋ ㄧㄢ ㄧㄢ
醉咧咧兒,ㄗㄨㄟˋ ㄌㄧㄝˊ ㄌㄧㄝˊ ㄦ
醉貌咕咚,ㄗㄨㄟˋ ˙ㄇㄠ ㄍㄨ ㄉㄨㄥ
醉貓兒,ㄗㄨㄟˋ ㄇㄠ ㄦ
醒豁,ㄒㄧㄥˇ ㄏㄨㄛˋ
醜丫頭,ㄔㄡˇ ㄧㄚ ˙ㄊㄡ
醜剌剌,ㄔㄡˇ ㄌㄚˋ ㄌㄚˋ
醜行,ㄔㄡˇ ㄒㄧㄥˋ
醫卜星相,ㄧ ㄅㄨˇ ㄒㄧㄥ ㄒㄧㄤˋ
醫家,ㄧ ˙ㄐㄧㄚ
醫療給付,ㄧ ㄌㄧㄠˊ ㄐㄧˇ ㄈㄨˋ
醬糊缸,ㄐㄧㄤˋ ˙ㄏㄨ ㄍㄤ
醬豆腐,ㄐㄧㄤˋ ㄉㄡˋ ˙ㄈㄨ
醭兒,ㄅㄨˊ ㄦ
采地,ㄘㄞˋ ㄉㄧˋ
采綠,ㄘㄞˇ ㄌㄨˋ
采蘋,ㄘㄞˇ ㄆㄧㄣˊ
采蘭贈芍,ㄘㄞˇ ㄌㄢˊ ㄗㄥˋ ㄕㄨㄛˋ
采邑,ㄘㄞˋ ㄧˋ
釋卷,ㄕˋ ㄐㄩㄢˋ
釋子,ㄕˋ ㄗˇ
釋藏,ㄕˋ ㄗㄤˋ
釋迦佛也惱下蓮臺,ㄕˋ ㄐㄧㄚ ㄈㄛˊ ㄧㄝˇ ㄋㄠˇ ㄒㄧㄚˋ ㄌㄧㄢˊ ㄊㄞˊ
里仁為美,ㄌㄧˇ ㄖㄣˊ ㄨㄟˊ ㄇㄟˇ
里舍,ㄌㄧˇ ㄕㄜˋ
重三,ㄔㄨㄥˊ ㄙㄢ
重三疊四,ㄔㄨㄥˊ ㄙㄢ ㄉㄧㄝˊ ㄙˋ
重世,ㄔㄨㄥˊ ㄕˋ
重九,ㄔㄨㄥˊ ㄐㄧㄡˇ
重九登高,ㄔㄨㄥˊ ㄐㄧㄡˇ ㄉㄥ ㄍㄠ
重作馮婦,ㄔㄨㄥˊ ㄗㄨㄛˋ ㄈㄥˊ ㄈㄨˋ
重侍下,ㄔㄨㄥˊ ㄕˋ ㄒㄧㄚˋ
重修,ㄔㄨㄥˊ ㄒㄧㄡ
重修舊好,ㄔㄨㄥˊ ㄒㄧㄡ ㄐㄧㄡˋ ㄏㄠˇ
重倒,ㄓㄨㄥˋ ㄉㄠˇ
重光,ㄔㄨㄥˊ ㄍㄨㄤ
重光累洽,ㄔㄨㄥˊ ㄍㄨㄤ ㄌㄟˇ ㄒㄧㄚˊ
重出,ㄔㄨㄥˊ ㄔㄨ
重創,ㄓㄨㄥˋ ㄔㄨㄤ
重劃,ㄔㄨㄥˊ ㄏㄨㄚˋ
重午,ㄔㄨㄥˊ ㄨˇ
重印,ㄔㄨㄥˊ ㄧㄣˋ
重卵,ㄔㄨㄥˊ ㄌㄨㄢˇ
重合,ㄔㄨㄥˊ ㄏㄜˊ
重唱,ㄔㄨㄥˊ ㄔㄤˋ
重圍,ㄔㄨㄥˊ ㄨㄟˊ
重壁,ㄔㄨㄥˊ ㄅㄧˋ
重奏,ㄔㄨㄥˊ ㄗㄡˋ
重婚,ㄔㄨㄥˊ ㄏㄨㄣ
重孫,ㄔㄨㄥˊ ㄙㄨㄣ
重孫女,ㄔㄨㄥˊ ㄙㄨㄣ ㄋㄩˇ
重孫媳,ㄔㄨㄥˊ ㄙㄨㄣ ㄒㄧˊ
重屋,ㄔㄨㄥˊ ㄨ
重山,ㄔㄨㄥˊ ㄕㄢ
重巖疊嶂,ㄔㄨㄥˊ ㄧㄢˊ ㄉㄧㄝˊ ㄓㄤˋ
重幃,ㄔㄨㄥˊ ㄨㄟˊ
重建,ㄔㄨㄥˊ ㄐㄧㄢˋ
重張,ㄔㄨㄥˊ ㄓㄤ
重慶,ㄔㄨㄥˊ ㄑㄧㄥˋ
重慶市,ㄔㄨㄥˊ ㄑㄧㄥˋ ㄕˋ
重戴,ㄔㄨㄥˊ ㄉㄞˋ
重拍,ㄔㄨㄥˊ ㄆㄞ
重拾舊歡,ㄔㄨㄥˊ ㄕˊ ㄐㄧㄡˋ ㄏㄨㄢ
重振,ㄔㄨㄥˊ ㄓㄣˋ
重振旗鼓,ㄔㄨㄥˊ ㄓㄣˋ ㄑㄧˊ ㄍㄨˇ
重振雄風,ㄔㄨㄥˊ ㄓㄣˋ ㄒㄩㄥˊ ㄈㄥ
重播,ㄔㄨㄥˊ ㄅㄛˋ
重操舊業,ㄔㄨㄥˊ ㄘㄠ ㄐㄧㄡˋ ㄧㄝˋ
重擔,ㄓㄨㄥˋ ㄉㄢˋ
重整,ㄔㄨㄥˊ ㄓㄥˇ
重整人,ㄔㄨㄥˊ ㄓㄥˇ ㄖㄣˊ
重整旗鼓,ㄔㄨㄥˊ ㄓㄥˇ ㄑㄧˊ ㄍㄨˇ
重文,ㄔㄨㄥˊ ㄨㄣˊ
重新,ㄔㄨㄥˊ ㄒㄧㄣ
重新做人,ㄔㄨㄥˊ ㄒㄧㄣ ㄗㄨㄛˋ ㄖㄣˊ
重明,ㄔㄨㄥˊ ㄇㄧㄥˊ
重根,ㄔㄨㄥˊ ㄍㄣ
重樓,ㄔㄨㄥˊ ㄌㄡˊ
重樣兒,ㄔㄨㄥˊ ㄧㄤˋ ㄦ
重檐,ㄔㄨㄥˊ ㄧㄢˊ
重水式反應器,ㄓㄨㄥˋ ㄕㄨㄟˇ ㄕˋ ㄈㄢˇ ㄧㄥˋ ㄑㄧˋ
重沓,ㄔㄨㄥˊ ㄊㄚˋ
重泉,ㄔㄨㄥˊ ㄑㄩㄢˊ
重洋,ㄔㄨㄥˊ ㄧㄤˊ
重淵,ㄔㄨㄥˊ ㄩㄢ
重溟,ㄔㄨㄥˊ ㄇㄧㄥˊ
重溫舊夢,ㄔㄨㄥˊ ㄨㄣ ㄐㄧㄡˋ ㄇㄥˋ
重溫舊業,ㄔㄨㄥˊ ㄨㄣ ㄐㄧㄡˋ ㄧㄝˋ
重演,ㄔㄨㄥˊ ㄧㄢˇ
重熙,ㄔㄨㄥˊ ㄒㄧ
重熙累洽,ㄔㄨㄥˊ ㄒㄧ ㄌㄟˇ ㄒㄧㄚˊ
重版,ㄔㄨㄥˊ ㄅㄢˇ
重犯,ㄔㄨㄥˊ ㄈㄢˋ
重現,ㄔㄨㄥˊ ㄒㄧㄢˋ
重現江湖,ㄔㄨㄥˊ ㄒㄧㄢˋ ㄐㄧㄤ ㄏㄨˊ
重環紋,ㄔㄨㄥˊ ㄏㄨㄢˊ ㄨㄣˊ
重瓣胃,ㄔㄨㄥˊ ㄅㄢˋ ㄨㄟˋ
重生,ㄔㄨㄥˊ ㄕㄥ
重生父母,ㄔㄨㄥˊ ㄕㄥ ㄈㄨˋ ㄇㄨˇ
重生爺娘,ㄔㄨㄥˊ ㄕㄥ ㄧㄝˊ ㄋㄧㄤˊ
重申,ㄔㄨㄥˊ ㄕㄣ
重疊,ㄔㄨㄥˊ ㄉㄧㄝˊ
重眉毛,ㄓㄨㄥˋ ㄇㄟˊ ˙ㄇㄠ
重睹天日,ㄔㄨㄥˊ ㄉㄨˇ ㄊㄧㄢ ㄖˋ
重瞳,ㄔㄨㄥˊ ㄊㄨㄥˊ
重穎,ㄔㄨㄥˊ ㄧㄥˇ
重組,ㄔㄨㄥˊ ㄗㄨˇ
重繭,ㄔㄨㄥˊ ㄐㄧㄢˇ
重置價格,ㄔㄨㄥˊ ㄓˋ ㄐㄧㄚˋ ㄍㄜˊ
重羅麵,ㄔㄨㄥˊ ㄌㄨㄛˊ ㄇㄧㄢˋ
重考,ㄔㄨㄥˊ ㄎㄠˇ
重耳,ㄔㄨㄥˊ ㄦˇ
重聚,ㄔㄨㄥˊ ㄐㄩˋ
重臺,ㄔㄨㄥˊ ㄊㄞˊ
重舌,ㄔㄨㄥˊ ㄕㄜˊ
重華,ㄔㄨㄥˊ ㄏㄨㄚˊ
重華宮,ㄔㄨㄥˊ ㄏㄨㄚˊ ㄍㄨㄥ
重落,ㄔㄨㄥˊ ˙ㄌㄨㄛ
重處,ㄓㄨㄥˋ ㄔㄨˇ
重裀列鼎,ㄔㄨㄥˊ ㄧㄣ ㄌㄧㄝˋ ㄉㄧㄥˇ
重裀疊褥,ㄔㄨㄥˊ ㄧㄣ ㄉㄧㄝˊ ㄖㄨˋ
重複,ㄔㄨㄥˊ ㄈㄨˋ
重複課稅,ㄔㄨㄥˊ ㄈㄨˋ ㄎㄜˋ ㄕㄨㄟˋ
重要分子,ㄓㄨㄥˋ ㄧㄠˋ ㄈㄣˋ ㄗˇ
重見天日,ㄔㄨㄥˊ ㄐㄧㄢˋ ㄊㄧㄢ ㄖˋ
重見複出,ㄔㄨㄥˊ ㄐㄧㄢˋ ㄈㄨˋ ㄔㄨ
重規疊矩,ㄔㄨㄥˊ ㄍㄨㄟ ㄉㄧㄝˊ ㄐㄩˇ
重規累矩,ㄔㄨㄥˊ ㄍㄨㄟ ㄌㄟˇ ㄐㄩˇ
重規襲矩,ㄔㄨㄥˊ ㄍㄨㄟ ㄒㄧˊ ㄐㄩˇ
重親,ㄔㄨㄥˊ ㄑㄧㄣ
重譯,ㄔㄨㄥˊ ㄧˋ
重讀,ㄔㄨㄥˊ ㄉㄨˊ
重貼現率,ㄔㄨㄥˊ ㄊㄧㄝ ㄒㄧㄢˋ ㄌㄩˋ
重質原油,ㄓㄨㄥˋ ㄓˊ ㄩㄢˊ ㄧㄡˊ
重赴鹿鳴,ㄔㄨㄥˊ ㄈㄨˋ ㄌㄨˋ ㄇㄧㄥˊ
重足側目,ㄔㄨㄥˊ ㄗㄨˊ ㄘㄜˋ ㄇㄨˋ
重足而立,ㄔㄨㄥˊ ㄗㄨˊ ㄦˊ ㄌㄧˋ
重趼,ㄔㄨㄥˊ ㄐㄧㄢˇ
重蹈覆轍,ㄔㄨㄥˊ ㄉㄠˋ ㄈㄨˋ ㄔㄜˋ
重軒,ㄔㄨㄥˊ ㄒㄩㄢ
重返,ㄔㄨㄥˊ ㄈㄢˇ
重逢,ㄔㄨㄥˊ ㄈㄥˊ
重重,ㄔㄨㄥˊ ㄔㄨㄥˊ
重重疊疊,ㄔㄨㄥˊ ㄔㄨㄥˊ ㄉㄧㄝˊ ㄉㄧㄝˊ
重重落落,ㄔㄨㄥˊ ㄔㄨㄥˊ ㄌㄨㄛˋ ㄌㄨㄛˋ
重門,ㄔㄨㄥˊ ㄇㄣˊ
重門擊柝,ㄔㄨㄥˊ ㄇㄣˊ ㄐㄧˊ ㄊㄨㄛˋ
重門深鎖,ㄔㄨㄥˊ ㄇㄣˊ ㄕㄣ ㄙㄨㄛˇ
重閨,ㄔㄨㄥˊ ㄍㄨㄟ
重闈,ㄔㄨㄥˊ ㄨㄟˊ
重關,ㄔㄨㄥˊ ㄍㄨㄢ
重阻,ㄔㄨㄥˊ ㄗㄨˇ
重陰,ㄔㄨㄥˊ ㄧㄣ
重陽,ㄔㄨㄥˊ ㄧㄤˊ
重陽日,ㄔㄨㄥˊ ㄧㄤˊ ㄖˋ
重陽木,ㄔㄨㄥˊ ㄧㄤˊ ㄇㄨˋ
重陽節,ㄔㄨㄥˊ ㄧㄤˊ ㄐㄧㄝˊ
重霄,ㄔㄨㄥˊ ㄒㄧㄠ
重霤,ㄔㄨㄥˊ ㄌㄧㄡˋ
重黎,ㄔㄨㄥˊ ㄌㄧˊ
野丫頭,ㄧㄝˇ ㄧㄚ ˙ㄊㄡ
野乘,ㄧㄝˇ ㄕㄥˋ
野意兒,ㄧㄝˇ ㄧˋ ㄦ
野狐狸,ㄧㄝˇ ㄏㄨˊ ˙ㄌㄧ
野莩,ㄧㄝˇ ㄆㄧㄠˇ
野雞戴皮帽兒,ㄧㄝˇ ㄐㄧ ㄉㄞˋ ㄆㄧˊ ㄇㄠˋ ㄦ
野食兒,ㄧㄝˇ ㄕˊ ㄦ
量值,ㄌㄧㄤˊ ㄓˊ
量入為出,ㄌㄧㄤˋ ㄖㄨˋ ㄨㄟˊ ㄔㄨ
量具,ㄌㄧㄤˊ ㄐㄩˋ
量力而為,ㄌㄧㄤˋ ㄌㄧˋ ㄦˊ ㄨㄟˊ
量匙,ㄌㄧㄤˊ ㄔˊ
量子力學,ㄌㄧㄤˋ ㄗˇ ㄌㄧˋ ㄒㄩㄝˊ
量度,ㄌㄧㄤˊ ㄉㄨㄛˋ
量時度力,ㄌㄧㄤˋ ㄕˊ ㄉㄨㄛˋ ㄌㄧˋ
量杯,ㄌㄧㄤˊ ㄅㄟ
量測,ㄌㄧㄤˊ ㄘㄜˋ
量熱計,ㄌㄧㄤˊ ㄖㄜˋ ㄐㄧˋ
量筒,ㄌㄧㄤˊ ㄊㄨㄥˇ
量能課稅,ㄌㄧㄤˊ ㄋㄥˊ ㄎㄜˋ ㄕㄨㄟˋ
量角器,ㄌㄧㄤˊ ㄐㄧㄠˇ ㄑㄧˋ
量酒,ㄌㄧㄤˊ ㄐㄧㄡˇ
量酒人,ㄌㄧㄤˊ ㄐㄧㄡˇ ㄖㄣˊ
量雨表,ㄌㄧㄤˊ ㄩˇ ㄅㄧㄠˇ
量體裁衣,ㄌㄧㄤˊ ㄊㄧˇ ㄘㄞˊ ㄧ
金三事兒,ㄐㄧㄣ ㄙㄢ ㄕˋ ㄦ
金仔,ㄐㄧㄣ ㄗˇ
金剛猩猩,ㄐㄧㄣ ㄍㄤ ㄒㄧㄥ ˙ㄒㄧㄥ
金剛鑽,ㄐㄧㄣ ㄍㄤ ㄗㄨㄢˋ
金剛鑽婚,ㄐㄧㄣ ㄍㄤ ㄗㄨㄢˋ ㄏㄨㄣ
金創,ㄐㄧㄣ ㄔㄨㄤ
金勒,ㄐㄧㄣ ㄌㄜˋ
金屬中毒,ㄐㄧㄣ ㄕㄨˇ ㄓㄨㄥˋ ㄉㄨˊ
金日磾,ㄐㄧㄣ ㄇㄧˋ ㄉㄧ
金櫻子,ㄐㄧㄣ ㄧㄥ ㄗˇ
金湯匙,ㄐㄧㄣ ㄊㄤ ㄔˊ
金玉君子,ㄐㄧㄣ ㄩˋ ㄐㄩㄣ ㄗˇ
金相,ㄐㄧㄣ ㄒㄧㄤˋ
金相學,ㄐㄧㄣ ㄒㄧㄤˋ ㄒㄩㄝˊ
金相玉式,ㄐㄧㄣ ㄒㄧㄤˋ ㄩˋ ㄕˋ
金相玉質,ㄐㄧㄣ ㄒㄧㄤˋ ㄩˋ ㄓˊ
金石為開,ㄐㄧㄣ ㄕˊ ㄨㄟˊ ㄎㄞ
金融市場,ㄐㄧㄣ ㄖㄨㄥˊ ㄕˋ ㄔㄤˊ
金質,ㄐㄧㄣ ㄓˊ
金都,ㄐㄧㄣ ㄉㄨ
金鈴子,ㄐㄧㄣ ㄌㄧㄥˊ ㄗˇ
金鏤玉衣,ㄐㄧㄣ ㄌㄩˇ ㄩˋ ㄧ
金鐘兒,ㄐㄧㄣ ㄓㄨㄥ ㄦ
金鑲玉嵌,ㄐㄧㄣ ㄒㄧㄤ ㄩˋ ㄑㄧㄢ
金鰲玉蝀,ㄐㄧㄣ ㄠˊ ㄩˋ ㄉㄨㄥˋ
金龍少棒隊,ㄐㄧㄣ ㄌㄨㄥˊ ㄕㄠˋ ㄅㄤˋ ㄉㄨㄟˋ
金龜子,ㄐㄧㄣ ㄍㄨㄟ ㄗˇ
釕銱兒,ㄌㄧㄠˋ ㄉㄧㄠˋ ㄦ
釘子戶,ㄉㄧㄥˋ ㄗˇ ㄏㄨˋ
釘封文書,ㄉㄧㄥˋ ㄈㄥ ㄨㄣˊ ㄕㄨ
釘扣子,ㄉㄧㄥˋ ㄎㄡˋ ˙ㄗ
釘書機,ㄉㄧㄥˋ ㄕㄨ ㄐㄧ
釘書針,ㄉㄧㄥˋ ㄕㄨ ㄓㄣ
針孔照相機,ㄓㄣ ㄎㄨㄥˇ ㄓㄠˋ ㄒㄧㄤˋ ㄐㄧ
針尖兒,ㄓㄣ ㄐㄧㄢ ㄦ
針頭,ㄓㄣ ˙ㄊㄡ
針鼻兒,ㄓㄣ ㄅㄧˊ ㄦ
釵腳漏痕,ㄔㄞ ㄐㄩㄝˊ ㄌㄡˋ ㄏㄣˊ
鈀子拳,ㄅㄚˇ ㄗˇ ㄑㄩㄢˊ
鈉離子,ㄋㄚˋ ㄌㄧˊ ㄗˇ
鈒鏤,ㄐㄧˊ ㄌㄡˋ
鈞天廣樂,ㄐㄩㄣ ㄊㄧㄢ ㄍㄨㄤˇ ㄩㄝˋ
鈞天樂,ㄐㄩㄣ ㄊㄧㄢ ㄩㄝˋ
鈞帖,ㄐㄩㄣ ㄊㄧㄝˇ
鈣質,ㄍㄞˋ ㄓˊ
鈴鐺,ㄌㄧㄥˊ ˙ㄉㄤ
鈴鐺壽星,ㄌㄧㄥˊ ˙ㄉㄤ ㄕㄡˋ ˙ㄒㄧㄥ
鈷六十,ㄍㄨ ㄌㄧㄡˋ ㄕˊ
鈷玻璃,ㄍㄨ ㄅㄛ ˙ㄌㄧ
鈷藍,ㄍㄨ ㄌㄢˊ
鉅子,ㄐㄩˋ ㄗˇ
鉅細靡遺,ㄐㄩˋ ㄒㄧˋ ㄇㄧˇ ㄧˊ
鉅著,ㄐㄩˋ ㄓㄨˋ
鉗且,ㄑㄧㄢˊ ㄐㄩ
鉗口撟舌,ㄑㄧㄢˊ ㄎㄡˇ ㄐㄧㄠˋ ㄕㄜˊ
鉛中毒,ㄑㄧㄢ ㄓㄨㄥˋ ㄉㄨˊ
鉛玻璃,ㄑㄧㄢ ㄅㄛ ˙ㄌㄧ
鉤勒,ㄍㄡ ㄌㄜˋ
鉤校,ㄍㄡ ㄐㄧㄠˋ
銀三事挑牙兒,ㄧㄣˊ ㄙㄢ ㄕˋ ㄊㄧㄠ ㄧㄚˊ ㄦ
銀牌兒,ㄧㄣˊ ㄆㄞˊ ㄦ
銀行,ㄧㄣˊ ㄏㄤˊ
銀行利害關係人,ㄧㄣˊ ㄏㄤˊ ㄌㄧˋ ㄏㄞˋ ㄍㄨㄢ ㄒㄧˋ ㄖㄣˊ
銀行券,ㄧㄣˊ ㄏㄤˊ ㄑㄩㄢˋ
銀行團,ㄧㄣˊ ㄏㄤˊ ㄊㄨㄢˊ
銀行對帳單,ㄧㄣˊ ㄏㄤˊ ㄉㄨㄟˋ ㄓㄤˋ ㄉㄢ
銀行貸款,ㄧㄣˊ ㄏㄤˊ ㄉㄞˋ ㄎㄨㄢˇ
銀行體系資金,ㄧㄣˊ ㄏㄤˊ ㄊㄧˇ ㄒㄧˋ ㄗ ㄐㄧㄣ
銀質沉著,ㄧㄣˊ ㄓˊ ㄔㄣˊ ㄓㄨㄛˊ
銅斗兒,ㄊㄨㄥˊ ㄉㄡˇ ㄦ
銅斗兒家緣,ㄊㄨㄥˊ ㄉㄡˇ ㄦ ㄐㄧㄚ ㄩㄢˊ
銅盆撞了鐵掃帚,ㄊㄨㄥˊ ㄆㄣˊ ㄓㄨㄤˋ ˙ㄌㄜ ㄊㄧㄝˇ ㄙㄠˋ ㄓㄡˇ
銅管樂器,ㄊㄨㄥˊ ㄍㄨㄢˇ ㄩㄝˋ ㄑㄧˋ
銅管樂隊,ㄊㄨㄥˊ ㄍㄨㄢˇ ㄩㄝˋ ㄉㄨㄟˋ
銅臭,ㄊㄨㄥˊ ㄒㄧㄡˋ
銅臭味,ㄊㄨㄥˊ ㄒㄧㄡˋ ㄨㄟˋ
銍艾,ㄓˋ ㄧˋ
銖兩悉稱,ㄓㄨ ㄌㄧㄤˇ ㄒㄧ ㄔㄥˋ
銖積寸累,ㄓㄨ ㄐㄧ ㄘㄨㄣˋ ㄌㄟˇ
銖銖校量,ㄓㄨ ㄓㄨ ㄐㄧㄠˋ ㄌㄧㄤˋ
銗筩,ㄒㄧㄤˋ ㄊㄨㄥˇ
銚子,ㄉㄧㄠˋ ˙ㄗ
銜勒,ㄒㄧㄢˊ ㄌㄜˋ
銜華佩實,ㄒㄧㄢˊ ㄏㄨㄚ ㄆㄟˋ ㄕˊ
銬鐐,ㄎㄠˋ ㄌㄧㄠˋ
銳不可當,ㄖㄨㄟˋ ㄅㄨˋ ㄎㄜˇ ㄉㄤˇ
銳未可當,ㄖㄨㄟˋ ㄨㄟˋ ㄎㄜˇ ㄉㄤˇ
銷假,ㄒㄧㄠ ㄐㄧㄚˋ
銷差,ㄒㄧㄠ ㄔㄞ
銼削,ㄘㄨㄛˋ ㄒㄧㄠ
鋁鎂齊,ㄌㄩˇ ㄇㄟˇ ㄐㄧˋ
鋌而走險,ㄊㄧㄥˇ ㄦˊ ㄗㄡˇ ㄒㄧㄢˇ
鋒頭,ㄈㄥ ˙ㄊㄡ
鋤頭,ㄔㄨˊ ˙ㄊㄡ
鋪呈,ㄆㄨ ㄔㄥˊ
鋪堂使費,ㄆㄨ ㄊㄤˊ ㄕˇ ㄈㄟˋ
鋪塔,ㄆㄨ ㄊㄚˇ
鋪墊,ㄆㄨ ㄉㄧㄢˋ
鋪天蓋地,ㄆㄨ ㄊㄧㄢ ㄍㄞˋ ㄉㄧˋ
鋪尺,ㄆㄨ ㄔˇ
鋪屋,ㄆㄨ ㄨ
鋪展,ㄆㄨ ㄓㄢˇ
鋪平,ㄆㄨ ㄆㄧㄥˊ
鋪床,ㄆㄨ ㄔㄨㄤˊ
鋪張,ㄆㄨ ㄓㄤ
鋪張揚厲,ㄆㄨ ㄓㄤ ㄧㄤˊ ㄌㄧˋ
鋪張浪費,ㄆㄨ ㄓㄤ ㄌㄤˋ ㄈㄟˋ
鋪房,ㄆㄨ ㄈㄤˊ
鋪拉,ㄆㄨ ㄌㄚ
鋪持,ㄆㄨ ㄔˊ
鋪排,ㄆㄨ ˙ㄆㄞ
鋪排張揚,ㄆㄨ ㄆㄞˊ ㄓㄤ ㄧㄤˊ
鋪攤,ㄆㄨ ㄊㄢ
鋪敘,ㄆㄨ ㄒㄩˋ
鋪派,ㄆㄨ ㄆㄞˋ
鋪灑,ㄆㄨ ㄙㄚˇ
鋪炕,ㄆㄨ ㄎㄤˋ
鋪牌,ㄆㄨ ㄆㄞˊ
鋪的,ㄆㄨ ˙ㄉㄜ
鋪眉搧眼,ㄆㄨ ㄇㄟˊ ㄕㄢ ㄧㄢˇ
鋪眉苫眼,ㄆㄨ ㄇㄟˊ ㄕㄢ ㄧㄢˇ
鋪眉蒙眼,ㄆㄨ ㄇㄟˊ ㄇㄥˊ ㄧㄢˇ
鋪眼兒,ㄆㄨˋ ㄧㄢˇ ㄦ
鋪砌,ㄆㄨ ㄑㄧˋ
鋪程,ㄆㄨ ㄔㄥˊ
鋪紙,ㄆㄨ ㄓˇ
鋪結,ㄆㄨ ㄐㄧㄝˊ
鋪胸納地,ㄆㄨ ㄒㄩㄥ ㄋㄚˋ ㄉㄧˋ
鋪臥,ㄆㄨ ㄨㄛˋ
鋪蓋,ㄆㄨ ㄍㄞˋ
鋪蓋捲兒,ㄆㄨ ˙ㄍㄞ ㄐㄩㄢˇ ㄦ
鋪襯,ㄆㄨ ㄔㄣˋ
鋪觀,ㄆㄨ ㄍㄨㄢ
鋪設,ㄆㄨ ㄕㄜˋ
鋪謀,ㄆㄨ ㄇㄡˊ
鋪謀定計,ㄆㄨ ㄇㄡˊ ㄉㄧㄥˋ ㄐㄧˋ
鋪買,ㄆㄨ ㄇㄞˇ
鋪路,ㄆㄨ ㄌㄨˋ
鋪路石,ㄆㄨ ㄌㄨˋ ㄕˊ
鋪遲,ㄆㄨ ㄔˊ
鋪錦列繡,ㄆㄨ ㄐㄧㄣˇ ㄌㄧㄝˋ ㄒㄧㄡˋ
鋪開,ㄆㄨ ㄎㄞ
鋪陳,ㄆㄨ ㄔㄣˊ
鋪霜湧雪,ㄆㄨ ㄕㄨㄤ ㄩㄥˇ ㄒㄩㄝˇ
鋪頭,ㄆㄨ ㄊㄡˊ
鋪頭話,ㄆㄨ ㄊㄡˊ ㄏㄨㄚˋ
鋪首,ㄆㄨ ㄕㄡˇ
鋸大缸,ㄐㄩ ㄉㄚˋ ㄍㄤ
鋼琴二重奏,ㄍㄤ ㄑㄧㄣˊ ㄦˋ ㄔㄨㄥˊ ㄗㄡˋ
鋼琴酒吧,ㄍㄤ ㄑㄧㄣˊ ㄐㄧㄡˇ ㄅㄚ
錐處囊中,ㄓㄨㄟ ㄔㄨˇ ㄋㄤˊ ㄓㄨㄥ
錢不露白,ㄑㄧㄢˊ ㄅㄨˋ ㄌㄡˋ ㄅㄞˊ
錢兒癬,ㄑㄧㄢˊ ㄦ ㄒㄧㄢˇ
錢垛,ㄑㄧㄢˊ ㄉㄨㄛˋ
錢板兒,ㄑㄧㄢˊ ㄅㄢˇ ㄦ
錦帆,ㄐㄧㄣˇ ㄈㄢˊ
錦衚衕,ㄐㄧㄣˇ ㄏㄨˊ ˙ㄊㄨㄥ
錦還,ㄐㄧㄣˇ ㄏㄨㄢˊ
錯勘,ㄘㄨㄛˋ ㄎㄢˋ
錯縫兒,ㄘㄨㄛˋ ㄈㄥˋ ㄦ
錯繆,ㄘㄨㄛˋ ㄇㄧㄡˋ
錯置,ㄘㄨˋ ㄓˋ
錯處,ㄘㄨㄛˋ ˙ㄔㄨ
錯迕,ㄘㄨㄛˋ ㄨˋ
錶殼兒,ㄅㄧㄠˇ ㄎㄜˊ ㄦ
鍋伙,ㄍㄨㄛ ˙ㄏㄨㄛ
鍋圈兒,ㄍㄨㄛ ㄑㄩㄢ ㄦ
鍋渣,ㄍㄨㄛ ˙ㄓㄚ
鍋餅,ㄍㄨㄛ ˙ㄅㄧㄥ
鍥薄,ㄑㄧㄝˋ ㄅㄛˊ
鍵盤樂器,ㄐㄧㄢˋ ㄆㄢˊ ㄩㄝˋ ㄑㄧˋ
鍾子期,ㄓㄨㄥ ㄗˇ ㄑㄧˊ
鍾繇,ㄓㄨㄥ ㄧㄡˊ
鎖子甲,ㄙㄨㄛˇ ㄗˇ ㄐㄧㄚˇ
鎖頭,ㄙㄨㄛˇ ˙ㄊㄡ
鎗子,ㄑㄧㄤ ㄗˇ
鎗手,ㄑㄧㄤ ˙ㄕㄡ
鎘中毒,ㄍㄜˊ ㄓㄨㄥˋ ㄉㄨˊ
鎘米,ㄍㄜˊ ㄇㄧˇ
鎬頭,ㄍㄠˇ ㄊㄡˊ
鎮嚇,ㄓㄣˋ ㄏㄜˋ
鎮物,ㄓㄣˋ ˙ㄨ
鏈椎,ㄌㄧㄢˋ ㄔㄨㄟˊ
鏈鎖反應,ㄌㄧㄢˋ ㄙㄨㄛˇ ㄈㄢˇ ㄧㄥˋ
鏊盤上螞蟻,ㄠˊ ㄆㄢˊ ˙ㄕㄤ ㄇㄚˇ ㄧˇ
鏜孔,ㄊㄤˊ ㄎㄨㄥˇ
鏜床,ㄊㄤˊ ㄔㄨㄤˊ
鏝兒,ㄇㄢˋ ㄦ
鏡支兒,ㄐㄧㄥˋ ㄓ ㄦ
鏡面呢,ㄐㄧㄥˋ ㄇㄧㄢˋ ㄋㄧˊ
鏨口兒,ㄗㄢˋ ㄎㄡˇ ㄦ
鏹水,ㄑㄧㄤ ㄕㄨㄟˇ
鐃吹,ㄋㄠˊ ㄔㄨㄟˋ
鐐子,ㄌㄧㄠˊ ㄗˇ
鐘鼎款識,ㄓㄨㄥ ㄉㄧㄥˇ ㄎㄨㄢˇ ㄓˋ
鐵匠,ㄊㄧㄝˇ ˙ㄐㄧㄤ
鐵娘子,ㄊㄧㄝˇ ㄋㄧㄤˊ ㄗˇ
鐵掃帚,ㄊㄧㄝˇ ㄙㄠˋ ˙ㄓㄡ
鐵算盤,ㄊㄧㄝˇ ㄙㄨㄢˋ ˙ㄆㄢ
鐵血主義,ㄊㄧㄝˇ ㄒㄩㄝˋ ㄓㄨˇ ㄧˋ
鐵血宰相,ㄊㄧㄝˇ ㄒㄩㄝˋ ㄗㄞˇ ㄒㄧㄤˋ
鐵貓兒,ㄊㄧㄝˇ ㄇㄠ ㄦ
鐵質,ㄊㄧㄝˇ ㄓˊ
鐵都,ㄊㄧㄝˇ ㄉㄨ
鐵騎,ㄊㄧㄝˇ ㄐㄧˋ
鐺底焦飯,ㄔㄥ ㄉㄧˇ ㄐㄧㄠ ㄈㄢˋ
鐺頭,ㄔㄥ ㄊㄡˊ
鑄字,ㄓㄨˋ ˙ㄗ
鑄模,ㄓㄨˋ ㄇㄨˊ
鑲嵌,ㄒㄧㄤ ㄑㄧㄢ
鑲嵌工藝,ㄒㄧㄤ ㄑㄧㄢ ㄍㄨㄥ ㄧˋ
鑲嵌畫,ㄒㄧㄤ ㄑㄧㄢ ㄏㄨㄚˋ
鑽子,ㄗㄨㄢˋ ˙ㄗ
鑽床,ㄗㄨㄢˋ ㄔㄨㄤˊ
鑽戒,ㄗㄨㄢˋ ㄐㄧㄝˋ
鑽機,ㄗㄨㄢ ˙ㄐㄧ
鑽火得冰,ㄗㄨㄢ ㄏㄨㄛˇ ㄉㄜˊ ㄅㄧㄥ
鑽牛犄角,ㄗㄨㄢ ㄋㄧㄡˊ ㄐㄧ ˙ㄐㄧㄠ
鑽石,ㄗㄨㄢˋ ㄕˊ
鑽石婚,ㄗㄨㄢˋ ㄕˊ ㄏㄨㄣ
鑽空子,ㄗㄨㄢ ㄎㄨㄥˋ ˙ㄗ
鑽頭,ㄗㄨㄢˋ ㄊㄡˊ
鑿圓枘方,ㄗㄨㄛˋ ㄩㄢˊ ㄖㄨㄟˋ ㄈㄤ
鑿坏,ㄗㄨㄛˋ ㄆㄟˊ
鑿壁偷光,ㄗㄨㄛˋ ㄅㄧˋ ㄊㄡ ㄍㄨㄤ
鑿壁懸梁,ㄗㄨㄛˋ ㄅㄧˋ ㄒㄩㄢˊ ㄌㄧㄤˊ
鑿山破石,ㄗㄨㄛˋ ㄕㄢ ㄆㄛˋ ㄕˊ
鑿枘,ㄗㄨㄛˋ ㄖㄨㄟˋ
鑿枘不入,ㄗㄨㄛˋ ㄖㄨㄟˋ ㄅㄨˋ ㄖㄨˋ
鑿渾沌,ㄗㄨㄛˋ ㄏㄨㄣˊ ㄉㄨㄣˋ
鑿空,ㄗㄨㄛˋ ㄎㄨㄥ
鑿空指鹿,ㄗㄨㄛˋ ㄎㄨㄥ ㄓˇ ㄌㄨˋ
鑿竅,ㄗㄨㄛˋ ㄑㄧㄠˋ
鑿船蟲,ㄗㄨㄛˋ ㄔㄨㄢˊ ㄔㄨㄥˊ
鑿鑿,ㄗㄨㄛˋ ㄗㄨㄛˋ
鑿鑿有據,ㄗㄨㄛˋ ㄗㄨㄛˋ ㄧㄡˇ ㄐㄩˋ
鑿飲耕食,ㄗㄨㄛˋ ㄧㄣˇ ㄍㄥ ㄕˊ
钁頭,ㄐㄩㄝˊ ˙ㄊㄡ
長三,ㄔㄤˊ ㄙㄢ
長世,ㄔㄤˊ ㄕˋ
長久,ㄔㄤˊ ㄐㄧㄡˇ
長久之計,ㄔㄤˊ ㄐㄧㄡˇ ㄓ ㄐㄧˋ
長亭,ㄔㄤˊ ㄊㄧㄥˊ
長亭短亭,ㄔㄤˊ ㄊㄧㄥˊ ㄉㄨㄢˇ ㄊㄧㄥˊ
長人,ㄔㄤˊ ㄖㄣˊ
長休告,ㄔㄤˊ ㄒㄧㄡ ㄍㄠˋ
長休飯,ㄔㄤˊ ㄒㄧㄡ ㄈㄢˋ
長住,ㄔㄤˊ ㄓㄨˋ
長便,ㄔㄤˊ ㄅㄧㄢˋ
長信宮,ㄔㄤˊ ㄒㄧㄣˋ ㄍㄨㄥ
長假,ㄔㄤˊ ㄐㄧㄚˋ
長兵,ㄔㄤˊ ㄅㄧㄥ
長冊,ㄔㄤˊ ㄘㄜˋ
長刀,ㄔㄤˊ ㄉㄠ
長句,ㄔㄤˊ ㄐㄩˋ
長吁,ㄔㄤˊ ㄒㄩ
長吁短嘆,ㄔㄤˊ ㄒㄩ ㄉㄨㄢˇ ㄊㄢˋ
長吟,ㄔㄤˊ ㄧㄣˊ
長吻魚,ㄔㄤˊ ㄨㄣˇ ㄩˊ
長命,ㄔㄤˊ ㄇㄧㄥˋ
長命富貴,ㄔㄤˊ ㄇㄧㄥˋ ㄈㄨˋ ㄍㄨㄟˋ
長命百歲,ㄔㄤˊ ㄇㄧㄥˋ ㄅㄞˇ ㄙㄨㄟˋ
長命縷,ㄔㄤˊ ㄇㄧㄥˋ ㄌㄩˇ
長命釘,ㄔㄤˊ ㄇㄧㄥˋ ㄉㄧㄥ
長命鎖,ㄔㄤˊ ㄇㄧㄥˋ ㄙㄨㄛˇ
長嘆,ㄔㄤˊ ㄊㄢˋ
長嘯,ㄔㄤˊ ㄒㄧㄠˋ
長嘴獠牙,ㄔㄤˊ ㄗㄨㄟˇ ㄌㄧㄠˊ ㄧㄚˊ
長噸,ㄔㄤˊ ㄉㄨㄣˋ
長圍,ㄔㄤˊ ㄨㄟˊ
長圓,ㄔㄤˊ ㄩㄢˊ
長坂,ㄔㄤˊ ㄅㄢˇ
長坂坡,ㄔㄤˊ ㄅㄢˇ ㄆㄛ
長城,ㄔㄤˊ ㄔㄥˊ
長堤,ㄔㄤˊ ㄊㄧˊ
長壽,ㄔㄤˊ ㄕㄡˋ
長壽麵,ㄔㄤˊ ㄕㄡˋ ㄇㄧㄢˋ
長夏,ㄔㄤˊ ㄒㄧㄚˋ
長夜,ㄔㄤˊ ㄧㄝˋ
長夜飲,ㄔㄤˊ ㄧㄝˋ ㄧㄣˇ
長天大日,ㄔㄤˊ ㄊㄧㄢ ㄉㄚˋ ㄖˋ
長天老日,ㄔㄤˊ ㄊㄧㄢ ㄌㄠˇ ㄖˋ
長夫,ㄔㄤˊ ㄈㄨ
長子,ㄓㄤˇ ㄗˇ
長存,ㄔㄤˊ ㄘㄨㄣˊ
長安,ㄔㄤˊ ㄢ
長安如弈,ㄔㄤˊ ㄢ ㄖㄨˊ ㄧˋ
長安居大不易,ㄔㄤˊ ㄢ ㄐㄩ ㄉㄚˋ ㄅㄨˋ ㄧˋ
長安道上,ㄔㄤˊ ㄢ ㄉㄠˋ ㄕㄤˋ
長尾巴,ㄓㄤˇ ㄨㄟˇ ˙ㄅㄚ
長尾猴,ㄔㄤˊ ㄨㄟˇ ㄏㄡˊ
長尾闊嘴鳥,ㄔㄤˊ ㄨㄟˇ ㄎㄨㄛˋ ㄗㄨㄟˇ ㄋㄧㄠˇ
長尾雞,ㄔㄤˊ ㄨㄟˇ ㄐㄧ
長尾鮫,ㄔㄤˊ ㄨㄟˇ ㄐㄧㄠ
長局,ㄔㄤˊ ㄐㄩˊ
長居,ㄔㄤˊ ㄐㄩ
長島,ㄔㄤˊ ㄉㄠˇ
長崎市,ㄔㄤˊ ㄑㄧˊ ㄕˋ
長川,ㄔㄤˊ ㄔㄨㄢ
長工,ㄔㄤˊ ㄍㄨㄥ
長干巷,ㄔㄤˊ ㄍㄢ ㄒㄧㄤˋ
長干曲,ㄔㄤˊ ㄍㄢ ㄑㄩˇ
長年,ㄔㄤˊ ㄋㄧㄢˊ
長年累月,ㄔㄤˊ ㄋㄧㄢˊ ㄌㄟˇ ㄩㄝˋ
長年菜,ㄔㄤˊ ㄋㄧㄢˊ ㄘㄞˋ
長庚,ㄔㄤˊ ㄍㄥ
長庚大學,ㄔㄤˊ ㄍㄥ ㄉㄚˋ ㄒㄩㄝˊ
長度,ㄔㄤˊ ㄉㄨˋ
長廊,ㄔㄤˊ ㄌㄤˊ
長役夢魂,ㄔㄤˊ ㄧˋ ㄇㄥˋ ㄏㄨㄣˊ
長征,ㄔㄤˊ ㄓㄥ
長思,ㄔㄤˊ ㄙ
長性,ㄔㄤˊ ㄒㄧㄥˋ
長恨傳,ㄔㄤˊ ㄏㄣˋ ㄓㄨㄢˋ
長恨歌,ㄔㄤˊ ㄏㄣˋ ㄍㄜ
長惡不悛,ㄔㄤˊ ㄜˋ ㄅㄨˋ ㄑㄩㄢ
長慶集,ㄔㄤˊ ㄑㄧㄥˋ ㄐㄧˊ
長慶體,ㄔㄤˊ ㄑㄧㄥˋ ㄊㄧˇ
長戳,ㄔㄤˊ ㄔㄨㄛ
長才,ㄔㄤˊ ㄘㄞˊ
長打,ㄔㄤˊ ㄉㄚˇ
長技,ㄔㄤˊ ㄐㄧˋ
長挑,ㄔㄤˊ ㄊㄧㄠ
長揖,ㄔㄤˊ ㄧ
長攙攙,ㄔㄤˊ ㄔㄢ ㄔㄢ
長方,ㄔㄤˊ ㄈㄤ
長方形,ㄔㄤˊ ㄈㄤ ㄒㄧㄥˊ
長方體,ㄔㄤˊ ㄈㄤ ㄊㄧˇ
長日,ㄔㄤˊ ㄖˋ
長日照植物,ㄔㄤˊ ㄖˋ ㄓㄠˋ ㄓˊ ㄨˋ
長明燈,ㄔㄤˊ ㄇㄧㄥˊ ㄉㄥ
長春市,ㄔㄤˊ ㄔㄨㄣ ㄕˋ
長春花,ㄔㄤˊ ㄔㄨㄣ ㄏㄨㄚ
長曆,ㄔㄤˊ ㄌㄧˋ
長書,ㄔㄤˊ ㄕㄨ
長期,ㄔㄤˊ ㄑㄧˊ
長期投資,ㄔㄤˊ ㄑㄧˊ ㄊㄡˊ ㄗ
長期趨勢,ㄔㄤˊ ㄑㄧˊ ㄑㄩ ㄕˋ
長期飯票,ㄔㄤˊ ㄑㄧˊ ㄈㄢˋ ㄆㄧㄠˋ
長材,ㄔㄤˊ ㄘㄞˊ
長板,ㄔㄤˊ ㄅㄢˇ
長枕大被,ㄔㄤˊ ㄓㄣˇ ㄉㄚˋ ㄅㄟˋ
長林,ㄔㄤˊ ㄌㄧㄣˊ
長林豐草,ㄔㄤˊ ㄌㄧㄣˊ ㄈㄥ ㄘㄠˇ
長枷,ㄔㄤˊ ㄐㄧㄚ
長案,ㄔㄤˊ ㄢˋ
長梗滿天星,ㄔㄤˊ ㄍㄥˇ ㄇㄢˇ ㄊㄧㄢ ㄒㄧㄥ
長條兒,ㄔㄤˊ ㄊㄧㄠˊ ㄦ
長條圖,ㄔㄤˊ ㄊㄧㄠˊ ㄊㄨˊ
長楊,ㄔㄤˊ ㄧㄤˊ
長楸,ㄔㄤˊ ㄑㄧㄡ
長槍,ㄔㄤˊ ㄑㄧㄤ
長樂,ㄔㄤˊ ㄌㄜˋ
長樂宮,ㄔㄤˊ ㄌㄜˋ ㄍㄨㄥ
長樂未央,ㄔㄤˊ ㄌㄜˋ ㄨㄟˋ ㄧㄤ
長歌,ㄔㄤˊ ㄍㄜ
長歌當哭,ㄔㄤˊ ㄍㄜ ㄉㄤˋ ㄎㄨ
長此以往,ㄔㄤˊ ㄘˇ ㄧˇ ㄨㄤˇ
長歲錢,ㄔㄤˊ ㄙㄨㄟˋ ㄑㄧㄢˊ
長毛,ㄔㄤˊ ㄇㄠˊ
長毛絨,ㄔㄤˊ ㄇㄠˊ ㄖㄨㄥˊ
長毛象,ㄔㄤˊ ㄇㄠˊ ㄒㄧㄤˋ
長江,ㄔㄤˊ ㄐㄧㄤ
長江三峽,ㄔㄤˊ ㄐㄧㄤ ㄙㄢ ㄒㄧㄚˊ
長江三角洲,ㄔㄤˊ ㄐㄧㄤ ㄙㄢ ㄐㄧㄠˇ ㄓㄡ
長江天塹,ㄔㄤˊ ㄐㄧㄤ ㄊㄧㄢ ㄑㄧㄢˋ
長江無六月,ㄔㄤˊ ㄐㄧㄤ ㄨˊ ㄌㄧㄡˋ ㄩㄝˋ
長沙市,ㄔㄤˊ ㄕㄚ ㄕˋ
長沙會戰,ㄔㄤˊ ㄕㄚ ㄏㄨㄟˋ ㄓㄢˋ
長河,ㄔㄤˊ ㄏㄜˊ
長治久安,ㄔㄤˊ ㄓˋ ㄐㄧㄡˇ ㄢ
長法,ㄔㄤˊ ㄈㄚˇ
長波,ㄔㄤˊ ㄅㄛ
長流,ㄔㄤˊ ㄌㄧㄡˊ
長漏,ㄔㄤˊ ㄌㄡˋ
長濱文化,ㄔㄤˊ ㄅㄧㄣ ㄨㄣˊ ㄏㄨㄚˋ
長灘,ㄔㄤˊ ㄊㄢ
長焦距鏡頭,ㄔㄤˊ ㄐㄧㄠ ㄐㄩˋ ㄐㄧㄥˋ ㄊㄡˊ
長物,ㄓㄤˋ ㄨˋ
長班,ㄔㄤˊ ㄅㄢ
長生,ㄔㄤˊ ㄕㄥ
長生不死,ㄔㄤˊ ㄕㄥ ㄅㄨˋ ㄙˇ
長生不滅,ㄔㄤˊ ㄕㄥ ㄅㄨˋ ㄇㄧㄝˋ
長生不老,ㄔㄤˊ ㄕㄥ ㄅㄨˋ ㄌㄠˇ
長生久視,ㄔㄤˊ ㄕㄥ ㄐㄧㄡˇ ㄕˋ
長生庫,ㄔㄤˊ ㄕㄥ ㄎㄨˋ
長生果,ㄔㄤˊ ㄕㄥ ㄍㄨㄛˇ
長生殿,ㄔㄤˊ ㄕㄥ ㄉㄧㄢˋ
長生牌位,ㄔㄤˊ ㄕㄥ ㄆㄞˊ ㄨㄟˋ
長生祿位,ㄔㄤˊ ㄕㄥ ㄌㄨˋ ㄨㄟˋ
長痛不如短痛,ㄔㄤˊ ㄊㄨㄥˋ ㄅㄨˋ ㄖㄨˊ ㄉㄨㄢˇ ㄊㄨㄥˋ
長發,ㄔㄤˊ ㄈㄚ
長白山,ㄔㄤˊ ㄅㄞˊ ㄕㄢ
長相,ㄓㄤˇ ㄒㄧㄤˋ
長相廝守,ㄔㄤˊ ㄒㄧㄤ ㄙ ㄕㄡˇ
長相思,ㄔㄤˊ ㄒㄧㄤ ㄙ
長眠,ㄔㄤˊ ㄇㄧㄢˊ
長短,ㄔㄤˊ ㄉㄨㄢˇ
長短不一,ㄔㄤˊ ㄉㄨㄢˇ ㄅㄨˋ ㄧ
長短句,ㄔㄤˊ ㄉㄨㄢˇ ㄐㄩˋ
長石,ㄔㄤˊ ㄕˊ
長程,ㄔㄤˊ ㄔㄥˊ
長空,ㄔㄤˊ ㄎㄨㄥ
長竿,ㄔㄤˊ ㄍㄢ
長笛,ㄔㄤˊ ㄉㄧˊ
長策,ㄔㄤˊ ㄘㄜˋ
長箋,ㄔㄤˊ ㄐㄧㄢ
長算,ㄔㄤˊ ㄙㄨㄢˋ
長算遠略,ㄔㄤˊ ㄙㄨㄢˋ ㄩㄢˇ ㄌㄩㄝˋ
長篇,ㄔㄤˊ ㄆㄧㄢ
長篇大論,ㄔㄤˊ ㄆㄧㄢ ㄉㄚˋ ㄌㄨㄣˋ
長篇小說,ㄔㄤˊ ㄆㄧㄢ ㄒㄧㄠˇ ㄕㄨㄛ
長篇累牘,ㄔㄤˊ ㄆㄧㄢ ㄌㄟˇ ㄉㄨˊ
長篇連載,ㄔㄤˊ ㄆㄧㄢ ㄌㄧㄢˊ ㄗㄞˋ
長篇闊論,ㄔㄤˊ ㄆㄧㄢ ㄎㄨㄛˋ ㄌㄨㄣˋ
長紅,ㄔㄤˊ ㄏㄨㄥˊ
長統襪,ㄔㄤˊ ㄊㄨㄥˇ ㄨㄚˋ
長線,ㄔㄤˊ ㄒㄧㄢˋ
長線放遠鷂,ㄔㄤˊ ㄒㄧㄢˋ ㄈㄤˋ ㄩㄢˇ ㄧㄠˋ
長編,ㄔㄤˊ ㄅㄧㄢ
長繩繫日,ㄔㄤˊ ㄕㄥˊ ㄒㄧˋ ㄖˋ
長繩繫景,ㄔㄤˊ ㄕㄥˊ ㄒㄧˋ ㄐㄧㄥˇ
長纓,ㄔㄤˊ ㄧㄥ
長耳公,ㄔㄤˊ ㄦˇ ㄍㄨㄥ
長耳鴞,ㄔㄤˊ ㄦˇ ㄒㄧㄠ
長脾氣,ㄓㄤˇ ㄆㄧˊ ˙ㄑㄧ
長腰,ㄔㄤˊ ㄧㄠ
長腳蜂,ㄔㄤˊ ㄐㄧㄠˇ ㄈㄥ
長臂猿,ㄔㄤˊ ㄅㄧˋ ㄩㄢˊ
長臂蝦,ㄔㄤˊ ㄅㄧˋ ㄒㄧㄚ
長至,ㄔㄤˊ ㄓˋ
長舌,ㄔㄤˊ ㄕㄜˊ
長舌婦,ㄔㄤˊ ㄕㄜˊ ㄈㄨˋ
長舌頭,ㄔㄤˊ ㄕㄜˊ ˙ㄊㄡ
長著臉,ㄔㄤˊ ˙ㄓㄜ ㄌㄧㄢˇ
長處,ㄔㄤˊ ㄔㄨˋ
長號,ㄔㄤˊ ㄏㄠˋ
長虹,ㄔㄤˊ ㄏㄨㄥˊ
長蟲,ㄔㄤˊ ㄔㄨㄥˊ
長行,ㄔㄤˊ ㄒㄧㄥˊ
長衫,ㄔㄤˊ ㄕㄢ
長袂,ㄔㄤˊ ㄇㄟˋ
長袍,ㄔㄤˊ ㄆㄠˊ
長袖善舞,ㄔㄤˊ ㄒㄧㄡˋ ㄕㄢˋ ㄨˇ
長角果,ㄔㄤˊ ㄐㄧㄠˇ ㄍㄨㄛˇ
長解,ㄔㄤˊ ㄐㄧㄝˋ
長話,ㄔㄤˊ ㄏㄨㄚˋ
長話短說,ㄔㄤˊ ㄏㄨㄚˋ ㄉㄨㄢˇ ㄕㄨㄛ
長調,ㄔㄤˊ ㄉㄧㄠˋ
長談,ㄔㄤˊ ㄊㄢˊ
長豇豆,ㄔㄤˊ ㄐㄧㄤ ㄉㄡˋ
長足,ㄔㄤˊ ㄗㄨˊ
長足進步,ㄔㄤˊ ㄗㄨˊ ㄐㄧㄣˋ ㄅㄨˋ
長跑,ㄔㄤˊ ㄆㄠˇ
長距離無線電話,ㄔㄤˊ ㄐㄩˋ ㄌㄧˊ ㄨˊ ㄒㄧㄢˋ ㄉㄧㄢˋ ㄏㄨㄚˋ
長跪,ㄔㄤˊ ㄍㄨㄟˋ
長路,ㄔㄤˊ ㄌㄨˋ
長車,ㄔㄤˊ ㄐㄩ
長轂,ㄔㄤˊ ㄍㄨˇ
長轡遠御,ㄔㄤˊ ㄆㄟˋ ㄩㄢˇ ㄩˋ
長轡遠馭,ㄔㄤˊ ㄆㄟˋ ㄩㄢˇ ㄩˋ
長辭,ㄔㄤˊ ㄘˊ
長途,ㄔㄤˊ ㄊㄨˊ
長途跋涉,ㄔㄤˊ ㄊㄨˊ ㄅㄚˊ ㄕㄜˋ
長途電話,ㄔㄤˊ ㄊㄨˊ ㄉㄧㄢˋ ㄏㄨㄚˋ
長逝,ㄔㄤˊ ㄕˋ
長遠,ㄔㄤˊ ㄩㄢˇ
長邁,ㄔㄤˊ ㄇㄞˋ
長針,ㄔㄤˊ ㄓㄣ
長鋏,ㄔㄤˊ ㄐㄧㄚˊ
長鋒筆,ㄔㄤˊ ㄈㄥ ㄅㄧˇ
長錢,ㄔㄤˊ ㄑㄧㄢˊ
長鎗,ㄔㄤˊ ㄑㄧㄤ
長鎩,ㄔㄤˊ ㄕㄚ
長鏡頭,ㄔㄤˊ ㄐㄧㄥˋ ㄊㄡˊ
長鑱,ㄔㄤˊ ㄔㄢˊ
長長短短,ㄔㄤˊ ㄔㄤˊ ㄉㄨㄢˇ ㄉㄨㄢˇ
長門,ㄔㄤˊ ㄇㄣˊ
長門賦,ㄔㄤˊ ㄇㄣˊ ㄈㄨˋ
長關,ㄔㄤˊ ㄍㄨㄢ
長陵,ㄔㄤˊ ㄌㄧㄥˊ
長隨,ㄔㄤˊ ㄙㄨㄟˊ
長離,ㄔㄤˊ ㄌㄧˊ
長青,ㄔㄤˊ ㄑㄧㄥ
長青學苑,ㄔㄤˊ ㄑㄧㄥ ㄒㄩㄝˊ ㄩㄢˋ
長青樹,ㄔㄤˊ ㄑㄧㄥ ㄕㄨˋ
長項,ㄔㄤˊ ㄒㄧㄤˋ
長頭布,ㄔㄤˊ ㄊㄡˊ ㄅㄨˋ
長頸鳥喙,ㄔㄤˊ ㄐㄧㄥˇ ㄋㄧㄠˇ ㄏㄨㄟˋ
長頸鹿,ㄔㄤˊ ㄐㄧㄥˇ ㄌㄨˋ
長風,ㄔㄤˊ ㄈㄥ
長風破浪,ㄔㄤˊ ㄈㄥ ㄆㄛˋ ㄌㄤˋ
長風萬里,ㄔㄤˊ ㄈㄥ ㄨㄢˋ ㄌㄧˇ
長馬,ㄔㄤˊ ㄇㄚˇ
長驅,ㄔㄤˊ ㄑㄩ
長驅徑入,ㄔㄤˊ ㄑㄩ ㄐㄧㄥˋ ㄖㄨˋ
長驅直入,ㄔㄤˊ ㄑㄩ ㄓˊ ㄖㄨˋ
長驅而入,ㄔㄤˊ ㄑㄩ ㄦˊ ㄖㄨˋ
長骨,ㄔㄤˊ ㄍㄨˇ
長鬣,ㄔㄤˊ ㄌㄧㄝˋ
長鯨,ㄔㄤˊ ㄐㄧㄥ
長鳴,ㄔㄤˊ ㄇㄧㄥˊ
長黑,ㄔㄤˊ ㄏㄟ
長鼓,ㄔㄤˊ ㄍㄨˇ
長鼻目,ㄔㄤˊ ㄅㄧˊ ㄇㄨˋ
長齋,ㄔㄤˊ ㄓㄞ
長齋繡佛,ㄔㄤˊ ㄓㄞ ㄒㄧㄡˋ ㄈㄛˊ
長齡,ㄔㄤˊ ㄌㄧㄥˊ
長龍,ㄔㄤˊ ㄌㄨㄥˊ
門兒都沒有,ㄇㄣˊ ㄦ ㄉㄡ ㄇㄟˊ ㄧㄡˇ
門帖,ㄇㄣˊ ㄊㄧㄝˇ
門弔兒,ㄇㄣˊ ㄉㄧㄠˋ ㄦ
門插管兒,ㄇㄣˊ ㄔㄚ ㄍㄨㄢˇ ㄦ
門臉兒,ㄇㄣˊ ㄌㄧㄢˇ ㄦ
門衰祚薄,ㄇㄣˊ ㄕㄨㄞ ㄗㄨㄛˋ ㄅㄛˊ
門裡出身,ㄇㄣˊ ˙ㄌㄧ ㄔㄨ ㄕㄣ
門館先生,ㄇㄣˊ ㄍㄨㄢˇ ㄒㄧㄢ ˙ㄕㄥ
門鼻兒,ㄇㄣˊ ㄅㄧˊ ㄦ
閉上,ㄅㄧˋ ˙ㄕㄤ
閉卷考,ㄅㄧˋ ㄐㄩㄢˋ ㄎㄠˇ
閉塞,ㄅㄧˋ ㄙㄜˋ
閉明塞聰,ㄅㄧˋ ㄇㄧㄥˊ ㄙㄜˋ ㄘㄨㄥ
閉目塞聽,ㄅㄧˋ ㄇㄨˋ ㄙㄜˋ ㄊㄧㄥ
閉蟄,ㄅㄧˋ ㄓˊ
閉門塞竇,ㄅㄧˋ ㄇㄣˊ ㄙㄜˋ ㄉㄡˋ
閉門天子,ㄅㄧˋ ㄇㄣˊ ㄊㄧㄢ ㄗˇ
閉門造車,ㄅㄧˋ ㄇㄣˊ ㄗㄠˋ ㄐㄩ
開卷,ㄎㄞ ㄐㄩㄢˋ
開卷有得,ㄎㄞ ㄐㄩㄢˋ ㄧㄡˇ ㄉㄜˊ
開卷有益,ㄎㄞ ㄐㄩㄢˋ ㄧㄡˇ ㄧˋ
開卷考,ㄎㄞ ㄐㄩㄢˋ ㄎㄠˇ
開喪,ㄎㄞ ㄙㄤ
開嗙,ㄎㄞ ㄆㄤˇ
開場,ㄎㄞ ㄔㄤˊ
開場抽頭,ㄎㄞ ㄔㄤˊ ㄔㄡ ㄊㄡˊ
開場白,ㄎㄞ ㄔㄤˊ ㄅㄞˊ
開小差,ㄎㄞ ㄒㄧㄠˇ ㄔㄞ
開差,ㄎㄞ ㄔㄞ
開懷兒,ㄎㄞ ㄏㄨㄞˊ ㄦ
開普威得,ㄎㄞ ㄆㄨˇ ㄨㄟ ㄉㄜˊ
開發銀行,ㄎㄞ ㄈㄚ ㄧㄣˊ ㄏㄤˊ
開碼頭,ㄎㄞ ㄇㄚˇ ˙ㄊㄡ
開衩,ㄎㄞ ㄔㄚˋ
開豁,ㄎㄞ ㄏㄨㄛˋ
開鑿,ㄎㄞ ㄗㄨㄛˋ
開門封兒,ㄎㄞ ㄇㄣˊ ㄈㄥ ㄦ
開齊合撮,ㄎㄞ ㄑㄧˊ ㄏㄜˊ ㄘㄨㄛˋ
閒出,ㄐㄧㄢˋ ㄔㄨ
閒打牙兒,ㄒㄧㄢˊ ㄉㄚˇ ㄧㄚˊ ㄦ
閒散,ㄒㄧㄢˊ ㄙㄢˇ
閒盤兒,ㄒㄧㄢˊ ㄆㄢˊ ㄦ
閒空,ㄒㄧㄢˊ ㄎㄨㄥˋ
閒篇兒,ㄒㄧㄢˊ ㄆㄧㄢ ㄦ
閒行,ㄐㄧㄢˋ ㄒㄧㄥˊ
閒覷,ㄐㄧㄢˋ ㄑㄩˋ
閒言長語,ㄒㄧㄢˊ ㄧㄢˊ ㄔㄤˊ ㄩˇ
閒道,ㄐㄧㄢˋ ㄉㄠˋ
閒閒,ㄐㄧㄢ ㄐㄧㄢ
閒隙,ㄐㄧㄢˋ ㄒㄧˋ
間不容息,ㄐㄧㄢˋ ㄅㄨˋ ㄖㄨㄥˊ ㄒㄧˊ
間不容髮,ㄐㄧㄢˋ ㄅㄨˋ ㄖㄨㄥˊ ㄈㄚˇ
間作,ㄐㄧㄢˋ ㄗㄨㄛˋ
間入,ㄐㄧㄢˋ ㄖㄨˋ
間出,ㄐㄧㄢˋ ㄔㄨ
間別,ㄐㄧㄢˋ ㄅㄧㄝˊ
間壁,ㄐㄧㄢˋ ㄅㄧˋ
間奏曲,ㄐㄧㄢ ㄗㄡˋ ㄑㄩˇ
間或,ㄐㄧㄢˋ ㄏㄨㄛˋ
間捕,ㄐㄧㄢˋ ㄅㄨˇ
間接,ㄐㄧㄢˋ ㄐㄧㄝ
間接成本,ㄐㄧㄢˋ ㄐㄧㄝ ㄔㄥˊ ㄅㄣˇ
間接推理,ㄐㄧㄢˋ ㄐㄧㄝ ㄊㄨㄟ ㄌㄧˇ
間接推論,ㄐㄧㄢˋ ㄐㄧㄝ ㄊㄨㄟ ㄌㄨㄣˋ
間接正犯,ㄐㄧㄢˋ ㄐㄧㄝ ㄓㄥˋ ㄈㄢˋ
間接民權,ㄐㄧㄢˋ ㄐㄧㄝ ㄇㄧㄣˊ ㄑㄩㄢˊ
間接灸,ㄐㄧㄢˋ ㄐㄧㄝ ㄐㄧㄡˇ
間接照明,ㄐㄧㄢˋ ㄐㄧㄝ ㄓㄠˋ ㄇㄧㄥˊ
間接稅,ㄐㄧㄢˋ ㄐㄧㄝ ㄕㄨㄟˋ
間接經驗,ㄐㄧㄢˋ ㄐㄧㄝ ㄐㄧㄥ ㄧㄢˋ
間接自由球,ㄐㄧㄢˋ ㄐㄧㄝ ㄗˋ ㄧㄡˊ ㄑㄧㄡˊ
間接證據,ㄐㄧㄢˋ ㄐㄧㄝ ㄓㄥˋ ㄐㄩˋ
間接貿易,ㄐㄧㄢˋ ㄐㄧㄝ ㄇㄠˋ ㄧˋ
間斷,ㄐㄧㄢˋ ㄉㄨㄢˋ
間斷不繼,ㄐㄧㄢˋ ㄉㄨㄢˋ ㄅㄨˋ ㄐㄧˋ
間日,ㄐㄧㄢˋ ㄖˋ
間有,ㄐㄧㄢˋ ㄧㄡˇ
間條掃描,ㄐㄧㄢˋ ㄊㄧㄠˊ ㄙㄠˇ ㄇㄧㄠˊ
間歇,ㄐㄧㄢˋ ㄒㄧㄝ
間歇噴泉,ㄐㄧㄢˋ ㄒㄧㄝ ㄆㄣ ㄑㄩㄢˊ
間歇泉,ㄐㄧㄢˋ ㄒㄧㄝ ㄑㄩㄢˊ
間歇湖,ㄐㄧㄢˋ ㄒㄧㄝ ㄏㄨˊ
間歇熱,ㄐㄧㄢˋ ㄒㄧㄝ ㄖㄜˋ
間歲,ㄐㄧㄢˋ ㄙㄨㄟˋ
間深裡,ㄐㄧㄢˋ ㄕㄣ ㄌㄧˇ
間胺黃,ㄐㄧㄢˋ ㄢ ㄏㄨㄤˊ
間色,ㄐㄧㄢˋ ㄙㄜˋ
間行,ㄐㄧㄢˋ ㄒㄧㄥˊ
間裂,ㄐㄧㄢˋ ㄌㄧㄝˋ
間諜,ㄐㄧㄢˋ ㄉㄧㄝˊ
間諜戰,ㄐㄧㄢˋ ㄉㄧㄝˊ ㄓㄢˋ
間諜船,ㄐㄧㄢˋ ㄉㄧㄝˊ ㄔㄨㄢˊ
間質性肺炎,ㄐㄧㄢ ㄓˊ ㄒㄧㄥˋ ㄈㄟˋ ㄧㄢˊ
間道,ㄐㄧㄢˋ ㄉㄠˋ
間闊,ㄐㄧㄢˋ ㄎㄨㄛˋ
間阻,ㄐㄧㄢˋ ㄗㄨˇ
間隔,ㄐㄧㄢˋ ㄍㄜˊ
間隔號,ㄐㄧㄢˋ ㄍㄜˊ ㄏㄠˋ
間隙,ㄐㄧㄢˋ ㄒㄧˋ
間雜,ㄐㄧㄢˋ ㄗㄚˊ
閔刻本,ㄇㄧㄣˇ ㄎㄜ ㄅㄣˇ
閔子騫,ㄇㄧㄣˇ ㄗˇ ㄑㄧㄢ
閣兒,ㄍㄜˊ ㄦ
閤兒,ㄍㄜˊ ㄦ
閤家,ㄏㄜˊ ㄐㄧㄚ
閤家歡,ㄏㄜˊ ㄐㄧㄚ ㄏㄨㄢ
閤眼,ㄏㄜˊ ㄧㄢˇ
閨中妙質,ㄍㄨㄟ ㄓㄨㄥ ㄇㄧㄠˋ ㄓˊ
閩學,ㄇㄧㄣˇ ㄒㄩㄝˊ
閬中縣,ㄌㄤˊ ㄓㄨㄥ ㄒㄧㄢˋ
閬苑,ㄌㄤˊ ㄩㄢˋ
閬閬,ㄌㄤˊ ㄌㄤˊ
閬風,ㄌㄤˊ ㄈㄥ
閱卷,ㄩㄝˋ ㄐㄩㄢˋ
閱處,ㄩㄝˋ ㄔㄨˇ
閼塞,ㄜˋ ㄙㄜˋ
閼氏,ㄧㄢ ㄓ
閼與,ㄩˋ ㄩˇ
闇莫,ㄢˋ ㄇㄨˋ
闈場,ㄨㄟˊ ㄔㄤˊ
闊少,ㄎㄨㄛˋ ㄕㄠˋ
闊氣,ㄎㄨㄛˋ ˙ㄑㄧ
闍黎,ㄕㄜˊ ㄌㄧˊ
闐咽,ㄊㄧㄢˊ ㄧㄝˋ
闕乏,ㄑㄩㄝ ㄈㄚˊ
闕失,ㄑㄩㄝ ㄕ
闕如,ㄑㄩㄝ ㄖㄨˊ
闕字,ㄑㄩㄝ ㄗˋ
闕文,ㄑㄩㄝ ㄨㄣˊ
闕疑,ㄑㄩㄝ ㄧˊ
闕翦,ㄑㄩㄝ ㄐㄧㄢˇ
闖喪,ㄔㄨㄤˋ ㄙㄤ
闖將,ㄔㄨㄤˇ ㄐㄧㄤˋ
闖江湖,ㄔㄨㄤˇ ㄐㄧㄤ ˙ㄏㄨ
闖鍊,ㄔㄨㄤˇ ˙ㄌㄧㄢ
闖開臉兒,ㄔㄨㄤˇ ㄎㄞ ㄌㄧㄢˇ ㄦ
關了釘兒,ㄍㄨㄢ ˙ㄌㄜ ㄉㄧㄥ ㄦ
關塞,ㄍㄨㄢ ㄙㄞˋ
關夫子,ㄍㄨㄢ ㄈㄨ ㄗˇ
關子嶺,ㄍㄨㄢ ㄗˇ ㄌㄧㄥˇ
關東都督府,ㄍㄨㄢ ㄉㄨㄥ ㄉㄨ ㄉㄨ ㄈㄨˇ
關煞,ㄍㄨㄢ ㄕㄚˋ
關白,ㄍㄨㄢ ㄅㄛˊ
關眼兒,ㄍㄨㄢ ㄧㄢˇ ㄦ
關都尉,ㄍㄨㄢ ㄉㄨ ㄨㄟˋ
關門弟子,ㄍㄨㄢ ㄇㄣˊ ㄉㄧˋ ㄗˇ
闢佛,ㄆㄧˋ ㄈㄛˊ
阜蕃,ㄈㄨˋ ㄈㄢˊ
阤靡,ㄧˇ ㄇㄧˇ
阨塞,ㄜˋ ㄙㄞˋ
防不勝防,ㄈㄤˊ ㄅㄨˋ ㄕㄥ ㄈㄤˊ
防癌,ㄈㄤˊ ㄞˊ
防範得宜,ㄈㄤˊ ㄈㄢˋ ㄉㄜˊ ㄧˊ
防衛性反應,ㄈㄤˊ ㄨㄟˋ ㄒㄧㄥˋ ㄈㄢˇ ㄧㄥˋ
防衛過當,ㄈㄤˊ ㄨㄟˋ ㄍㄨㄛˋ ㄉㄤˋ
阻塞,ㄗㄨˇ ㄙㄜˋ
阿井,ㄜ ㄐㄧㄥˇ
阿伐粒子,ㄚ ㄈㄚ ㄌㄧˋ ㄗˇ
阿伐蛻變,ㄚ ㄈㄚ ㄕㄨㄟˋ ㄅㄧㄢˋ
阿保,ㄜ ㄅㄠˇ
阿保之功,ㄜ ㄅㄠˇ ㄓ ㄍㄨㄥ
阿保之勞,ㄜ ㄅㄠˇ ㄓ ㄌㄠˊ
阿其所好,ㄜ ㄑㄧˊ ㄙㄨㄛˇ ㄏㄠˋ
阿匼,ㄜ ㄢˇ
阿司匹靈,ㄚ ㄙ ㄆㄧ ㄌㄧㄥˊ
阿基米得,ㄚ ㄐㄧ ㄇㄧˇ ㄉㄜˊ
阿基米得原理,ㄚ ㄐㄧ ㄇㄧˇ ㄉㄜˊ ㄩㄢˊ ㄌㄧˇ
阿好,ㄜ ㄏㄠˋ
阿姊,ㄚ ㄐㄧㄝˇ
阿媚,ㄜ ㄇㄟˋ
阿家,ㄚ ㄍㄨ
阿家翁,ㄚ ㄍㄨ ㄨㄥ
阿尊事貴,ㄜ ㄗㄨㄣ ㄕˋ ㄍㄨㄟˋ
阿屎,ㄜ ㄕˇ
阿巴桑,ㄜ ㄅㄚ ㄙㄤ
阿彌陀佛,ㄜ ㄇㄧˊ ㄊㄨㄛˊ ㄈㄛˊ
阿彌陀經,ㄜ ㄇㄧˊ ㄊㄨㄛˊ ㄐㄧㄥ
阿意曲從,ㄜ ㄧˋ ㄑㄩ ㄘㄨㄥˊ
阿意順旨,ㄜ ㄧˋ ㄕㄨㄣˋ ㄓˇ
阿房宮,ㄜ ㄈㄤˊ ㄍㄨㄥ
阿房宮賦,ㄜ ㄈㄤˊ ㄍㄨㄥ ㄈㄨˋ
阿拉木汗,ㄚ ㄌㄚ ㄇㄨˋ ㄏㄢˊ
阿是穴,ㄜ ㄕˋ ㄒㄩㄝˋ
阿月渾子,ㄚ ㄩㄝˋ ㄏㄨㄣˊ ㄗˇ
阿物兒,ㄚ ㄨˋ ㄦ
阿監,ㄚ ㄐㄧㄢˋ
阿私,ㄜ ㄙ
阿者,ㄚˋ ㄓㄜˇ
阿膠,ㄜ ㄐㄧㄠ
阿蘭若,ㄚ ㄌㄢˊ ㄖㄜˇ
阿衡,ㄜ ㄏㄥˊ
阿誰,ㄚ ㄕㄨㄟˊ
阿諂,ㄜ ㄔㄢˇ
阿諛,ㄜ ㄩˊ
阿諛取容,ㄜ ㄩˊ ㄑㄩˇ ㄖㄨㄥˊ
阿諛奉承,ㄜ ㄩˊ ㄈㄥˋ ㄔㄥˊ
阿諛趨奉,ㄜ ㄩˊ ㄑㄩ ㄈㄥˋ
阿諛逢迎,ㄜ ㄩˊ ㄈㄥˊ ㄧㄥˊ
阿諛順意,ㄜ ㄩˊ ㄕㄨㄣˋ ㄧˋ
阿諛順旨,ㄜ ㄩˊ ㄕㄨㄣˋ ㄓˇ
阿達,ㄚ ˙ㄉㄚ
阿邑,ㄜ ㄧˋ
阿金溺銀,ㄜ ㄐㄧㄣ ㄋㄧㄠˋ ㄧㄣˊ
阿閣,ㄜ ㄍㄜˊ
阿闍世,ㄚ ㄕㄜˊ ㄕˋ
阿闍梨,ㄚ ㄕㄜˊ ㄌㄧˊ
阿附,ㄜ ㄈㄨˋ
阿順取容,ㄜ ㄕㄨㄣˋ ㄑㄩˇ ㄖㄨㄥˊ
阿魏,ㄜ ㄨㄟˋ
阿黨,ㄜ ㄉㄤˇ
陂陀,ㄆㄛ ㄊㄨㄛˊ
附加成分,ㄈㄨˋ ㄐㄧㄚ ㄔㄥˊ ㄈㄣˋ
附和,ㄈㄨˋ ㄏㄜˋ
附子,ㄈㄨˋ ㄗˇ
附著,ㄈㄨˋ ㄓㄨㄛˊ
附著力,ㄈㄨˋ ㄓㄨㄛˊ ㄌㄧˋ
附識,ㄈㄨˋ ㄓˋ
附過還職,ㄈㄨˋ ㄍㄨㄛˋ ㄏㄨㄢˊ ㄓˊ
降伏,ㄒㄧㄤˊ ㄈㄨˊ
降妖,ㄒㄧㄤˊ ㄧㄠ
降將,ㄒㄧㄤˊ ㄐㄧㄤˋ
降書,ㄒㄧㄤˊ ㄕㄨ
降服,ㄒㄧㄤˊ ㄈㄨˊ
降表,ㄒㄧㄤˊ ㄅㄧㄠˇ
降附,ㄒㄧㄤˊ ㄈㄨˋ
降順,ㄒㄧㄤˊ ㄕㄨㄣˋ
降龍伏虎,ㄒㄧㄤˊ ㄌㄨㄥˊ ㄈㄨˊ ㄏㄨˇ
陟罰臧否,ㄓˋ ㄈㄚˊ ㄗㄤ ㄆㄧˇ
陣仗,ㄓㄣˋ ˙ㄓㄤ
除喪,ㄔㄨˊ ㄙㄤ
除患興利,ㄔㄨˊ ㄏㄨㄢˋ ㄒㄧㄥ ㄌㄧˋ
除舊更新,ㄔㄨˊ ㄐㄧㄡˋ ㄍㄥ ㄒㄧㄣ
陪小心,ㄆㄟˊ ㄒㄧㄠˇ ˙ㄒㄧㄣ
陪房,ㄆㄟˊ ˙ㄈㄤ
陪都,ㄆㄟˊ ㄉㄨ
陰乾,ㄧㄣ ㄍㄢ
陰了信的炮𤍤,ㄧㄣ ˙ㄌㄜ ㄒㄧㄣˋ ˙ㄉㄜ ㄆㄠˋ ㄓㄤˋ
陰差陽錯,ㄧㄣ ㄔㄚ ㄧㄤˊ ㄘㄨㄛˋ
陰溝裡翻船,ㄧㄣ ㄍㄡ ˙ㄌㄧ ㄈㄢ ㄔㄨㄢˊ
陰著兒,ㄧㄣ ㄓㄠ ㄦ
陰識,ㄧㄣ ㄓˋ
陰賊,ㄧㄣ ㄗㄜˊ
陰錯陽差,ㄧㄣ ㄘㄨㄛˋ ㄧㄤˊ ㄔㄚ
陰陽間隔,ㄧㄣ ㄧㄤˊ ㄐㄧㄢˋ ㄍㄜˊ
陰離子,ㄧㄣ ㄌㄧˊ ㄗˇ
陰離子界面活性劑,ㄧㄣ ㄌㄧˊ ㄗˇ ㄐㄧㄝˋ ㄇㄧㄢˋ ㄏㄨㄛˊ ㄒㄧㄥˋ ㄐㄧˋ
陰靈兒,ㄧㄣ ㄌㄧㄥˊ ㄦ
陳仲子,ㄔㄣˊ ㄓㄨㄥˋ ㄗˇ
陳媽媽,ㄔㄣˊ ㄇㄚ ˙ㄇㄚ
陳子昂,ㄔㄣˊ ㄗˇ ㄤˊ
陳子龍,ㄔㄣˊ ㄗˇ ㄌㄨㄥˊ
陳寅恪,ㄔㄣˊ ㄧㄣˊ ㄑㄩㄝˋ
陳寔遺盜,ㄔㄣˊ ㄕˊ ㄨㄟˋ ㄉㄠˋ
陳年爛芝麻,ㄔㄣˊ ㄋㄧㄢˊ ㄌㄢˋ ㄓ ˙ㄇㄚ
陳穀子爛芝麻,ㄔㄣˊ ㄍㄨˇ ˙ㄗ ㄌㄢˋ ㄓ ˙ㄇㄚ
陳蕃,ㄔㄣˊ ㄈㄢˊ
陳蕃一室,ㄔㄣˊ ㄈㄢˊ ㄧ ㄕˋ
陳蕃下榻,ㄔㄣˊ ㄈㄢˊ ㄒㄧㄚˋ ㄊㄚˋ
陳鍊,ㄔㄣˊ ˙ㄌㄧㄢ
陵土未乾,ㄌㄧㄥˊ ㄊㄨˇ ㄨㄟˋ ㄍㄢ
陶然自得,ㄊㄠˊ ㄖㄢˊ ㄗˋ ㄉㄜˊ
陶誕,ㄧㄠˊ ㄉㄢˋ
陷沒,ㄒㄧㄢˋ ㄇㄛˋ
陸相沉積,ㄌㄨˋ ㄒㄧㄤˋ ㄔㄣˊ ㄐㄧ
陽識,ㄧㄤˊ ㄓˋ
陽阿,ㄧㄤˊ ㄜ
陽離子,ㄧㄤˊ ㄌㄧˊ ㄗˇ
陽電子,ㄧㄤˊ ㄉㄧㄢˋ ㄗˇ
隃望,ㄧㄠˊ ㄨㄤˋ
隆興,ㄌㄨㄥˊ ㄒㄧㄥ
隈隩,ㄨㄟ ㄩˋ
隊伍行列,ㄉㄨㄟˋ ㄨˇ ㄏㄤˊ ㄌㄧㄝˋ
隔三差五,ㄍㄜˊ ㄙㄢ ㄔㄚ ㄨˇ
隔帛兒,ㄍㄜˊ ㄅㄛˊ ㄦ
隔牆掠見腔兒,ㄍㄜˊ ㄑㄧㄤˊ ㄌㄩㄝˋ ㄐㄧㄢˋ ㄑㄧㄤ ㄦ
隔牆撩肐膊,ㄍㄜˊ ㄑㄧㄤˊ ㄌㄧㄠ ㄍㄜ ˙ㄅㄛ
隔肢,ㄍㄜˊ ˙ㄓ
隔膜,ㄍㄜˊ ㄇㄛˊ
隔著窗戶吹喇叭,ㄍㄜˊ ˙ㄓㄜ ㄔㄨㄤ ˙ㄏㄨ ㄔㄨㄟ ㄌㄚˇ ˙ㄅㄚ
隔行如隔山,ㄍㄜˊ ㄏㄤˊ ㄖㄨˊ ㄍㄜˊ ㄕㄢ
隔裡個裡,ㄍㄜˊ ㄌㄧˇ ˙ㄍㄜ ㄌㄧˇ
隔重肚皮隔重山,ㄍㄜˊ ㄔㄨㄥˊ ㄉㄨˋ ㄆㄧˊ ㄍㄜˊ ㄔㄨㄥˊ ㄕㄢ
隔門檻兒,ㄍㄜˊ ㄇㄣˊ ㄎㄢˇ ㄦ
障塞,ㄓㄤˋ ㄙㄜˋ
隨分,ㄙㄨㄟˊ ㄈㄣˋ
隨大溜,ㄙㄨㄟˊ ㄉㄚˋ ㄌㄧㄡˋ
隨心草兒,ㄙㄨㄟˊ ㄒㄧㄣ ㄘㄠˇ ㄦ
隨時度勢,ㄙㄨㄟˊ ㄕˊ ㄉㄨㄛˋ ㄕˋ
隨機應變,ㄙㄨㄟˊ ㄐㄧ ㄧㄥˋ ㄅㄧㄢˋ
隨溜兒,ㄙㄨㄟˊ ㄌㄧㄡˋ ㄦ
隨珠彈雀,ㄙㄨㄟˊ ㄓㄨ ㄊㄢˊ ㄑㄩㄝˋ
隨聲附和,ㄙㄨㄟˊ ㄕㄥ ㄈㄨˋ ㄏㄜˋ
隨行就市,ㄙㄨㄟˊ ㄏㄤˊ ㄐㄧㄡˋ ㄕˋ
隨逮,ㄙㄨㄟˊ ㄉㄞˋ
隨風倒,ㄙㄨㄟˊ ㄈㄥ ㄉㄠˇ
隨風倒舵,ㄙㄨㄟˊ ㄈㄥ ㄉㄠˇ ㄉㄨㄛˋ
隨風搖曳,ㄙㄨㄟˊ ㄈㄥ ㄧㄠˊ ㄧˋ
險塞,ㄒㄧㄢˇ ㄙㄜˋ
險道神撞著壽星老兒,ㄒㄧㄢˇ ㄉㄠˋ ㄕㄣˊ ㄓㄨㄤˋ ㄓㄠˊ ㄕㄡˋ ㄒㄧㄥ ㄌㄠˇ ㄦ
隱几,ㄧㄣˋ ㄐㄧˇ
隱君子,ㄧㄣˇ ㄐㄩㄣ ㄗˇ
隱沒,ㄧㄣˇ ㄇㄛˋ
隱睪症,ㄧㄣˇ ㄍㄠ ㄓㄥˋ
隱身草兒,ㄧㄣˇ ㄕㄣ ㄘㄠˇ ㄦ
隱間,ㄧㄣˇ ㄐㄧㄢˋ
隳突叫號,ㄏㄨㄟ ㄊㄨˊ ㄐㄧㄠˋ ㄏㄠˊ
隴種,ㄌㄨㄥˇ ㄓㄨㄥˋ
雀兒揀著旺處飛,ㄑㄩㄝˋ ㄦ ㄐㄧㄢˇ ˙ㄓㄜ ㄨㄤˋ ㄔㄨˋ ㄈㄟ
雀屏中目,ㄑㄩㄝˋ ㄆㄧㄥˊ ㄓㄨㄥˋ ㄇㄨˋ
雀屏中選,ㄑㄩㄝˋ ㄆㄧㄥˊ ㄓㄨㄥˋ ㄒㄩㄢˇ
雁行,ㄧㄢˋ ㄏㄤˊ
雁行折翼,ㄧㄢˋ ㄏㄤˊ ㄓㄜˊ ㄧˋ
雄勁,ㄒㄩㄥˊ ㄐㄧㄥˋ
雄將,ㄒㄩㄥˊ ㄐㄧㄤˋ
雅樂,ㄧㄚˇ ㄩㄝˋ
雅片,ㄧㄚ ㄆㄧㄢˋ
雅玩,ㄧㄚˇ ㄨㄢˋ
雅魯藏布江,ㄧㄚˇ ㄌㄨˇ ㄗㄤˋ ㄅㄨˋ ㄐㄧㄤ
集中資料處理,ㄐㄧˊ ㄓㄨㄥ ㄗ ㄌㄧㄠˋ ㄔㄨˇ ㄌㄧˇ
集腋成裘,ㄐㄧˊ ㄧˋ ㄔㄥˊ ㄑㄧㄡˊ
集錦照相,ㄐㄧˊ ㄐㄧㄣˇ ㄓㄠˋ ㄒㄧㄤˋ
集體行為,ㄐㄧˊ ㄊㄧˇ ㄒㄧㄥˊ ㄨㄟˊ
雋拔,ㄐㄩㄣˋ ㄅㄚˊ
雋朗,ㄐㄩㄣˋ ㄌㄤˇ
雋楚,ㄐㄩㄣˋ ㄔㄨˇ
雋譽,ㄐㄩㄣˋ ㄩˋ
雌牙露嘴,ㄘ ㄧㄚˊ ㄌㄡˋ ㄗㄨㄟˇ
雕蚶鏤蛤,ㄉㄧㄠ ㄏㄢ ㄌㄡˋ ㄍㄜˊ
雙子座,ㄕㄨㄤ ㄗˇ ㄗㄨㄛˋ
雙子葉植物,ㄕㄨㄤ ㄗˇ ㄧㄝˋ ㄓˊ ㄨˋ
雙日不著單日著,ㄕㄨㄤ ㄖˋ ㄅㄨˋ ㄓㄨㄛˊ ㄉㄢ ㄖˋ ㄓㄨㄛˊ
雙核都市,ㄕㄨㄤ ㄏㄜˊ ㄉㄨ ㄕˋ
雙棒兒,ㄕㄨㄤˋ ㄅㄤˋ ㄦ
雙生子,ㄕㄨㄤ ㄕㄥ ㄗˇ
雙石頭,ㄕㄨㄤ ㄕˊ ˙ㄊㄡ
雙立人兒,ㄕㄨㄤ ㄌㄧˋ ㄖㄣˊ ㄦ
雙線行,ㄕㄨㄤ ㄒㄧㄢˋ ㄏㄤˊ
雙重,ㄕㄨㄤ ㄔㄨㄥˊ
雙重人格,ㄕㄨㄤ ㄔㄨㄥˊ ㄖㄣˊ ㄍㄜˊ
雙重國籍,ㄕㄨㄤ ㄔㄨㄥˊ ㄍㄨㄛˊ ㄐㄧˊ
雙重身分,ㄕㄨㄤ ㄔㄨㄥˊ ㄕㄣ ㄈㄣˋ
雙響兒,ㄕㄨㄤ ㄒㄧㄤˇ ㄦ
雛兒,ㄔㄨˊ ㄦ
雜八湊兒,ㄗㄚˊ ˙ㄅㄚ ㄘㄡˋ ㄦ
雜合菜,ㄗㄚˊ ˙ㄏㄜ ㄘㄞˋ
雜合麵兒,ㄗㄚˊ ˙ㄏㄜ ㄇㄧㄢˋ ㄦ
雜廁,ㄗㄚˊ ㄘˋ
雜拌兒,ㄗㄚˊ ㄅㄢˋ ㄦ
雜碎,ㄗㄚˊ ˙ㄙㄨㄟ
雜著,ㄗㄚˊ ㄓㄨˋ
雜處,ㄗㄚˊ ㄔㄨˇ
雜質,ㄗㄚˊ ㄓˊ
雜院兒,ㄗㄚˊ ㄩㄢˋ ㄦ
雞子,ㄐㄧ ㄗˇ
雞尸牛從,ㄐㄧ ㄕ ㄋㄧㄡˊ ㄗㄨㄥˋ
雞巴,ㄐㄧ ˙ㄅㄚ
雞毛當令箭,ㄐㄧ ㄇㄠˊ ㄉㄤˋ ㄌㄧㄥˋ ㄐㄧㄢˋ
雞蛋碰石頭,ㄐㄧ ㄉㄢˋ ㄆㄥˋ ㄕˊ ˙ㄊㄡ
雞蛋裡挑骨頭,ㄐㄧ ㄉㄢˋ ˙ㄌㄧ ㄊㄧㄠ ㄍㄨˊ ˙ㄊㄡ
雞蟲得失,ㄐㄧ ㄔㄨㄥˊ ㄉㄜˊ ㄕ
雞鹿塞,ㄐㄧ ㄌㄨˋ ㄙㄞˋ
離不得,ㄌㄧˊ ㄅㄨˋ ㄉㄜˊ
離不開人兒,ㄌㄧˊ ㄅㄨˋ ㄎㄞ ㄖㄣˊ ㄦ
離不開手兒,ㄌㄧˊ ㄅㄨˋ ㄎㄞ ㄕㄡˇ ㄦ
離不開眼兒,ㄌㄧˊ ㄅㄨˋ ㄎㄞ ㄧㄢˇ ㄦ
離子,ㄌㄧˊ ㄗˇ
離弦走板兒,ㄌㄧˊ ㄒㄧㄢˊ ㄗㄡˇ ㄅㄢˇ ㄦ
離格兒,ㄌㄧˊ ㄍㄜˊ ㄦ
離股兒,ㄌㄧˊ ㄍㄨˇ ㄦ
離轍,ㄌㄧˊ ㄔㄜˋ
離鄉避井,ㄌㄧˊ ㄒㄧㄤ ㄅㄟˋ ㄐㄧㄥˇ
離間,ㄌㄧˊ ㄐㄧㄢˋ
難不倒,ㄋㄢˊ ㄅㄨˋ ㄉㄠˇ
難中人,ㄋㄢˋ ㄓㄨㄥ ㄖㄣˊ
難乎為繼,ㄋㄢˊ ㄏㄨ ㄨㄟˊ ㄐㄧˋ
難以為情,ㄋㄢˊ ㄧˇ ㄨㄟˊ ㄑㄧㄥˊ
難以為繼,ㄋㄢˊ ㄧˇ ㄨㄟˊ ㄐㄧˋ
難住了,ㄋㄢˋ ㄓㄨˋ ˙ㄌㄜ
難僑,ㄋㄢˋ ㄑㄧㄠˊ
難兄難弟,ㄋㄢˋ ㄒㄩㄥ ㄋㄢˋ ㄉㄧˋ
難友,ㄋㄢˋ ㄧㄡˇ
難廕,ㄋㄢˋ ㄧㄣˋ
難得,ㄋㄢˊ ㄉㄜˊ
難得一見,ㄋㄢˊ ㄉㄜˊ ㄧ ㄐㄧㄢˋ
難得糊塗,ㄋㄢˊ ㄉㄜˊ ㄏㄨˊ ㄊㄨˊ
難民,ㄋㄢˋ ㄇㄧㄣˊ
難民營,ㄋㄢˋ ㄇㄧㄣˊ ㄧㄥˊ
難為,ㄋㄢˊ ㄨㄟˊ
難為情,ㄋㄢˊ ㄨㄟˊ ㄑㄧㄥˊ
難為狀,ㄋㄢˊ ㄨㄟˊ ㄓㄨㄤˋ
難胞,ㄋㄢˋ ㄅㄠ
難處,ㄋㄢˊ ㄔㄨˇ
雨人,ㄩˋ ㄖㄣˊ
雨字頭兒,ㄩˇ ˙ㄗ ㄊㄡˊ ㄦ
雨村曲話,ㄩˇ ㄘㄨㄣ ㄑㄩˇ ㄏㄨㄚˋ
雨淚,ㄩˋ ㄌㄟˋ
雨珠兒,ㄩˇ ㄓㄨ ㄦ
雨順風調,ㄩˇ ㄕㄨㄣˋ ㄈㄥ ㄊㄧㄠˊ
雪子,ㄒㄩㄝˇ ㄗˇ
雲子,ㄩㄣˊ ㄗˇ
雲彩,ㄩㄣˊ ˙ㄘㄞ
雲端裡看廝殺,ㄩㄣˊ ㄉㄨㄢ ˙ㄌㄧ ㄎㄢˋ ㄙ ㄕㄚ
雲端裡老鼠,ㄩㄣˊ ㄉㄨㄢ ˙ㄌㄧ ㄌㄠˇ ㄕㄨˇ
雲興霞蔚,ㄩㄣˊ ㄒㄧㄥ ㄒㄧㄚˊ ㄨㄟˋ
雲頭兒,ㄩㄣˊ ㄊㄡˊ ㄦ
零售市場,ㄌㄧㄥˊ ㄕㄡˋ ㄕˋ ㄔㄤˊ
零餘子,ㄌㄧㄥˊ ㄩˊ ㄗˇ
雷神進行曲,ㄌㄟˊ ㄕㄣˊ ㄐㄧㄣˋ ㄒㄧㄥˊ ㄑㄩˇ
電動縫衣機,ㄉㄧㄢˋ ㄉㄨㄥˋ ㄈㄥˊ ㄧ ㄐㄧ
電器行,ㄉㄧㄢˋ ㄑㄧˋ ㄏㄤˊ
電場,ㄉㄧㄢˋ ㄔㄤˊ
電子,ㄉㄧㄢˋ ㄗˇ
電子信件,ㄉㄧㄢˋ ㄗˇ ㄒㄧㄣˋ ㄐㄧㄢˋ
電子信件窗,ㄉㄧㄢˋ ㄗˇ ㄒㄧㄣˋ ㄐㄧㄢˋ ㄔㄨㄤ
電子信箱,ㄉㄧㄢˋ ㄗˇ ㄒㄧㄣˋ ㄒㄧㄤ
電子公事包,ㄉㄧㄢˋ ㄗˇ ㄍㄨㄥ ㄕˋ ㄅㄠ
電子卡片,ㄉㄧㄢˋ ㄗˇ ㄎㄚˇ ㄆㄧㄢˋ
電子反制,ㄉㄧㄢˋ ㄗˇ ㄈㄢˇ ㄓˋ
電子報,ㄉㄧㄢˋ ㄗˇ ㄅㄠˋ
電子媒體,ㄉㄧㄢˋ ㄗˇ ㄇㄟˊ ㄊㄧˇ
電子字典,ㄉㄧㄢˋ ㄗˇ ㄗˋ ㄉㄧㄢˇ
電子布告欄,ㄉㄧㄢˋ ㄗˇ ㄅㄨˋ ㄍㄠˋ ㄌㄢˊ
電子店面,ㄉㄧㄢˋ ㄗˇ ㄉㄧㄢˋ ㄇㄧㄢˋ
電子廣告,ㄉㄧㄢˋ ㄗˇ ㄍㄨㄤˇ ㄍㄠˋ
電子恆溫空調,ㄉㄧㄢˋ ㄗˇ ㄏㄥˊ ㄨㄣ ㄎㄨㄥ ㄊㄧㄠˊ
電子文件,ㄉㄧㄢˋ ㄗˇ ㄨㄣˊ ㄐㄧㄢˋ
電子書,ㄉㄧㄢˋ ㄗˇ ㄕㄨ
電子望遠鏡,ㄉㄧㄢˋ ㄗˇ ㄨㄤˋ ㄩㄢˇ ㄐㄧㄥˋ
電子業,ㄉㄧㄢˋ ㄗˇ ㄧㄝˋ
電子琴,ㄉㄧㄢˋ ㄗˇ ㄑㄧㄣˊ
電子琴花車,ㄉㄧㄢˋ ㄗˇ ㄑㄧㄣˊ ㄏㄨㄚ ㄔㄜ
電子看板,ㄉㄧㄢˋ ㄗˇ ㄎㄢˋ ㄅㄢˇ
電子祕書,ㄉㄧㄢˋ ㄗˇ ㄇㄧˋ ㄕㄨ
電子網路,ㄉㄧㄢˋ ㄗˇ ㄨㄤˇ ㄌㄨˋ
電子街,ㄉㄧㄢˋ ㄗˇ ㄐㄧㄝ
電子裁判,ㄉㄧㄢˋ ㄗˇ ㄘㄞˊ ㄆㄢˋ
電子計算機,ㄉㄧㄢˋ ㄗˇ ㄐㄧˋ ㄙㄨㄢˋ ㄐㄧ
電子論壇,ㄉㄧㄢˋ ㄗˇ ㄌㄨㄣˋ ㄊㄢˊ
電子賀卡,ㄉㄧㄢˋ ㄗˇ ㄏㄜˋ ㄎㄚˇ
電子購物,ㄉㄧㄢˋ ㄗˇ ㄍㄡˋ ㄨˋ
電子通勤,ㄉㄧㄢˋ ㄗˇ ㄊㄨㄥ ㄑㄧㄣˊ
電子郵件,ㄉㄧㄢˋ ㄗˇ ㄧㄡˊ ㄐㄧㄢˋ
電子郵件信箱,ㄉㄧㄢˋ ㄗˇ ㄧㄡˊ ㄐㄧㄢˋ ㄒㄧㄣˋ ㄒㄧㄤ
電子郵件地址,ㄉㄧㄢˋ ㄗˇ ㄧㄡˊ ㄐㄧㄢˋ ㄉㄧˋ ㄓˇ
電子郵件快遞業務,ㄉㄧㄢˋ ㄗˇ ㄧㄡˊ ㄐㄧㄢˋ ㄎㄨㄞˋ ㄉㄧˋ ㄧㄝˋ ㄨˋ
電子郵件系統,ㄉㄧㄢˋ ㄗˇ ㄧㄡˊ ㄐㄧㄢˋ ㄒㄧˋ ㄊㄨㄥˇ
電子郵箱,ㄉㄧㄢˋ ㄗˇ ㄧㄡˊ ㄒㄧㄤ
電子郵購,ㄉㄧㄢˋ ㄗˇ ㄧㄡˊ ㄍㄡˋ
電子郵遞,ㄉㄧㄢˋ ㄗˇ ㄧㄡˊ ㄉㄧˋ
電子銀行,ㄉㄧㄢˋ ㄗˇ ㄧㄣˊ ㄏㄤˊ
電子錢包,ㄉㄧㄢˋ ㄗˇ ㄑㄧㄢˊ ㄅㄠ
電子錶,ㄉㄧㄢˋ ㄗˇ ㄅㄧㄠˇ
電子鍋,ㄉㄧㄢˋ ㄗˇ ㄍㄨㄛ
電子鐘,ㄉㄧㄢˋ ㄗˇ ㄓㄨㄥ
電子雜誌,ㄉㄧㄢˋ ㄗˇ ㄗㄚˊ ㄓˋ
電子雞,ㄉㄧㄢˋ ㄗˇ ㄐㄧ
電子音樂,ㄉㄧㄢˋ ㄗˇ ㄧㄣ ㄩㄝˋ
電子顯微攝影,ㄉㄧㄢˋ ㄗˇ ㄒㄧㄢˇ ㄨㄟˊ ㄕㄜˋ ㄧㄥˇ
電子顯微鏡,ㄉㄧㄢˋ ㄗˇ ㄒㄧㄢˇ ㄨㄟˊ ㄐㄧㄥˋ
電樂器,ㄉㄧㄢˋ ㄩㄝˋ ㄑㄧˋ
電氣行,ㄉㄧㄢˋ ㄑㄧˋ ㄏㄤˊ
電磁場,ㄉㄧㄢˋ ㄘˊ ㄔㄤˊ
電腦語音處理,ㄉㄧㄢˋ ㄋㄠˇ ㄩˇ ㄧㄣ ㄔㄨˇ ㄌㄧˇ
電腦音樂,ㄉㄧㄢˋ ㄋㄠˇ ㄧㄣ ㄩㄝˋ
電荷,ㄉㄧㄢˋ ㄏㄜˋ
電視歌仔戲,ㄉㄧㄢˋ ㄕˋ ㄍㄜ ㄗˇ ㄒㄧˋ
電視興奮症,ㄉㄧㄢˋ ㄕˋ ㄒㄧㄥ ㄈㄣˋ ㄓㄥˋ
電解質,ㄉㄧㄢˋ ㄐㄧㄝˇ ㄓˊ
電鑽,ㄉㄧㄢˋ ㄗㄨㄢˋ
震天價響,ㄓㄣˋ ㄊㄧㄢ ˙ㄍㄚ ㄒㄧㄤˇ
霉乾菜,ㄇㄟˊ ㄍㄢ ㄘㄞˋ
霉頭,ㄇㄟˊ ˙ㄊㄡ
霍小玉傳,ㄏㄨㄛˋ ㄒㄧㄠˇ ㄩˋ ㄓㄨㄢˋ
霓裳羽衣曲,ㄋㄧˊ ㄔㄤˊ ㄩˇ ㄧ ㄑㄩˇ
霜兒,ㄕㄨㄤ ㄦ
霧氣,ㄨˋ ˙ㄑㄧ
露一手,ㄌㄡˋ ㄧ ㄕㄡˇ
露一鼻子,ㄌㄡˋ ㄧ ㄅㄧˊ ˙ㄗ
露出,ㄌㄡˋ ㄔㄨ
露出了狐狸尾巴,ㄌㄡˋ ㄔㄨ ˙ㄌㄜ ㄏㄨˊ ˙ㄌㄧ ㄨㄟˇ ˙ㄅㄚ
露出破綻,ㄌㄡˋ ㄔㄨ ㄆㄛˋ ㄓㄢˋ
露出馬腳,ㄌㄡˋ ㄔㄨ ㄇㄚˇ ㄐㄧㄠˇ
露原形,ㄌㄡˋ ㄩㄢˊ ㄒㄧㄥˊ
露口風,ㄌㄡˋ ㄎㄡˇ ㄈㄥ
露天劇場,ㄌㄨˋ ㄊㄧㄢ ㄐㄩˋ ㄔㄤˊ
露富,ㄌㄡˋ ㄈㄨˋ
露底,ㄌㄡˋ ㄉㄧˇ
露形,ㄌㄡˋ ㄒㄧㄥˊ
露怯,ㄌㄡˋ ㄑㄩㄝˋ
露水珠兒,ㄌㄨˋ ㄕㄨㄟˇ ㄓㄨ ㄦ
露白,ㄌㄡˋ ㄅㄞˊ
露盤兒,ㄌㄡˋ ㄆㄢˊ ㄦ
露相,ㄌㄡˋ ㄒㄧㄤˋ
露眼,ㄌㄡˋ ㄧㄢˇ
露空,ㄌㄡˋ ㄎㄨㄥ
露臉,ㄌㄡˋ ㄌㄧㄢˇ
露臺弟子,ㄌㄨˋ ㄊㄞˊ ㄉㄧˋ ㄗˇ
露苗,ㄌㄡˋ ㄇㄧㄠˊ
露鋒芒,ㄌㄡˋ ㄈㄥ ㄇㄤˊ
露面,ㄌㄡˋ ㄇㄧㄢˋ
露面拋頭,ㄌㄡˋ ㄇㄧㄢˋ ㄆㄠ ㄊㄡˊ
露頭,ㄌㄡˋ ㄊㄡˊ
露頭角,ㄌㄡˋ ㄊㄡˊ ㄐㄧㄠˇ
露風,ㄌㄡˋ ㄈㄥ
露風聲,ㄌㄡˋ ㄈㄥ ㄕㄥ
露餡兒,ㄌㄡˋ ㄒㄧㄢˋ ㄦ
露馬腳,ㄌㄡˋ ㄇㄚˇ ㄐㄧㄠˇ
霸都魯,ㄅㄚˋ ㄉㄨ ㄌㄨˇ
靈應,ㄌㄧㄥˊ ㄧㄥˋ
靈景,ㄌㄧㄥˊ ㄧㄥˇ
靈頭幡,ㄌㄧㄥˊ ˙ㄊㄡ ㄈㄢ
青天大老爺,ㄑㄧㄥ ㄊㄧㄢ ㄉㄚˋ ㄌㄠˇ ˙ㄧㄝ
青少年,ㄑㄧㄥ ㄕㄠˋ ㄋㄧㄢˊ
青少棒,ㄑㄧㄥ ㄕㄠˋ ㄅㄤˋ
青年有為,ㄑㄧㄥ ㄋㄧㄢˊ ㄧㄡˇ ㄨㄟˊ
青燈黃卷,ㄑㄧㄥ ㄉㄥ ㄏㄨㄤˊ ㄐㄩㄢˋ
青蓮崗文化,ㄑㄧㄥ ㄌㄧㄢˊ ㄍㄤ ㄨㄣˊ ㄏㄨㄚˋ
青蘋,ㄑㄧㄥ ㄆㄧㄣˊ
青蚵,ㄑㄧㄥ ㄜˊ
青龍頭上,ㄑㄧㄥ ㄌㄨㄥˊ ㄊㄡˊ ˙ㄕㄤ
靖康之難,ㄐㄧㄥˋ ㄎㄤ ㄓ ㄋㄢˋ
靖難,ㄐㄧㄥˋ ㄋㄢˋ
靖難之變,ㄐㄧㄥˋ ㄋㄢˋ ㄓ ㄅㄧㄢˋ
靜舍,ㄐㄧㄥˋ ㄕㄜˋ
靜落落,ㄐㄧㄥˋ ˙ㄌㄨㄛ ˙ㄌㄨㄛ
靜電感應,ㄐㄧㄥˋ ㄉㄧㄢˋ ㄍㄢˇ ㄧㄥˋ
靜靜兒,ㄐㄧㄥˋ ㄐㄧㄥˋ ㄦ
非分,ㄈㄟ ㄈㄣˋ
非婚生子女,ㄈㄟ ㄏㄨㄣ ㄕㄥ ㄗˇ ㄋㄩˇ
非子,ㄈㄟ ㄗˇ
非得,ㄈㄟ ㄉㄟˇ
非法勾當,ㄈㄟ ㄈㄚˇ ㄍㄡˋ ˙ㄉㄤ
非法行為,ㄈㄟ ㄈㄚˇ ㄒㄧㄥˊ ㄨㄟˊ
非難,ㄈㄟ ㄋㄢˋ
靠行,ㄎㄠˋ ㄏㄤˊ
靡密,ㄇㄧˇ ㄇㄧˋ
靡敝,ㄇㄧˇ ㄅㄧˋ
靡曼,ㄇㄧˇ ㄇㄢˋ
靡有孑遺,ㄇㄧˇ ㄧㄡˇ ㄐㄧㄝˊ ㄧˊ
靡然,ㄇㄧˇ ㄖㄢˊ
靡然向風,ㄇㄧˇ ㄖㄢˊ ㄒㄧㄤˋ ㄈㄥ
靡然從風,ㄇㄧˇ ㄖㄢˊ ㄘㄨㄥˊ ㄈㄥ
靡然鄉風,ㄇㄧˇ ㄖㄢˊ ㄒㄧㄤ ㄈㄥ
靡知所措,ㄇㄧˇ ㄓ ㄙㄨㄛˇ ㄘㄨㄛˋ
靡衣偷食,ㄇㄧˇ ㄧ ㄊㄡ ㄕˊ
靡衣玉食,ㄇㄧˇ ㄧ ㄩˋ ㄕˊ
靡追,ㄇㄧˇ ㄓㄨㄟ
靡靡,ㄇㄧˇ ㄇㄧˇ
靡靡之樂,ㄇㄧˇ ㄇㄧˇ ㄓ ㄩㄝˋ
靡靡之音,ㄇㄧˇ ㄇㄧˇ ㄓ ㄧㄣ
靡麗,ㄇㄧˇ ㄌㄧˋ
面分,ㄇㄧㄢˋ ㄈㄣˋ
面子上的差使,ㄇㄧㄢˋ ˙ㄗ ㄕㄤˋ ˙ㄉㄜ ㄔㄞ ˙ㄕ
面子情兒,ㄇㄧㄢˋ ˙ㄗ ㄑㄧㄥˊ ㄦ
面數,ㄇㄧㄢˋ ㄕㄨˇ
面沒羅,ㄇㄧㄢˋ ㄇㄛˋ ㄌㄨㄛˊ
面相,ㄇㄧㄢˋ ㄒㄧㄤˋ
面般,ㄇㄧㄢˋ ㄆㄢˊ
面薄腰纖,ㄇㄧㄢˋ ㄅㄛˊ ㄧㄠ ㄒㄧㄢ
面質,ㄇㄧㄢˋ ㄓˊ
靦腆,ㄇㄧㄢˇ ㄊㄧㄢˇ
靦靦,ㄇㄧㄢˇ ㄊㄧㄢˇ
靨兒,ㄧㄝˋ ㄦ
革車,ㄍㄜˊ ㄐㄩ
靴掖,ㄒㄩㄝ ㄧㄝˋ
靶兒鏡子,ㄅㄚˇ ㄦ ㄐㄧㄥˋ ˙ㄗ
靶場,ㄅㄚˇ ㄔㄤˊ
靸拉,ㄊㄚ ˙ㄌㄚ
鞠場,ㄐㄩˊ ㄔㄤˊ
鞠子,ㄐㄩˊ ㄗˇ
鞭辟入裡,ㄅㄧㄢ ㄅㄧˋ ㄖㄨˋ ㄌㄧˇ
鞭辟近裡,ㄅㄧㄢ ㄅㄧˋ ㄐㄧㄣˋ ㄌㄧˇ
鞭長莫及,ㄅㄧㄢ ㄔㄤˊ ㄇㄛˋ ㄐㄧˊ
韁繩,ㄐㄧㄤ ˙ㄕㄥ
韋應物,ㄨㄟˊ ㄧㄥˋ ㄨˋ
韓信將兵,ㄏㄢˊ ㄒㄧㄣˋ ㄐㄧㄤˋ ㄅㄧㄥ
韓湘子,ㄏㄢˊ ㄒㄧㄤ ㄗˇ
韓詩外傳,ㄏㄢˊ ㄕ ㄨㄞˋ ㄓㄨㄢˋ
韓非子,ㄏㄢˊ ㄈㄟ ㄗˇ
韜光俟奮,ㄊㄠ ㄍㄨㄤ ㄙˋ ㄈㄣˋ
音兒,ㄧㄣ ㄦ
音樂,ㄧㄣ ㄩㄝˋ
音樂劇,ㄧㄣ ㄩㄝˋ ㄐㄩˋ
音樂卡,ㄧㄣ ㄩㄝˋ ㄎㄚˇ
音樂圖書館,ㄧㄣ ㄩㄝˋ ㄊㄨˊ ㄕㄨ ㄍㄨㄢˇ
音樂家,ㄧㄣ ㄩㄝˋ ㄐㄧㄚ
音樂廳,ㄧㄣ ㄩㄝˋ ㄊㄧㄥ
音樂會,ㄧㄣ ㄩㄝˋ ㄏㄨㄟˋ
音樂治療,ㄧㄣ ㄩㄝˋ ㄓˋ ㄌㄧㄠˊ
音樂片,ㄧㄣ ㄩㄝˋ ㄆㄧㄢˋ
音樂盒,ㄧㄣ ㄩㄝˋ ㄏㄜˊ
音樂站,ㄧㄣ ㄩㄝˋ ㄓㄢˋ
音樂節,ㄧㄣ ㄩㄝˋ ㄐㄧㄝˊ
音樂臺,ㄧㄣ ㄩㄝˋ ㄊㄞˊ
音樂鋸,ㄧㄣ ㄩㄝˋ ㄐㄩˋ
音樂電鈴,ㄧㄣ ㄩㄝˋ ㄉㄧㄢˋ ㄌㄧㄥˊ
音質,ㄧㄣ ㄓˊ
音長,ㄧㄣ ㄔㄤˊ
韶刀,ㄕㄠˊ ˙ㄉㄠ
韶樂,ㄕㄠˊ ㄩㄝˋ
響動兒,ㄒㄧㄤˇ ㄉㄨㄥˋ ㄦ
響應,ㄒㄧㄤˇ ㄧㄥˋ
響葫蘆,ㄒㄧㄤˇ ㄏㄨˊ ˙ㄌㄨ
頂呱呱,ㄉㄧㄥˇ ㄍㄨㄚ ㄍㄨㄚ
頂喪駕靈,ㄉㄧㄥˇ ㄙㄤ ㄐㄧㄚˋ ㄌㄧㄥˊ
頂橦踏索,ㄉㄧㄥˇ ㄔㄨㄤˊ ㄊㄚˋ ㄙㄨㄛˇ
頂禮膜拜,ㄉㄧㄥˇ ㄌㄧˇ ㄇㄛˊ ㄅㄞˋ
頂窩兒,ㄉㄧㄥˇ ㄨㄛ ㄦ
頃筐,ㄑㄧㄥ ㄎㄨㄤ
順人應天,ㄕㄨㄣˋ ㄖㄣˊ ㄧㄥˋ ㄊㄧㄢ
順口兒,ㄕㄨㄣˋ ㄎㄡˇ ㄦ
順口答音兒,ㄕㄨㄣˋ ㄎㄡˇ ㄉㄚˊ ㄧㄣ ㄦ
順嘴兒,ㄕㄨㄣˋ ㄗㄨㄟˇ ㄦ
順天應人,ㄕㄨㄣˋ ㄊㄧㄢ ㄧㄥˋ ㄖㄣˊ
順天應時,ㄕㄨㄣˋ ㄊㄧㄢ ㄧㄥˋ ㄕˊ
順差,ㄕㄨㄣˋ ㄔㄚ
順應,ㄕㄨㄣˋ ㄧㄥˋ
順應民心,ㄕㄨㄣˋ ㄧㄥˋ ㄇㄧㄣˊ ㄒㄧㄣ
順應潮流,ㄕㄨㄣˋ ㄧㄥˋ ㄔㄠˊ ㄌㄧㄡˊ
順條順理兒的,ㄕㄨㄣˋ ㄊㄧㄠˊ ㄕㄨㄣˋ ㄌㄧˇ ㄦ ˙ㄉㄜ
順溜,ㄕㄨㄣˋ ˙ㄌㄧㄡ
順當,ㄕㄨㄣˋ ˙ㄉㄤ
順硃兒,ㄕㄨㄣˋ ㄓㄨ ㄦ
順竿兒爬,ㄕㄨㄣˋ ㄍㄢ ㄦ ㄆㄚˊ
順順溜溜,ㄕㄨㄣˋ ˙ㄕㄨㄣ ㄌㄧㄡ ㄌㄧㄡ
頌禮,ㄖㄨㄥˊ ㄌㄧˇ
頌繫,ㄖㄨㄥˊ ㄒㄧˋ
頎長,ㄑㄧˊ ㄔㄤˊ
預防接種,ㄩˋ ㄈㄤˊ ㄐㄧㄝ ㄓㄨㄥˋ
頑意兒,ㄨㄢˊ ㄧˋ ㄦ
頑癬,ㄨㄢˊ ㄒㄧㄢˇ
頓捽,ㄉㄨㄣˋ ㄗㄨˊ
頓開茅塞,ㄉㄨㄣˋ ㄎㄞ ㄇㄠˊ ㄙㄜˋ
頗不以為然,ㄆㄛˇ ㄅㄨˋ ㄧˇ ㄨㄟˊ ㄖㄢˊ
頗佳,ㄆㄛˇ ㄐㄧㄚ
頗可,ㄆㄛˇ ㄎㄜˇ
頗奈,ㄆㄛˇ ㄋㄞˋ
頗我,ㄆㄛˇ ㄨㄛˇ
頗有,ㄆㄛˇ ㄧㄡˇ
頗為可觀,ㄆㄛˇ ㄨㄟˊ ㄎㄜˇ ㄍㄨㄢ
頗耐,ㄆㄛˇ ㄋㄞˋ
頗頗,ㄆㄛˇ ㄆㄛˇ
頗黎,ㄆㄛˇ ㄌㄧˊ
領先反應法則,ㄌㄧㄥˇ ㄒㄧㄢ ㄈㄢˇ ㄧㄥˋ ㄈㄚˇ ㄗㄜˊ
領帖,ㄌㄧㄥˇ ㄊㄧㄝˇ
領條兒,ㄌㄧㄥˇ ㄊㄧㄠˊ ㄦ
頡頏之行,ㄒㄧㄝˊ ㄏㄤˊ ㄓ ㄒㄧㄥˋ
頭一遭兒,ㄊㄡˊ ㄧ ㄗㄠ ㄦ
頭兒,ㄊㄡˊ ㄦ
頭匹,ㄊㄡˊ ㄆㄧ
頭場,ㄊㄡˊ ㄔㄤˊ
頭巾弔在水裡,ㄊㄡˊ ㄐㄧㄣ ㄉㄧㄠˋ ㄗㄞˋ ㄕㄨㄟˇ ˙ㄌㄧ
頭廳相,ㄊㄡˊ ㄊㄧㄥ ㄒㄧㄤˋ
頭把兒,ㄊㄡˊ ㄅㄚˋ ㄦ
頭昏腦悶,ㄊㄡˊ ㄏㄨㄣ ㄋㄠˇ ㄇㄣ
頭當,ㄊㄡˊ ㄉㄤˋ
頭癬,ㄊㄡˊ ㄒㄧㄢˇ
頭皮兒薄,ㄊㄡˊ ㄆㄧˊ ㄦ ㄅㄠˊ
頭童齒豁,ㄊㄡˊ ㄊㄨㄥˊ ㄔˇ ㄏㄨㄛˋ
頭箍兒,ㄊㄡˊ ㄍㄨ ㄦ
頭緒兒,ㄊㄡˊ ㄒㄩˋ ㄦ
頭裡,ㄊㄡˊ ˙ㄌㄧ
頭角兒,ㄊㄡˊ ㄐㄧㄠˇ ㄦ
頭醋不酸到底兒薄,ㄊㄡˊ ㄘㄨˋ ㄅㄨˋ ㄙㄨㄢ ㄉㄠˋ ㄉㄧˇ ㄦ ㄅㄛˊ
頭醋不釅二醋薄,ㄊㄡˊ ㄘㄨˋ ㄅㄨˋ ㄧㄢˋ ㄦˋ ㄘㄨˋ ㄅㄛˊ
頹靡,ㄊㄨㄟˊ ㄇㄧˇ
頹靡不振,ㄊㄨㄟˊ ㄇㄧˇ ㄅㄨˋ ㄓㄣˋ
頻數,ㄆㄧㄣˊ ㄕㄨㄛˋ
題署,ㄊㄧˊ ㄕㄨˋ
題識,ㄊㄧˊ ㄓˋ
額分,ㄜˊ ㄈㄣˋ
額頭,ㄜˊ ˙ㄊㄡ
顏子淵,ㄧㄢˊ ㄗˇ ㄩㄢ
顏色兒,ㄧㄢˊ ˙ㄕㄞ ㄦ
顏闔鑿培,ㄧㄢˊ ㄏㄜˊ ㄗㄨㄛˋ ㄆㄟˊ
願行,ㄩㄢˋ ㄒㄧㄥˋ
顛三倒四,ㄉㄧㄢ ㄙㄢ ㄉㄠˇ ㄙˋ
顛不剌的,ㄉㄧㄢ ˙ㄅㄨ ㄌㄚ ˙ㄉㄜ
顛之倒之,ㄉㄧㄢ ㄓ ㄉㄠˇ ㄓ
顛乾倒坤,ㄉㄧㄢ ㄑㄧㄢˊ ㄉㄠˇ ㄎㄨㄣ
顛來倒去,ㄉㄧㄢ ㄌㄞˊ ㄉㄠˇ ㄑㄩˋ
顛倒,ㄉㄧㄢ ㄉㄠˇ
顛倒乾坤,ㄉㄧㄢ ㄉㄠˇ ㄑㄧㄢˊ ㄎㄨㄣ
顛倒是非,ㄉㄧㄢ ㄉㄠˇ ㄕˋ ㄈㄟ
顛倒而行,ㄉㄧㄢ ㄉㄠˇ ㄦˊ ㄒㄧㄥˊ
顛倒衣裳,ㄉㄧㄢ ㄉㄠˇ ㄧ ㄔㄤˊ
顛倒錯亂,ㄉㄧㄢ ㄉㄠˇ ㄘㄨㄛˋ ㄌㄨㄢˋ
顛倒陰陽,ㄉㄧㄢ ㄉㄠˇ ㄧㄣ ㄧㄤˊ
顛倒黑白,ㄉㄧㄢ ㄉㄠˇ ㄏㄟ ㄅㄞˊ
顛而倒之,ㄉㄧㄢ ㄦˊ ㄉㄠˇ ㄓ
顛蕀,ㄉㄧㄢ ㄐㄧˊ
顛顛倒倒,ㄉㄧㄢ ㄉㄧㄢ ㄉㄠˇ ㄉㄠˇ
顛鸞倒鳳,ㄉㄧㄢ ㄌㄨㄢˊ ㄉㄠˇ ㄈㄥˋ
類胡蘿蔔素,ㄌㄟˋ ㄏㄨˊ ㄌㄨㄛˊ ˙ㄅㄛ ㄙㄨˋ
顢裡顢頇,ㄇㄢˊ ˙ㄌㄧ ㄇㄢˊ ㄏㄢ
顧不得,ㄍㄨˋ ㄅㄨˋ ㄉㄜˊ
顧不得許多,ㄍㄨˋ ㄅㄨˋ ㄉㄜˊ ㄒㄩˇ ㄉㄨㄛ
顧慮重重,ㄍㄨˋ ㄌㄩˋ ㄔㄨㄥˊ ㄔㄨㄥˊ
顧曲,ㄍㄨˋ ㄑㄩˇ
顧曲周郎,ㄍㄨˋ ㄑㄩˇ ㄓㄡ ㄌㄤˊ
顧菟,ㄍㄨˋ ㄊㄨˋ
顧藉,ㄍㄨˋ ㄐㄧㄝˋ
顯微照相,ㄒㄧㄢˇ ㄨㄟˊ ㄓㄠˋ ㄒㄧㄤˋ
顯應,ㄒㄧㄢˇ ㄧㄥˋ
顯父,ㄒㄧㄢˇ ㄈㄨˇ
顯色反應,ㄒㄧㄢˇ ㄙㄜˋ ㄈㄢˇ ㄧㄥˋ
顯豁,ㄒㄧㄢˇ ㄏㄨㄛˋ
風世勵俗,ㄈㄥˋ ㄕˋ ㄌㄧˋ ㄙㄨˊ
風乾,ㄈㄥ ㄍㄢ
風什,ㄈㄥ ㄕˊ
風俗,ㄈㄥ ˙ㄙㄨ
風信子,ㄈㄥ ㄒㄧㄣˋ ㄗˇ
風兒,ㄈㄥ ㄦ
風化場所,ㄈㄥ ㄏㄨㄚˋ ㄔㄤˊ ㄙㄨㄛˇ
風吹兩邊倒,ㄈㄥ ㄔㄨㄟ ㄌㄧㄤˇ ㄅㄧㄢ ㄉㄠˇ
風塵女子,ㄈㄥ ㄔㄣˊ ㄋㄩˇ ㄗˇ
風婆婆,ㄈㄥ ㄆㄛˊ ˙ㄆㄛ
風帆,ㄈㄥ ㄈㄢˊ
風從響應,ㄈㄥ ㄘㄨㄥˊ ㄒㄧㄤˇ ㄧㄥˋ
風月場,ㄈㄥ ㄩㄝˋ ㄔㄤˊ
風月子弟,ㄈㄥ ㄩㄝˋ ㄗˇ ㄉㄧˋ
風水,ㄈㄥ ˙ㄕㄨㄟ
風水先生,ㄈㄥ ˙ㄕㄨㄟ ㄒㄧㄢ ˙ㄕㄥ
風流宰相,ㄈㄥ ㄌㄧㄡˊ ㄗㄞˇ ㄒㄧㄤˋ
風流才子,ㄈㄥ ㄌㄧㄡˊ ㄘㄞˊ ㄗˇ
風流蘊藉,ㄈㄥ ㄌㄧㄡˊ ㄩㄣˋ ㄐㄧㄝˋ
風流醞藉,ㄈㄥ ㄌㄧㄡˊ ㄩㄣˋ ㄐㄧㄝˋ
風磨,ㄈㄥ ㄇㄛˋ
風示,ㄈㄥˋ ㄕˋ
風縫兒,ㄈㄥ ㄈㄥˋ ㄦ
風興雲蒸,ㄈㄥ ㄒㄧㄥ ㄩㄣˊ ㄓㄥ
風行草靡,ㄈㄥ ㄒㄧㄥˊ ㄘㄠˇ ㄇㄧˇ
風調雨潤,ㄈㄥ ㄊㄧㄠˊ ㄩˇ ㄖㄨㄣˋ
風調雨順,ㄈㄥ ㄊㄧㄠˊ ㄩˇ ㄕㄨㄣˋ
風議,ㄈㄥˋ ㄧˋ
風靡,ㄈㄥ ㄇㄧˇ
風靡一時,ㄈㄥ ㄇㄧˇ ㄧ ㄕˊ
風靡雲湧,ㄈㄥ ㄇㄧˇ ㄩㄣˊ ㄩㄥˇ
風靡雲蒸,ㄈㄥ ㄇㄧˇ ㄩㄣˊ ㄓㄥ
風頭,ㄈㄥ ˙ㄊㄡ
颩抹,ㄉㄧㄡ ㄇㄛˇ
颮線,ㄆㄠˊ ㄒㄧㄢˋ
飄畦,ㄆㄧㄠ ㄒㄧ
飄薄,ㄆㄧㄠ ㄅㄛˊ
飛來橫禍,ㄈㄟ ㄌㄞˊ ㄏㄥˋ ㄏㄨㄛˋ
飛來橫財,ㄈㄟ ㄌㄞˊ ㄏㄥˋ ㄘㄞˊ
飛子,ㄈㄟ ㄗˇ
飛將,ㄈㄟ ㄐㄧㄤˋ
飛帖,ㄈㄟ ㄊㄧㄝˇ
飛機場,ㄈㄟ ㄐㄧ ㄔㄤˊ
飛流短長,ㄈㄟ ㄌㄧㄡˊ ㄉㄨㄢˇ ㄔㄤˊ
飛漱,ㄈㄟ ㄙㄡˋ
飛災橫禍,ㄈㄟ ㄗㄞ ㄏㄥˋ ㄏㄨㄛˋ
飛煙傳,ㄈㄟ ㄧㄢ ㄓㄨㄢˋ
飛燕外傳,ㄈㄟ ㄧㄢˋ ㄨㄞˋ ㄓㄨㄢˋ
飛短流長,ㄈㄟ ㄉㄨㄢˇ ㄌㄧㄡˊ ㄔㄤˊ
飛紮,ㄈㄟ ㄓㄚˊ
飛薄,ㄈㄟ ㄅㄛˊ
飛跎傳,ㄈㄟ ㄊㄨㄛˊ ㄓㄨㄢˋ
飛轉,ㄈㄟ ㄓㄨㄢˋ
飛靡,ㄈㄟ ㄇㄧˇ
食不累味,ㄕˊ ㄅㄨˋ ㄌㄟˇ ㄨㄟˋ
食不重味,ㄕˊ ㄅㄨˋ ㄔㄨㄥˊ ㄨㄟˋ
食不重肉,ㄕˊ ㄅㄨˋ ㄔㄨㄥˊ ㄖㄡˋ
食母,ㄙˋ ㄇㄨˇ
食物中毒,ㄕˊ ㄨˋ ㄓㄨㄥˋ ㄉㄨˊ
食道癌,ㄕˊ ㄉㄠˋ ㄞˊ
飢者易為食,ㄐㄧ ㄓㄜˇ ㄧˋ ㄨㄟˊ ㄕˊ
飯匙倩,ㄈㄢˋ ㄔˊ ㄑㄧㄢˋ
飯座兒,ㄈㄢˋ ㄗㄨㄛˋ ㄦ
飯量,ㄈㄢˋ ˙ㄌㄧㄤ
飲和,ㄧㄣˋ ㄏㄜˊ
飲場,ㄧㄣˋ ㄔㄤˊ
飲子,ㄧㄣˇ ㄗˇ
飲羊,ㄧㄣˋ ㄧㄤˊ
飲血,ㄧㄣˇ ㄒㄩㄝˋ
飲血茹毛,ㄧㄣˇ ㄒㄩㄝˋ ㄖㄨˊ ㄇㄠˊ
飲馬,ㄧㄣˋ ㄇㄚˇ
飲馬投錢,ㄧㄣˋ ㄇㄚˇ ㄊㄡˊ ㄑㄧㄢˊ
飲馬河,ㄧㄣˋ ㄇㄚˇ ㄏㄜˊ
飲馬長城窟行,ㄧㄣˋ ㄇㄚˇ ㄔㄤˊ ㄔㄥˊ ㄎㄨ ㄒㄧㄥˊ
飽嗝兒,ㄅㄠˇ ㄍㄜˊ ㄦ
飾非文過,ㄕˋ ㄈㄟ ㄨㄣˋ ㄍㄨㄛˋ
餅乾,ㄅㄧㄥˇ ㄍㄢ
餅鐺,ㄅㄧㄥˇ ㄔㄥ
餈粑,ㄘˊ ˙ㄅㄚ
餉遺,ㄒㄧㄤˇ ㄨㄟˋ
養不住,ㄧㄤˇ ˙ㄅㄨ ㄓㄨˋ
養分,ㄧㄤˇ ㄈㄣˋ
養媳婦,ㄧㄤˇ ㄒㄧˊ ˙ㄈㄨ
養子,ㄧㄤˇ ㄗˇ
養子女,ㄧㄤˇ ㄗˇ ㄋㄩˇ
養尊處優,ㄧㄤˇ ㄗㄨㄣ ㄔㄨˇ ㄧㄡ
養殖場,ㄧㄤˇ ㄓˊ ㄔㄤˊ
養活,ㄧㄤˇ ˙ㄏㄨㄛ
養濟,ㄧㄤˇ ˙ㄐㄧ
養生送死,ㄧㄤˋ ㄕㄥ ㄙㄨㄥˋ ㄙˇ
養老送終,ㄧㄤˋ ㄌㄠˇ ㄙㄨㄥˋ ㄓㄨㄥ
養虺成蛇,ㄧㄤˇ ㄏㄨㄟˇ ㄔㄥˊ ㄕㄜˊ
餐松啖柏,ㄘㄢ ㄙㄨㄥ ㄉㄢˋ ㄅㄛˊ
餐松食柏,ㄘㄢ ㄙㄨㄥ ㄕˊ ㄅㄛˊ
餑餑,ㄅㄛ ˙ㄅㄛ
餒怯,ㄋㄟˇ ㄑㄩㄝˋ
餓殍枕藉,ㄜˋ ㄆㄧㄠˇ ㄓㄣˋ ㄐㄧㄝˋ
餓莩,ㄜˋ ㄆㄧㄠˇ
餓莩載道,ㄜˋ ㄆㄧㄠˇ ㄗㄞˋ ㄉㄠˋ
餔啜,ㄅㄨ ㄔㄨㄛˋ
餔時,ㄅㄨ ㄕˊ
餔歠,ㄅㄨ ㄔㄨㄛˋ
餔糟啜醨,ㄅㄨ ㄗㄠ ㄔㄨㄛˋ ㄌㄧˊ
餔糟歠醨,ㄅㄨ ㄗㄠ ㄔㄨㄛˋ ㄌㄧˊ
餘切,ㄩˊ ㄑㄧㄝ
餘勇可賈,ㄩˊ ㄩㄥˇ ㄎㄜˇ ㄍㄨˇ
餘子,ㄩˊ ㄗˇ
餘子碌碌,ㄩˊ ㄗˇ ㄌㄨˋ ㄌㄨˋ
餘食贅行,ㄩˊ ㄕˊ ㄓㄨㄟˋ ㄒㄧㄥˋ
餛飩,ㄏㄨㄣˊ ˙ㄉㄨㄣ
餡兒,ㄒㄧㄢˋ ㄦ
館兒,ㄍㄨㄢˇ ㄦ
館舍,ㄍㄨㄢˇ ㄕㄜˋ
餳澀,ㄒㄧㄥˊ ㄙㄜˋ
餳眼,ㄒㄧㄥˊ ㄧㄢˇ
餳糖,ㄒㄧㄥˊ ㄊㄤˊ
饃頭,ㄇㄛˊ ˙ㄊㄡ
饃饃,ㄇㄛˊ ˙ㄇㄛ
饅頭,ㄇㄢˊ ˙ㄊㄡ
饅頭不吃惹身羶,ㄇㄢˊ ˙ㄊㄡ ㄅㄨˋ ㄔ ㄖㄜˇ ㄕㄣ ㄕㄢ
饅頭果,ㄇㄢˊ ˙ㄊㄡ ㄍㄨㄛˇ
饋遺,ㄎㄨㄟˋ ㄨㄟˋ
饒舌歌曲,ㄖㄠˊ ㄕㄜˊ ㄍㄜ ㄑㄩˇ
饒舌調脣,ㄖㄠˊ ㄕㄜˊ ㄊㄧㄠˊ ㄔㄨㄣˊ
饒頭,ㄖㄠˊ ˙ㄊㄡ
饔飧不給,ㄩㄥ ㄙㄨㄣ ㄅㄨˋ ㄐㄧˇ
饙餾,ㄈㄣ ㄌㄧㄡˋ
首尾相應,ㄕㄡˇ ㄨㄟˇ ㄒㄧㄤ ㄧㄥˋ
首從,ㄕㄡˇ ㄗㄨㄥˋ
首相,ㄕㄡˇ ㄒㄧㄤˋ
首都,ㄕㄡˇ ㄉㄨ
香乾,ㄒㄧㄤ ㄍㄢ
香分,ㄒㄧㄤ ㄈㄣˋ
香墩兒,ㄒㄧㄤ ㄉㄨㄣ ㄦ
香水行,ㄒㄧㄤ ㄕㄨㄟˇ ㄏㄤˊ
香花供養,ㄒㄧㄤ ㄏㄨㄚ ㄍㄨㄥˋ ㄧㄤˋ
香餑餑,ㄒㄧㄤ ㄅㄛ ˙ㄅㄛ
馬丁路得,ㄇㄚˇ ㄉㄧㄥ ㄌㄨˋ ㄉㄜˊ
馬不知臉長,ㄇㄚˇ ㄅㄨˋ ㄓ ㄌㄧㄢˇ ㄔㄤˊ
馬乾,ㄇㄚˇ ㄍㄢ
馬匹,ㄇㄚˇ ㄆㄧ
馬厝卡舞曲,ㄇㄚˇ ㄘㄨㄛˋ ㄎㄚˇ ㄨˇ ㄑㄩˇ
馬圈,ㄇㄚˇ ㄐㄩㄢˋ
馬場,ㄇㄚˇ ㄔㄤˊ
馬太受難曲,ㄇㄚˇ ㄊㄞˋ ㄕㄡˋ ㄋㄢˋ ㄑㄩˇ
馬將,ㄇㄚˇ ㄐㄧㄤˋ
馬將牌,ㄇㄚˇ ㄐㄧㄤˋ ㄆㄞˊ
馬尾中鬃豆腐,ㄇㄚˇ ㄨㄟˇ ㄓㄨㄥ ㄗㄨㄥ ㄉㄡˋ ˙ㄈㄨ
馬尾兒穿豆腐,ㄇㄚˇ ㄨㄟˇ ㄦ ㄔㄨㄢ ㄉㄡˋ ˙ㄈㄨ
馬尾巴,ㄇㄚˇ ㄨㄟˇ ˙ㄅㄚ
馬快頭,ㄇㄚˇ ㄎㄨㄞˋ ˙ㄊㄡ
馬扁兒,ㄇㄚˇ ㄅㄧㄢˇ ㄦ
馬是得,ㄇㄚˇ ㄕˋ ㄉㄜˊ
馬杓,ㄇㄚˇ ㄕㄠˊ
馬生角,ㄇㄚˇ ㄕㄥ ㄐㄩㄝˊ
馬百六,ㄇㄚˇ ㄅㄛˊ ㄌㄧㄡˋ
馬虎,ㄇㄚˇ ˙ㄏㄨ
馬虎從事,ㄇㄚˇ ˙ㄏㄨ ㄘㄨㄥˊ ㄕˋ
馬虎湯,ㄇㄚˇ ˙ㄏㄨ ㄊㄤ
馬虎眼,ㄇㄚˇ ˙ㄏㄨ ㄧㄢˇ
馬褲呢,ㄇㄚˇ ㄎㄨˋ ㄋㄧˊ
馬賽進行曲,ㄇㄚˇ ㄙㄞˋ ㄐㄧㄣˋ ㄒㄧㄥˊ ㄑㄩˇ
馬蹄刀瓢裡切菜,ㄇㄚˇ ㄊㄧˊ ㄉㄠ ㄆㄧㄠˊ ㄌㄧˇ ㄑㄧㄝ ㄘㄞˋ
馬馬虎虎,ㄇㄚˇ ˙ㄇㄚ ㄏㄨ ㄏㄨ
馬騎燈,ㄇㄚˇ ㄐㄧˋ ㄉㄥ
馬齒加長,ㄇㄚˇ ㄔˇ ㄐㄧㄚ ㄔㄤˊ
馬齒長,ㄇㄚˇ ㄔˇ ㄔㄤˊ
馮心,ㄆㄧㄥˊ ㄒㄧㄣ
馮河,ㄆㄧㄥˊ ㄏㄜˊ
馮虛,ㄆㄧㄥˊ ㄒㄩ
馮虛御風,ㄆㄧㄥˊ ㄒㄩ ㄩˋ ㄈㄥ
馮諼彈鋏,ㄈㄥˊ ㄒㄩㄢ ㄊㄢˊ ㄐㄧㄚˊ
馮軾,ㄆㄧㄥˊ ㄕˋ
馱子,ㄉㄨㄛˋ ˙ㄗ
馳傳,ㄔˊ ㄓㄨㄢˋ
馴行,ㄒㄩㄣˊ ㄒㄧㄥˋ
駁倒,ㄅㄛˊ ㄉㄠˇ
駁難,ㄅㄛˊ ㄋㄢˋ
駁頭,ㄅㄛˊ ˙ㄊㄡ
駏驉,ㄐㄩˋ ㄒㄩ
駐紮,ㄓㄨˋ ㄓㄚˊ
駑散,ㄋㄨˊ ㄙㄢˇ
駑馬十舍,ㄋㄨˊ ㄇㄚˇ ㄕˊ ㄕㄜˋ
駒兒隙,ㄐㄩ ㄦ ㄒㄧˋ
駔子,ㄘㄤˇ ˙ㄗ
駕帖,ㄐㄧㄚˋ ㄊㄧㄝˋ
駘蕩,ㄉㄞˋ ㄉㄤˋ
駙馬都尉,ㄈㄨˋ ㄇㄚˇ ㄉㄨ ㄨㄟˋ
駝垛,ㄊㄨㄛˊ ㄉㄨㄛˋ
駢拇枝指,ㄆㄧㄢˊ ㄇㄨˇ ㄑㄧˊ ㄓˇ
駢枝,ㄆㄧㄢˊ ㄑㄧˊ
駢比,ㄆㄧㄢˊ ㄅㄧˋ
駢肩累足,ㄆㄧㄢˊ ㄐㄧㄢ ㄌㄟˇ ㄗㄨˊ
駢肩累跡,ㄆㄧㄢˊ ㄐㄧㄢ ㄌㄟˇ ㄐㄧ
駢肩累踵,ㄆㄧㄢˊ ㄐㄧㄢ ㄌㄟˇ ㄓㄨㄥˇ
駭浪驚濤,ㄏㄞˋ ㄌㄤˋ ㄐㄧㄥ ㄊㄠ
駱駝,ㄌㄨㄛˋ ˙ㄊㄨㄛ
駿業宏興,ㄐㄩㄣˋ ㄧㄝˋ ㄏㄨㄥˊ ㄒㄧㄥ
騎從,ㄐㄧˋ ㄗㄨㄥˋ
騏驎,ㄑㄧˊ ㄌㄧㄣˊ
騰倒,ㄊㄥˊ ㄉㄠˇ
騰趠,ㄊㄥˊ ㄔㄠˋ
騰那,ㄊㄥˊ ㄋㄨㄛˊ
騶從,ㄗㄡ ㄗㄨㄥˋ
騾馱子,ㄌㄨㄛˊ ㄉㄨㄛˋ ˙ㄗ
驀的,ㄇㄛˋ ㄉㄧˋ
驂乘,ㄘㄢ ㄕㄥˋ
驃騎,ㄆㄧㄠˋ ㄐㄧˋ
驃騎將軍,ㄆㄧㄠˋ ㄐㄧˋ ㄐㄧㄤ ㄐㄩㄣ
驍將,ㄒㄧㄠ ㄐㄧㄤˋ
驍騎,ㄒㄧㄠ ㄐㄧˋ
驕子,ㄐㄧㄠ ㄗˇ
驕橫,ㄐㄧㄠ ㄏㄥˋ
驚倒,ㄐㄧㄥ ㄉㄠˇ
驚為天人,ㄐㄧㄥ ㄨㄟˊ ㄊㄧㄢ ㄖㄣˊ
驢打滾兒,ㄌㄩˊ ㄉㄚˇ ㄍㄨㄣˇ ㄦ
驢蹄兒,ㄌㄩˊ ㄊㄧˊ ㄦ
驥子龍文,ㄐㄧˋ ㄗˇ ㄌㄨㄥˊ ㄨㄣˊ
驩洽,ㄏㄨㄢ ㄒㄧㄚˊ
骨嘟,ㄍㄨ ㄉㄨ
骨朵兒,ㄍㄨ ˙ㄉㄨㄛ ㄦ
骨相,ㄍㄨˇ ˙ㄒㄧㄤ
骨碌,ㄍㄨˊ ˙ㄌㄨ
骨碌碌,ㄍㄨˊ ㄌㄨˋ ˙ㄌㄨ
骨肉團圞,ㄍㄨˇ ㄖㄡˋ ㄊㄨㄢˊ ㄌㄨㄢˊ
骨肉重逢,ㄍㄨˇ ㄖㄡˋ ㄔㄨㄥˊ ㄈㄥˊ
骨董行,ㄍㄨˇ ㄉㄨㄥˇ ㄏㄤˊ
骨裡骨碌,ㄍㄨˊ ˙ㄌㄧ ㄍㄨˊ ㄌㄨˋ
骨質,ㄍㄨˇ ㄓˊ
骨質疏鬆症,ㄍㄨˇ ㄓˊ ㄕㄨ ㄙㄨㄥ ㄓㄥˋ
骨質石化症,ㄍㄨˇ ㄓˊ ㄕˊ ㄏㄨㄚˋ ㄓㄥˋ
骨質軟化症,ㄍㄨˇ ㄓˊ ㄖㄨㄢˇ ㄏㄨㄚˋ ㄓㄥˋ
骨都,ㄍㄨ ㄉㄨ
骨都兒,ㄍㄨ ㄉㄨ ㄦ
骨都都,ㄍㄨ ㄉㄨ ㄉㄨ
骨頭,ㄍㄨˊ ˙ㄊㄡ
骨頭兒,ㄍㄨˊ ˙ㄊㄡ ㄦ
骨頭架子,ㄍㄨˊ ˙ㄊㄡ ㄐㄧㄚˋ ˙ㄗ
骨頭硬,ㄍㄨˊ ˙ㄊㄡ ㄧㄥˋ
骨頭裡掙出來的錢纔做得肉,ㄍㄨˊ ˙ㄊㄡ ˙ㄌㄧ ㄓㄥˋ ㄔㄨ ㄌㄞˊ ˙ㄉㄜ ㄑㄧㄢˊ ㄘㄞˊ ㄗㄨㄛˋ ˙ㄉㄜ ㄖㄡˋ
骨頭骨腦,ㄍㄨˊ ˙ㄊㄡ ㄍㄨˊ ㄋㄠˇ
髀骶,ㄅㄧˋ ㄉㄧˇ
髒字兒,ㄗㄤ ㄗˋ ㄦ
體己,ㄊㄧˇ ˙ㄐㄧ
體己信兒,ㄊㄧˇ ˙ㄐㄧ ㄒㄧㄣˋ ㄦ
體樣兒,ㄊㄧˇ ㄧㄤˋ ㄦ
體癬,ㄊㄧˇ ㄒㄧㄢˇ
體育場,ㄊㄧˇ ㄩˋ ㄔㄤˊ
體諒,ㄊㄧˇ ˙ㄌㄧㄤ
體質,ㄊㄧˇ ㄓˊ
高佛資訊系統,ㄍㄠ ㄈㄛˊ ㄗ ㄒㄩㄣˋ ㄒㄧˋ ㄊㄨㄥˇ
高個兒,ㄍㄠ ㄍㄜˋ ㄦ
高僧傳,ㄍㄠ ㄙㄥ ㄓㄨㄢˋ
高几,ㄍㄠ ㄐㄧ
高分子化合物,ㄍㄠ ㄈㄣ ㄗˇ ㄏㄨㄚˋ ㄏㄜˊ ㄨˋ
高分子材料,ㄍㄠ ㄈㄣ ㄗˇ ㄘㄞˊ ㄌㄧㄠˋ
高句麗,ㄍㄠ ㄍㄡ ㄌㄧˊ
高堂大廈,ㄍㄠ ㄊㄤˊ ㄉㄚˋ ㄒㄧㄚˋ
高山景行,ㄍㄠ ㄕㄢ ㄐㄧㄥˇ ㄒㄧㄥˋ
高山重嶂,ㄍㄠ ㄕㄢ ㄔㄨㄥˊ ㄓㄤˋ
高岡兒,ㄍㄠ ㄍㄤˇ ㄦ
高揚臉兒,ㄍㄠ ㄧㄤˊ ㄌㄧㄢˇ ㄦ
高曾規矩,ㄍㄠ ㄗㄥ ㄍㄨㄟ ㄐㄩˇ
高末兒,ㄍㄠ ㄇㄛˋ ㄦ
高枝兒,ㄍㄠ ㄓ ㄦ
高栖,ㄍㄠ ㄒㄧ
高業弟子,ㄍㄠ ㄧㄝˋ ㄉㄧˋ ㄗˇ
高樁兒,ㄍㄠ ㄓㄨㄤ ㄦ
高樓大廈,ㄍㄠ ㄌㄡˊ ㄉㄚˋ ㄒㄧㄚˋ
高球場,ㄍㄠ ㄑㄧㄡˊ ㄔㄤˊ
高畫質電視,ㄍㄠ ㄏㄨㄚˋ ㄓˊ ㄉㄧㄢˋ ㄕˋ
高空彈跳,ㄍㄠ ㄎㄨㄥ ㄊㄢˊ ㄊㄧㄠˋ
高粱篾兒,ㄍㄠ ㄌㄧㄤˊ ㄇㄧㄝˋ ㄦ
高義薄雲,ㄍㄠ ㄧˋ ㄅㄛˊ ㄩㄣˊ
高著兒,ㄍㄠ ㄓㄠ ㄦ
高處不勝寒,ㄍㄠ ㄔㄨˋ ㄅㄨˋ ㄕㄥ ㄏㄢˊ
高行,ㄍㄠ ㄒㄧㄥˋ
高足弟子,ㄍㄠ ㄗㄨˊ ㄉㄧˋ ㄗˇ
高陽公子,ㄍㄠ ㄧㄤˊ ㄍㄨㄥ ㄗˇ
高雄應用科技大學,ㄍㄠ ㄒㄩㄥˊ ㄧㄥˋ ㄩㄥˋ ㄎㄜ ㄐㄧˋ ㄉㄚˋ ㄒㄩㄝˊ
高頭,ㄍㄠ ˙ㄊㄡ
高風勁節,ㄍㄠ ㄈㄥ ㄐㄧㄥˋ ㄐㄧㄝˊ
高高下下,ㄍㄠ ˙ㄍㄠ ㄒㄧㄚˋ ㄒㄧㄚˋ
高高低低,ㄍㄠ ˙ㄍㄠ ㄉㄧ ㄉㄧ
高高瘦瘦,ㄍㄠ ˙ㄍㄠ ㄕㄡˋ ㄕㄡˋ
高高興興,ㄍㄠ ˙ㄍㄠ ㄒㄧㄥˋ ㄒㄧㄥˋ
高鳳流麥,ㄍㄠ ㄈㄥˋ ㄌㄧㄡˊ ㄇㄛˋ
高麗,ㄍㄠ ㄌㄧˊ
高麗參,ㄍㄠ ㄌㄧˊ ㄕㄣ
高麗本,ㄍㄠ ㄌㄧˊ ㄅㄣˇ
高麗紙,ㄍㄠ ㄌㄧˊ ㄓˇ
高麗菜,ㄍㄠ ㄌㄧˊ ㄘㄞˋ
髦兒戲,ㄇㄠˊ ㄦ ㄒㄧˋ
髭髭著,ㄗ ˙ㄗ ˙ㄓㄜ
髮癬,ㄈㄚˇ ㄒㄧㄢˇ
髮短心長,ㄈㄚˇ ㄉㄨㄢˇ ㄒㄧㄣ ㄔㄤˊ
髯口,ㄖㄢˊ ˙ㄎㄡ
鬆弛,ㄙㄨㄥ ㄔˊ
鬆快,ㄙㄨㄥ ˙ㄎㄨㄞ
鬆散,ㄙㄨㄥ ㄙㄢˇ
鬆通,ㄙㄨㄥ ˙ㄊㄨㄥ
鬙兒,ㄙㄥ ㄦ
鬥分子,ㄉㄡˋ ㄈㄣˋ ˙ㄗ
鬥葉兒,ㄉㄡˋ ㄧㄝˋ ㄦ
鬧刺兒,ㄋㄠˋ ㄘˋ ㄦ
鬧哄哄,ㄋㄠˋ ㄏㄨㄥ ㄏㄨㄥ
鬧喪鼓兒,ㄋㄠˋ ㄙㄤ ㄍㄨˇ ㄦ
鬧嚷嚷,ㄋㄠˋ ㄖㄤ ㄖㄤ
鬧場,ㄋㄠˋ ㄔㄤˊ
鬧家務,ㄋㄠˋ ㄐㄧㄚ ˙ㄨ
鬧彆扭,ㄋㄠˋ ㄅㄧㄝˋ ˙ㄋㄧㄡ
鬧心眼兒,ㄋㄠˋ ㄒㄧㄣ ㄧㄢˇ ㄦ
鬧意見,ㄋㄠˋ ㄧˋ ˙ㄐㄧㄢ
鬧戲兒,ㄋㄠˋ ㄒㄧˋ ㄦ
鬧擰了,ㄋㄠˋ ㄋㄧㄥˇ ˙ㄌㄜ
鬧竿兒,ㄋㄠˋ ㄍㄢ ㄦ
鬧脾氣,ㄋㄠˋ ㄆㄧˊ ˙ㄑㄧ
鬧著玩兒,ㄋㄠˋ ˙ㄓㄜ ㄨㄢˊ ㄦ
鬧饑荒,ㄋㄠˋ ㄐㄧ ˙ㄏㄨㄤ
鬧騰,ㄋㄠˋ ˙ㄊㄥ
鬧騰勁兒,ㄋㄠˋ ˙ㄊㄥ ㄐㄧㄣˋ ㄦ
鬧鬧熱熱,ㄋㄠˋ ˙ㄋㄠ ㄖㄜˋ ㄖㄜˋ
鬧鬧穰穰,ㄋㄠˋ ˙ㄋㄠ ㄖㄤˊ ㄖㄤˊ
鬧鬨,ㄋㄠˋ ˙ㄏㄨㄥ
鬮兒,ㄐㄧㄡ ㄦ
鬱塞,ㄩˋ ㄙㄜˋ
鬱壘,ㄩˋ ㄌㄩˋ
鬻子,ㄩˋ ㄗˇ
鬼使神差,ㄍㄨㄟˇ ㄕˇ ㄕㄣˊ ㄔㄞ
鬼哭狼號,ㄍㄨㄟˇ ㄎㄨ ㄌㄤˊ ㄏㄠˊ
鬼哭神號,ㄍㄨㄟˇ ㄎㄨ ㄕㄣˊ ㄏㄠˊ
鬼打更,ㄍㄨㄟˇ ㄉㄚˇ ㄍㄥ
鬼推磨,ㄍㄨㄟˇ ㄊㄨㄟ ㄇㄛˋ
鬼攛揝,ㄍㄨㄟˇ ㄘㄨㄢ ㄗㄨㄢˋ
鬼蜮伎倆,ㄍㄨㄟˇ ㄩˋ ㄐㄧˋ ㄌㄧㄤˇ
鬼谷子,ㄍㄨㄟˇ ㄍㄨˇ ㄗˇ
鬼質,ㄍㄨㄟˇ ㄓˊ
鬼門上占卦,ㄍㄨㄟˇ ㄇㄣˊ ㄕㄤˋ ㄓㄢ ㄍㄨㄚˋ
鬼靈精兒,ㄍㄨㄟˇ ㄌㄧㄥˊ ㄐㄧㄥ ㄦ
鬼頭,ㄍㄨㄟˇ ˙ㄊㄡ
鬼魅伎倆,ㄍㄨㄟˇ ㄇㄟˋ ㄐㄧˋ ㄌㄧㄤˇ
魁梧,ㄎㄨㄟˊ ㄨˋ
魁梧奇偉,ㄎㄨㄟˊ ㄨˋ ㄑㄧˊ ㄨㄟˇ
魂不守舍,ㄏㄨㄣˊ ㄅㄨˋ ㄕㄡˇ ㄕㄜˋ
魏然,ㄨㄟˊ ㄖㄢˊ
魏長生,ㄨㄟˋ ㄔㄤˊ ㄕㄥ
魔爪,ㄇㄛˊ ㄓㄨㄚˇ
魔難,ㄇㄛˊ ㄋㄢˋ
魚兒,ㄩˊ ㄦ
魚子,ㄩˊ ㄗˇ
魚子醬,ㄩˊ ㄗˇ ㄐㄧㄤˋ
魚拓,ㄩˊ ㄊㄚˋ
魚籃寶卷,ㄩˊ ㄌㄢˊ ㄅㄠˇ ㄐㄩㄢˋ
魚肚,ㄩˊ ㄉㄨˇ
魚質龍文,ㄩˊ ㄓˊ ㄌㄨㄥˊ ㄨㄣˊ
魚鱗癬,ㄩˊ ㄌㄧㄣˊ ㄒㄧㄢˇ
魯孝王刻石,ㄌㄨˇ ㄒㄧㄠˋ ㄨㄤˊ ㄎㄜ ㄕˊ
魯男子,ㄌㄨˇ ㄋㄢˊ ㄗˇ
魯論,ㄌㄨˇ ㄌㄨㄣˊ
魯酒薄而邯鄲圍,ㄌㄨˇ ㄐㄧㄡˇ ㄅㄛˊ ㄦˊ ㄏㄢˊ ㄉㄢ ㄨㄟˊ
鮭菜,ㄒㄧㄝˊ ㄘㄞˋ
鮮少,ㄒㄧㄢˇ ㄕㄠˇ
鮮民,ㄒㄧㄢˇ ㄇㄧㄣˊ
鮮為人知,ㄒㄧㄢˇ ㄨㄟˊ ㄖㄣˊ ㄓ
鯽瓜兒,ㄐㄧˋ ㄍㄨㄚ ㄦ
鰓鰓,ㄒㄧˇ ㄒㄧˇ
鰥棍兒,ㄍㄨㄢ ㄍㄨㄣˋ ㄦ
鰲裡奪尊,ㄠˊ ˙ㄌㄧ ㄉㄨㄛˊ ㄗㄨㄣ
鱉煞,ㄅㄧㄝ ㄕㄚˋ
鱗次櫛比,ㄌㄧㄣˊ ㄘˋ ㄐㄧㄝˊ ㄅㄧˋ
鱗比,ㄌㄧㄣˊ ㄅㄧˋ
鱗爪,ㄌㄧㄣˊ ㄓㄨㄚˇ
鱟帆,ㄏㄡˋ ㄈㄢˊ
鱣堂,ㄕㄢˋ ㄊㄤˊ
鱣舍,ㄕㄢˋ ㄕㄜˋ
鳥人,ㄉㄧㄠˇ ㄖㄣˊ
鳥爪,ㄋㄧㄠˇ ㄓㄨㄚˇ
鳥獸行,ㄋㄧㄠˇ ㄕㄡˋ ㄒㄧㄥˋ
鳩摩羅什,ㄐㄧㄡ ㄇㄛˊ ㄌㄨㄛˊ ㄕˊ
鳩率,ㄐㄧㄡ ㄕㄨㄞˋ
鳳仙子,ㄈㄥˋ ㄒㄧㄢ ㄗˇ
鳳占,ㄈㄥˋ ㄓㄢ
鳳吹,ㄈㄥˋ ㄔㄨㄟˋ
鳳翹,ㄈㄥˋ ㄑㄧㄠˊ
鳳還巢,ㄈㄥˋ ㄏㄨㄢˊ ㄔㄠˊ
鳳雛麟子,ㄈㄥˋ ㄔㄨˊ ㄌㄧㄣˊ ㄗˇ
鳳鳴朝陽,ㄈㄥˋ ㄇㄧㄥˊ ㄓㄠ ㄧㄤˊ
鳴彈,ㄇㄧㄥˊ ㄊㄢˊ
鴇兒,ㄅㄠˇ ㄦ
鴉窩裡出鳳凰,ㄧㄚ ㄨㄛ ˙ㄌㄧ ㄔㄨ ㄈㄥˋ ㄏㄨㄤˊ
鴛行,ㄩㄢ ㄏㄤˊ
鴟嚇,ㄔ ㄏㄜˋ
鴟得腐鼠,ㄔ ㄉㄜˊ ㄈㄨˇ ㄕㄨˇ
鴟蹲,ㄔ ㄘㄨㄣˊ
鴨兒廣梨,ㄧㄚ ㄦ ㄍㄨㄤˇ ㄌㄧˊ
鴨兒梨,ㄧㄚ ㄦ ㄌㄧˊ
鴨子兒,ㄧㄚ ㄗˇ ㄦ
鴨綠江,ㄧㄚ ㄌㄨˋ ㄐㄧㄤ
鴨蛋臉兒,ㄧㄚ ㄉㄢˋ ㄌㄧㄢˇ ㄦ
鴨頭丸帖,ㄧㄚ ㄊㄡˊ ㄨㄢˊ ㄊㄧㄝˋ
鴨黃兒,ㄧㄚ ㄏㄨㄤˊ ㄦ
鴻洞,ㄏㄨㄥˊ ㄊㄨㄥˊ
鴻都,ㄏㄨㄥˊ ㄉㄨ
鵝群帖,ㄜˊ ㄑㄩㄣˊ ㄊㄧㄝˋ
鵝蛋臉兒,ㄜˊ ㄉㄢˋ ㄌㄧㄢˇ ㄦ
鵠的,ㄍㄨˇ ㄉㄧˋ
鵧鷑,ㄆㄧㄥˊ ㄌㄧˋ
鵷行,ㄩㄢ ㄏㄤˊ
鶡冠子,ㄏㄜˊ ㄍㄨㄢ ㄗˇ
鶯鶯傳,ㄧㄥ ㄧㄥ ㄓㄨㄢˋ
鶴處雞群,ㄏㄜˋ ㄔㄨˇ ㄐㄧ ㄑㄩㄣˊ
鶴長鳧短,ㄏㄜˋ ㄔㄤˊ ㄈㄨˊ ㄉㄨㄢˇ
鶻入鴉群,ㄏㄨˊ ㄖㄨˋ ㄧㄚ ㄑㄩㄣˊ
鶻崙吞棗,ㄏㄨˊ ㄌㄨㄣˊ ㄊㄨㄣ ㄗㄠˇ
鶻淪,ㄏㄨˊ ㄌㄨㄣˊ
鶻突,ㄏㄨˊ ㄊㄨˊ
鶻鴒,ㄏㄨˊ ㄌㄧㄥˊ
鶻鴒眼,ㄏㄨˊ ㄌㄧㄥˊ ㄧㄢˇ
鷗鳥忘機,ㄡ ㄋㄧㄠˇ ㄨㄤˊ ㄐㄧ
鷗鷺忘機,ㄡ ㄌㄨˋ ㄨㄤˊ ㄐㄧ
鷸冠,ㄩˋ ㄍㄨㄢ
鷸蚌相爭,ㄩˋ ㄅㄤˋ ㄒㄧㄤ ㄓㄥ
鷸鴕,ㄩˋ ㄊㄨㄛˊ
鷹爪毛兒,ㄧㄥ ㄓㄠˇ ㄇㄠˊ ㄦ
鷹覷鶻望,ㄧㄥ ㄑㄩˋ ㄏㄨˊ ㄨㄤˋ
鹹菜燒豆腐,ㄒㄧㄢˊ ㄘㄞˋ ㄕㄠ ㄉㄡˋ ˙ㄈㄨ
鹼中毒,ㄐㄧㄢˇ ㄓㄨㄥˋ ㄉㄨˊ
鹽分,ㄧㄢˊ ㄈㄣˋ
鹽分地帶,ㄧㄢˊ ㄈㄣˋ ㄉㄧˋ ㄉㄞˋ
鹽場,ㄧㄢˊ ㄔㄤˊ
鹿柴,ㄌㄨˋ ㄓㄞˋ
鹿死不擇音,ㄌㄨˋ ㄙˇ ㄅㄨˋ ㄗㄜˊ ㄧㄣˋ
鹿死誰手,ㄌㄨˋ ㄙˇ ㄕㄨㄟˊ ㄕㄡˇ
鹿脯,ㄌㄨˋ ㄈㄨˇ
鹿車,ㄌㄨˋ ㄐㄩ
鹿車共挽,ㄌㄨˋ ㄐㄩ ㄍㄨㄥˋ ㄨㄢˇ
麇聚,ㄑㄩㄣˊ ㄐㄩˋ
麇至,ㄑㄩㄣˊ ㄓˋ
麇至沓來,ㄑㄩㄣˊ ㄓˋ ㄊㄚˋ ㄌㄞˊ
麇集,ㄑㄩㄣˊ ㄐㄧˊ
麇集蜂萃,ㄑㄩㄣˊ ㄐㄧˊ ㄈㄥ ㄘㄨㄟˋ
麒麟送子,ㄑㄧˊ ㄌㄧㄣˊ ㄙㄨㄥˋ ㄗˇ
麗質,ㄌㄧˋ ㄓˊ
麗質天生,ㄌㄧˋ ㄓˊ ㄊㄧㄢ ㄕㄥ
麗都,ㄌㄧˋ ㄉㄨ
麗靡,ㄌㄧˋ ㄇㄧˇ
麛夭,ㄇㄧˊ ㄠˇ
麟子鳳雛,ㄌㄧㄣˊ ㄗˇ ㄈㄥˋ ㄔㄨˊ
麟角鳳觜,ㄌㄧㄣˊ ㄐㄧㄠˇ ㄈㄥˋ ㄗㄨㄟˇ
麥格塞塞獎,ㄇㄞˋ ㄍㄜˊ ㄙㄜˋ ㄙㄜˋ ㄐㄧㄤˇ
麥畦,ㄇㄞˋ ㄒㄧ
麥碴兒,ㄇㄞˋ ㄔㄚˊ ㄦ
麥茬,ㄇㄞˋ ㄔㄚˊ
麥蚻,ㄇㄞˋ ㄓㄚˊ
麵坯兒,ㄇㄧㄢˋ ㄆㄧ ㄦ
麵碼兒,ㄇㄧㄢˋ ㄇㄚˇ ㄦ
麻了花兒,ㄇㄚˊ ˙ㄌㄜ ㄏㄨㄚ ㄦ
麻俐,ㄇㄚˊ ˙ㄌㄧ
麻六甲,ㄇㄚˊ ㄌㄨˋ ㄐㄧㄚˇ
麻六甲海峽,ㄇㄚˊ ㄌㄨˋ ㄐㄧㄚˇ ㄏㄞˇ ㄒㄧㄚˊ
麻刀,ㄇㄚˊ ˙ㄉㄠ
麻婆豆腐,ㄇㄚˊ ㄆㄛˊ ㄉㄡˋ ˙ㄈㄨ
麻將,ㄇㄚˊ ㄐㄧㄤˋ
麻將搭子,ㄇㄚˊ ㄐㄧㄤˋ ㄉㄚ ˙ㄗ
麻將牌,ㄇㄚˊ ㄐㄧㄤˋ ㄆㄞˊ
麻核桃,ㄇㄚˊ ㄏㄜˊ ˙ㄊㄠ
麻沸散,ㄇㄚˊ ㄈㄟˋ ㄙㄢˇ
麻煩,ㄇㄚˊ ˙ㄈㄢ
麻經兒,ㄇㄚˊ ㄐㄧㄥ ㄦ
麻衣相法,ㄇㄚˊ ㄧ ㄒㄧㄤˋ ㄈㄚˇ
麻衣神相法,ㄇㄚˊ ㄧ ㄕㄣˊ ㄒㄧㄤˋ ㄈㄚˇ
麻麻呼呼,ㄇㄚˊ ˙ㄇㄚ ㄏㄨ ㄏㄨ
麻麻糊糊,ㄇㄚˊ ˙ㄇㄚ ㄏㄨˊ ㄏㄨˊ
麼些族,ㄇㄛˊ ㄙㄨㄛ ㄗㄨˊ
麼娘,ㄇㄛˊ ㄋㄧㄤˊ
麼子,ㄇㄛˊ ˙ㄗ
麼子事,ㄇㄛˊ ˙ㄗ ㄕˋ
麼波,ㄇㄛˊ ㄅㄛ
麼那,ㄇㄛˊ ㄋㄚˋ
麼陋,ㄇㄛˊ ㄌㄡˋ
黃乾黑瘦,ㄏㄨㄤˊ ㄍㄢ ㄏㄟ ㄕㄡˋ
黃卷,ㄏㄨㄤˊ ㄐㄩㄢˋ
黃卷青燈,ㄏㄨㄤˊ ㄐㄩㄢˋ ㄑㄧㄥ ㄉㄥ
黃口孺子,ㄏㄨㄤˊ ㄎㄡˇ ㄖㄨˊ ㄗˇ
黃子,ㄏㄨㄤˊ ㄗˇ
黃州寒食詩卷,ㄏㄨㄤˊ ㄓㄡ ㄏㄢˊ ㄕˊ ㄕ ㄐㄩㄢˋ
黃昏時分,ㄏㄨㄤˊ ㄏㄨㄣ ㄕˊ ㄈㄣˋ
黃曆,ㄏㄨㄤˊ ˙ㄌㄧ
黃柏,ㄏㄨㄤˊ ㄅㄛˊ
黃柏木作磬槌子,ㄏㄨㄤˊ ㄅㄛˊ ㄇㄨˋ ㄗㄨㄛˋ ㄑㄧㄥˋ ㄔㄨㄟˊ ˙ㄗ
黃毛丫頭,ㄏㄨㄤˊ ㄇㄠˊ ㄧㄚ ˙ㄊㄡ
黃毛團兒,ㄏㄨㄤˊ ㄇㄠˊ ㄊㄨㄢˊ ㄦ
黃水茄,ㄏㄨㄤˊ ㄕㄨㄟˇ ㄑㄧㄝˊ
黃泉路上沒老少,ㄏㄨㄤˊ ㄑㄩㄢˊ ㄌㄨˋ ㄕㄤˋ ㄇㄟˊ ㄌㄠˇ ㄕㄠˋ
黃癬,ㄏㄨㄤˊ ㄒㄧㄢˇ
黃腔兒,ㄏㄨㄤˊ ㄑㄧㄤ ㄦ
黃興,ㄏㄨㄤˊ ㄒㄧㄥ
黃連樹下彈琴,ㄏㄨㄤˊ ㄌㄧㄢˊ ㄕㄨˋ ㄒㄧㄚˋ ㄊㄢˊ ㄑㄧㄣˊ
黃鐘長棄,ㄏㄨㄤˊ ㄓㄨㄥ ㄔㄤˊ ㄑㄧˋ
黃門鼓吹,ㄏㄨㄤˊ ㄇㄣˊ ㄍㄨˇ ㄔㄨㄟˋ
黃雀伺蟬,ㄏㄨㄤˊ ㄑㄩㄝˋ ㄙˋ ㄔㄢˊ
黃馘,ㄏㄨㄤˊ ㄒㄩˋ
黌舍,ㄏㄨㄥˊ ㄕㄜˋ
黏涎,ㄋㄧㄢˊ ˙ㄒㄧㄢ
黏涎答答,ㄋㄧㄢˊ ˙ㄒㄧㄢ ㄉㄚ ㄉㄚ
黏答答,ㄋㄧㄢˊ ㄉㄚ ㄉㄚ
黏糊,ㄋㄧㄢˊ ˙ㄏㄨ
黏著,ㄋㄧㄢˊ ㄓㄨㄛˊ
黏著劑,ㄋㄧㄢˊ ㄓㄨㄛˊ ㄐㄧˋ
黏著力,ㄋㄧㄢˊ ㄓㄨㄛˊ ㄌㄧˋ
黏質,ㄋㄧㄢˊ ㄓˊ
黑下,ㄏㄟ ˙ㄒㄧㄚ
黑不溜丟,ㄏㄟ ˙ㄅㄨ ㄌㄧㄡ ㄉㄧㄡ
黑咕籠咚,ㄏㄟ ˙ㄍㄨ ㄌㄨㄥˊ ㄉㄨㄥ
黑子,ㄏㄟ ㄗˇ
黑字倒閉,ㄏㄟ ㄗˋ ㄉㄠˇ ㄅㄧˋ
黑家白日,ㄏㄟ ˙ㄐㄧㄚ ㄅㄞˊ ㄖˋ
黑寡婦,ㄏㄟ ㄍㄨㄚˇ ˙ㄈㄨ
黑尾浮塵子,ㄏㄟ ㄨㄟˇ ㄈㄨˊ ㄔㄣˊ ㄗˇ
黑帖,ㄏㄟ ㄊㄧㄝˇ
黑更半夜,ㄏㄟ ㄍㄥ ㄅㄢˋ ㄧㄝˋ
黑母鴰一窩兒,ㄏㄟ ㄇㄨˇ ㄍㄨㄚ ㄧ ㄨㄛ ㄦ
黑漆皮燈籠,ㄏㄟ ㄑㄧ ㄆㄧˊ ㄉㄥ ˙ㄌㄨㄥ
黑猩猩,ㄏㄟ ㄒㄧㄥ ˙ㄒㄧㄥ
黑王相公,ㄏㄟ ㄨㄤˊ ㄒㄧㄤˋ ㄍㄨㄥ
黑白顛倒,ㄏㄟ ㄅㄞˊ ㄉㄧㄢ ㄉㄠˇ
黑糊糊,ㄏㄟ ㄏㄨ ㄏㄨ
黑臉兒,ㄏㄟ ㄌㄧㄢˇ ㄦ
黑裡,ㄏㄟ ˙ㄌㄧ
黑豆,ㄏㄟˇ ㄉㄡˋ
默識,ㄇㄛˋ ㄓˋ
點兵派將,ㄉㄧㄢˇ ㄅㄧㄥ ㄆㄞˋ ㄐㄧㄤˋ
點到為止,ㄉㄧㄢˇ ㄉㄠˋ ㄨㄟˊ ㄓˇ
點垛,ㄉㄧㄢˇ ㄉㄨㄛˋ
點將,ㄉㄧㄢˇ ㄐㄧㄤˋ
點將錄,ㄉㄧㄢˇ ㄐㄧㄤˋ ㄌㄨˋ
點差,ㄉㄧㄢˇ ㄔㄞ
點扎,ㄉㄧㄢˇ ㄓㄚˊ
點砌,ㄉㄧㄢˇ ㄑㄧㄝˋ
點穴,ㄉㄧㄢˇ ㄒㄩㄝˊ
點著,ㄉㄧㄢˇ ㄓㄠˊ
點補,ㄉㄧㄢˇ ˙ㄅㄨ
點頭答應,ㄉㄧㄢˇ ㄊㄡˊ ㄉㄚ ㄧㄥˋ
黿鳴鱉應,ㄩㄢˊ ㄇㄧㄥˊ ㄅㄧㄝ ㄧㄥˋ
鼉更,ㄊㄨㄛˊ ㄍㄥ
鼎元之分,ㄉㄧㄥˇ ㄩㄢˊ ㄓ ㄈㄣˋ
鼎鼐調和,ㄉㄧㄥˇ ㄋㄞˋ ㄊㄧㄠˊ ㄏㄜˊ
鼓兒詞,ㄍㄨˇ ㄦ ㄘˊ
鼓吹弦,ㄍㄨˇ ㄔㄨㄟˋ ㄒㄧㄢˊ
鼓吹樂,ㄍㄨˇ ㄔㄨㄟˋ ㄩㄝˋ
鼓吹鳴蛙,ㄍㄨˇ ㄔㄨㄟˋ ㄇㄧㄥˊ ㄨㄚ
鼓子曲,ㄍㄨˇ ˙ㄗ ㄑㄩˇ
鼓搗,ㄍㄨˇ ˙ㄉㄠ
鼓樂,ㄍㄨˇ ㄩㄝˋ
鼓樂喧天,ㄍㄨˇ ㄩㄝˋ ㄒㄩㄢ ㄊㄧㄢ
鼓角,ㄍㄨˇ ㄐㄩㄝˊ
鼠子,ㄕㄨˇ ㄗˇ
鼻兒,ㄅㄧˊ ㄦ
鼻咽癌,ㄅㄧˊ ㄧㄢ ㄧㄢˊ
鼻咽道,ㄅㄧˊ ㄧㄢ ㄉㄠˋ
鼻塞聲重,ㄅㄧˊ ㄙㄜˋ ㄕㄥ ㄓㄨㄥˋ
鼻翅兒,ㄅㄧˊ ㄔˋ ㄦ
鼻觀,ㄅㄧˊ ㄍㄨㄢˋ
齆鼻兒,ㄨㄥˋ ㄅㄧˊ ㄦ
齉鼻兒,ㄋㄤˋ ㄅㄧˊ ㄦ
齊宿,ㄓㄞ ㄙㄨˋ
齊心滌慮,ㄓㄞ ㄒㄧㄣ ㄉㄧˊ ㄌㄩˋ
齊截,ㄑㄧˊ ˙ㄐㄧㄝ
齊打夥兒,ㄑㄧˊ ㄉㄚˇ ㄏㄨㄛˇ ㄦ
齊攢,ㄑㄧˊ ㄘㄨㄢˊ
齊盛,ㄗ ㄔㄥˊ
齊給,ㄑㄧˊ ㄐㄧˇ
齊莊,ㄓㄞ ㄓㄨㄤ
齊衰,ㄗ ㄘㄨㄟ
齊論,ㄑㄧˊ ㄌㄨㄣˊ
齊齊結結兒,ㄑㄧˊ ㄑㄧˊ ㄐㄧㄝˊ ㄐㄧㄝˊ ㄦ
齋供,ㄓㄞ ㄍㄨㄥˋ
齋舍,ㄓㄞ ㄕㄜˋ
齍盛,ㄗ ㄔㄥˊ
齎志沒地,ㄐㄧ ㄓˋ ㄇㄛˋ ㄉㄧˋ
齒牙為猾,ㄔˇ ㄧㄚˊ ㄨㄟˊ ㄏㄨㄚˊ
齒牙為禍,ㄔˇ ㄧㄚˊ ㄨㄟˊ ㄏㄨㄛˋ
齒豁頭童,ㄔˇ ㄏㄨㄛˋ ㄊㄡˊ ㄊㄨㄥˊ
齒質,ㄔˇ ㄓˊ
齒齦,ㄔˇ ㄧㄣˊ
齣兒,ㄔㄨ ㄦ
齦溝,ㄧㄣˊ ㄍㄡ
齦齶,ㄧㄣˊ ㄜˋ
齵差,ㄩˊ ㄘ
龍勺,ㄌㄨㄥˊ ㄕㄨㄛˋ
龍城飛將,ㄌㄨㄥˊ ㄔㄥˊ ㄈㄟ ㄐㄧㄤˋ
龍子,ㄌㄨㄥˊ ㄗˇ
龍孫帝子,ㄌㄨㄥˊ ㄙㄨㄣ ㄉㄧˋ ㄗˇ
龍柏,ㄌㄨㄥˊ ㄅㄛˊ
龍生九子,ㄌㄨㄥˊ ㄕㄥ ㄐㄧㄡˇ ㄗˇ
龍眼乾,ㄌㄨㄥˊ ㄧㄢˇ ㄍㄢ
龍興鳳舉,ㄌㄨㄥˊ ㄒㄧㄥ ㄈㄥˋ ㄐㄩˇ
龍藏,ㄌㄨㄥˊ ㄗㄤˋ
龍藏寺碑,ㄌㄨㄥˊ ㄗㄤˋ ㄙˋ ㄅㄟ
龍蛇渾雜,ㄌㄨㄥˊ ㄕㄜˊ ㄏㄨㄣˋ ㄗㄚˊ
龍蛇雜處,ㄌㄨㄥˊ ㄕㄜˊ ㄗㄚˊ ㄔㄨˇ
龍血樹,ㄌㄨㄥˊ ㄒㄩㄝˋ ㄕㄨˋ
龍鍾潦倒,ㄌㄨㄥˊ ㄓㄨㄥ ㄌㄧㄠˊ ㄉㄠˇ
龍門刨床,ㄌㄨㄥˊ ㄇㄣˊ ㄅㄠˋ ㄔㄨㄤˊ
龍鳳帖,ㄌㄨㄥˊ ㄈㄥˋ ㄊㄧㄝˇ
龐兒,ㄆㄤˊ ㄦ
龜子,ㄍㄨㄟ ㄗˇ
龜山史前文化相,ㄍㄨㄟ ㄕㄢ ㄕˇ ㄑㄧㄢˊ ㄨㄣˊ ㄏㄨㄚˋ ㄒㄧㄤˋ
龜手,ㄐㄩㄣ ㄕㄡˇ
龜茲,ㄑㄧㄡ ㄘˊ
龜蛇二將,ㄍㄨㄟ ㄕㄜˊ ㄦˋ ㄐㄧㄤˋ
龜裂,ㄐㄩㄣ ㄌㄧㄝˋ
𣘨橠,ㄜˇ ㄋㄨㄛˇ
