㐭,lǐn,1000000
㑪,chái,1000000
㑳,zhòu,1000000
㑿,zhào,1000000
㒋,sī,1000000
㒓,tà,1000000
㒳,liǎng,1000000
㓕,miè,1000000
㓦,bò,1000000
㔩,è,1000000
㔻,pī,1000000
㕁,què,1000000
㕑,chú,1000000
㕔,tīng,1000000
㕘,shēn,1000000
㕘,cān
㕘,cēn
㕘,sān
㕙,jùn,1000000
㕜,shǐ,1000000
㕥,yǐ,1000000
㕷,pā,1000000
㕷,piā
㖡,yè,1000000
㖪,yù,1000000
㘔,sāi,1000000
㘔,sái
㘯,chǎng,1000000
㘯,cháng
㘺,fá,1000000
㚩,rǎn,1000000
㚷,nǎi,1000000
㛂,nuǒ,1000000
㛮,sǎo,1000000
㛰,hūn,1000000
㜑,pó,1000000
㜵,niǎo,1000000
㝎,dìng,1000000
㝛,sù,1000000
㝛,xiǔ
㝛,xiù
㝡,zuì,1000000
㝱,mèng,1000000
㞞,sóng,1000000
㟏,hān,1000000
㟭,mín,1000000
㠀,dǎo,1000000
㠯,yǐ,1000000
㡓,kūn,1000000
㣔,dīng,1000000
㥄,líng,1000000
㥏,tiǎn,1000000
㥦,qiè,1000000
㥵,hùn,1000000
㦔,yàn,1000000
㦔,yān
㧖,è,1000000
㨈,jǐ,1000000
㨗,jié,1000000
㩀,jù,1000000
㩐,dèn,1000000
㩗,xī,1000000
㩗,xié
㩳,sǒng,1000000
㪟,duī,1000000
㪟,duì
㪟,dūn
㪟,dùn
㫃,yǎn,1000000
㫄,páng,1000000
㫄,bàng
㫖,zhǐ,1000000
㬅,màn,1000000
㬅,wàn
㬊,huǎn,1000000
㭘,xiá,1000000
㮄,bǎng,1000000
㮄,bèng
㯭,lǔ,1000000
㯶,zōng,1000000
㯽,bīn,1000000
㯽,bīng
㰖,lǎn,1000000
㱃,yǐn,1000000
㱃,yìn
㱕,guī,1000000
㱕,kuì
㱪,hūn,1000000
㲪,dēng,1000000
㲯,lán,1000000
㲲,dié,1000000
㳂,yán,1000000
㳂,yàn
㳄,xián,1000000
㳄,yàn
㳅,liú,1000000
㳒,fā,1000000
㳒,fǎ
㳒,fá
㳺,yóu,1000000
㳽,mǐ,1000000
㳽,mí
㳿,xiè,1000000
㴑,sù,1000000
㵝,yì,1000000
㵞,chóu,1000000
㶁,guó,1000000
㶟,léi,1000000
㶟,lěi
㷍,lún,1000000
㸌,huò,1000000
㸔,kān,1000000
㸔,kàn
㸙,zhē,1000000
㸰,tā,1000000
㸰,tuō
㹜,yín,1000000
㹠,tún,1000000
㻗,bèi,1000000
㻫,bì,1000000
㽣,yù,1000000
㾐,lì,1000000
㿜,biě,1000000
䀇,gǔ,1000000
䀠,jù,1000000
䀢,shùn,1000000
䃉,mín,1000000
䃘,kēng,1000000
䄏,yāo,1000000
䆿,yì,1000000
䈰,shāo,1000000
䈾,shāo,1000000
䉶,shuāng,1000000
䋁,gěng,1000000
䋄,wǎng,1000000
䋲,shéng,1000000
䍡,lù,1000000
䍦,lí,1000000
䍪,wà,1000000
䏿,qǐ,1000000
䐶,zān,1000000
䑓,tái,1000000
䑙,tiǎn,1000000
䑹,sōu,1000000
䑹,sāo
䒷,guā,1000000
䓁,děng,1000000
䔥,xiāo,1000000
䔰,fú,1000000
䖍,qián,1000000
䖏,chǔ,1000000
䖏,chù
䖳,zhà,1000000
䖵,kūn,1000000
䖸,é,1000000
䖸,yǐ
䗊,tàn,1000000
䗶,là,1000000
䘏,xù,1000000
䘑,mài,1000000
䘑,mò
䘒,zuī,1000000
䘚,zú,1000000
䘚,cù
䘮,sāng,1000000
䘮,sàng
䘿,jué,1000000
䙷,dé,1000000
䙷,de
䙷,dǎi
䙷,děi
䛊,zhì,1000000
䛊,shì
䛐,cí,1000000
䛟,jiá,1000000
䝟,yà,1000000
䝨,xián,1000000
䝨,xiàn
䝲,jìn,1000000
䞓,chēng,1000000
䟆,bì,1000000
䟫,chéng,1000000
䠊,fèi,1000000
䠞,cù,1000000
䠥,bié,1000000
䠷,tiǎo,1000000
䡖,qīng,1000000
䤈,xī,1000000
䥈,mǔ,1000000
䥫,tiě,1000000
䦧,xì,1000000
䨦,páng,1000000
䨲,nóu,1000000
䩦,tiáo,1000000
䪢,jī,1000000
䫄,chuà,1000000
䫏,qī,1000000
䬠,fēi,1000000
䬡,zhù,1000000
䬪,bó,1000000
䬳,bǎn,1000000
䭫,qǐ,1000000
䭫,jī
䰀,wǒ,1000000
䰐,lán,1000000
䰖,zuǎn,1000000
䰖,zǎn
䰟,hún,1000000
䰰,rú,1000000
䳘,é,1000000
䴸,fū,1000000
䶊,nǜ,1000000
䶌,pào,1000000
一,yī,1000000
丁,dīng,1000000
丁,zhēng
丂,kǎo,1000000
七,qī,1000000
万,wàn,1000000
万,mò
丈,zhàng,1000000
三,sān,1000000
三,sā
三,sàn
上,shàng,1000000
上,shǎng
下,xià,1000000
丌,jī,1000000
不,bù,1000000
不,fōu
不,fǒu
不,fū
丏,miǎn,1000000
丐,gài,1000000
丑,chǒu,1000000
且,qiě,1000000
且,jū
丕,pī,1000000
世,shì,1000000
丘,qiū,1000000
丙,bǐng,1000000
丞,chéng,1000000
丟,diū,1000000
両,liǎng,1000000
丢,diū,1000000
丣,yǒu,1000000
两,liǎng,1000000
並,bìng,1000000
並,bàng
丨,gǔn,1000000
丩,jiū,1000000
个,gè,1000000
个,ge
个,gě
丫,yā,1000000
中,zhōng,1000000
中,zhòng
丮,jí,1000000
丰,fēng,1000000
丱,guàn,1000000
串,chuàn,1000000
丳,chàn,1000000
丶,zhǔ,1000000
丸,wán,1000000
丹,dān,1000000
主,zhǔ,1000000
丿,piě,1000000
乂,yì,1000000
乂,ài
乃,nǎi,1000000
久,jiǔ,1000000
么,yāo,1000000
义,yì,1000000
之,zhī,1000000
乍,zhà,1000000
乎,hū,1000000
乎,hú
乏,fá,1000000
乐,lè,1000000
乐,lào
乐,yào
乐,yuè
乒,pīng,1000000
乓,pāng,1000000
乔,qiáo,1000000
乔,jiāo
乖,guāi,1000000
乘,chéng,1000000
乘,shèng
乙,yǐ,1000000
乜,miē,1000000
乜,niè
九,jiǔ,1000000
乞,qǐ,1000000
乞,qì
也,yě,1000000
乣,diū,1000000
乩,jī,1000000
乱,luàn,1000000
乳,rǔ,1000000
乾,qián,1000000
乾,gān
亂,luàn,1000000
亅,jué,1000000
了,le,1000000
了,liǎo
予,yǔ,1000000
予,yú
争,zhēng,1000000
事,shì,1000000
二,èr,1000000
亍,chù,1000000
于,yú,1000000
于,xū
亏,xū,1000000
亏,yú
云,yún,1000000
互,hù,1000000
亓,qí,1000000
五,wǔ,1000000
井,jǐng,1000000
亘,gèn,1000000
亘,gèng
亙,gèn,1000000
亙,gèng
些,xiē,1000000
些,suò
亜,yà,1000000
亜,yā
亜,yǎ
亝,zhāi,1000000
亞,yà,1000000
亞,yā
亞,yǎ
亟,jí,1000000
亟,qì
亠,tóu,1000000
亡,wáng,1000000
亡,wú
亢,kàng,1000000
亢,gāng
交,jiāo,1000000
亥,hài,1000000
亦,yì,1000000
亨,hēng,1000000
亨,pēng
亨,héng
享,xiǎng,1000000
京,jīng,1000000
京,yuán
亭,tíng,1000000
亮,liàng,1000000
亮,liáng
亯,xiǎng,1000000
亱,yè,1000000
亳,bò,1000000
亶,dǎn,1000000
亷,lián,1000000
亹,wěi,1000000
亹,mén
人,rén,1000000
什,shén,1000000
什,shí
什,shé
仁,rén,1000000
仂,lè,1000000
仃,dīng,1000000
仄,zè,1000000
仅,jǐn,1000000
仅,jìn
仆,pū,1000000
仆,fù
仇,chóu,1000000
仇,qiú
仉,zhǎng,1000000
今,jīn,1000000
介,jiè,1000000
仍,réng,1000000
从,cóng,1000000
从,zōng
从,zòng
从,cōng
仏,fó,1000000
仏,bì
仏,fú
仔,zǎi,1000000
仔,zī
仔,zǐ
仕,shì,1000000
他,tā,1000000
他,tuō
仗,zhàng,1000000
付,fù,1000000
仙,xiān,1000000
仚,xiān,1000000
仝,tóng,1000000
仝,tòng
仞,rèn,1000000
仟,qiān,1000000
仡,yì,1000000
仡,qì
代,dài,1000000
令,lìng,1000000
以,yǐ,1000000
仨,sā,1000000
仪,yí,1000000
仰,yǎng,1000000
仲,zhòng,1000000
仳,pǐ,1000000
仵,wǔ,1000000
件,jiàn,1000000
价,jià,1000000
价,ga
价,jiè
任,rèn,1000000
任,rén
份,fèn,1000000
份,bīn
仿,fǎng,1000000
伀,zhōng,1000000
企,qì,1000000
伃,yú,1000000
伈,xǐn,1000000
伉,kàng,1000000
伊,yī,1000000
伋,jí,1000000
伍,wǔ,1000000
伎,jì,1000000
伏,fú,1000000
伐,fā,1000000
伐,fá
休,xiū,1000000
休,xiǔ
休,xǔ
伕,fū,1000000
众,zhòng,1000000
优,yōu,1000000
伙,huǒ,1000000
会,huì,1000000
会,guì
会,kuài
会,huǐ
伤,shāng,1000000
伯,bó,1000000
伯,bà
伯,bǎi
估,gū,1000000
估,gǔ
估,gù
伱,nǐ,1000000
伴,bàn,1000000
伶,líng,1000000
伸,shēn,1000000
伺,cì,1000000
伺,sì
似,sì,1000000
伽,qié,1000000
伽,jiā
伾,pī,1000000
佀,sì,1000000
佁,ǎi,1000000
佃,diàn,1000000
佃,tián
但,dàn,1000000
佇,zhù,1000000
佈,bù,1000000
佉,qū,1000000
佊,bǐ,1000000
佌,cǐ,1000000
位,wèi,1000000
低,dī,1000000
住,zhù,1000000
佐,zuǒ,1000000
佑,yòu,1000000
佒,yāng,1000000
体,tǐ,1000000
佔,zhàn,1000000
佔,zhān
何,hé,1000000
佗,tuó,1000000
佗,tā
佗,tuō
佘,shé,1000000
余,yú,1000000
余,xú
佚,yì,1000000
佚,dié
佛,fú,1000000
佛,bì
佛,fó
作,zuò,1000000
作,zuō
作,zuó
佝,kòu,1000000
佞,nìng,1000000
佟,tóng,1000000
你,nǐ,1000000
佣,yòng,1000000
佤,wǎ,1000000
佧,kǎ,1000000
佩,pèi,1000000
佪,huái,1000000
佪,huí
佬,lǎo,1000000
佯,yáng,1000000
佰,bǎi,1000000
佰,bó
佰,mò
佳,jiā,1000000
佴,èr,1000000
併,bìng,1000000
佶,jí,1000000
佷,hěn,1000000
佷,héng
佸,huó,1000000
佹,guǐ,1000000
佺,quán,1000000
佻,tiāo,1000000
佻,tiáo
佼,jiǎo,1000000
佽,cì,1000000
佾,yì,1000000
使,shǐ,1000000
使,shì
侁,shēn,1000000
侂,tuō,1000000
侃,kǎn,1000000
侄,zhí,1000000
來,lái,1000000
來,lài
侇,yí,1000000
侈,chǐ,1000000
侉,kuǎ,1000000
侊,guāng,1000000
例,lì,1000000
侍,shì,1000000
侏,zhū,1000000
侐,xù,1000000
侑,yòu,1000000
侔,móu,1000000
侖,lún,1000000
侗,dòng,1000000
侗,tóng
侘,chà,1000000
侚,xùn,1000000
供,gōng,1000000
供,gòng
侜,zhōu,1000000
依,yī,1000000
侞,rú,1000000
侠,xiá,1000000
侠,jiá
侩,kuài,1000000
侭,jǐn,1000000
侮,wǔ,1000000
侯,hóu,1000000
侲,zhèn,1000000
侵,qīn,1000000
侶,lǚ,1000000
侷,jú,1000000
侹,tǐng,1000000
侻,tuì,1000000
侻,tuō
便,biàn,1000000
便,pián
俁,yǔ,1000000
係,xì,1000000
促,cù,1000000
俄,é,1000000
俅,qiú,1000000
俇,wǎng,1000000
俊,jùn,1000000
俍,liáng,1000000
俎,zǔ,1000000
俏,qiào,1000000
俐,lì,1000000
俑,yǒng,1000000
俔,qiàn,1000000
俔,xiàn
俗,sú,1000000
俘,fú,1000000
俚,lǐ,1000000
俛,fǔ,1000000
俛,miǎn
俜,pīng,1000000
保,bǎo,1000000
俞,yú,1000000
俞,shū
俞,yù
俟,qí,1000000
俟,sì
俠,xiá,1000000
俠,jiá
信,xìn,1000000
信,shēn
俦,chóu,1000000
修,xiū,1000000
俯,fǔ,1000000
俱,jù,1000000
俱,jū
俲,xiào,1000000
俳,pái,1000000
俴,jiàn,1000000
俵,biǎo,1000000
俶,chù,1000000
俶,tì
俸,fèng,1000000
俺,ǎn,1000000
俺,yàn
俻,bèi,1000000
俾,bì,1000000
俾,bēi
倀,chāng,1000000
倂,bìng,1000000
倅,cuì,1000000
倆,liǎ,1000000
倆,liǎng
倈,lái,1000000
倉,cāng,1000000
個,gè,1000000
個,ge
個,gě
倌,guān,1000000
倍,bèi,1000000
倏,shù,1000000
倐,shù,1000000
們,men,1000000
們,mén
倒,dào,1000000
倒,dǎo
倓,tán,1000000
倔,jué,1000000
倔,juè
倕,chuí,1000000
倖,xìng,1000000
倗,péng,1000000
倘,tǎng,1000000
倘,cháng
候,hòu,1000000
倚,yǐ,1000000
倛,qī,1000000
倜,tì,1000000
倝,gàn,1000000
倞,jìng,1000000
倞,liàng
借,jiè,1000000
倡,chàng,1000000
倡,chāng
倢,jié,1000000
倣,fǎng,1000000
値,zhí,1000000
値,zhì
倥,kōng,1000000
倥,kǒng
倦,juàn,1000000
倧,zōng,1000000
倨,jù,1000000
倩,qiàn,1000000
倪,ní,1000000
倫,lún,1000000
倬,zhuó,1000000
倭,wō,1000000
倭,wǒ
倭,wēi
倮,luǒ,1000000
倳,zì,1000000
值,zhí,1000000
值,zhì
偁,chēng,1000000
偃,yǎn,1000000
假,jiǎ,1000000
假,jià
偈,jì,1000000
偈,jié
偉,wěi,1000000
偊,yǔ,1000000
偋,bìng,1000000
偌,ruò,1000000
偍,tí,1000000
偎,wēi,1000000
偏,piān,1000000
偓,wò,1000000
偕,xié,1000000
偕,jiē
偘,kǎn,1000000
做,zuò,1000000
停,tíng,1000000
偝,bèi,1000000
偟,huáng,1000000
偠,yǎo,1000000
偢,chǒu,1000000
健,jiàn,1000000
偩,fù,1000000
偪,bī,1000000
偪,fú
偬,zǒng,1000000
偭,miǎn,1000000
偯,yǐ,1000000
偰,xiè,1000000
偲,sī,1000000
偲,sāi
側,cè,1000000
側,zè
偵,zhēn,1000000
偶,ǒu,1000000
偷,tōu,1000000
偸,tōu,1000000
偺,zá,1000000
偺,zán
偻,lóu,1000000
偽,wèi,1000000
傀,guī,1000000
傀,kuǐ
傃,sù,1000000
傅,fù,1000000
傈,lì,1000000
傉,nù,1000000
傌,mà,1000000
傌,mǎ
傍,bàng,1000000
傍,bāng
傍,páng
傎,diān,1000000
傑,jié,1000000
傒,xī,1000000
傒,xì
傔,qiàn,1000000
傕,jué,1000000
傖,cāng,1000000
傖,chéng
傘,sǎn,1000000
備,bèi,1000000
傚,xiào,1000000
傜,yáo,1000000
傞,suō,1000000
傢,jiā,1000000
傣,dǎi,1000000
催,cuī,1000000
傭,yōng,1000000
傭,yóng
傯,zǒng,1000000
傱,sǒng,1000000
傲,ào,1000000
傳,chuán,1000000
傳,zhuàn
傴,yǔ,1000000
債,zhài,1000000
傷,shāng,1000000
傺,chì,1000000
傻,shǎ,1000000
傾,qīng,1000000
傾,kēng
僂,lóu,1000000
僃,bèi,1000000
僄,piào,1000000
僄,piāo
僅,jǐn,1000000
僅,jìn
僆,liàn,1000000
僇,lù,1000000
僈,màn,1000000
僉,qiān,1000000
僊,xiān,1000000
僎,zhuàn,1000000
像,xiàng,1000000
僑,qiáo,1000000
僓,tuǐ,1000000
僔,zǔn,1000000
僕,pú,1000000
僖,xī,1000000
僗,láo,1000000
僚,liáo,1000000
僛,qī,1000000
僝,chán,1000000
僞,wèi,1000000
僣,jiàn,1000000
僤,dàn,1000000
僥,jiǎo,1000000
僥,yáo
僦,jiù,1000000
僧,sēng,1000000
僨,fèn,1000000
僩,xiàn,1000000
僬,jiāo,1000000
僭,jiàn,1000000
僮,tóng,1000000
僮,zhuàng
僰,bó,1000000
僱,gù,1000000
僵,jiāng,1000000
僶,mǐn,1000000
價,jià,1000000
價,ga
僻,pì,1000000
僻,bèi
僽,zhòu,1000000
僾,ài,1000000
僿,shì,1000000
儀,yí,1000000
儁,jùn,1000000
儂,nóng,1000000
儃,chán,1000000
儃,tǎn
儃,shàn
億,yì,1000000
儆,jǐng,1000000
儇,xuān,1000000
儈,kuài,1000000
儉,jiǎn,1000000
儉,jiàn
儋,dān,1000000
儌,jiǎo,1000000
儍,shǎ,1000000
儐,bīn,1000000
儐,bìn
儒,rú,1000000
儓,tái,1000000
儔,chóu,1000000
儕,chái,1000000
儗,nǐ,1000000
儘,jǐn,1000000
儚,méng,1000000
儜,néng,1000000
儞,nǐ,1000000
償,cháng,1000000
儡,lěi,1000000
儤,bào,1000000
儥,yù,1000000
儦,biāo,1000000
儧,zǎn,1000000
儩,sì,1000000
優,yōu,1000000
儭,chèn,1000000
儱,lǒng,1000000
儲,chú,1000000
儲,chǔ
儳,chàn,1000000
儴,ráng,1000000
儵,shù,1000000
儷,lì,1000000
儸,luó,1000000
儹,zǎn,1000000
儺,nuó,1000000
儻,tǎng,1000000
儼,yǎn,1000000
儿,rén,1000000
兀,wù,1000000
允,yǔn,1000000
元,yuán,1000000
兄,xiōng,1000000
充,chōng,1000000
兆,zhào,1000000
兇,xiōng,1000000
先,xiān,1000000
先,xiàn
光,guāng,1000000
克,kè,1000000
兌,duì,1000000
免,miǎn,1000000
免,wèn
兎,tù,1000000
兑,duì,1000000
兒,ér,1000000
兒,ní
兔,tù,1000000
兕,sì,1000000
兗,yǎn,1000000
党,dǎng,1000000
兜,dōu,1000000
兢,jīng,1000000
入,rù,1000000
入,rì
入,rǔ
兦,wáng,1000000
兦,wú
內,nèi,1000000
內,nà
全,quán,1000000
兩,liǎng,1000000
八,bā,1000000
公,gōng,1000000
六,liù,1000000
六,lù
兮,xī,1000000
共,gòng,1000000
共,gōng
共,gǒng
兵,bīng,1000000
其,qí,1000000
其,jī
其,jì
具,jù,1000000
典,diǎn,1000000
兼,jiān,1000000
兾,jì,1000000
冀,jì,1000000
冂,jiōng,1000000
冄,rǎn,1000000
内,nèi,1000000
内,nà
冉,rǎn,1000000
冊,cè,1000000
冊,chǎi
册,cè,1000000
册,chǎi
再,zài,1000000
冏,jiǒng,1000000
冐,mào,1000000
冐,mò
冑,zhòu,1000000
冒,mào,1000000
冒,mò
冓,gòu,1000000
冔,xǔ,1000000
冕,miǎn,1000000
冖,mì,1000000
冗,rǒng,1000000
冘,yín,1000000
冘,yóu
冞,mí,1000000
冠,guān,1000000
冠,guàn
冢,zhǒng,1000000
冣,jù,1000000
冣,zuì
冤,yuān,1000000
冥,míng,1000000
冪,mì,1000000
冫,bīng,1000000
冬,dōng,1000000
冰,bīng,1000000
冱,hù,1000000
冲,chōng,1000000
况,kuàng,1000000
冶,yě,1000000
冷,lěng,1000000
冼,shěng,1000000
冼,xǐ
冼,xiǎn
冽,liè,1000000
凂,měi,1000000
准,zhǔn,1000000
凇,sōng,1000000
凉,liáng,1000000
凉,liàng
凊,jìng,1000000
凋,diāo,1000000
凌,líng,1000000
凍,dòng,1000000
减,jiǎn,1000000
凑,còu,1000000
凔,chuàng,1000000
凘,sī,1000000
凜,lǐn,1000000
凝,níng,1000000
凟,dú,1000000
几,jǐ,1000000
几,jī
凡,fán,1000000
凢,fán,1000000
凤,fèng,1000000
凥,jū,1000000
凥,jī
処,chǔ,1000000
処,chù
凭,píng,1000000
凰,huáng,1000000
凱,kǎi,1000000
凳,dèng,1000000
凴,píng,1000000
凵,kǎn,1000000
凶,xiōng,1000000
凷,kuài,1000000
凸,tú,1000000
凸,dié
凸,tū
凸,gǔ
凹,āo,1000000
凹,yāo
凹,wā
凹,wà
出,chū,1000000
函,hán,1000000
刀,dāo,1000000
刁,diāo,1000000
刃,rèn,1000000
刄,rèn,1000000
分,fēn,1000000
分,fèn
切,qiè,1000000
切,qiē
刈,yì,1000000
刉,jī,1000000
刊,kān,1000000
刌,cǔn,1000000
刎,wěn,1000000
刑,xíng,1000000
划,huá,1000000
刓,wán,1000000
刖,yuè,1000000
列,liè,1000000
刘,liú,1000000
刜,fú,1000000
初,chū,1000000
删,shān,1000000
判,pàn,1000000
別,bié,1000000
刦,jié,1000000
刧,jié,1000000
刨,páo,1000000
刨,bào
利,lì,1000000
刪,shān,1000000
别,bié,1000000
刮,guā,1000000
到,dào,1000000
刱,chuàng,1000000
刲,kuī,1000000
刳,kū,1000000
刵,èr,1000000
制,zhì,1000000
刷,shuā,1000000
刷,shuà
券,quàn,1000000
刹,shā,1000000
刹,chà
刺,cì,1000000
刻,kè,1000000
刻,kē
刼,jié,1000000
刾,cì,1000000
剁,duò,1000000
剃,tì,1000000
剄,jǐng,1000000
則,zé,1000000
剉,cuò,1000000
削,xuè,1000000
削,xiāo
剋,kè,1000000
剌,lá,1000000
剌,là
前,qián,1000000
剎,shā,1000000
剎,chà
剏,chuàng,1000000
剏,chuāng
剒,cuò,1000000
剔,tī,1000000
剕,fèi,1000000
剖,pǒu,1000000
剖,pōu
剗,chǎn,1000000
剗,chàn
剙,chuàng,1000000
剙,chuāng
剚,zì,1000000
剛,gāng,1000000
剜,wān,1000000
剝,bō,1000000
剝,bāo
剞,jī,1000000
剟,duó,1000000
剠,qíng,1000000
剡,shàn,1000000
剡,yǎn
剤,jì,1000000
剧,jù,1000000
剧,jí
剨,huò,1000000
剩,shèng,1000000
剪,jiǎn,1000000
剫,duó,1000000
剭,wū,1000000
剮,guǎ,1000000
副,fù,1000000
副,pì
割,gē,1000000
剳,zhá,1000000
剴,kǎi,1000000
創,chuàng,1000000
創,chuāng
剷,chǎn,1000000
剸,tuán,1000000
剸,zhuān
剺,lí,1000000
剽,piào,1000000
剿,jiǎo,1000000
劀,guā,1000000
劁,qiáo,1000000
劁,qiào
劂,jué,1000000
劃,huà,1000000
劃,huá
劄,zhá,1000000
劇,jù,1000000
劇,jí
劈,pī,1000000
劈,pǐ
劉,liú,1000000
劊,kuài,1000000
劊,guì
劌,guì,1000000
劍,jiàn,1000000
劐,huō,1000000
劑,jì,1000000
劒,jiàn,1000000
劓,yì,1000000
劖,chán,1000000
劘,mó,1000000
劙,lí,1000000
力,lì,1000000
劝,quàn,1000000
办,bàn,1000000
功,gōng,1000000
加,jiā,1000000
劣,liè,1000000
劦,xié,1000000
动,dòng,1000000
助,zhù,1000000
努,nǔ,1000000
劫,jié,1000000
劬,qú,1000000
劭,shào,1000000
励,lì,1000000
劳,láo,1000000
劳,lào
劵,quàn,1000000
効,xiào,1000000
劻,kuāng,1000000
劼,jié,1000000
劾,hé,1000000
势,shì,1000000
勁,jìn,1000000
勁,jìng
勃,bó,1000000
勅,chì,1000000
勇,yǒng,1000000
勉,miǎn,1000000
勌,juàn,1000000
勍,qíng,1000000
勑,lài,1000000
勑,chì
勒,lēi,1000000
勒,lè
勔,miǎn,1000000
動,dòng,1000000
勗,xù,1000000
勘,kān,1000000
勘,kàn
務,wù,1000000
勛,xūn,1000000
勝,shèng,1000000
勝,shēng
勞,láo,1000000
勞,lào
募,mù,1000000
勠,lù,1000000
勢,shì,1000000
勣,jī,1000000
勤,qín,1000000
勦,chāo,1000000
勦,jiǎo
勩,yì,1000000
勰,xié,1000000
勱,mài,1000000
勳,xūn,1000000
勵,lì,1000000
勷,ráng,1000000
勷,xiāng
勸,quàn,1000000
勹,bāo,1000000
勺,sháo,1000000
勺,zhuó
勺,shuò
勻,yún,1000000
勾,gōu,1000000
勾,gòu
勿,wù,1000000
匀,yún,1000000
匃,gài,1000000
匄,gài,1000000
包,bāo,1000000
匆,cōng,1000000
匈,xiōng,1000000
匊,jú,1000000
匋,táo,1000000
匍,pú,1000000
匏,páo,1000000
匐,fú,1000000
匕,bǐ,1000000
化,huà,1000000
化,huā
北,běi,1000000
北,bò
北,bèi
匙,shi,1000000
匙,chí
匚,fāng,1000000
匜,yí,1000000
匝,zā,1000000
匟,kàng,1000000
匠,jiàng,1000000
匡,kuāng,1000000
匣,xiá,1000000
匪,fěi,1000000
匭,guǐ,1000000
匯,huì,1000000
匱,guì,1000000
匱,kuì
匴,suǎn,1000000
匵,dú,1000000
匶,jiù,1000000
匸,xì,1000000
匹,pǐ,1000000
匹,pī
区,qū,1000000
区,gōu
区,ōu
医,yī,1000000
匼,ǎn,1000000
匽,yǎn,1000000
匾,biǎn,1000000
匿,nì,1000000
區,qū,1000000
區,gōu
區,ōu
十,shí,1000000
卂,xùn,1000000
千,qiān,1000000
卅,sà,1000000
升,shēng,1000000
午,wǔ,1000000
午,huo
卉,huì,1000000
半,bàn,1000000
卋,shì,1000000
卌,xì,1000000
卍,wàn,1000000
卑,bēi,1000000
卒,zú,1000000
卒,cù
卓,zhuó,1000000
卓,zhuō
協,xié,1000000
单,dān,1000000
单,chán
单,shàn
南,nán,1000000
南,ná
博,bó,1000000
卜,bǔ,1000000
卝,guàn,1000000
卞,biàn,1000000
占,zhàn,1000000
占,zhān
卡,kǎ,1000000
卡,qiǎ
卣,yǒu,1000000
卦,guà,1000000
卧,wò,1000000
卩,jié,1000000
卬,áng,1000000
卬,yǎng
卮,zhī,1000000
卯,mǎo,1000000
印,yìn,1000000
危,wéi,1000000
卲,shào,1000000
即,jí,1000000
却,què,1000000
卵,luǎn,1000000
卷,juǎn,1000000
卷,juàn
卷,quán
卸,xiè,1000000
卹,xù,1000000
卺,jǐn,1000000
卻,què,1000000
卼,wù,1000000
卿,qīng,1000000
厀,xī,1000000
厂,hǎn,1000000
厄,è,1000000
历,lì,1000000
厉,lì,1000000
厉,lài
厊,yǎ,1000000
压,yā,1000000
厎,zhǐ,1000000
厎,de
厎,dǐ
厏,zhǎ,1000000
厓,yái,1000000
厔,zhì,1000000
厖,páng,1000000
厖,máng
厘,lí,1000000
厘,xī
厚,hòu,1000000
厛,tīng,1000000
厜,chuí,1000000
厝,cuò,1000000
厞,fèi,1000000
原,yuán,1000000
原,yuàn
厠,cè,1000000
厠,cì
厠,sì
厤,lì,1000000
厥,jué,1000000
厦,shà,1000000
厦,xià
厨,chú,1000000
厩,jiù,1000000
厪,jǐn,1000000
厪,jìn
厪,qín
厭,yàn,1000000
厭,yān
厮,sī,1000000
厯,lì,1000000
厰,chǎng,1000000
厲,lì,1000000
厲,lài
厴,yǎn,1000000
厶,sī,1000000
厹,róu,1000000
厹,qiú
厺,qù,1000000
去,qù,1000000
参,cān,1000000
参,shēn
参,cēn
参,sān
參,cān,1000000
參,shēn
參,cēn
參,sān
又,yòu,1000000
叉,chā,1000000
叉,chǎ
叉,chá
及,jí,1000000
友,yǒu,1000000
双,shuāng,1000000
双,shuàng
反,fǎn,1000000
反,fān
反,fàn
収,shōu,1000000
叒,ruò,1000000
叔,shú,1000000
叕,zhuó,1000000
取,qǔ,1000000
受,shòu,1000000
叙,xù,1000000
叚,jiǎ,1000000
叚,jià
叛,pàn,1000000
叜,sǒu,1000000
叜,sōu
叟,sǒu,1000000
叟,sōu
叠,dié,1000000
叡,ruì,1000000
叢,cóng,1000000
叢,cōng
口,kǒu,1000000
古,gǔ,1000000
句,jù,1000000
句,gōu
句,gòu
另,lìng,1000000
叨,dāo,1000000
叨,tāo
叩,kòu,1000000
只,zhǐ,1000000
只,zhī
叫,jiào,1000000
召,zhào,1000000
召,shào
叭,bā,1000000
叮,dīng,1000000
可,kě,1000000
可,kè
台,tái,1000000
台,tāi
台,yí
叱,chì,1000000
史,shǐ,1000000
右,yòu,1000000
叴,qiú,1000000
叴,róu
叵,pǒ,1000000
叶,xié,1000000
号,hào,1000000
号,háo
司,sī,1000000
叼,diāo,1000000
吁,xū,1000000
吃,chī,1000000
吃,jí
各,gè,1000000
吆,yāo,1000000
合,hé,1000000
合,gě
吉,jí,1000000
吊,diào,1000000
吋,cùn,1000000
同,tóng,1000000
同,tòng
名,míng,1000000
后,hòu,1000000
吏,lì,1000000
吐,tǔ,1000000
吐,tù
向,xiàng,1000000
吒,zhà,1000000
吓,xià,1000000
吓,hè
吔,ye,1000000
君,jūn,1000000
吝,lìn,1000000
吞,tūn,1000000
吟,yín,1000000
吠,fèi,1000000
吡,bì,1000000
吡,bǐ
吡,pǐ
否,fǒu,1000000
否,pǐ
吧,ba,1000000
吧,bā
吩,fēn,1000000
吪,é,1000000
含,hán,1000000
含,hàn
听,tīng,1000000
听,tìng
听,yǐn
吭,kēng,1000000
吭,háng
吮,shǔn,1000000
吰,hóng,1000000
吱,zhī,1000000
吳,wú,1000000
吴,wú,1000000
吵,chǎo,1000000
吶,nà,1000000
吷,xuè,1000000
吸,xī,1000000
吹,chuī,1000000
吹,chuì
吻,wěn,1000000
吼,hǒu,1000000
吽,hōng,1000000
吽,óu
吾,wú,1000000
吾,yú
呀,yā,1000000
呀,xiā
呂,lǚ,1000000
呃,è,1000000
呆,dāi,1000000
呆,ái
呈,chéng,1000000
告,gào,1000000
告,gù
呌,jiào,1000000
呎,chǐ,1000000
呑,tūn,1000000
呔,tai,1000000
呝,è,1000000
呢,ne,1000000
呢,ní
呥,rán,1000000
呦,yōu,1000000
周,zhōu,1000000
呪,zhòu,1000000
呫,chè,1000000
呰,zǐ,1000000
呱,gū,1000000
呱,guā
呱,wā
呲,cī,1000000
味,wèi,1000000
呴,xǔ,1000000
呴,hōu
呵,hē,1000000
呵,ō
呶,náo,1000000
呷,xiá,1000000
呸,pēi,1000000
呺,xiāo,1000000
呺,háo
呻,shēn,1000000
呼,hū,1000000
命,mìng,1000000
呾,dá,1000000
呿,qū,1000000
咀,jǔ,1000000
咂,zā,1000000
咄,duò,1000000
咆,páo,1000000
咇,bié,1000000
咇,bǐ
咇,bì
咈,fú,1000000
咊,hé,1000000
咊,huo
咊,hè
咊,hàn
咊,hú
咊,huò
咋,zhà,1000000
咋,zé
和,hé,1000000
和,huo
和,hè
和,hàn
和,hú
和,huò
咍,hāi,1000000
咎,jiù,1000000
咎,gāo
咏,yǒng,1000000
咐,fù,1000000
咒,zhòu,1000000
咕,gū,1000000
咖,kā,1000000
咚,dōng,1000000
咡,èr,1000000
咢,è,1000000
咤,zhà,1000000
咥,xì,1000000
咥,dié
咦,yí,1000000
咧,liě,1000000
咧,liē
咧,lié
咨,zī,1000000
咩,miē,1000000
咪,mī,1000000
咫,zhǐ,1000000
咬,yǎo,1000000
咬,jiāo
咭,jī,1000000
咮,zhòu,1000000
咯,gē,1000000
咯,lo
咯,luò
咯,gé
咯,kǎ
咱,zán,1000000
咱,zá
咲,xiào,1000000
咳,ké,1000000
咳,kǎ
咳,hāi
咵,kuǎ,1000000
咷,táo,1000000
咸,xián,1000000
咺,xuǎn,1000000
咻,xiū,1000000
咻,xǔ
咼,kuāi,1000000
咽,yàn,1000000
咽,yè
咽,yān
咿,yī,1000000
哀,āi,1000000
品,pǐn,1000000
哂,shěn,1000000
哃,tóng,1000000
哄,hǒng,1000000
哄,hōng
哅,xiōng,1000000
哆,duō,1000000
哆,chě
哇,wa,1000000
哇,wā
哈,hā,1000000
哈,kā
哈,hǎ
哉,zāi,1000000
响,xiǎng,1000000
哎,āi,1000000
哏,gén,1000000
哏,hēn
哖,nián,1000000
員,yuán,1000000
員,yún
員,yùn
哤,máng,1000000
哥,gē,1000000
哦,ó,1000000
哦,é
哧,chī,1000000
哨,shào,1000000
哩,lī,1000000
哩,li
哩,lǐ
哪,nǎ,1000000
哪,na
哪,něi
哪,nuó
哫,zú,1000000
哭,kū,1000000
哮,xiāo,1000000
哮,xiào
哰,láo,1000000
哱,pò,1000000
哲,zhé,1000000
哳,zhá,1000000
哶,miē,1000000
哷,lè,1000000
哺,bǔ,1000000
哺,bù
哺,pǔ
哼,hēng,1000000
哽,gěng,1000000
哿,kě,1000000
哿,gě
唁,yàn,1000000
唄,bei,1000000
唄,bài
唅,hān,1000000
唆,suō,1000000
唇,chún,1000000
唇,zhēn
唈,yì,1000000
唈,è
唉,āi,1000000
唏,xī,1000000
唐,táng,1000000
唓,chē,1000000
唔,wú,1000000
唕,zào,1000000
唖,yǎ,1000000
唖,è
唖,yā
唗,dōu,1000000
唘,qǐ,1000000
唚,qìn,1000000
唣,zào,1000000
唦,shā,1000000
唧,jī,1000000
唧,jí
唪,fěng,1000000
唫,yín,1000000
唬,hǔ,1000000
售,shòu,1000000
唯,wéi,1000000
唯,wěi
唱,chàng,1000000
唲,ér,1000000
唳,lì,1000000
唵,ǎn,1000000
唶,jiè,1000000
唶,jí
唶,zè
唷,yō,1000000
唸,niàn,1000000
唼,shà,1000000
唼,qiè
唼,zā
唾,tuò,1000000
啀,yái,1000000
啁,zhōu,1000000
啁,cháo
啃,kěn,1000000
啃,kèn
啄,zhuó,1000000
啅,zhuó,1000000
商,shāng,1000000
啊,a,1000000
啊,ā
啊,ō
啍,tūn,1000000
啎,wǔ,1000000
問,wèn,1000000
啐,cuì,1000000
啐,q
啑,shà,1000000
啑,jié
啓,qǐ,1000000
啔,qǐ,1000000
啕,táo,1000000
啖,dàn,1000000
啗,dàn,1000000
啚,tú,1000000
啜,chuò,1000000
啞,yǎ,1000000
啞,è
啞,yā
啟,qǐ,1000000
啡,fēi,1000000
啢,liǎng,1000000
啣,xián,1000000
啤,pí,1000000
啥,shá,1000000
啦,la,1000000
啦,lā
啪,pā,1000000
啪,piā
啰,luō,1000000
啰,luó
啵,bō,1000000
啵,bo
啶,dìng,1000000
啷,lāng,1000000
啻,chì,1000000
啻,tì
啼,tí,1000000
啽,án,1000000
啾,jiū,1000000
喀,kā,1000000
喀,kà
喀,kè
喁,yóng,1000000
喁,yú
喂,wèi,1000000
喃,nán,1000000
善,shàn,1000000
喆,zhé,1000000
喇,lǎ,1000000
喇,lā
喈,jiē,1000000
喉,hóu,1000000
喊,hǎn,1000000
喋,dié,1000000
喋,zhá
喌,zhōu,1000000
喌,zhù
喍,chái,1000000
喎,kuāi,1000000
喏,nuò,1000000
喏,rě
喑,yīn,1000000
喒,zá,1000000
喒,zán
喓,yāo,1000000
喔,ō,1000000
喔,wū
喔,wò
喘,chuǎn,1000000
喙,huì,1000000
喚,huàn,1000000
喜,xǐ,1000000
喝,hē,1000000
喝,hè
喝,yè
喞,jī,1000000
喞,jí
喟,kuì,1000000
喢,shà,1000000
喣,xǔ,1000000
喤,huáng,1000000
喦,niè,1000000
喦,jí
喧,xuān,1000000
喨,liàng,1000000
喩,yù,1000000
喪,sàng,1000000
喪,sāng
喫,chī,1000000
喬,qiáo,1000000
喬,jiāo
喭,yàn,1000000
單,dān,1000000
單,chán
單,shàn
喱,lǐ,1000000
喲,yāo,1000000
喳,zhā,1000000
喳,chā
喵,miāo,1000000
喻,yù,1000000
喽,lóu,1000000
喽,lou
嗀,huò,1000000
嗁,tí,1000000
嗃,hè,1000000
嗄,á,1000000
嗄,shà
嗅,xiù,1000000
嗆,qiāng,1000000
嗆,qiàng
嗇,sè,1000000
嗈,yōng,1000000
嗉,sù,1000000
嗊,hǒng,1000000
嗋,xié,1000000
嗌,ài,1000000
嗌,yì
嗍,shuò,1000000
嗎,ma,1000000
嗎,mǎ
嗏,chā,1000000
嗐,hài,1000000
嗑,hé,1000000
嗑,kè
嗒,dā,1000000
嗒,tà
嗓,sǎng,1000000
嗔,chēn,1000000
嗖,sōu,1000000
嗚,wū,1000000
嗛,qiǎn,1000000
嗛,qiān
嗛,qiàn
嗛,xián
嗜,shì,1000000
嗝,gé,1000000
嗞,zī,1000000
嗟,jiē,1000000
嗟,jiè
嗟,juē
嗡,wēng,1000000
嗢,wà,1000000
嗣,sì,1000000
嗤,chī,1000000
嗥,háo,1000000
嗦,suō,1000000
嗨,hāi,1000000
嗩,suǒ,1000000
嗯,en,1000000
嗲,diē,1000000
嗶,bì,1000000
嗷,áo,1000000
嗹,lián,1000000
嗻,zhē,1000000
嗻,zhè
嗼,mò,1000000
嗽,sòu,1000000
嗾,sǒu,1000000
嗾,zú
嗿,tǎn,1000000
嘀,dí,1000000
嘁,qī,1000000
嘁,zá
嘆,tàn,1000000
嘈,cáo,1000000
嘉,jiā,1000000
嘌,piāo,1000000
嘍,lóu,1000000
嘍,lou
嘎,gā,1000000
嘎,gá
嘏,gǔ,1000000
嘏,jiǎ
嘐,xiāo,1000000
嘑,hū,1000000
嘑,hù
嘒,huì,1000000
嘓,guō,1000000
嘔,ǒu,1000000
嘔,xū
嘔,ōu
嘔,òu
嘕,xiān,1000000
嘖,zé,1000000
嘗,cháng,1000000
嘚,dē,1000000
嘛,ma,1000000
嘛,má
嘟,dū,1000000
嘧,mì,1000000
嘩,huā,1000000
嘩,huá
嘬,chuài,1000000
嘬,zuō
嘮,láo,1000000
嘯,xiào,1000000
嘰,jī,1000000
嘱,zhǔ,1000000
嘲,cháo,1000000
嘲,zhāo
嘴,zuǐ,1000000
嘵,xiāo,1000000
嘶,sī,1000000
嘷,háo,1000000
嘸,wǔ,1000000
嘹,liáo,1000000
嘻,xī,1000000
嘽,chǎn,1000000
嘽,tān
嘿,hēi,1000000
嘿,mò
噀,xùn,1000000
噀,sùn
噁,ě,1000000
噂,zǔn,1000000
噆,zǎn,1000000
噇,chuáng,1000000
噉,dàn,1000000
噌,cēng,1000000
噌,chēng
噌,cěng
噍,jiào,1000000
噍,jiū
噍,jiāo
噎,yē,1000000
噏,xī,1000000
噐,qì,1000000
噓,xū,1000000
噔,dēng,1000000
噗,pū,1000000
噘,juē,1000000
噙,qín,1000000
噚,xún,1000000
噞,yǎn,1000000
噠,dá,1000000
噠,dā
噢,yǔ,1000000
噣,zhòu,1000000
噣,zhuó
噤,jìn,1000000
噥,nóng,1000000
噦,huì,1000000
噦,yuē
器,qì,1000000
噩,è,1000000
噪,zào,1000000
噫,yì,1000000
噫,yī
噬,shì,1000000
噭,jiào,1000000
噯,ǎi,1000000
噯,ài
噰,yōng,1000000
噱,jué,1000000
噱,xuē
噲,kuài,1000000
噴,pēn,1000000
噴,pèn
噴,fèn
噶,gá,1000000
噶,gé
噸,dùn,1000000
噹,dāng,1000000
噽,pǐ,1000000
嚀,níng,1000000
嚃,tà,1000000
嚄,huò,1000000
嚄,ǒ
嚅,rú,1000000
嚆,hāo,1000000
嚇,xià,1000000
嚇,hè
嚌,jì,1000000
嚎,háo,1000000
嚏,tì,1000000
嚐,cháng,1000000
嚕,lū,1000000
嚗,bō,1000000
嚘,yōu,1000000
嚙,niè,1000000
嚚,yín,1000000
嚜,me,1000000
嚜,mò
嚥,yàn,1000000
嚦,lì,1000000
嚧,lú,1000000
嚨,lóng,1000000
嚫,chèn,1000000
嚬,pín,1000000
嚭,pǐ,1000000
嚮,xiàng,1000000
嚱,xī,1000000
嚲,duǒ,1000000
嚳,kù,1000000
嚴,yán,1000000
嚵,chàn,1000000
嚶,yīng,1000000
嚷,rǎng,1000000
嚷,rāng
嚻,xiāo,1000000
嚼,jué,1000000
嚼,jiáo
嚼,jiào
嚾,huān,1000000
囀,zhuǎn,1000000
囁,niè,1000000
囁,zhé
囂,xiāo,1000000
囃,cà,1000000
囅,chǎn,1000000
囈,yì,1000000
囉,luō,1000000
囉,luó
囊,náng,1000000
囋,zàn,1000000
囌,sū,1000000
囑,zhǔ,1000000
囔,nang,1000000
囗,wéi,1000000
囘,huí,1000000
囙,yīn,1000000
囚,qiú,1000000
四,sì,1000000
囝,jiǎn,1000000
囝,yuè
回,huí,1000000
囟,xìn,1000000
因,yīn,1000000
囡,nān,1000000
囤,dùn,1000000
囤,tún
囧,jiǒng,1000000
囪,cōng,1000000
囪,chuāng
囫,hú,1000000
囬,huí,1000000
园,yuán,1000000
囮,é,1000000
囮,yóu
囯,guó,1000000
困,kùn,1000000
囲,wéi,1000000
囷,jūn,1000000
囹,líng,1000000
固,gù,1000000
图,tú,1000000
囿,yòu,1000000
圂,hùn,1000000
圂,huàn
圃,pǔ,1000000
圄,yǔ,1000000
圅,hán,1000000
圇,lún,1000000
圈,quān,1000000
圈,juān
圈,juàn
圈,quàn
圉,yǔ,1000000
圊,qīng,1000000
國,guó,1000000
圌,chuí,1000000
圍,wéi,1000000
園,yuán,1000000
圓,yuán,1000000
圖,tú,1000000
團,tuán,1000000
圛,yì,1000000
圜,huán,1000000
圜,yuán
土,tǔ,1000000
圠,yà,1000000
在,zài,1000000
圩,yú,1000000
圩,wéi
圬,wū,1000000
圭,guī,1000000
圮,pǐ,1000000
圯,yí,1000000
地,dì,1000000
地,de
圳,zhèn,1000000
圳,chóu
圳,zùn
圻,qí,1000000
圻,yín
圾,jí,1000000
圾,sè
址,zhǐ,1000000
坁,zhǐ,1000000
坂,bǎn,1000000
坄,yì,1000000
坆,fén,1000000
坆,fèn
均,jūn,1000000
均,yùn
坊,fāng,1000000
坊,fáng
坌,bèn,1000000
坍,tān,1000000
坎,kǎn,1000000
坏,huài,1000000
坏,guài
坏,péi
坐,zuò,1000000
坑,kēng,1000000
块,kuài,1000000
坛,tán,1000000
坡,pō,1000000
坣,táng,1000000
坤,kūn,1000000
坦,tǎn,1000000
坨,tuó,1000000
坩,gān,1000000
坪,píng,1000000
坫,diàn,1000000
坯,pēi,1000000
坯,pī
坰,jiōng,1000000
坱,yǎng,1000000
坳,āo,1000000
坳,ào
坵,qiū,1000000
坶,mǔ,1000000
坶,mù
坷,kě,1000000
坻,chí,1000000
坻,dǐ
坼,chè,1000000
坿,fù,1000000
垂,chuí,1000000
垃,lè,1000000
型,xíng,1000000
垌,dòng,1000000
垌,tóng
垍,jì,1000000
垓,gāi,1000000
垔,yīn,1000000
垕,hòu,1000000
垗,zhào,1000000
垚,yáo,1000000
垛,duǒ,1000000
垛,duò
垝,guǐ,1000000
垞,chá,1000000
垠,yín,1000000
垡,fá,1000000
垢,gòu,1000000
垣,yuán,1000000
垤,dié,1000000
垮,kuǎ,1000000
垸,huán,1000000
垺,fú,1000000
垻,bà,1000000
埂,gěng,1000000
埃,āi,1000000
埆,què,1000000
埋,mái,1000000
埋,mán
埌,làng,1000000
城,chéng,1000000
埏,shān,1000000
埏,yán
埒,lè,1000000
埔,pǔ,1000000
埔,bǔ
埕,chéng,1000000
埛,jiōng,1000000
埜,yě,1000000
埝,niàn,1000000
域,yù,1000000
埠,bù,1000000
埠,fù
埤,pí,1000000
埤,bēi
埤,bì
埤,pì
埧,jù,1000000
埭,dài,1000000
埳,kǎn,1000000
埴,zhí,1000000
埵,duǒ,1000000
埶,yì,1000000
埶,shì
執,zhí,1000000
埸,yì,1000000
培,péi,1000000
培,pǒu
基,jī,1000000
埻,zhǔn,1000000
埼,qí,1000000
埽,sào,1000000
埽,sǎo
堀,kū,1000000
堁,kě,1000000
堂,táng,1000000
堃,kūn,1000000
堄,ní,1000000
堅,jiān,1000000
堆,duī,1000000
堇,jǐn,1000000
堇,jìn
堉,yù,1000000
堊,è,1000000
堋,péng,1000000
堋,bèng
堍,tù,1000000
堐,ái,1000000
堕,duò,1000000
堕,huī
堙,yīn,1000000
堝,guō,1000000
堞,dié,1000000
堠,hòu,1000000
堡,bǎo,1000000
堡,pù
堤,tí,1000000
堤,dī
堥,máo,1000000
堥,móu
堦,jiē,1000000
堧,ruán,1000000
堩,gèng,1000000
堪,kān,1000000
堮,è,1000000
堯,yáo,1000000
堰,yàn,1000000
報,bào,1000000
堲,jí,1000000
場,chǎng,1000000
場,cháng
堵,dǔ,1000000
堶,tuó,1000000
堽,gāng,1000000
塈,jì,1000000
塈,xì
塊,kuài,1000000
塋,yíng,1000000
塌,tā,1000000
塍,chéng,1000000
塏,kǎi,1000000
塑,sù,1000000
塒,shí,1000000
塓,mì,1000000
塔,tǎ,1000000
塕,wěng,1000000
塗,tú,1000000
塘,táng,1000000
塙,què,1000000
塚,zhǒng,1000000
塞,sāi,1000000
塞,sè
塞,sài
塞,seī
塟,zàng,1000000
塡,tián,1000000
塢,wù,1000000
塨,gōng,1000000
塩,yán,1000000
塩,yàn
填,tián,1000000
塭,wēn,1000000
塲,cháng,1000000
塲,chǎng
塵,chén,1000000
塹,qiàn,1000000
塺,méi,1000000
塺,mò
塼,zhuān,1000000
塽,shuǎng,1000000
塾,shú,1000000
塿,lǒu,1000000
墀,chí,1000000
墁,màn,1000000
境,jìng,1000000
墅,shù,1000000
墆,dié,1000000
墉,yōng,1000000
墉,yóng
墊,diàn,1000000
墍,xì,1000000
墍,jì
墐,jǐn,1000000
墐,jìn
墓,mù,1000000
墘,qián,1000000
墜,zhuì,1000000
墝,qiāo,1000000
增,zēng,1000000
墟,xū,1000000
墠,shàn,1000000
墡,shàn,1000000
墣,pú,1000000
墦,fán,1000000
墨,mò,1000000
墩,dūn,1000000
墪,dūn,1000000
墮,duò,1000000
墮,huī
墯,duò,1000000
墱,dèng,1000000
墳,fén,1000000
墳,fèn
墻,qiáng,1000000
墼,jí,1000000
墾,kěn,1000000
壁,bì,1000000
壄,yě,1000000
壅,yōng,1000000
壅,yǒng
壇,tán,1000000
壈,lǎn,1000000
壎,xūn,1000000
壎,xuān
壑,huò,1000000
壓,yā,1000000
壕,háo,1000000
壘,lěi,1000000
壘,lǜ
壙,kuàng,1000000
壚,lú,1000000
壜,tán,1000000
壝,wěi,1000000
壞,huài,1000000
壞,guài
壟,lǒng,1000000
壠,lǒng,1000000
壢,lì,1000000
壤,rǎng,1000000
壩,bà,1000000
士,shì,1000000
壬,rén,1000000
壮,zhuàng,1000000
壯,zhuàng,1000000
声,shēng,1000000
壳,ké,1000000
壳,qiào
壳,què
壴,zhù,1000000
壹,yī,1000000
壺,hú,1000000
壻,xù,1000000
壼,kǔn,1000000
壽,shòu,1000000
夂,zhǐ,1000000
夃,gū,1000000
変,biàn,1000000
夊,suī,1000000
夊,cuī
复,fù,1000000
复,fòu
夏,xià,1000000
夏,jiǎ
夔,kuí,1000000
夕,xì,1000000
外,wài,1000000
夙,sù,1000000
多,duō,1000000
多,duó
夜,yè,1000000
够,gòu,1000000
夠,gòu,1000000
夢,mèng,1000000
夤,yín,1000000
夥,huǒ,1000000
大,dà,1000000
大,dài
大,tài
夨,zè,1000000
天,tiān,1000000
太,tài,1000000
夫,fū,1000000
夫,fú
夬,guài,1000000
夭,yāo,1000000
夭,ǎo
夭,yǎo
央,yāng,1000000
夯,hāng,1000000
失,shī,1000000
夲,tāo,1000000
头,tóu,1000000
头,tou
夷,yí,1000000
夸,kuā,1000000
夾,jiá,1000000
夾,jiā
夾,jià
奄,yǎn,1000000
奄,yān
奅,pào,1000000
奇,qí,1000000
奇,jī
奈,nài,1000000
奉,fèng,1000000
奌,diǎn,1000000
奎,kuí,1000000
奏,zòu,1000000
奐,huàn,1000000
契,qì,1000000
契,qiè
契,xiè
奓,zhā,1000000
奓,chǐ
奓,shē
奔,bēn,1000000
奔,bèn
奕,yì,1000000
套,tào,1000000
奘,zàng,1000000
奘,zhuǎng
奚,xī,1000000
奠,diàn,1000000
奡,ào,1000000
奢,shē,1000000
奧,ào,1000000
奧,yù
奩,lián,1000000
奪,duó,1000000
奫,yūn,1000000
奬,jiǎng,1000000
奭,shì,1000000
奮,fèn,1000000
奰,bèi,1000000
女,nǚ,1000000
女,nǜ
女,rǔ
奴,nú,1000000
奶,nǎi,1000000
奸,jiān,1000000
她,tā,1000000
奼,chà,1000000
好,hǎo,1000000
好,hào
妁,shuò,1000000
如,rú,1000000
妃,fēi,1000000
妃,pèi
妄,wàng,1000000
妊,rèn,1000000
妊,rén
妍,yán,1000000
妎,xì,1000000
妐,zhōng,1000000
妒,dù,1000000
妓,jì,1000000
妖,yāo,1000000
妗,jìn,1000000
妙,miào,1000000
妝,zhuāng,1000000
妞,niū,1000000
妢,fén,1000000
妣,bǐ,1000000
妤,yú,1000000
妥,tuǒ,1000000
妨,fáng,1000000
妨,fāng
妬,dù,1000000
妮,ní,1000000
妯,zhóu,1000000
妯,zhú
妲,dá,1000000
妳,nǐ,1000000
妳,nǎi
妸,ē,1000000
妸,ě
妹,mèi,1000000
妺,mò,1000000
妻,qī,1000000
妻,qì
妾,qiè,1000000
姁,xǔ,1000000
姆,mǔ,1000000
姉,zǐ,1000000
姉,jiě
姊,zǐ,1000000
姊,jiě
始,shǐ,1000000
始,shì
姌,rǎn,1000000
姍,shān,1000000
姍,xiān
姏,mán,1000000
姐,jiě,1000000
姑,gū,1000000
姒,sì,1000000
姓,xìng,1000000
委,wěi,1000000
委,wēi
姗,shān,1000000
姗,xiān
姘,pīn,1000000
姙,rèn,1000000
姙,rén
姚,yáo,1000000
姜,jiāng,1000000
姝,shū,1000000
姞,jí,1000000
姣,jiǎo,1000000
姣,jiāo
姤,gòu,1000000
姥,lǎo,1000000
姥,mǔ
姦,jiān,1000000
姨,yí,1000000
姪,zhí,1000000
姬,jī,1000000
姮,héng,1000000
姱,kuā,1000000
姸,yán,1000000
姹,chà,1000000
姺,xiǎn,1000000
姻,yīn,1000000
姽,guǐ,1000000
姿,zī,1000000
娀,sōng,1000000
威,wēi,1000000
娃,wá,1000000
娄,lóu,1000000
娄,lǚ
娇,jiāo,1000000
娈,luán,1000000
娈,lüǎn
娉,pīng,1000000
娌,lǐ,1000000
娑,suō,1000000
娓,wěi,1000000
娖,chuò,1000000
娘,niáng,1000000
娙,xíng,1000000
娛,yú,1000000
娜,nà,1000000
娜,nuó
娟,juān,1000000
娠,shēn,1000000
娠,zhèn
娣,dì,1000000
娥,é,1000000
娩,miǎn,1000000
娩,wǎn
娭,xī,1000000
娱,yú,1000000
娶,qǔ,1000000
娶,qù
娸,qī,1000000
娼,chāng,1000000
娿,ē,1000000
娿,ě
婀,ē,1000000
婀,ě
婁,lóu,1000000
婁,lǚ
婆,pó,1000000
婉,wǎn,1000000
婊,biǎo,1000000
婐,ě,1000000
婑,wǒ,1000000
婓,fēi,1000000
婕,jié,1000000
婗,ní,1000000
婚,hūn,1000000
婞,xìng,1000000
婠,wān,1000000
婢,bì,1000000
婢,bèi
婣,yīn,1000000
婥,chuò,1000000
婦,fù,1000000
婧,jìng,1000000
婪,lán,1000000
婬,yín,1000000
婭,yà,1000000
婷,tíng,1000000
婺,wù,1000000
婼,chuò,1000000
婼,ruò
婿,xù,1000000
媍,fù,1000000
媐,xī,1000000
媒,méi,1000000
媔,mián,1000000
媔,miǎn
媕,ān,1000000
媕,yǎn
媖,yīng,1000000
媚,mèi,1000000
媛,yuàn,1000000
媛,yuán
媞,tí,1000000
媟,xiè,1000000
媠,tuǒ,1000000
媠,duò
媢,mào,1000000
媥,piān,1000000
媦,wèi,1000000
媧,wā,1000000
媬,bǎo,1000000
媮,tōu,1000000
媮,yú
媯,guī,1000000
媱,yáo,1000000
媲,pì,1000000
媳,xí,1000000
媵,yìng,1000000
媸,chī,1000000
媺,měi,1000000
媻,pán,1000000
媼,ǎo,1000000
媽,mā,1000000
媾,gòu,1000000
媿,kuì,1000000
嫁,jià,1000000
嫂,sǎo,1000000
嫄,yuán,1000000
嫇,míng,1000000
嫇,méng
嫈,yīng,1000000
嫉,jí,1000000
嫋,niǎo,1000000
嫌,xián,1000000
嫏,láng,1000000
嫕,yì,1000000
嫖,piáo,1000000
嫖,piāo
嫗,yù,1000000
嫘,léi,1000000
嫚,màn,1000000
嫛,yī,1000000
嫜,zhāng,1000000
嫟,nì,1000000
嫠,lí,1000000
嫡,dí,1000000
嫣,yān,1000000
嫥,zhuān,1000000
嫦,cháng,1000000
嫩,nèn,1000000
嫪,lào,1000000
嫫,mó,1000000
嫭,hù,1000000
嫮,hù,1000000
嫳,piè,1000000
嫵,wǔ,1000000
嫶,qiáo,1000000
嫺,xián,1000000
嫻,xián,1000000
嫽,liáo,1000000
嫿,huà,1000000
嬀,guī,1000000
嬃,xū,1000000
嬈,ráo,1000000
嬈,rǎo
嬈,yǎo
嬉,xī,1000000
嬋,chán,1000000
嬌,jiāo,1000000
嬖,bì,1000000
嬗,shàn,1000000
嬙,qiáng,1000000
嬛,huán,1000000
嬛,qióng
嬛,xuān
嬝,niǎo,1000000
嬡,ài,1000000
嬤,mā,1000000
嬥,tiǎo,1000000
嬪,pín,1000000
嬬,rú,1000000
嬭,nǎi,1000000
嬯,tái,1000000
嬰,yīng,1000000
嬲,niǎo,1000000
嬴,yíng,1000000
嬸,shěn,1000000
嬽,yuān,1000000
嬿,yàn,1000000
孀,shuāng,1000000
孃,niáng,1000000
孅,xiān,1000000
孌,luán,1000000
孌,lüǎn
子,zi,1000000
子,zǐ
孑,jié,1000000
孓,jué,1000000
孔,kǒng,1000000
孕,yùn,1000000
孖,zī,1000000
字,zì,1000000
存,cún,1000000
孙,sūn,1000000
孙,xùn
孙,sùn
孚,fú,1000000
孚,fū
孛,bèi,1000000
孛,bó
孜,zī,1000000
孝,xiào,1000000
孟,mèng,1000000
孢,bāo,1000000
季,jì,1000000
孤,gū,1000000
孥,nú,1000000
孩,hái,1000000
孪,luán,1000000
孪,lüán
孫,sūn,1000000
孫,xùn
孫,sùn
孬,nāo,1000000
孰,shú,1000000
孱,càn,1000000
孱,chán
孳,zī,1000000
孳,zì
孴,nǐ,1000000
孵,fū,1000000
學,xué,1000000
孺,rú,1000000
孼,niè,1000000
孽,niè,1000000
孿,luán,1000000
孿,lüán
宀,mián,1000000
宁,zhù,1000000
宂,rǒng,1000000
它,tā,1000000
它,tuō
它,tuó
宄,guǐ,1000000
宅,zhái,1000000
宅,zhè
宇,yǔ,1000000
守,shǒu,1000000
守,shòu
安,ān,1000000
宋,sòng,1000000
完,wán,1000000
宎,yǎo,1000000
宏,hóng,1000000
宓,mì,1000000
宓,fú
宕,dàng,1000000
宗,zōng,1000000
官,guān,1000000
宙,zhòu,1000000
定,dìng,1000000
宛,wǎn,1000000
宛,yuān
宜,yí,1000000
宝,bǎo,1000000
实,shí,1000000
客,kè,1000000
宣,xuān,1000000
室,shì,1000000
宥,yòu,1000000
宦,huàn,1000000
宧,yí,1000000
宬,chéng,1000000
宮,gōng,1000000
宰,zǎi,1000000
害,hài,1000000
害,hé
宴,yàn,1000000
宵,xiāo,1000000
家,jiā,1000000
家,gū
宸,chén,1000000
容,róng,1000000
宼,kòu,1000000
宾,bīn,1000000
宾,bìn
宿,sù,1000000
宿,xiǔ
宿,xiù
寀,cǎi,1000000
寁,zǎn,1000000
寂,jí,1000000
寃,yuān,1000000
寄,jì,1000000
寅,yín,1000000
密,mì,1000000
寇,kòu,1000000
富,fù,1000000
寎,bìng,1000000
寐,mèi,1000000
寒,hán,1000000
寓,yù,1000000
寔,shí,1000000
寕,níng,1000000
寕,nìng
寖,jìn,1000000
寗,níng,1000000
寗,nìng
寘,zhì,1000000
寜,níng,1000000
寜,nìng
寞,mò,1000000
察,chá,1000000
寡,guǎ,1000000
寢,qǐn,1000000
寤,wù,1000000
寥,liáo,1000000
實,shí,1000000
寧,níng,1000000
寧,nìng
寨,zhài,1000000
審,shěn,1000000
寫,xiě,1000000
寫,xiè
寬,kuān,1000000
寮,liáo,1000000
寯,jùn,1000000
寰,huán,1000000
寱,yì,1000000
寳,bǎo,1000000
寵,chǒng,1000000
寶,bǎo,1000000
寸,cùn,1000000
对,duì,1000000
寺,sì,1000000
寿,shòu,1000000
尀,pǒ,1000000
封,fēng,1000000
尃,fū,1000000
射,shè,1000000
射,shí
射,yì
射,yè
尅,kè,1000000
將,jiāng,1000000
將,jiàng
將,qiāng
專,zhuān,1000000
尉,wèi,1000000
尉,yù
尊,zūn,1000000
尋,xún,1000000
尋,xín
尌,shù,1000000
對,duì,1000000
導,dǎo,1000000
導,dào
小,xiǎo,1000000
少,shǎo,1000000
少,shào
尔,ěr,1000000
尖,jiān,1000000
尚,shàng,1000000
尝,cháng,1000000
尟,xiǎn,1000000
尠,xiǎn,1000000
尢,wāng,1000000
尤,yóu,1000000
尥,liào,1000000
尨,máng,1000000
尨,páng
尨,méng
尩,wāng,1000000
尪,wāng,1000000
尬,gà,1000000
尬,jiè
尰,zhǒng,1000000
尰,chòng
就,jiù,1000000
尲,gān,1000000
尲,jiān
尶,gān,1000000
尶,jiān
尷,gān,1000000
尷,jiān
尸,shī,1000000
尹,yǐn,1000000
尺,chǐ,1000000
尺,chí
尺,chě
尻,kāo,1000000
尼,ní,1000000
尽,jìn,1000000
尾,wěi,1000000
尾,yǐ
尿,niào,1000000
局,jú,1000000
屁,pì,1000000
屄,bī,1000000
居,jū,1000000
居,jī
屆,jiè,1000000
屈,qū,1000000
届,jiè,1000000
屋,wū,1000000
屌,diǎo,1000000
屍,shī,1000000
屎,shǐ,1000000
屎,xī
屏,píng,1000000
屏,bīng
屏,bǐng
屐,jī,1000000
屑,xiè,1000000
展,zhǎn,1000000
屘,mān,1000000
屙,ē,1000000
屛,píng,1000000
屛,bīng
屛,bǐng
屜,tì,1000000
屝,fèi,1000000
属,shǔ,1000000
属,zhǔ
屠,tú,1000000
屠,chú
屡,lǚ,1000000
屢,lǚ,1000000
屣,xǐ,1000000
層,céng,1000000
履,lǚ,1000000
屧,xiè,1000000
屨,jù,1000000
屩,jué,1000000
屬,shǔ,1000000
屬,zhǔ
屭,xì,1000000
屮,chè,1000000
屯,tún,1000000
屯,zhūn
屯,chún
山,shān,1000000
屴,lì,1000000
屵,è,1000000
屹,yì,1000000
屺,qǐ,1000000
屼,wù,1000000
岁,suì,1000000
岅,bǎn,1000000
岈,xiā,1000000
岋,è,1000000
岌,jí,1000000
岏,wán,1000000
岐,qí,1000000
岑,cén,1000000
岒,qián,1000000
岔,chà,1000000
岔,chá
岝,zé,1000000
岡,gāng,1000000
岡,gǎng
岢,kě,1000000
岣,gǒu,1000000
岧,tiáo,1000000
岩,yán,1000000
岪,fú,1000000
岫,xiù,1000000
岬,jiǎ,1000000
岮,tuó,1000000
岱,dài,1000000
岳,yuè,1000000
岵,hù,1000000
岷,mín,1000000
岸,àn,1000000
岹,tiáo,1000000
峉,ē,1000000
峋,xún,1000000
峌,dié,1000000
峒,dòng,1000000
峒,tóng
峙,zhì,1000000
峚,mì,1000000
峝,tóng,1000000
峝,dòng
峦,luán,1000000
峨,é,1000000
峩,é,1000000
峪,yù,1000000
峭,qiào,1000000
峯,fēng,1000000
峰,fēng,1000000
峱,náo,1000000
峴,xiàn,1000000
島,dǎo,1000000
峻,jùn,1000000
峽,xiá,1000000
峿,wú,1000000
崁,kǎn,1000000
崆,kōng,1000000
崇,chóng,1000000
崍,lái,1000000
崎,qí,1000000
崐,kūn,1000000
崑,kūn,1000000
崒,zú,1000000
崓,gù,1000000
崔,cuī,1000000
崖,yái,1000000
崗,gǎng,1000000
崗,gāng
崘,lún,1000000
崙,lún,1000000
崚,léng,1000000
崛,jué,1000000
崞,guō,1000000
崟,yín,1000000
崡,hán,1000000
崢,zhēng,1000000
崢,chéng
崤,yáo,1000000
崦,yān,1000000
崧,sōng,1000000
崩,bēng,1000000
崮,gù,1000000
崱,zè,1000000
崴,wēi,1000000
崽,zǎi,1000000
崿,è,1000000
嵁,kān,1000000
嵂,lǜ,1000000
嵇,jī,1000000
嵊,shèng,1000000
嵋,méi,1000000
嵌,qiàn,1000000
嵌,kǎn
嵌,qiān
嵎,yú,1000000
嵐,lán,1000000
嵒,yán,1000000
嵞,tú,1000000
嵩,sōng,1000000
嵫,zī,1000000
嵬,wéi,1000000
嵯,cuó,1000000
嵲,niè,1000000
嵷,zōng,1000000
嵸,zōng,1000000
嵽,dié,1000000
嵾,cēn,1000000
嶀,tū,1000000
嶁,lǒu,1000000
嶂,zhàng,1000000
嶃,zhǎn,1000000
嶃,chán
嶄,zhǎn,1000000
嶄,chán
嶇,qū,1000000
嶊,zuǐ,1000000
嶍,xí,1000000
嶒,céng,1000000
嶓,bō,1000000
嶔,qīn,1000000
嶕,jiāo,1000000
嶗,láo,1000000
嶙,lín,1000000
嶝,dèng,1000000
嶞,duò,1000000
嶟,zūn,1000000
嶠,jiào,1000000
嶡,guì,1000000
嶡,jué
嶢,yáo,1000000
嶧,yì,1000000
嶪,yè,1000000
嶮,xiǎn,1000000
嶰,xiè,1000000
嶴,ào,1000000
嶷,yí,1000000
嶷,nì
嶸,róng,1000000
嶸,hóng
嶺,lǐng,1000000
嶼,yǔ,1000000
嶽,yuè,1000000
嶾,yǐn,1000000
巃,lóng,1000000
巇,xī,1000000
巉,chán,1000000
巋,kuī,1000000
巍,wéi,1000000
巑,cuán,1000000
巒,luán,1000000
巔,diān,1000000
巖,yán,1000000
巘,yǎn,1000000
巛,chuān,1000000
巜,guài,1000000
巜,kuài
川,chuān,1000000
州,zhōu,1000000
巡,xún,1000000
巢,cháo,1000000
工,gōng,1000000
左,zuǒ,1000000
巧,qiǎo,1000000
巨,jù,1000000
巫,wū,1000000
巫,wú
差,chà,1000000
差,chā
差,chāi
差,chài
差,cī
差,cuō
己,jǐ,1000000
已,yǐ,1000000
巳,sì,1000000
巴,bā,1000000
巵,zhī,1000000
巷,xiàng,1000000
巹,jǐn,1000000
巽,xùn,1000000
巽,sùn
巾,jīn,1000000
巿,fú,1000000
帀,zā,1000000
市,shì,1000000
布,bù,1000000
帆,fān,1000000
帆,fán
师,shī,1000000
帊,pà,1000000
希,xī,1000000
帑,tǎng,1000000
帑,nú
帒,zhǐ,1000000
帔,pèi,1000000
帕,pà,1000000
帖,tiē,1000000
帖,tiě
帖,tiè
帗,fú,1000000
帘,lián,1000000
帙,zhì,1000000
帚,zhǒu,1000000
帛,bó,1000000
帝,dì,1000000
帟,yì,1000000
帡,píng,1000000
帢,qià,1000000
帣,juǎn,1000000
帣,juàn
帤,rú,1000000
帥,shuài,1000000
帥,shuò
帨,shuì,1000000
帩,qiào,1000000
師,shī,1000000
帬,qún,1000000
席,xí,1000000
帮,bāng,1000000
帲,píng,1000000
帳,zhàng,1000000
帴,jiǎn,1000000
帴,cán
帶,dài,1000000
帷,wéi,1000000
常,cháng,1000000
帽,mào,1000000
幀,zhèng,1000000
幂,mì,1000000
幃,wéi,1000000
幄,wò,1000000
幅,fú,1000000
幅,bī
幇,bāng,1000000
幋,pán,1000000
幌,huǎng,1000000
幎,mì,1000000
幐,téng,1000000
幔,màn,1000000
幕,mù,1000000
幕,mò
幗,guó,1000000
幘,zé,1000000
幛,zhàng,1000000
幝,chǎn,1000000
幞,pú,1000000
幟,zhì,1000000
幠,hū,1000000
幡,fān,1000000
幢,chuáng,1000000
幢,zhuàng
幣,bì,1000000
幦,mì,1000000
幨,chān,1000000
幩,fén,1000000
幪,méng,1000000
幪,měng
幫,bāng,1000000
幬,chóu,1000000
幬,dào
幭,miè,1000000
幮,chú,1000000
幰,xiǎn,1000000
干,gān,1000000
平,píng,1000000
平,pián
年,nián,1000000
幵,jiān,1000000
并,bìng,1000000
并,bīng
幷,bìng,1000000
幷,bīng
幸,xìng,1000000
幹,gàn,1000000
幹,hán
幺,yāo,1000000
幻,huàn,1000000
幼,yòu,1000000
幽,yōu,1000000
幾,jǐ,1000000
幾,jī
广,yǎn,1000000
庀,pǐ,1000000
庂,zè,1000000
庄,zhuāng,1000000
庅,mó,1000000
庅,ma
庅,me
庅,má
庇,bì,1000000
庉,dùn,1000000
庉,tún
床,chuáng,1000000
庋,jǐ,1000000
庋,guǐ
庌,yǎ,1000000
序,xù,1000000
庐,lú,1000000
应,yīng,1000000
应,yìng
底,dǐ,1000000
底,de
庖,páo,1000000
店,diàn,1000000
庙,miào,1000000
庚,gēng,1000000
府,fǔ,1000000
庠,xiáng,1000000
庢,zhì,1000000
庣,tiāo,1000000
庤,zhì,1000000
庥,xiū,1000000
度,dù,1000000
度,duò
座,zuò,1000000
庪,guǐ,1000000
庫,kù,1000000
庫,shè
庬,máng,1000000
庬,páng
庬,měng
庭,tíng,1000000
庮,yǒu,1000000
庳,bì,1000000
庳,bēi
庵,ān,1000000
庶,shù,1000000
康,kāng,1000000
庸,yōng,1000000
庸,yóng
庹,tuǒ,1000000
庻,shù,1000000
庾,yǔ,1000000
庿,miào,1000000
廁,cè,1000000
廁,cì
廁,sì
廂,xiāng,1000000
廄,jiù,1000000
廈,shà,1000000
廈,xià
廉,lián,1000000
廊,láng,1000000
廋,sōu,1000000
廌,zhì,1000000
廎,qǐng,1000000
廏,jiù,1000000
廐,jiù,1000000
廑,jǐn,1000000
廑,jìn
廑,qín
廒,áo,1000000
廓,kuò,1000000
廔,lóu,1000000
廕,yìn,1000000
廖,liào,1000000
廙,yì,1000000
廚,chú,1000000
廛,chán,1000000
廜,tū,1000000
廝,sī,1000000
廞,qīn,1000000
廟,miào,1000000
廠,chǎng,1000000
廡,wǔ,1000000
廢,fèi,1000000
廣,guǎng,1000000
廥,kuài,1000000
廦,bì,1000000
廧,qiáng,1000000
廨,xiè,1000000
廨,jiè
廩,lǐn,1000000
廬,lú,1000000
廱,yōng,1000000
廳,tīng,1000000
廴,yǐn,1000000
廵,xún,1000000
延,yán,1000000
廷,tíng,1000000
廸,dí,1000000
廹,pò,1000000
建,jiàn,1000000
廻,huí,1000000
廼,nǎi,1000000
廾,gǒng,1000000
廾,niàn
廿,niàn,1000000
开,jiān,1000000
弁,biàn,1000000
弁,pán
弃,qì,1000000
弄,nòng,1000000
弄,lòng
弅,fèn,1000000
弅,fén
弆,jǔ,1000000
弇,yǎn,1000000
弈,yì,1000000
弊,bì,1000000
弋,yì,1000000
弌,yī,1000000
弍,èr,1000000
弎,sān,1000000
弎,sā
弎,sàn
式,shì,1000000
弒,shì,1000000
弓,gōng,1000000
弔,diào,1000000
引,yǐn,1000000
弗,fú,1000000
弘,hóng,1000000
弛,shǐ,1000000
弛,chí
弝,bà,1000000
弟,dì,1000000
弟,tì
弢,tāo,1000000
弣,fǔ,1000000
弤,dǐ,1000000
弦,xián,1000000
弧,hú,1000000
弨,chāo,1000000
弩,nǔ,1000000
弭,mǐ,1000000
弮,quān,1000000
弯,wān,1000000
弰,shāo,1000000
弱,ruò,1000000
張,zhāng,1000000
張,zhàng
弶,jiàng,1000000
強,qiáng,1000000
強,jiàng
強,qiǎng
弸,péng,1000000
弸,bēng
弹,dàn,1000000
弹,tán
强,qiáng,1000000
强,jiàng
强,qiǎng
弻,bì,1000000
弼,bì,1000000
彀,gòu,1000000
彂,fā,1000000
彃,bì,1000000
彄,kōu,1000000
彆,biè,1000000
彈,dàn,1000000
彈,tán
彉,kuò,1000000
彊,qiáng,1000000
彊,jiàng
彊,qiǎng
彋,hóng,1000000
彌,mí,1000000
彍,kuò,1000000
彎,wān,1000000
彏,jué,1000000
彐,jì,1000000
彑,jì,1000000
归,guī,1000000
归,kuì
当,dāng,1000000
当,dǎng
当,dàng
彔,lù,1000000
彖,tuàn,1000000
彗,huì,1000000
彘,zhì,1000000
彙,huì,1000000
彚,huì,1000000
彛,yí,1000000
彞,yí,1000000
彠,huò,1000000
彠,wò
彡,shān,1000000
形,xíng,1000000
彤,tóng,1000000
彥,yàn,1000000
彦,yàn,1000000
彧,yù,1000000
彩,cǎi,1000000
彪,biāo,1000000
彫,diāo,1000000
彬,bīn,1000000
彭,péng,1000000
彯,piāo,1000000
彰,zhāng,1000000
影,yǐng,1000000
彳,chì,1000000
彴,zhuó,1000000
彴,bó
彷,páng,1000000
彷,fǎng
役,yì,1000000
彼,bǐ,1000000
彿,fú,1000000
往,wǎng,1000000
征,zhēng,1000000
徂,cú,1000000
徃,wǎng,1000000
待,dài,1000000
待,dāi
徇,xùn,1000000
徇,xún
很,hěn,1000000
徉,yáng,1000000
徊,huái,1000000
徊,huí
律,lǜ,1000000
後,hòu,1000000
徐,xú,1000000
徑,jìng,1000000
徒,tú,1000000
従,cóng,1000000
従,zōng
従,zòng
従,cōng
得,de,1000000
得,dé
得,dǎi
得,děi
徘,pái,1000000
徙,xǐ,1000000
徛,jì,1000000
徜,cháng,1000000
從,cóng,1000000
從,zōng
從,zòng
從,cōng
徠,lái,1000000
徠,lài
御,yù,1000000
御,yà
徥,shì,1000000
徧,biàn,1000000
徧,piàn
徨,huáng,1000000
復,fù,1000000
復,fòu
循,xún,1000000
徬,páng,1000000
徬,bàng
徭,yáo,1000000
微,wéi,1000000
微,wēi
徯,xī,1000000
徵,zhēng,1000000
徵,zhǐ
德,dé,1000000
徹,chè,1000000
徼,jiǎo,1000000
徼,jiāo
徼,jiào
徼,yāo
徽,huī,1000000
心,xīn,1000000
必,bì,1000000
忉,dāo,1000000
忌,jì,1000000
忍,rěn,1000000
忐,tǎn,1000000
忑,tè,1000000
忒,tè,1000000
忕,shì,1000000
忕,tài
忖,cǔn,1000000
志,zhì,1000000
忘,wàng,1000000
忘,wáng
忙,máng,1000000
忝,tiǎn,1000000
忞,mín,1000000
忠,zhōng,1000000
忡,chōng,1000000
忣,jí,1000000
忤,wǔ,1000000
忨,wàn,1000000
忩,cōng,1000000
忪,sōng,1000000
忪,zhōng
快,kuài,1000000
忭,biàn,1000000
忮,zhì,1000000
忱,chén,1000000
忲,tài,1000000
忲,shì
忳,tún,1000000
念,niàn,1000000
忷,xiōng,1000000
忸,niǔ,1000000
忺,xiān,1000000
忻,xīn,1000000
忼,kāng,1000000
忼,kǎng
忽,hū,1000000
忿,fèn,1000000
怀,huái,1000000
怊,chāo,1000000
怍,zuò,1000000
怎,zěn,1000000
怎,zě
怏,yàng,1000000
怐,kòu,1000000
怒,nù,1000000
怓,náo,1000000
怔,zhēng,1000000
怔,lèng
怕,pà,1000000
怖,bù,1000000
怗,tiē,1000000
怗,zhān
怙,hù,1000000
怚,jù,1000000
怛,dá,1000000
怜,lián,1000000
思,sī,1000000
思,sì
思,sāi
怠,dài,1000000
怡,yí,1000000
怢,tú,1000000
急,jí,1000000
怦,pēng,1000000
性,xìng,1000000
怨,yuàn,1000000
怨,yuān
怩,ní,1000000
怪,guài,1000000
怫,fú,1000000
怫,bèi
怫,fèi
怬,sì,1000000
怭,bì,1000000
怮,yōu,1000000
怯,qiè,1000000
怯,què
怱,cōng,1000000
怲,bǐng,1000000
怵,chù,1000000
怹,tān,1000000
恁,rèn,1000000
恁,nín
恂,xún,1000000
恃,shì,1000000
恆,héng,1000000
恇,kuāng,1000000
恉,zhǐ,1000000
恋,liàn,1000000
恌,tiāo,1000000
恍,huǎng,1000000
恐,kǒng,1000000
恑,guǐ,1000000
恒,héng,1000000
恓,xī,1000000
恔,xiào,1000000
恕,shù,1000000
恙,yàng,1000000
恚,huì,1000000
恝,jiá,1000000
恟,xiōng,1000000
恠,guài,1000000
恢,huī,1000000
恣,zì,1000000
恣,zī
恣,cī
恤,xù,1000000
恥,chǐ,1000000
恧,nǜ,1000000
恨,hèn,1000000
恩,ēn,1000000
恪,kè,1000000
恪,què
恫,dòng,1000000
恫,tōng
恬,tián,1000000
恭,gōng,1000000
息,xí,1000000
恰,qià,1000000
恲,pēng,1000000
恼,nǎo,1000000
恿,yǒng,1000000
悁,juàn,1000000
悁,juān
悃,kǔn,1000000
悄,qiǎo,1000000
悅,yuè,1000000
悇,tú,1000000
悉,xī,1000000
悌,tì,1000000
悍,hàn,1000000
悒,yì,1000000
悔,huǐ,1000000
悕,xī,1000000
悖,bèi,1000000
悖,bó
悗,mán,1000000
悗,měn
悚,sǒng,1000000
悛,quān,1000000
悝,kuī,1000000
悞,wù,1000000
悟,wù,1000000
悠,yōu,1000000
悢,liàng,1000000
患,huàn,1000000
悤,cōng,1000000
您,nín,1000000
悪,è,1000000
悪,ě
悪,wū
悪,wù
悰,cóng,1000000
悱,fěi,1000000
悲,bēi,1000000
悴,cuì,1000000
悵,chàng,1000000
悶,mèn,1000000
悶,mēn
悷,lì,1000000
悸,jì,1000000
悻,xìng,1000000
悼,dào,1000000
悽,qī,1000000
悾,kōng,1000000
悾,kǒng
惄,nì,1000000
情,qíng,1000000
惆,chóu,1000000
惇,dūn,1000000
惋,wàn,1000000
惌,yuān,1000000
惎,jì,1000000
惏,lán,1000000
惏,lín
惑,huò,1000000
惓,quán,1000000
惔,tán,1000000
惕,tì,1000000
惖,tì,1000000
惘,wǎng,1000000
惙,chuò,1000000
惚,hū,1000000
惛,hūn,1000000
惛,mèn
惜,xí,1000000
惝,chǎng,1000000
惝,tǎng
惟,wéi,1000000
惠,huì,1000000
惡,è,1000000
惡,ě
惡,wū
惡,wù
惢,suǒ,1000000
惦,diàn,1000000
惧,jù,1000000
惩,chéng,1000000
惪,dé,1000000
惰,duò,1000000
惱,nǎo,1000000
惲,yùn,1000000
想,xiǎng,1000000
惴,zhuì,1000000
惵,dié,1000000
惶,huáng,1000000
惸,qióng,1000000
惹,rě,1000000
惺,xīng,1000000
惺,xǐng
惻,cè,1000000
惼,biǎn,1000000
惽,mèn,1000000
惽,hūn
惾,zōng,1000000
愀,qiǎo,1000000
愀,jiǔ
愁,chóu,1000000
愆,qiān,1000000
愈,yù,1000000
愉,yú,1000000
愊,bì,1000000
愍,mǐn,1000000
愎,bì,1000000
意,yì,1000000
愐,miǎn,1000000
愒,kài,1000000
愒,qì
愓,shāng,1000000
愔,yīn,1000000
愕,è,1000000
愖,chén,1000000
愖,dān
愙,kè,1000000
愙,què
愚,yú,1000000
愛,ài,1000000
愜,qiè,1000000
愞,nuò,1000000
感,gǎn,1000000
感,hàn
愠,yùn,1000000
愡,zǒng,1000000
愣,lèng,1000000
愣,lēng
愧,kuì,1000000
愨,què,1000000
愫,sù,1000000
愬,sù,1000000
愮,yáo,1000000
愯,sǒng,1000000
愴,chuàng,1000000
愷,kǎi,1000000
愼,shèn,1000000
愾,kài,1000000
愾,xì
愿,yuàn,1000000
慁,hùn,1000000
慄,lì,1000000
慅,sāo,1000000
慅,cǎo
慆,tāo,1000000
慇,yīn,1000000
慈,cí,1000000
慉,xù,1000000
慊,qiàn,1000000
慊,qiè
態,tài,1000000
慌,huāng,1000000
慌,huang
慍,yùn,1000000
慎,shèn,1000000
慓,piào,1000000
慕,mù,1000000
慘,cǎn,1000000
慙,cán,1000000
慚,cán,1000000
慝,tè,1000000
慞,zhāng,1000000
慟,tòng,1000000
慠,ào,1000000
慢,màn,1000000
慣,guàn,1000000
慥,zào,1000000
慥,cào
慧,huì,1000000
慨,kǎi,1000000
慨,kài
慫,sǒng,1000000
慬,qín,1000000
慮,lǜ,1000000
慰,wèi,1000000
慱,tuán,1000000
慲,mán,1000000
慳,qiān,1000000
慴,zhé,1000000
慵,yōng,1000000
慵,yóng
慶,qìng,1000000
慷,kāng,1000000
慷,kǎng
慺,lóu,1000000
慺,lǚ
慼,qī,1000000
慽,qī,1000000
慾,yù,1000000
憀,liáo,1000000
憁,zǒng,1000000
憂,yōu,1000000
憃,chōng,1000000
憇,qì,1000000
憊,bèi,1000000
憋,biē,1000000
憍,jiāo,1000000
憍,qiáo
憎,zēng,1000000
憐,lián,1000000
憑,píng,1000000
憒,kuì,1000000
憔,qiáo,1000000
憖,yìn,1000000
憗,yìn,1000000
憙,xǐ,1000000
憚,dàn,1000000
憛,tán,1000000
憝,duì,1000000
憟,sù,1000000
憤,fèn,1000000
憧,chōng,1000000
憨,hān,1000000
憩,qì,1000000
憪,xián,1000000
憪,xiàn
憫,mǐn,1000000
憬,jǐng,1000000
憮,wǔ,1000000
憯,cǎn,1000000
憱,cù,1000000
憲,xiàn,1000000
憶,yì,1000000
憸,xiān,1000000
憹,náo,1000000
憹,nóng
憺,dàn,1000000
憾,hàn,1000000
懁,xuān,1000000
懂,dǒng,1000000
懃,qín,1000000
懅,jù,1000000
懆,cǎo,1000000
懇,kěn,1000000
懈,xiè,1000000
應,yīng,1000000
應,yìng
懊,ào,1000000
懋,mào,1000000
懋,mòu
懌,yì,1000000
懍,lǐn,1000000
懕,yān,1000000
懘,chì,1000000
懜,měng,1000000
懜,méng
懞,méng,1000000
懞,měng
懟,duì,1000000
懠,qí,1000000
懣,mèn,1000000
懤,chóu,1000000
懥,zhì,1000000
懦,nuò,1000000
懨,yān,1000000
懪,bó,1000000
懫,zhì,1000000
懭,kuǎng,1000000
懮,yǒu,1000000
懰,liú,1000000
懲,chéng,1000000
懵,měng,1000000
懵,méng
懶,lǎn,1000000
懷,huái,1000000
懸,xuán,1000000
懹,ràng,1000000
懺,chàn,1000000
懻,jì,1000000
懼,jù,1000000
懽,huān,1000000
懾,zhé,1000000
懾,shè
懿,yì,1000000
戀,liàn,1000000
戁,nǎn,1000000
戃,tǎng,1000000
戄,jué,1000000
戅,gàng,1000000
戅,zhuàng
戇,zhuàng,1000000
戇,gàng
戈,gē,1000000
戉,yuè,1000000
戊,wù,1000000
戌,xū,1000000
戍,shù,1000000
戎,róng,1000000
戏,xì,1000000
戏,hū
戏,huī
成,chéng,1000000
我,wǒ,1000000
我,ě
戒,jiè,1000000
戔,jiān,1000000
戕,qiáng,1000000
或,huò,1000000
战,zhàn,1000000
戚,qī,1000000
戚,cù
戛,jiá,1000000
戞,jiá,1000000
戟,jǐ,1000000
戡,kān,1000000
戢,jí,1000000
戣,kuí,1000000
戤,gài,1000000
戥,děng,1000000
戧,qiāng,1000000
戧,qiàng
戩,jiǎn,1000000
截,jié,1000000
戭,yǎn,1000000
戭,yǐn
戮,lù,1000000
戰,zhàn,1000000
戱,xì,1000000
戱,hū
戱,huī
戲,xì,1000000
戲,hū
戲,huī
戳,chuō,1000000
戴,dài,1000000
戶,hù,1000000
户,hù,1000000
戹,è,1000000
戼,mǎo,1000000
戽,hù,1000000
戾,lì,1000000
房,fáng,1000000
所,suǒ,1000000
扁,biǎn,1000000
扁,piān
扂,diàn,1000000
扃,jiōng,1000000
扃,jiǒng
扅,yí,1000000
扆,yǐ,1000000
扇,shàn,1000000
扇,shān
扈,hù,1000000
扉,fēi,1000000
扊,yǎn,1000000
手,shǒu,1000000
才,cái,1000000
扎,zhā,1000000
扎,zhǎ
扎,zhá
扐,lè,1000000
扑,pū,1000000
扒,bā,1000000
扒,pá
打,dǎ,1000000
打,dá
扔,rēng,1000000
扔,rěng
扔,réng
扔,rèng
托,tuō,1000000
扛,káng,1000000
扛,gāng
扞,hàn,1000000
扠,chā,1000000
扠,zhǎ
扢,xì,1000000
扣,kòu,1000000
扤,wù,1000000
扦,qiān,1000000
执,zhí,1000000
扭,niǔ,1000000
扮,bàn,1000000
扯,chě,1000000
扱,xī,1000000
扳,bān,1000000
扳,pān
扵,yú,1000000
扵,wū
扶,fú,1000000
批,pī,1000000
扺,zhǐ,1000000
扼,è,1000000
找,zhǎo,1000000
承,chéng,1000000
技,jì,1000000
抃,biàn,1000000
抄,chāo,1000000
抆,wèn,1000000
抇,hú,1000000
抉,jué,1000000
把,bǎ,1000000
把,bà
把,bǎi
抌,dǎn,1000000
抌,zhěn
抏,wán,1000000
抑,yì,1000000
抒,shū,1000000
抓,zhuā,1000000
抓,zhāo
抓,chuǎ
抔,póu,1000000
投,tóu,1000000
抖,dǒu,1000000
抗,kàng,1000000
折,zhé,1000000
折,zhē
折,shé
抛,pāo,1000000
抝,ǎo,1000000
抝,niù
抝,ào
抝,yù
报,bào,1000000
抨,pēng,1000000
披,pī,1000000
披,pēi
抬,tái,1000000
抱,bào,1000000
抴,yè,1000000
抵,dǐ,1000000
抵,zhǐ
抶,chì,1000000
抹,mǒ,1000000
抹,mò
抻,shèn,1000000
抻,chēn
押,yā,1000000
押,yá
抽,chōu,1000000
抿,mǐn,1000000
拂,fú,1000000
拂,bì
拄,zhǔ,1000000
担,dān,1000000
担,dàn
拆,chāi,1000000
拆,chè
拇,mǔ,1000000
拈,nián,1000000
拈,diān
拈,niǎn
拉,lā,1000000
拊,fǔ,1000000
拋,pāo,1000000
拌,bàn,1000000
拌,pàn
拍,pāi,1000000
拍,bó
拍,pā
拍,pò
拎,līng,1000000
拏,ná,1000000
拐,guǎi,1000000
拑,qián,1000000
拒,jù,1000000
拓,tuò,1000000
拓,tà
拔,bá,1000000
拖,tuō,1000000
拗,ǎo,1000000
拗,niù
拗,ào
拗,yù
拘,jū,1000000
拙,zhuó,1000000
拚,pàn,1000000
招,zhāo,1000000
招,qiáo
招,sháo
拜,bài,1000000
拫,hén,1000000
括,guā,1000000
括,kuò
拭,shì,1000000
拮,jié,1000000
拯,zhěng,1000000
拱,gǒng,1000000
拲,gǒng,1000000
拳,quán,1000000
拴,shuān,1000000
拶,zá,1000000
拶,zǎn
拷,kǎo,1000000
拼,pīn,1000000
拽,zhuāi,1000000
拽,zhuài
拽,yè
拾,shí,1000000
拾,shī
拾,shè
拿,ná,1000000
持,chí,1000000
挂,guà,1000000
挃,zhí,1000000
指,zhǐ,1000000
挈,qiè,1000000
按,àn,1000000
挋,zhèn,1000000
挌,gé,1000000
挐,rú,1000000
挐,ná
挑,tiāo,1000000
挑,tiǎo
挓,zhā,1000000
挖,wā,1000000
挖,wá
挛,liàn,1000000
挛,lüán
挟,xié,1000000
挟,jiá
挟,xiá
挡,dǎng,1000000
挨,āi,1000000
挨,ái
挪,nuó,1000000
挫,cuò,1000000
挬,bó,1000000
振,zhèn,1000000
振,zhēn
挱,sha,1000000
挱,sa
挱,suō
挲,suō,1000000
挲,sha
挲,sa
挴,měi,1000000
挶,jú,1000000
挹,yì,1000000
挺,tǐng,1000000
挼,nuó,1000000
挼,huī
挽,wǎn,1000000
挾,xié,1000000
挾,jiá
挾,xiá
捂,wǔ,1000000
捃,jùn,1000000
捄,jiù,1000000
捅,tǒng,1000000
捆,kǔn,1000000
捉,zhuō,1000000
捊,póu,1000000
捋,lǚ,1000000
捋,lè
捋,luō
捌,bā,1000000
捍,hàn,1000000
捎,shāo,1000000
捎,shào
捏,niē,1000000
捐,juān,1000000
捔,jué,1000000
捔,zhuó
捕,bǔ,1000000
捕,bù
捘,zùn,1000000
捧,pěng,1000000
捨,shě,1000000
捩,liè,1000000
捩,lì
捫,mén,1000000
捭,bǎi,1000000
捭,bò
据,jù,1000000
据,jū
捯,dáo,1000000
捱,ái,1000000
捲,juǎn,1000000
捴,zǒng,1000000
捵,chēn,1000000
捶,chuí,1000000
捷,jié,1000000
捺,nà,1000000
捻,niǎn,1000000
捻,niē
捽,zuó,1000000
捽,zú
掀,xiān,1000000
掁,chéng,1000000
掂,diān,1000000
掃,sǎo,1000000
掃,sào
掄,lūn,1000000
掄,lún
掆,gāng,1000000
掇,duó,1000000
掇,duō
授,shòu,1000000
掉,diào,1000000
掊,póu,1000000
掊,pǒu
掌,zhǎng,1000000
掎,jǐ,1000000
掏,tāo,1000000
掐,qiā,1000000
排,pái,1000000
排,pǎi
掔,qiān,1000000
掖,yē,1000000
掖,yì
掖,yè
掗,yà,1000000
掗,yǎ
掘,jué,1000000
掙,zhēng,1000000
掙,zhèng
掛,guà,1000000
掞,shàn,1000000
掞,yàn
掠,lüè,1000000
採,cǎi,1000000
探,tàn,1000000
探,tān
掣,chè,1000000
掤,bīng,1000000
接,jiē,1000000
控,kòng,1000000
推,tuī,1000000
掩,yǎn,1000000
措,cuò,1000000
掫,zōu,1000000
掬,jú,1000000
掭,tiàn,1000000
掮,qián,1000000
掯,kèn,1000000
掰,bāi,1000000
掱,shǒu,1000000
掷,zhí,1000000
掾,yuàn,1000000
掿,nuò,1000000
揀,jiǎn,1000000
揃,jiǎn,1000000
揄,yú,1000000
揄,yáo
揄,yóu
揅,yán,1000000
揆,kuí,1000000
揆,kuǐ
揉,róu,1000000
揊,bì,1000000
揍,zòu,1000000
揎,xuān,1000000
描,miáo,1000000
提,tí,1000000
提,dī
提,shí
揑,niē,1000000
插,chā,1000000
揔,zǒng,1000000
揕,zhèn,1000000
揖,yī,1000000
揖,jí
揚,yáng,1000000
換,huàn,1000000
揜,yǎn,1000000
揞,ǎn,1000000
揟,xū,1000000
揠,yà,1000000
握,wò,1000000
揢,ké,1000000
揣,chuǎi,1000000
揩,kāi,1000000
揪,jiū,1000000
揫,jiū,1000000
揭,jiē,1000000
揭,qì
揮,huī,1000000
揱,xiāo,1000000
揲,shé,1000000
揳,xiē,1000000
援,yuán,1000000
揵,qián,1000000
揵,jiàn
揶,yé,1000000
揷,chā,1000000
揸,zhā,1000000
揹,bēi,1000000
搆,gòu,1000000
搉,què,1000000
搊,chōu,1000000
搋,chuāi,1000000
搌,zhǎn,1000000
損,sǔn,1000000
搎,sūn,1000000
搏,bó,1000000
搐,chù,1000000
搐,chōu
搓,cuō,1000000
搔,sāo,1000000
搕,kē,1000000
搖,yáo,1000000
搗,dǎo,1000000
搘,zhī,1000000
搛,jiān,1000000
搜,sōu,1000000
搞,gǎo,1000000
搠,shuò,1000000
搡,sǎng,1000000
搢,jìn,1000000
搤,è,1000000
搥,chuí,1000000
搦,nuò,1000000
搧,shān,1000000
搨,tà,1000000
搨,tā
搪,táng,1000000
搫,pán,1000000
搫,pó
搬,bān,1000000
搭,dā,1000000
搯,tāo,1000000
搰,hú,1000000
搳,huá,1000000
搳,xiá
搴,qiān,1000000
搵,wèn,1000000
搶,qiǎng,1000000
搶,qiāng
搶,chuǎng
搷,tián,1000000
携,xié,1000000
携,xī
搽,chá,1000000
搽,cā
搾,zhà,1000000
搿,gé,1000000
摀,wǔ,1000000
摁,èn,1000000
摆,bǎi,1000000
摈,bìn,1000000
摊,tān,1000000
摋,sà,1000000
摋,shā
摎,jiū,1000000
摐,chuāng,1000000
摑,guó,1000000
摒,bìng,1000000
摓,féng,1000000
摔,shuāi,1000000
摘,zhāi,1000000
摘,tì
摛,chī,1000000
摜,guàn,1000000
摝,lù,1000000
摟,lǒu,1000000
摟,lōu
摟,lóu
摠,zǒng,1000000
摣,zhā,1000000
摦,huà,1000000
摧,cuī,1000000
摩,mó,1000000
摩,mā
摭,zhí,1000000
摯,zhì,1000000
摰,niè,1000000
摲,shàn,1000000
摳,kōu,1000000
摴,shū,1000000
摵,shè,1000000
摶,tuán,1000000
摸,mō,1000000
摸,mó
摸,māo
摹,mó,1000000
摺,zhé,1000000
摺,zhě
摻,càn,1000000
摻,chān
摻,shān
摻,shǎn
摽,biāo,1000000
摽,biào
摽,piǎo
撂,liào,1000000
撅,juē,1000000
撆,piē,1000000
撆,piě
撇,piē,1000000
撇,piě
撈,lāo,1000000
撈,láo
撋,ruán,1000000
撏,xún,1000000
撐,chēng,1000000
撑,chēng,1000000
撒,sā,1000000
撒,sǎ
撓,náo,1000000
撕,sī,1000000
撕,xī
撖,gǎn,1000000
撙,zǔn,1000000
撚,niǎn,1000000
撜,zhěng,1000000
撜,chéng
撝,huī,1000000
撞,zhuàng,1000000
撞,chuáng
撟,jiǎo,1000000
撟,jiào
撢,dǎn,1000000
撢,tàn
撣,dǎn,1000000
撣,shàn
撤,chè,1000000
撥,bō,1000000
撦,chě,1000000
撧,juē,1000000
撩,liāo,1000000
撩,liáo
撫,fǔ,1000000
撬,qiāo,1000000
撬,qiào
播,bò,1000000
撮,cuō,1000000
撮,zuǒ
撮,zuó
撮,zuì
撮,cuò
撰,zhuàn,1000000
撲,pū,1000000
撳,qìn,1000000
撻,tà,1000000
撼,hàn,1000000
撽,qiào,1000000
撾,zhuā,1000000
撿,jiǎn,1000000
擀,gǎn,1000000
擁,yǒng,1000000
擁,yōng
擂,léi,1000000
擂,lèi
擄,lǔ,1000000
擄,luǒ
擅,shàn,1000000
擇,zé,1000000
擇,zhái
擉,chù,1000000
擊,jí,1000000
擋,dǎng,1000000
操,cāo,1000000
操,cào
擎,qíng,1000000
擐,huàn,1000000
擒,qín,1000000
擔,dān,1000000
擔,dàn
擕,xié,1000000
擕,xī
擗,pì,1000000
擘,bò,1000000
據,jù,1000000
擠,jǐ,1000000
擡,tái,1000000
擢,zhuó,1000000
擣,dǎo,1000000
擤,xǐng,1000000
擦,cā,1000000
擧,jǔ,1000000
擨,yé,1000000
擩,rù,1000000
擪,yè,1000000
擫,yè,1000000
擬,nǐ,1000000
擭,huò,1000000
擯,bìn,1000000
擰,níng,1000000
擰,nǐng
擰,nìng
擱,gē,1000000
擲,zhí,1000000
擴,kuò,1000000
擷,jié,1000000
擷,xié
擺,bǎi,1000000
擻,sǒu,1000000
擻,sòu
擾,rǎo,1000000
擿,zhí,1000000
擿,tì
攀,pān,1000000
攂,lèi,1000000
攂,léi
攄,shū,1000000
攆,niǎn,1000000
攈,jùn,1000000
攉,huò,1000000
攏,lǒng,1000000
攔,lán,1000000
攕,xiān,1000000
攖,yīng,1000000
攘,rǎng,1000000
攘,ráng
攙,chān,1000000
攛,cuān,1000000
攜,xié,1000000
攜,xī
攝,shè,1000000
攝,niè
攞,luō,1000000
攟,jùn,1000000
攠,mí,1000000
攢,zǎn,1000000
攢,cuán
攣,lüán,1000000
攣,liàn
攤,tān,1000000
攥,zuàn,1000000
攦,lì,1000000
攧,diān,1000000
攩,dǎng,1000000
攪,jiǎo,1000000
攪,gǎo
攫,jué,1000000
攬,lǎn,1000000
攭,lì,1000000
攭,luǒ
攮,nǎng,1000000
支,zhī,1000000
攲,qī,1000000
攴,pū,1000000
攵,wén,1000000
攵,wèn
收,shōu,1000000
攷,kǎo,1000000
攸,yōu,1000000
改,gǎi,1000000
攻,gōng,1000000
放,fàng,1000000
放,fǎng
政,zhèng,1000000
敁,diān,1000000
故,gù,1000000
效,xiào,1000000
敉,mǐ,1000000
敍,xù,1000000
敎,jiào,1000000
敎,jiāo
敏,mǐn,1000000
救,jiù,1000000
敓,duó,1000000
敔,yǔ,1000000
敕,chì,1000000
敖,áo,1000000
敖,ào
敗,bài,1000000
敘,xù,1000000
教,jiào,1000000
教,jiāo
敜,niè,1000000
敝,bì,1000000
敞,chǎng,1000000
敢,gǎn,1000000
散,sàn,1000000
散,sǎn
敦,dūn,1000000
敦,duī
敦,duì
敦,dùn
敪,duó,1000000
敫,jiào,1000000
敬,jìng,1000000
数,shù,1000000
数,shǔ
数,shuò
数,cù
数,sù
敲,qiāo,1000000
敳,ái,1000000
整,zhěng,1000000
敵,dí,1000000
敶,zhèn,1000000
敶,chén
敷,fū,1000000
數,shù,1000000
數,shǔ
數,shuò
數,cù
數,sù
敹,liáo,1000000
敺,qū,1000000
敺,ōu
敻,xiòng,1000000
斀,zhuó,1000000
斁,yì,1000000
斁,dù
斂,liàn,1000000
斃,bì,1000000
斄,lí,1000000
斅,xué,1000000
文,wén,1000000
文,wèn
斈,xué,1000000
斉,qí,1000000
斉,jì
斉,zhāi
斉,zī
斋,zhāi,1000000
斌,bīn,1000000
斍,jué,1000000
斍,jiào
斐,fěi,1000000
斐,fēi
斑,bān,1000000
斒,bān,1000000
斕,lán,1000000
斖,wěi,1000000
斗,dǒu,1000000
料,liào,1000000
斚,jiǎ,1000000
斛,hú,1000000
斜,xié,1000000
斜,xiá
斜,yé
斝,jiǎ,1000000
斟,zhēn,1000000
斠,jiào,1000000
斡,wò,1000000
斡,guǎn
斤,jīn,1000000
斥,chì,1000000
斧,fǔ,1000000
斨,qiāng,1000000
斫,zhuó,1000000
斬,zhǎn,1000000
断,duàn,1000000
斮,zhuó,1000000
斯,sī,1000000
新,xīn,1000000
斲,zhuó,1000000
斵,zhuó,1000000
斶,chù,1000000
斷,duàn,1000000
斸,zhú,1000000
方,fāng,1000000
於,yú,1000000
於,wū
施,shī,1000000
施,yí
施,yì
斾,pèi,1000000
斿,yóu,1000000
旁,páng,1000000
旁,bàng
旂,qí,1000000
旃,zhān,1000000
旄,máo,1000000
旄,mào
旅,lǚ,1000000
旆,pèi,1000000
旊,fǎng,1000000
旋,xuán,1000000
旋,xuàn
旌,jīng,1000000
旍,jīng,1000000
旎,nǐ,1000000
族,zú,1000000
旐,zhào,1000000
旒,liú,1000000
旓,shāo,1000000
旖,yǐ,1000000
旗,qí,1000000
旛,fān,1000000
旜,zhān,1000000
旝,kuài,1000000
旞,suì,1000000
旟,yú,1000000
无,wú,1000000
无,mó
旡,jì,1000000
既,jì,1000000
旣,jì,1000000
旤,huò,1000000
日,rì,1000000
日,mì
旦,dàn,1000000
旨,zhǐ,1000000
早,zǎo,1000000
旬,xún,1000000
旭,xù,1000000
旮,gā,1000000
旯,lá,1000000
旰,gàn,1000000
旱,hàn,1000000
旴,xū,1000000
时,shí,1000000
旷,kuàng,1000000
旹,shí,1000000
旺,wàng,1000000
旻,mín,1000000
旼,mín,1000000
旾,chūn,1000000
昀,yún,1000000
昂,áng,1000000
昃,zè,1000000
昄,bǎn,1000000
昆,kūn,1000000
昇,shēng,1000000
昉,fǎng,1000000
昊,hào,1000000
昌,chāng,1000000
明,míng,1000000
昏,hūn,1000000
昒,hū,1000000
易,yì,1000000
昔,xí,1000000
昔,cuò
昕,xīn,1000000
昚,shèn,1000000
昜,yáng,1000000
昝,zǎn,1000000
昞,bǐng,1000000
星,xīng,1000000
映,yìng,1000000
昡,xuàn,1000000
春,chūn,1000000
昧,mèi,1000000
昨,zuó,1000000
昫,xǔ,1000000
昬,hūn,1000000
昭,zhāo,1000000
是,shì,1000000
昰,shì,1000000
昱,yù,1000000
昳,dié,1000000
昳,yì
昴,mǎo,1000000
昵,nì,1000000
昶,chǎng,1000000
昺,bǐng,1000000
昼,zhòu,1000000
晁,cháo,1000000
時,shí,1000000
晃,huǎng,1000000
晃,huàng
晅,xuān,1000000
晈,jiǎo,1000000
晉,jìn,1000000
晋,jìn,1000000
晌,shǎng,1000000
晏,yàn,1000000
晒,shài,1000000
晙,jùn,1000000
晚,wǎn,1000000
晛,xiàn,1000000
晜,kūn,1000000
晝,zhòu,1000000
晞,xī,1000000
晟,shèng,1000000
晟,chéng
晡,bū,1000000
晢,zhé,1000000
晤,wù,1000000
晦,huì,1000000
晧,hào,1000000
晨,chén,1000000
晬,zuì,1000000
普,pǔ,1000000
景,jǐng,1000000
景,yǐng
晰,xī,1000000
晳,xī,1000000
晴,qíng,1000000
晶,jīng,1000000
晷,guǐ,1000000
智,zhì,1000000
晻,ǎn,1000000
晻,àn
晻,yǎn
晼,wǎn,1000000
晾,liàng,1000000
暄,xuān,1000000
暇,xiá,1000000
暇,xià
暈,yūn,1000000
暈,yìn
暈,yùn
暉,huī,1000000
暋,mǐn,1000000
暌,kuí,1000000
暍,hè,1000000
暍,yè
暎,yìng,1000000
暐,wěi,1000000
暑,shǔ,1000000
暖,nuǎn,1000000
暖,xuān
暗,àn,1000000
暘,yáng,1000000
暝,míng,1000000
暝,mìng
暠,gǎo,1000000
暡,wěng,1000000
暢,chàng,1000000
暨,jì,1000000
暫,zàn,1000000
暫,zhàn
暭,hào,1000000
暮,mù,1000000
暱,nì,1000000
暴,bào,1000000
暴,pù
暵,hàn,1000000
暹,xiān,1000000
暾,tūn,1000000
曀,yì,1000000
曄,yè,1000000
曅,yè,1000000
曆,lì,1000000
曇,tán,1000000
曈,tóng,1000000
曉,xiǎo,1000000
曌,zhào,1000000
曏,xiàng,1000000
曖,ài,1000000
曙,shù,1000000
曚,méng,1000000
曛,xūn,1000000
曜,yào,1000000
曜,yuè
曝,pù,1000000
曠,kuàng,1000000
曡,dié,1000000
曦,xī,1000000
曨,lóng,1000000
曩,nǎng,1000000
曬,shài,1000000
曭,tǎng,1000000
曰,yuē,1000000
曲,qū,1000000
曲,qǔ
曳,yè,1000000
曳,yì
更,gèng,1000000
更,gēng
更,jīng
曶,hū,1000000
曷,hé,1000000
書,shū,1000000
曹,cáo,1000000
曼,màn,1000000
曼,wàn
曾,céng,1000000
曾,zēng
替,tì,1000000
最,zuì,1000000
會,huì,1000000
會,guì
會,kuài
會,huǐ
朅,qiè,1000000
月,yuè,1000000
有,yǒu,1000000
有,yòu
朋,péng,1000000
服,fú,1000000
朏,fěi,1000000
朒,nǜ,1000000
朓,tiǎo,1000000
朓,tiào
朔,shuò,1000000
朕,zhèn,1000000
朗,lǎng,1000000
朘,juān,1000000
朙,míng,1000000
望,wàng,1000000
朝,cháo,1000000
朝,zhāo
朞,jī,1000000
朞,qī
朞,qí
期,qí,1000000
期,jī
期,qī
朣,tóng,1000000
朦,méng,1000000
朧,lóng,1000000
木,mù,1000000
未,wèi,1000000
末,mò,1000000
本,běn,1000000
札,zhá,1000000
朮,zhú,1000000
术,zhú,1000000
朱,zhū,1000000
朱,shú
朴,pú,1000000
朴,pò
朴,piáo
朵,duǒ,1000000
朶,duǒ,1000000
朹,qiú,1000000
机,jī,1000000
机,jǐ
朻,jiū,1000000
朽,xiǔ,1000000
朾,tīng,1000000
朿,cì,1000000
权,quán,1000000
杅,yú,1000000
杆,gān,1000000
杇,wū,1000000
杈,chā,1000000
杈,chà
杉,shān,1000000
杉,shā
杌,wù,1000000
李,lǐ,1000000
杏,xìng,1000000
材,cái,1000000
村,cūn,1000000
杓,biāo,1000000
杓,sháo
杕,dì,1000000
杕,duò
杖,zhàng,1000000
杗,máng,1000000
杘,chī,1000000
杙,yì,1000000
杜,dù,1000000
杞,qǐ,1000000
束,shù,1000000
杠,gāng,1000000
杠,gàng
杪,miǎo,1000000
杬,yuán,1000000
杬,wàn
杭,háng,1000000
杯,bēi,1000000
杰,jié,1000000
東,dōng,1000000
杲,gǎo,1000000
杳,yǎo,1000000
杴,xiān,1000000
杵,chǔ,1000000
杶,chūn,1000000
杷,pá,1000000
杷,ba
杷,pa
杻,chǒu,1000000
杻,niǔ
杼,zhù,1000000
松,sōng,1000000
板,bǎn,1000000
构,gōu,1000000
枇,pí,1000000
枉,wǎng,1000000
枊,àng,1000000
枋,fāng,1000000
枌,fén,1000000
枏,nán,1000000
析,xī,1000000
枑,hù,1000000
枒,yá,1000000
枓,zhǔ,1000000
枓,dǒu
枕,zhěn,1000000
枕,zhèn
林,lín,1000000
枘,ruì,1000000
枚,méi,1000000
果,guǒ,1000000
枝,zhī,1000000
枝,qí
枟,tán,1000000
枯,kū,1000000
枰,píng,1000000
枱,tái,1000000
枲,xǐ,1000000
枳,zhǐ,1000000
枳,jǐ
枴,guǎi,1000000
枵,xiāo,1000000
架,jià,1000000
枷,jiā,1000000
枸,gǒu,1000000
枸,gōu
枸,jǔ
枹,bāo,1000000
枹,fū
枹,fú
枻,yì,1000000
柁,duò,1000000
柄,bǐng,1000000
柄,bìng
柅,nǐ,1000000
柈,pán,1000000
柈,pàn
柎,fū,1000000
柏,bǎi,1000000
柏,bó
某,mǒu,1000000
柑,gān,1000000
柑,qián
柒,qī,1000000
染,rǎn,1000000
柔,róu,1000000
柘,zhè,1000000
柙,xiá,1000000
柚,yòu,1000000
柜,guì,1000000
柜,jǔ
柝,tuò,1000000
柞,zuò,1000000
柞,zé
柟,nán,1000000
柢,dǐ,1000000
柣,zhí,1000000
柣,dié
查,chá,1000000
查,zhā
柧,gū,1000000
柩,jiù,1000000
柬,jiǎn,1000000
柮,duò,1000000
柯,kē,1000000
柰,nài,1000000
柱,zhù,1000000
柲,bì,1000000
柳,liǔ,1000000
柴,chái,1000000
柴,zhài
柵,zhà,1000000
柵,shàn
柶,sì,1000000
柷,chù,1000000
柷,zhù
柹,shì,1000000
柿,shì,1000000
栀,zhī,1000000
栁,liǔ,1000000
栅,zhà,1000000
栅,shàn
标,biāo,1000000
标,piǎo
栒,xún,1000000
栓,shuān,1000000
栔,qì,1000000
栖,qī,1000000
栖,xī
栗,lì,1000000
栘,yí,1000000
栙,xiáng,1000000
栝,guā,1000000
栞,kān,1000000
栟,bīng,1000000
栟,píng
校,xiào,1000000
校,jiào
栢,bǎi,1000000
栢,bó
栩,xǔ,1000000
株,zhū,1000000
栭,ér,1000000
栱,gǒng,1000000
栲,kǎo,1000000
栳,lǎo,1000000
栴,zhān,1000000
栵,lì,1000000
核,hé,1000000
根,gēn,1000000
栻,shì,1000000
格,gé,1000000
栽,zāi,1000000
栾,luán,1000000
桀,jié,1000000
桁,héng,1000000
桁,háng
桁,hàng
桂,guì,1000000
桃,táo,1000000
桄,guāng,1000000
桄,guàng
桅,wéi,1000000
框,kuāng,1000000
案,àn,1000000
桉,àn,1000000
桋,yí,1000000
桌,zhuō,1000000
桎,zhì,1000000
桐,tóng,1000000
桑,sāng,1000000
桓,huán,1000000
桔,jú,1000000
桔,jié
桚,zǎn,1000000
桚,zá
桫,suō,1000000
桮,bēi,1000000
桯,tīng,1000000
桯,yíng
桲,bó,1000000
桴,fú,1000000
桵,ruǐ,1000000
桶,tǒng,1000000
桷,jué,1000000
桹,láng,1000000
桺,liǔ,1000000
桼,qī,1000000
桿,gǎn,1000000
梁,liáng,1000000
梃,tǐng,1000000
梅,méi,1000000
梆,bāng,1000000
梏,gù,1000000
梐,bì,1000000
梒,hán,1000000
梓,zǐ,1000000
梔,zhī,1000000
梗,gěng,1000000
梜,jiá,1000000
梜,jié
條,tiáo,1000000
梟,xiāo,1000000
梠,lǚ,1000000
梡,kuǎn,1000000
梢,shāo,1000000
梣,chén,1000000
梦,mèng,1000000
梧,wú,1000000
梧,wù
梨,lí,1000000
梩,lí,1000000
梭,suō,1000000
梮,jú,1000000
梯,tī,1000000
械,xiè,1000000
械,jiè
梱,kǔn,1000000
梲,zhuó,1000000
梲,tuō
梳,shū,1000000
梵,fàn,1000000
梹,bīn,1000000
梹,bīng
棃,lí,1000000
棄,qì,1000000
棉,mián,1000000
棊,qí,1000000
棊,jī
棋,qí,1000000
棋,jī
棍,gùn,1000000
棐,fěi,1000000
棑,fěi,1000000
棒,bàng,1000000
棓,bàng,1000000
棓,pǒu
棕,zōng,1000000
棖,chéng,1000000
棗,zǎo,1000000
棘,jí,1000000
棚,péng,1000000
棜,yù,1000000
棟,dòng,1000000
棠,táng,1000000
棣,dì,1000000
棣,tì
棧,zhàn,1000000
棨,qǐ,1000000
棫,yù,1000000
棬,quān,1000000
森,sēn,1000000
棰,chuí,1000000
棱,léng,1000000
棲,qī,1000000
棲,xī
棵,kē,1000000
棶,lái,1000000
棷,zōu,1000000
棸,zōu,1000000
棹,zhào,1000000
棹,zhuō
棺,guān,1000000
棻,fēn,1000000
棼,fén,1000000
棽,shēn,1000000
椀,wǎn,1000000
椄,jiē,1000000
椅,yǐ,1000000
椅,yī
椇,jǔ,1000000
椈,jú,1000000
椌,qiāng,1000000
植,zhí,1000000
椎,zhuī,1000000
椎,chuí
椏,yā,1000000
椐,jū,1000000
椑,bēi,1000000
椑,pí
椒,jiāo,1000000
椓,zhuó,1000000
椔,zī,1000000
椘,chǔ,1000000
椪,pèng,1000000
椰,yé,1000000
椳,wēi,1000000
椶,zōng,1000000
椷,jiān,1000000
椸,yí,1000000
椹,shèn,1000000
椹,zhēn
椽,chuán,1000000
椿,chūn,1000000
楂,zhā,1000000
楂,chá
楄,pián,1000000
楄,biān
楅,fú,1000000
楅,bì
楈,xū,1000000
楊,yáng,1000000
楎,hún,1000000
楓,fēng,1000000
楔,xiè,1000000
楔,xiē
楖,jié,1000000
楖,jí
楗,juàn,1000000
楙,mào,1000000
楙,mòu
楚,chǔ,1000000
楛,hù,1000000
楛,kǔ
楝,liàn,1000000
楞,léng,1000000
楞,lèng
楠,nán,1000000
楢,yóu,1000000
楣,méi,1000000
楥,xuàn,1000000
楦,xuàn,1000000
楨,zhēn,1000000
楩,pián,1000000
楪,dié,1000000
楫,jí,1000000
楬,jié,1000000
楬,qià
業,yè,1000000
業,niè
楮,chǔ,1000000
楯,shǔn,1000000
楰,yú,1000000
楱,còu,1000000
楳,méi,1000000
極,jí,1000000
楶,jié,1000000
楷,kǎi,1000000
楸,qiū,1000000
楹,yíng,1000000
楼,lóu,1000000
概,gài,1000000
榆,yú,1000000
榑,fú,1000000
榔,láng,1000000
榕,róng,1000000
榖,gǔ,1000000
榘,jǔ,1000000
榛,zhēn,1000000
榜,bǎng,1000000
榜,bèng
榣,yáo,1000000
榤,jié,1000000
榦,gàn,1000000
榦,hán
榧,fěi,1000000
榨,zhà,1000000
榫,sǔn,1000000
榭,xiè,1000000
榮,róng,1000000
榰,zhī,1000000
榱,cuī,1000000
榴,liú,1000000
榶,táng,1000000
榷,què,1000000
榻,tà,1000000
榼,kè,1000000
榾,gǔ,1000000
榿,qī,1000000
槀,gǎo,1000000
槁,gǎo,1000000
槃,pán,1000000
槅,gé,1000000
槊,shuò,1000000
構,gòu,1000000
槌,chuí,1000000
槍,qiāng,1000000
槍,chēng
槎,chá,1000000
槐,huái,1000000
槑,méi,1000000
槓,gàng,1000000
槔,gāo,1000000
槕,zhuō,1000000
槖,tuó,1000000
槤,lián,1000000
槥,huì,1000000
槧,qiàn,1000000
槨,guǒ,1000000
槩,gài,1000000
槪,gài,1000000
槬,huà,1000000
槭,cù,1000000
槮,sēn,1000000
槮,sǎn
槱,yǒu,1000000
槲,hú,1000000
槳,jiǎng,1000000
槹,gāo,1000000
槻,guī,1000000
槼,guī,1000000
槽,cáo,1000000
槿,jǐn,1000000
樀,dí,1000000
樁,zhuāng,1000000
樂,lè,1000000
樂,lào
樂,yào
樂,yuè
樅,cōng,1000000
樊,fán,1000000
樐,lǔ,1000000
樑,liáng,1000000
樓,lóu,1000000
樔,cháo,1000000
樕,sù,1000000
樗,shū,1000000
標,biāo,1000000
標,piǎo
樛,jiū,1000000
樝,zhā,1000000
樞,shū,1000000
樟,zhāng,1000000
樠,mán,1000000
模,mó,1000000
模,mú
樣,yàng,1000000
樣,xiàng
樨,xī,1000000
樨,xū
樲,èr,1000000
樴,zhí,1000000
樵,qiáo,1000000
樷,cóng,1000000
樷,cōng
樸,pú,1000000
樹,shù,1000000
樺,huà,1000000
樽,zūn,1000000
樾,yuè,1000000
樿,shàn,1000000
樿,zhǎn
橄,gǎn,1000000
橇,qiāo,1000000
橈,náo,1000000
橋,qiáo,1000000
橐,tuó,1000000
橑,lǎo,1000000
橕,chēng,1000000
橘,jú,1000000
橙,chéng,1000000
橚,sù,1000000
橛,jué,1000000
橜,jué,1000000
機,jī,1000000
橡,xiàng,1000000
橢,tuǒ,1000000
橤,ruǐ,1000000
橦,tóng,1000000
橦,chuáng
橦,chōng
橧,zēng,1000000
橪,rǎn,1000000
橫,héng,1000000
橫,hèng
橿,jiāng,1000000
檀,tán,1000000
檃,yǐn,1000000
檄,xí,1000000
檇,zuì,1000000
檉,chēng,1000000
檍,yì,1000000
檎,qín,1000000
檐,yán,1000000
檑,léi,1000000
檔,dǎng,1000000
檔,dàng
檕,jì,1000000
檖,suì,1000000
檛,zhuā,1000000
檜,kuài,1000000
檜,guì
檝,jí,1000000
檞,jiě,1000000
檟,jiǎ,1000000
檠,qíng,1000000
檢,jiǎn,1000000
檣,qiáng,1000000
檥,yǐ,1000000
檬,méng,1000000
檮,táo,1000000
檯,tái,1000000
檳,bīn,1000000
檳,bīng
檸,níng,1000000
檻,kǎn,1000000
檻,jiàn
檽,nòu,1000000
檿,yǎn,1000000
櫂,zhào,1000000
櫃,guì,1000000
櫆,kuí,1000000
櫈,dèng,1000000
櫋,mián,1000000
櫌,yōu,1000000
櫓,lǔ,1000000
櫚,lǘ,1000000
櫛,jié,1000000
櫜,gāo,1000000
櫝,dú,1000000
櫞,yuán,1000000
櫟,lì,1000000
櫥,chú,1000000
櫧,zhū,1000000
櫨,lú,1000000
櫪,lì,1000000
櫫,zhū,1000000
櫬,chèn,1000000
櫰,huái,1000000
櫱,niè,1000000
櫳,lóng,1000000
櫸,jǔ,1000000
櫺,líng,1000000
櫻,yīng,1000000
櫼,jiān,1000000
欂,bó,1000000
欃,chán,1000000
欄,lán,1000000
欇,shè,1000000
權,quán,1000000
欐,lì,1000000
欑,cuán,1000000
欒,luán,1000000
欖,lǎn,1000000
欙,lěi,1000000
欝,yù,1000000
欞,líng,1000000
欠,qiàn,1000000
次,cì,1000000
次,zī
欢,huān,1000000
欣,xīn,1000000
欤,yú,1000000
欥,yù,1000000
欨,xū,1000000
欬,kài,1000000
欬,ké
欭,yīn,1000000
欲,yù,1000000
欵,kuǎn,1000000
欶,shuò,1000000
欶,sòu
欷,xī,1000000
欸,ǎi,1000000
欸,āi
欸,èi
欹,yī,1000000
欺,qī,1000000
欻,chuā,1000000
欻,hū
欻,xù
欽,qīn,1000000
款,kuǎn,1000000
欿,kǎn,1000000
歀,kuǎn,1000000
歂,chuán,1000000
歂,chuǎn
歃,shà,1000000
歆,xīn,1000000
歇,xiē,1000000
歈,yú,1000000
歉,qiàn,1000000
歊,xiāo,1000000
歋,yé,1000000
歌,gē,1000000
歍,wū,1000000
歎,tàn,1000000
歐,ōu,1000000
歐,ǒu
歑,hū,1000000
歔,xū,1000000
歕,pēn,1000000
歕,pèn
歗,xiào,1000000
歘,chuā,1000000
歘,hū
歘,xù
歙,shè,1000000
歙,xì
歛,liàn,1000000
歜,chù,1000000
歟,yú,1000000
歠,chuò,1000000
歡,huān,1000000
止,zhǐ,1000000
正,zhèng,1000000
正,zhēng
此,cǐ,1000000
步,bù,1000000
武,wǔ,1000000
歧,qí,1000000
歪,wāi,1000000
歪,wǎi
歫,jù,1000000
歭,chí,1000000
歱,zhǒng,1000000
歲,suì,1000000
歷,lì,1000000
歸,guī,1000000
歸,kuì
歹,dǎi,1000000
歹,è
歺,è,1000000
歺,dǎi
死,sǐ,1000000
歾,mò,1000000
歿,mò,1000000
殀,yǎo,1000000
殂,cú,1000000
殃,yāng,1000000
殄,tiǎn,1000000
殆,dài,1000000
殈,xù,1000000
殉,xùn,1000000
殊,shū,1000000
殍,piǎo,1000000
殑,qíng,1000000
殖,zhí,1000000
殗,yè,1000000
殘,cán,1000000
殙,hūn,1000000
殛,jí,1000000
殜,yè,1000000
殞,yǔn,1000000
殟,wà,1000000
殠,chòu,1000000
殠,xiù
殡,bìn,1000000
殢,tì,1000000
殣,jǐn,1000000
殣,jìn
殤,shāng,1000000
殥,yín,1000000
殪,yì,1000000
殫,dān,1000000
殭,jiāng,1000000
殮,liàn,1000000
殯,bìn,1000000
殰,dú,1000000
殲,jiān,1000000
殳,shū,1000000
段,duàn,1000000
殷,yīn,1000000
殷,yān
殷,yǐn
殹,yī,1000000
殺,shā,1000000
殺,shà
殺,shài
殼,ké,1000000
殼,qiào
殼,què
殽,yáo,1000000
殿,diàn,1000000
毀,huǐ,1000000
毄,jí,1000000
毅,yì,1000000
毆,ōu,1000000
毈,duàn,1000000
毉,yī,1000000
毋,wú,1000000
毌,guàn,1000000
母,mǔ,1000000
每,měi,1000000
毐,ǎi,1000000
毒,dú,1000000
毓,yù,1000000
比,bǐ,1000000
比,bì
比,pí
毖,bì,1000000
毗,pí,1000000
毘,pí,1000000
毚,chán,1000000
毛,máo,1000000
毡,zhān,1000000
毣,mào,1000000
毧,róng,1000000
毨,xiǎn,1000000
毫,háo,1000000
毬,qiú,1000000
毯,tǎn,1000000
毰,péi,1000000
毲,duó,1000000
毳,cuì,1000000
毷,mào,1000000
毸,sāi,1000000
毹,yú,1000000
毹,shū
毽,jiàn,1000000
毾,tà,1000000
毿,sān,1000000
氀,lǘ,1000000
氁,mú,1000000
氂,lí,1000000
氂,máo
氃,tóng,1000000
氄,rǒng,1000000
氅,chǎng,1000000
氈,zhān,1000000
氉,zào,1000000
氊,zhān,1000000
氋,méng,1000000
氍,qú,1000000
氏,shì,1000000
氏,zhī
氐,dī,1000000
氐,dǐ
民,mín,1000000
氓,máng,1000000
氓,méng
气,qì,1000000
氕,piē,1000000
氖,nǎi,1000000
氘,dāo,1000000
氙,xiān,1000000
氚,chuān,1000000
氛,fēn,1000000
氟,fú,1000000
氠,shēn,1000000
氡,dōng,1000000
氣,qì,1000000
氤,yīn,1000000
氥,xī,1000000
氦,hài,1000000
氧,yǎng,1000000
氨,ān,1000000
氪,kè,1000000
氫,qīng,1000000
氬,yǎ,1000000
氮,dàn,1000000
氯,lǜ,1000000
氯,lù
氰,qīng,1000000
氳,yūn,1000000
水,shuǐ,1000000
氷,bīng,1000000
永,yǒng,1000000
氾,fàn,1000000
氾,fán
氿,guǐ,1000000
汀,tīng,1000000
汁,zhī,1000000
求,qiú,1000000
汃,bīn,1000000
汃,pà
汆,cuān,1000000
汆,tǔn
汊,chà,1000000
汋,zhuó,1000000
汍,wán,1000000
汎,fàn,1000000
汏,dài,1000000
汐,xì,1000000
汒,máng,1000000
汔,qì,1000000
汕,shàn,1000000
汗,hàn,1000000
汗,hán
汙,wū,1000000
汙,wù
汙,wā
汙,yū
汙,yú
汚,wū,1000000
汚,wù
汚,wā
汚,yū
汚,yú
汛,xùn,1000000
汜,sì,1000000
汝,rǔ,1000000
汞,gǒng,1000000
江,jiāng,1000000
池,chí,1000000
汧,qiān,1000000
汨,mì,1000000
汩,gǔ,1000000
汩,yù
汪,wāng,1000000
汭,ruì,1000000
汰,tài,1000000
汲,jí,1000000
汴,biàn,1000000
汶,wèn,1000000
汸,pāng,1000000
汹,xiōng,1000000
決,jué,1000000
汽,qì,1000000
汾,fén,1000000
沁,qìn,1000000
沂,yí,1000000
沃,wò,1000000
沃,wù
沄,yún,1000000
沅,yuán,1000000
沆,hàng,1000000
沆,háng
沇,yǎn,1000000
沈,shěn,1000000
沈,chén
沉,chén,1000000
沋,yóu,1000000
沌,dùn,1000000
沍,hù,1000000
沏,qī,1000000
沏,qū
沐,mù,1000000
沒,méi,1000000
沒,mò
沓,tà,1000000
沔,miǎn,1000000
沕,wù,1000000
沖,chōng,1000000
沘,bǐ,1000000
沙,shā,1000000
沚,zhǐ,1000000
沛,pèi,1000000
没,méi,1000000
没,mò
沪,hù,1000000
沫,mò,1000000
沬,mèi,1000000
沭,shù,1000000
沮,jǔ,1000000
沮,jū
沮,jù
沱,tuó,1000000
河,hé,1000000
沴,lì,1000000
沷,fú,1000000
沸,fèi,1000000
沸,fú
油,yóu,1000000
治,zhì,1000000
治,chí
沼,zhǎo,1000000
沽,gū,1000000
沾,zhān,1000000
沿,yán,1000000
沿,yàn
況,kuàng,1000000
泂,jiǒng,1000000
泄,xiè,1000000
泄,yì
泅,qiú,1000000
泆,yì,1000000
泉,quán,1000000
泊,bó,1000000
泊,pò
泌,mì,1000000
泌,bì
泐,lè,1000000
泓,hóng,1000000
泔,gān,1000000
法,fǎ,1000000
法,fā
法,fá
泖,mǎo,1000000
泗,sì,1000000
泙,pēng,1000000
泚,cǐ,1000000
泛,fàn,1000000
泛,fěng
泜,chí,1000000
泝,sù,1000000
泠,líng,1000000
泡,pào,1000000
泡,pāo
波,bō,1000000
波,pō
泣,qì,1000000
泥,ní,1000000
泥,nì
注,zhù,1000000
泪,lèi,1000000
泫,xuàn,1000000
泬,xuè,1000000
泭,fú,1000000
泮,pàn,1000000
泯,mǐn,1000000
泰,tài,1000000
泱,yāng,1000000
泲,jǐ,1000000
泳,yǒng,1000000
泵,bèng,1000000
洄,huí,1000000
洊,jiàn,1000000
洋,yáng,1000000
洌,liè,1000000
洎,jì,1000000
洏,ér,1000000
洑,fú,1000000
洒,sǎ,1000000
洒,xǐ
洒,xiǎn
洒,cuǐ
洗,xǐ,1000000
洗,xiǎn
洙,zhū,1000000
洙,shū
洚,jiàng,1000000
洛,luò,1000000
洞,dòng,1000000
洞,tóng
洟,yí,1000000
津,jīn,1000000
洧,wěi,1000000
洨,xiáo,1000000
洩,xiè,1000000
洩,yì
洪,hóng,1000000
洫,xù,1000000
洭,kuāng,1000000
洮,táo,1000000
洮,yáo
洱,ěr,1000000
洲,zhōu,1000000
洳,rù,1000000
洴,píng,1000000
洵,xún,1000000
洶,xiōng,1000000
洸,guāng,1000000
洸,huǎng
洹,huán,1000000
洺,míng,1000000
活,huó,1000000
洼,wā,1000000
洼,guī
洽,qià,1000000
洽,xiá
派,pài,1000000
洿,wū,1000000
流,liú,1000000
浄,jìng,1000000
浅,qiǎn,1000000
浅,jiān
浙,zhè,1000000
浚,jùn,1000000
浜,bīn,1000000
浞,zhuó,1000000
浠,xī,1000000
浡,bó,1000000
浣,huǎn,1000000
浣,wǎn
浥,yì,1000000
浦,pǔ,1000000
浩,hào,1000000
浪,làng,1000000
浪,láng
浬,lǐ,1000000
浬,lí
浮,fú,1000000
浮,fóu
浯,wú,1000000
浴,yù,1000000
海,hǎi,1000000
浸,jìn,1000000
浸,jīn
浹,jiá,1000000
浼,měi,1000000
涂,tú,1000000
涅,niè,1000000
涇,jīng,1000000
消,xiāo,1000000
涉,shè,1000000
涌,yǒng,1000000
涎,xián,1000000
涎,yàn
涑,sù,1000000
涒,tūn,1000000
涒,jūn
涒,yūn
涓,juān,1000000
涔,cén,1000000
涕,tì,1000000
涖,lì,1000000
涗,shuì,1000000
涘,sì,1000000
涛,tāo,1000000
涛,táo
涪,fú,1000000
涫,guàn,1000000
涮,shuàn,1000000
涯,yá,1000000
液,yè,1000000
液,yì
涳,kōng,1000000
涴,wò,1000000
涵,hán,1000000
涷,dòng,1000000
涷,dōng
涸,hé,1000000
涸,hào
涼,liáng,1000000
涼,liàng
涾,tà,1000000
涿,zhuó,1000000
涿,zhuō
淂,dé,1000000
淂,de
淂,dǎi
淂,děi
淄,zī,1000000
淅,xī,1000000
淆,yáo,1000000
淇,qí,1000000
淈,gǔ,1000000
淋,lín,1000000
淌,tǎng,1000000
淑,shú,1000000
淒,qī,1000000
淖,nào,1000000
淘,táo,1000000
淙,cóng,1000000
淚,lèi,1000000
淜,pēng,1000000
淝,féi,1000000
淞,sōng,1000000
淟,tiǎn,1000000
淠,pì,1000000
淠,pèi
淡,dàn,1000000
淢,yù,1000000
淢,xù
淤,yū,1000000
淥,lù,1000000
淦,gàn,1000000
淨,jìng,1000000
淩,líng,1000000
淪,lún,1000000
淫,yín,1000000
淬,cuì,1000000
淮,huái,1000000
淯,yù,1000000
淰,niǎn,1000000
淰,shěn
深,shēn,1000000
淳,chún,1000000
淴,hū,1000000
淵,yuān,1000000
淶,lái,1000000
混,hùn,1000000
混,gǔn
混,kūn
混,hǔn
混,hún
淹,yān,1000000
淹,yàn
淺,qiǎn,1000000
淺,jiān
添,tiān,1000000
淼,miǎo,1000000
渃,ruò,1000000
清,qīng,1000000
済,jì,1000000
済,jǐ
渊,yuān,1000000
渙,huàn,1000000
渚,zhǔ,1000000
減,jiǎn,1000000
渜,nuǎn,1000000
渝,yú,1000000
渟,tíng,1000000
渠,qú,1000000
渡,dù,1000000
渢,féng,1000000
渣,zhā,1000000
渣,zhǎ
渤,bó,1000000
渥,wò,1000000
渦,wō,1000000
渦,guō
渨,wēi,1000000
温,wēn,1000000
渫,xiè,1000000
測,cè,1000000
渭,wèi,1000000
港,gǎng,1000000
渰,yǎn,1000000
渲,xuàn,1000000
渳,mǐ,1000000
渴,kě,1000000
渴,hé
渴,jié
游,yóu,1000000
渹,hōng,1000000
渺,miǎo,1000000
渼,měi,1000000
渾,hún,1000000
渾,gǔn
渾,hùn
湀,guǐ,1000000
湃,pài,1000000
湄,méi,1000000
湅,liàn,1000000
湉,tián,1000000
湊,còu,1000000
湌,cān,1000000
湍,tuān,1000000
湎,miǎn,1000000
湏,xū,1000000
湑,xǔ,1000000
湓,pén,1000000
湔,jiān,1000000
湖,hú,1000000
湘,xiāng,1000000
湛,zhàn,1000000
湛,dān
湜,shí,1000000
湝,jiē,1000000
湞,zhēn,1000000
湟,huáng,1000000
湠,tàn,1000000
湢,bì,1000000
湣,mǐn,1000000
湧,yǒng,1000000
湨,jú,1000000
湩,dòng,1000000
湫,jiǎo,1000000
湮,yīn,1000000
湮,yān
湯,tāng,1000000
湯,shāng
湱,huò,1000000
湲,yuán,1000000
湻,chún,1000000
湼,niè,1000000
湾,wān,1000000
溈,guī,1000000
溉,gài,1000000
溏,táng,1000000
源,yuán,1000000
溔,yǎo,1000000
準,zhǔn,1000000
溘,kè,1000000
溚,dá,1000000
溜,liū,1000000
溜,liù
溝,gōu,1000000
溞,sāo,1000000
溟,míng,1000000
溠,zhà,1000000
溢,yì,1000000
溥,pǔ,1000000
溦,wēi,1000000
溧,lì,1000000
溪,xī,1000000
溪,qī
溫,wēn,1000000
溯,sù,1000000
溰,yī,1000000
溱,zhēn,1000000
溲,sōu,1000000
溴,xiù,1000000
溶,róng,1000000
溷,hùn,1000000
溺,nì,1000000
溺,niào
溼,shī,1000000
溽,rù,1000000
滀,chù,1000000
滁,chú,1000000
滂,pāng,1000000
滃,wěng,1000000
滄,cāng,1000000
滅,miè,1000000
滇,diān,1000000
滈,hào,1000000
滉,huǎng,1000000
滋,zī,1000000
滌,dí,1000000
滎,xíng,1000000
滎,yíng
滏,fǔ,1000000
滑,huá,1000000
滑,gǔ
滓,zǐ,1000000
滔,tāo,1000000
滕,téng,1000000
滙,huì,1000000
滚,gǔn,1000000
滦,luán,1000000
滨,bīn,1000000
滩,tān,1000000
滫,xiǔ,1000000
滬,hù,1000000
滮,biāo,1000000
滯,zhì,1000000
滲,shèn,1000000
滴,dī,1000000
滵,mì,1000000
滷,lǔ,1000000
滸,hǔ,1000000
滹,hū,1000000
滺,yōu,1000000
滻,chǎn,1000000
滾,gǔn,1000000
滿,mǎn,1000000
漁,yú,1000000
漂,piāo,1000000
漂,piǎo
漂,piào
漅,cháo,1000000
漆,qī,1000000
漆,qù
漈,jì,1000000
漉,lù,1000000
漊,lóu,1000000
漏,lòu,1000000
漓,lí,1000000
演,yǎn,1000000
漕,cáo,1000000
漕,zào
漘,chún,1000000
漙,tuán,1000000
漚,ōu,1000000
漚,òu
漠,mò,1000000
漢,hàn,1000000
漣,lián,1000000
漦,lí,1000000
漩,xuán,1000000
漩,xuàn
漪,yī,1000000
漫,màn,1000000
漫,mán
漬,zì,1000000
漭,mǎng,1000000
漯,luò,1000000
漯,tà
漰,pēng,1000000
漱,shù,1000000
漱,sòu
漲,zhǎng,1000000
漲,zhàng
漳,zhāng,1000000
漵,xù,1000000
漶,huàn,1000000
漷,kuò,1000000
漸,jiàn,1000000
漸,jiān
漻,liáo,1000000
漼,cuǐ,1000000
漾,yàng,1000000
漿,jiāng,1000000
潀,zhōng,1000000
潁,yǐng,1000000
潎,pì,1000000
潎,piē
潏,jué,1000000
潑,pō,1000000
潔,jié,1000000
潘,pān,1000000
潙,guī,1000000
潚,xiāo,1000000
潛,qián,1000000
潝,xì,1000000
潞,lù,1000000
潟,xì,1000000
潠,sùn,1000000
潠,xùn
潢,huáng,1000000
潤,rùn,1000000
潦,lǎo,1000000
潦,lào
潦,liáo
潬,dàn,1000000
潬,tān
潭,tán,1000000
潮,cháo,1000000
潯,xún,1000000
潰,kuì,1000000
潰,huì
潲,shào,1000000
潸,shān,1000000
潺,chán,1000000
潼,tóng,1000000
潾,lín,1000000
澀,sè,1000000
澁,sè,1000000
澂,chéng,1000000
澄,chéng,1000000
澄,dèng
澆,jiāo,1000000
澇,lào,1000000
澈,chè,1000000
澉,gǎn,1000000
澌,sī,1000000
澍,shù,1000000
澎,pēng,1000000
澎,péng
澐,yún,1000000
澒,hòng,1000000
澓,fú,1000000
澔,hào,1000000
澗,jiàn,1000000
澟,lǐn,1000000
澠,mǐn,1000000
澠,shéng
澡,zǎo,1000000
澣,huǎn,1000000
澣,wǎn
澤,zé,1000000
澥,xiè,1000000
澦,yù,1000000
澧,lǐ,1000000
澨,shì,1000000
澩,xué,1000000
澩,xiào
澭,yōng,1000000
澮,kuài,1000000
澱,diàn,1000000
澳,ào,1000000
澳,yù
澴,huán,1000000
澶,chán,1000000
澹,dàn,1000000
澹,tán
澼,pì,1000000
激,jī,1000000
濁,zhuó,1000000
濂,lián,1000000
濃,nóng,1000000
濆,fén,1000000
濆,pēn
濇,sè,1000000
濈,jí,1000000
濊,huì,1000000
濊,huò
濊,wèi
濌,tà,1000000
濔,mǐ,1000000
濕,shī,1000000
濕,xí
濘,nìng,1000000
濛,méng,1000000
濜,jìn,1000000
濞,pì,1000000
濟,jì,1000000
濟,jǐ
濠,háo,1000000
濡,rú,1000000
濤,táo,1000000
濤,tāo
濩,huò,1000000
濫,làn,1000000
濬,jùn,1000000
濮,pú,1000000
濯,zhuó,1000000
濰,wéi,1000000
濱,bīn,1000000
濵,bīn,1000000
濶,kuò,1000000
濺,jiàn,1000000
濼,luò,1000000
濼,bó
濼,pò
濾,lǜ,1000000
瀁,yàng,1000000
瀁,yǎng
瀄,jié,1000000
瀅,yíng,1000000
瀆,dú,1000000
瀇,wǎng,1000000
瀉,xiè,1000000
瀋,shěn,1000000
瀌,biāo,1000000
瀍,chán,1000000
瀏,liú,1000000
瀑,pù,1000000
瀑,bào
瀕,bīn,1000000
瀕,pín
瀘,lú,1000000
瀚,hàn,1000000
瀛,yíng,1000000
瀝,lì,1000000
瀟,xiāo,1000000
瀠,yíng,1000000
瀡,suǐ,1000000
瀣,xiè,1000000
瀦,zhū,1000000
瀧,lóng,1000000
瀧,shuāng
瀨,lài,1000000
瀯,yíng,1000000
瀰,mí,1000000
瀰,mǐ
瀲,liàn,1000000
瀳,jiàn,1000000
瀵,fèn,1000000
瀸,jiān,1000000
瀹,yuè,1000000
瀹,yào
瀺,chán,1000000
瀼,ráng,1000000
瀼,ràng
瀽,jiǎn,1000000
瀾,lán,1000000
瀾,làn
瀿,fán,1000000
灂,zhuó,1000000
灂,jiào
灃,fēng,1000000
灄,shè,1000000
灉,yōng,1000000
灊,qián,1000000
灋,fǎ,1000000
灋,fā
灋,fá
灌,guàn,1000000
灑,sǎ,1000000
灕,lí,1000000
灖,mǐ,1000000
灘,tān,1000000
灛,chǎn,1000000
灝,hào,1000000
灞,bà,1000000
灣,wān,1000000
灤,luán,1000000
灧,yàn,1000000
灨,gàn,1000000
灩,yàn,1000000
火,huǒ,1000000
灯,dēng,1000000
灰,huī,1000000
灶,zào,1000000
灸,jiǔ,1000000
灺,xiè,1000000
灺,duò
灼,zhuó,1000000
災,zāi,1000000
灾,zāi,1000000
炅,jiǒng,1000000
炅,guì
炉,lú,1000000
炊,chuī,1000000
炊,chuì
炎,yán,1000000
炒,chǎo,1000000
炔,guì,1000000
炔,quē
炕,kàng,1000000
炘,xīn,1000000
炙,zhì,1000000
炤,zhào,1000000
炫,xuàn,1000000
炬,jù,1000000
炭,tàn,1000000
炮,pào,1000000
炮,bāo
炮,páo
炯,jiǒng,1000000
炰,páo,1000000
炱,tái,1000000
炳,bǐng,1000000
炷,zhù,1000000
炸,zhà,1000000
炸,zhá
点,diǎn,1000000
為,wèi,1000000
為,wéi
烈,liè,1000000
烊,yáng,1000000
烋,xiāo,1000000
烏,wū,1000000
烕,xuè,1000000
烖,zāi,1000000
烘,hōng,1000000
烙,lào,1000000
烙,luò
烛,zhú,1000000
烜,xuǎn,1000000
烝,zhēng,1000000
烟,yān,1000000
烤,kǎo,1000000
烩,huì,1000000
烬,jìn,1000000
热,rè,1000000
烯,xī,1000000
烱,jiǒng,1000000
烴,tīng,1000000
烷,wán,1000000
烹,pēng,1000000
烺,lǎng,1000000
烽,fēng,1000000
焄,xūn,1000000
焉,yān,1000000
焊,hàn,1000000
焌,jùn,1000000
焐,wù,1000000
焗,jú,1000000
焙,bèi,1000000
焚,fén,1000000
焚,fèn
焜,kūn,1000000
焞,chún,1000000
焠,cuì,1000000
無,wú,1000000
無,mó
焦,jiāo,1000000
焮,xìn,1000000
焯,zhuó,1000000
焰,yàn,1000000
焱,yàn,1000000
然,rán,1000000
焿,gēng,1000000
煁,chén,1000000
煅,duàn,1000000
煆,xià,1000000
煇,huī,1000000
煉,liàn,1000000
煌,huáng,1000000
煎,jiān,1000000
煏,bì,1000000
煑,zhǔ,1000000
煒,wěi,1000000
煖,nuǎn,1000000
煖,xuān
煙,yān,1000000
煜,yù,1000000
煞,shā,1000000
煞,shà
煠,zhá,1000000
煠,yè
煢,qióng,1000000
煣,róu,1000000
煤,méi,1000000
煥,huàn,1000000
煦,xǔ,1000000
照,zhào,1000000
煨,wēi,1000000
煩,fán,1000000
煬,yáng,1000000
煬,yàng
煮,zhǔ,1000000
煲,bāo,1000000
煻,táng,1000000
煽,shān,1000000
熄,xí,1000000
熅,yùn,1000000
熅,yún
熇,hè,1000000
熇,kǎo
熇,hù
熊,xióng,1000000
熏,xūn,1000000
熏,xùn
熒,yíng,1000000
熔,róng,1000000
熗,qiàng,1000000
熙,xī,1000000
熙,yí
熛,biāo,1000000
熟,shú,1000000
熟,shóu
熠,yì,1000000
熨,yùn,1000000
熨,yù
熬,áo,1000000
熬,āo
熯,hàn,1000000
熰,ōu,1000000
熱,rè,1000000
熲,jiǒng,1000000
熸,jiān,1000000
熹,xī,1000000
熺,xī,1000000
熾,chì,1000000
燀,chǎn,1000000
燁,yè,1000000
燂,qián,1000000
燃,rán,1000000
燄,yàn,1000000
燈,dēng,1000000
燉,dùn,1000000
燉,dūn
燊,shēn,1000000
燋,jiāo,1000000
燎,liáo,1000000
燎,liǎo
燎,liào
燐,lín,1000000
燒,shāo,1000000
燔,fán,1000000
燕,yàn,1000000
燕,yān
燖,xún,1000000
燙,tàng,1000000
燜,mèn,1000000
燜,mēn
營,yíng,1000000
燠,yù,1000000
燠,ào
燡,yì,1000000
燥,zào,1000000
燥,sào
燦,càn,1000000
燧,suì,1000000
燬,huǐ,1000000
燭,zhú,1000000
燮,xiè,1000000
燴,huì,1000000
燹,xiǎn,1000000
燻,xūn,1000000
燼,jìn,1000000
燾,táo,1000000
燾,dào
燿,yào,1000000
燿,yuè
爁,làn,1000000
爁,lǎn
爂,biāo,1000000
爆,bào,1000000
爆,bó
爇,ruò,1000000
爇,rè
爊,áo,1000000
爍,shuò,1000000
爐,lú,1000000
爓,yàn,1000000
爗,yè,1000000
爚,yuè,1000000
爚,yào
爛,làn,1000000
爝,jué,1000000
爟,guàn,1000000
爢,mí,1000000
爣,tǎng,1000000
爨,cuàn,1000000
爪,zhǎo,1000000
爪,zhuǎ
爬,pá,1000000
爭,zhēng,1000000
爰,yuán,1000000
爲,wèi,1000000
爲,wéi
爵,jué,1000000
父,fù,1000000
父,fǔ
爸,bà,1000000
爹,diē,1000000
爺,yé,1000000
爻,yáo,1000000
爻,xiáo
爽,shuǎng,1000000
爾,ěr,1000000
爿,qiáng,1000000
爿,bàn
牀,chuáng,1000000
牁,gē,1000000
牂,zāng,1000000
牄,qiāng,1000000
牆,qiáng,1000000
片,piàn,1000000
片,piān
版,bǎn,1000000
牉,pàn,1000000
牋,jiān,1000000
牌,pái,1000000
牎,chuāng,1000000
牒,dié,1000000
牓,bǎng,1000000
牕,chuāng,1000000
牖,yǒu,1000000
牘,dú,1000000
牙,yá,1000000
牚,chēng,1000000
牛,niú,1000000
牝,pìn,1000000
牟,móu,1000000
牠,tā,1000000
牠,tuō
牡,mǔ,1000000
牡,mǒu
牢,láo,1000000
牣,rèn,1000000
牧,mù,1000000
物,wù,1000000
牬,bèi,1000000
牮,jiàn,1000000
牯,gǔ,1000000
牲,shēng,1000000
牴,dǐ,1000000
牷,quán,1000000
牸,zì,1000000
特,tè,1000000
牻,máng,1000000
牼,kēng,1000000
牽,qiān,1000000
牾,wǔ,1000000
牿,gù,1000000
犀,xī,1000000
犁,lí,1000000
犂,lí,1000000
犄,jī,1000000
犅,gāng,1000000
犆,zhí,1000000
犇,bēn,1000000
犇,bèn
犉,rún,1000000
犍,jiān,1000000
犍,qián
犎,fēng,1000000
犒,kào,1000000
犕,bèi,1000000
犖,luò,1000000
犗,jiè,1000000
犘,má,1000000
犛,lí,1000000
犛,máo
犢,dú,1000000
犦,bào,1000000
犧,xī,1000000
犨,chōu,1000000
犫,chōu,1000000
犬,quǎn,1000000
犮,bó,1000000
犯,fàn,1000000
犰,qiú,1000000
犴,àn,1000000
犴,hàn
犵,qì,1000000
犹,yóu,1000000
犺,kàng,1000000
犼,hǒu,1000000
犽,yá,1000000
犿,fān,1000000
狀,zhuàng,1000000
狁,yǔn,1000000
狂,kuáng,1000000
狃,niǔ,1000000
狄,dí,1000000
狉,pī,1000000
狋,yí,1000000
狌,shēng,1000000
狌,xīng
狎,xiá,1000000
狐,hú,1000000
狒,fèi,1000000
狖,yòu,1000000
狗,gǒu,1000000
狙,jū,1000000
狟,huán,1000000
狠,hěn,1000000
狡,jiǎo,1000000
狢,hé,1000000
狢,mò
狢,háo
狧,tà,1000000
狨,róng,1000000
狩,shòu,1000000
狫,lǎo,1000000
独,dú,1000000
狯,kuài,1000000
狳,yú,1000000
狴,bì,1000000
狶,xī,1000000
狷,juàn,1000000
狸,lí,1000000
狹,xiá,1000000
狺,yín,1000000
狻,suān,1000000
狼,láng,1000000
狽,bèi,1000000
猀,shā,1000000
猁,lì,1000000
猇,xiāo,1000000
猊,ní,1000000
猋,biāo,1000000
猍,lái,1000000
猒,yàn,1000000
猓,guǒ,1000000
猕,mí,1000000
猖,chāng,1000000
猗,yī,1000000
猗,ě
猗,yǐ
猘,zhì,1000000
猙,zhēng,1000000
猛,měng,1000000
猜,cāi,1000000
猝,cù,1000000
猞,shè,1000000
猢,hú,1000000
猥,wěi,1000000
猧,wō,1000000
猨,yuán,1000000
猩,xīng,1000000
猪,zhū,1000000
猫,māo,1000000
猬,wèi,1000000
献,xiàn,1000000
猯,tuān,1000000
猰,yà,1000000
猱,náo,1000000
猲,xiē,1000000
猲,hè
猳,jiā,1000000
猴,hóu,1000000
猵,biān,1000000
猵,piàn
猶,yóu,1000000
猷,yóu,1000000
猺,yáo,1000000
猻,sūn,1000000
猼,bó,1000000
猼,páo
猾,huá,1000000
猿,yuán,1000000
獃,dāi,1000000
獃,ái
獄,yù,1000000
獅,shī,1000000
獉,zhēn,1000000
獋,háo,1000000
獌,màn,1000000
獌,wàn
獍,jìng,1000000
獎,jiǎng,1000000
獏,mú,1000000
獐,zhāng,1000000
獑,chán,1000000
獒,áo,1000000
獕,cuī,1000000
獗,jué,1000000
獝,xù,1000000
獠,liáo,1000000
獡,shuò,1000000
獨,dú,1000000
獪,kuài,1000000
獫,xiǎn,1000000
獬,xiè,1000000
獮,xiǎn,1000000
獯,xūn,1000000
獰,níng,1000000
獲,huò,1000000
獲,huái
獵,liè,1000000
獶,náo,1000000
獷,guǎng,1000000
獸,shòu,1000000
獺,tà,1000000
獺,tǎ
獻,xiàn,1000000
獼,mí,1000000
獾,huān,1000000
玀,luó,1000000
玁,xiǎn,1000000
玃,jué,1000000
玄,xuán,1000000
玅,miào,1000000
率,lǜ,1000000
率,shuò
率,shuài
玈,lú,1000000
玉,yù,1000000
王,wáng,1000000
王,wàng
王,yù
玍,gǎ,1000000
玎,dīng,1000000
玓,dì,1000000
玕,gān,1000000
玖,jiǔ,1000000
玗,yú,1000000
玟,wén,1000000
玟,mín
玠,jiè,1000000
玢,bīn,1000000
玤,bàng,1000000
玥,yuè,1000000
玦,jué,1000000
玨,jué,1000000
玩,wán,1000000
玩,wàn
玫,méi,1000000
玭,pín,1000000
玭,pí
玭,pián
环,huán,1000000
玲,líng,1000000
玳,dài,1000000
玷,diàn,1000000
玻,bō,1000000
玼,cǐ,1000000
珀,pò,1000000
珂,kē,1000000
珈,jiā,1000000
珉,mín,1000000
珊,shān,1000000
珌,bì,1000000
珍,zhēn,1000000
珎,zhēn,1000000
珏,jué,1000000
珐,fà,1000000
珓,jiào,1000000
珙,gǒng,1000000
珞,luò,1000000
珠,zhū,1000000
珡,qín,1000000
珣,xún,1000000
珥,ěr,1000000
珧,yáo,1000000
珩,héng,1000000
珪,guī,1000000
班,bān,1000000
珮,pèi,1000000
珵,chéng,1000000
珽,tǐng,1000000
現,xiàn,1000000
琀,hàn,1000000
球,qiú,1000000
琅,láng,1000000
理,lǐ,1000000
琇,xiù,1000000
琉,liú,1000000
琊,yé,1000000
琍,lì,1000000
琖,zhǎn,1000000
琚,jū,1000000
琛,chēn,1000000
琢,zhuó,1000000
琤,chēng,1000000
琥,hǔ,1000000
琦,qí,1000000
琨,kūn,1000000
琪,qí,1000000
琫,běng,1000000
琬,wǎn,1000000
琭,lù,1000000
琮,cóng,1000000
琯,guǎn,1000000
琰,yǎn,1000000
琱,diāo,1000000
琲,bèi,1000000
琳,lín,1000000
琴,qín,1000000
琵,pí,1000000
琶,pá,1000000
琶,ba
琶,pa
琹,qín,1000000
琺,fà,1000000
琼,qióng,1000000
琿,hún,1000000
瑀,yǔ,1000000
瑁,mào,1000000
瑁,mèi
瑄,xuān,1000000
瑇,dài,1000000
瑉,mín,1000000
瑊,zhēn,1000000
瑋,wěi,1000000
瑑,zhuàn,1000000
瑒,chàng,1000000
瑒,yáng
瑕,xiá,1000000
瑗,yuàn,1000000
瑙,nǎo,1000000
瑚,hú,1000000
瑛,yīng,1000000
瑜,yú,1000000
瑞,ruì,1000000
瑟,sè,1000000
瑢,róng,1000000
瑣,suǒ,1000000
瑤,yáo,1000000
瑩,yíng,1000000
瑪,mǎ,1000000
瑯,láng,1000000
瑰,guī,1000000
瑱,tiàn,1000000
瑲,qiāng,1000000
瑳,cuō,1000000
瑳,cuǒ
瑽,cōng,1000000
瑾,jǐn,1000000
瑾,jìn
瑿,yī,1000000
璀,cuǐ,1000000
璁,cōng,1000000
璃,lí,1000000
璅,suǒ,1000000
璆,qiú,1000000
璇,xuán,1000000
璈,áo,1000000
璉,liǎn,1000000
璉,lián
璊,mén,1000000
璋,zhāng,1000000
璐,lù,1000000
璘,lín,1000000
璚,qióng,1000000
璜,huáng,1000000
璞,pú,1000000
璟,jǐng,1000000
璠,fán,1000000
璣,jī,1000000
璦,ài,1000000
璧,bì,1000000
璨,càn,1000000
璩,qú,1000000
璪,zǎo,1000000
璫,dāng,1000000
環,huán,1000000
璱,sè,1000000
璲,suì,1000000
璵,yú,1000000
璺,wèn,1000000
璽,xǐ,1000000
璿,xuán,1000000
瓀,ruǎn,1000000
瓅,lì,1000000
瓈,lí,1000000
瓊,qióng,1000000
瓌,guī,1000000
瓏,lóng,1000000
瓓,lán,1000000
瓔,yīng,1000000
瓖,xiāng,1000000
瓘,guàn,1000000
瓚,zàn,1000000
瓛,huán,1000000
瓜,guā,1000000
瓝,bó,1000000
瓞,dié,1000000
瓟,bó,1000000
瓟,páo
瓠,hù,1000000
瓢,piáo,1000000
瓣,bàn,1000000
瓤,ráng,1000000
瓦,wǎ,1000000
瓦,wà
瓫,pén,1000000
瓬,fǎng,1000000
瓮,wèng,1000000
瓴,líng,1000000
瓶,píng,1000000
瓷,cí,1000000
瓻,chī,1000000
瓽,dàng,1000000
瓽,dǎng
瓾,měng,1000000
瓿,pǒu,1000000
甁,píng,1000000
甃,zhòu,1000000
甄,zhēn,1000000
甆,cí,1000000
甋,dí,1000000
甌,ōu,1000000
甍,méng,1000000
甎,zhuān,1000000
甑,zèng,1000000
甒,wǔ,1000000
甓,pì,1000000
甔,dān,1000000
甔,dàn
甕,wèng,1000000
甖,yīng,1000000
甗,yǎn,1000000
甘,gān,1000000
甚,shèn,1000000
甚,shé
甚,shén
甛,tián,1000000
甜,tián,1000000
甞,cháng,1000000
生,shēng,1000000
甡,shēn,1000000
產,chǎn,1000000
甤,ruí,1000000
甥,shēng,1000000
甦,sū,1000000
用,yòng,1000000
甩,shuǎi,1000000
甪,lù,1000000
甫,fǔ,1000000
甬,yǒng,1000000
甭,béng,1000000
甯,níng,1000000
甯,nìng
田,tián,1000000
由,yóu,1000000
甲,jiǎ,1000000
甲,jià
申,shēn,1000000
电,diàn,1000000
男,nán,1000000
甸,diàn,1000000
甸,tián
甹,pīng,1000000
町,tǐng,1000000
町,dīng
画,huà,1000000
甽,quǎn,1000000
甾,zāi,1000000
甾,zī
甿,méng,1000000
畀,bì,1000000
畄,liú,1000000
畆,mǔ,1000000
畆,mǒu
畇,yún,1000000
畋,tián,1000000
界,jiè,1000000
畎,quǎn,1000000
畏,wèi,1000000
畔,pàn,1000000
留,liú,1000000
畚,běn,1000000
畛,zhěn,1000000
畜,chù,1000000
畜,xù
畝,mǔ,1000000
畝,mǒu
畟,cè,1000000
畢,bì,1000000
畤,zhì,1000000
略,lüè,1000000
畦,qí,1000000
畦,xī
畧,lüè,1000000
番,fān,1000000
番,pó
番,pān
畫,huà,1000000
畬,shē,1000000
畬,yú
畮,mǔ,1000000
畮,mǒu
畯,jùn,1000000
異,yì,1000000
畱,liú,1000000
當,dāng,1000000
當,dǎng
當,dàng
畷,zhuó,1000000
畸,jī,1000000
畹,wǎn,1000000
畺,jiāng,1000000
畽,tuǎn,1000000
畿,jī,1000000
畿,qí
疁,liú,1000000
疃,tuǎn,1000000
疆,jiāng,1000000
疇,chóu,1000000
疊,dié,1000000
疋,pǐ,1000000
疋,shū
疋,yǎ
疎,shū,1000000
疎,shù
疎,sū
疏,shū,1000000
疏,shù
疏,sū
疐,zhì,1000000
疑,yí,1000000
疒,chuáng,1000000
疔,dīng,1000000
疙,gē,1000000
疚,jiù,1000000
疝,shàn,1000000
疢,chèn,1000000
疣,yóu,1000000
疤,bā,1000000
疥,jiè,1000000
疧,zhī,1000000
疫,yì,1000000
疰,zhù,1000000
疱,pào,1000000
疲,pí,1000000
疳,gān,1000000
疴,kē,1000000
疴,ē
疵,cī,1000000
疵,cí
疸,dǎn,1000000
疹,zhěn,1000000
疻,zhǐ,1000000
疼,téng,1000000
疽,jū,1000000
疾,jí,1000000
疿,fèi,1000000
痀,jū,1000000
痁,diàn,1000000
痂,jiā,1000000
痃,xián,1000000
痄,zhà,1000000
病,bìng,1000000
痆,niè,1000000
症,zhèng,1000000
痊,quán,1000000
痌,tōng,1000000
痍,yí,1000000
痎,jiē,1000000
痏,wěi,1000000
痒,yǎng,1000000
痒,yáng
痔,zhì,1000000
痕,hén,1000000
痗,mèi,1000000
痘,dòu,1000000
痙,jìng,1000000
痛,tòng,1000000
痝,máng,1000000
痞,pǐ,1000000
痠,suān,1000000
痡,pū,1000000
痢,lì,1000000
痣,zhì,1000000
痤,cuó,1000000
痦,wù,1000000
痧,shā,1000000
痯,guǎn,1000000
痰,tán,1000000
痱,fèi,1000000
痲,má,1000000
痳,lín,1000000
痴,chī,1000000
痴,chí
痶,diǎn,1000000
痹,bì,1000000
痺,bì,1000000
痻,mín,1000000
痼,gù,1000000
痾,ē,1000000
痾,kē
痿,wěi,1000000
瘀,yū,1000000
瘁,cuì,1000000
瘂,yǎ,1000000
瘂,è
瘂,yā
瘃,zhú,1000000
瘇,zhǒng,1000000
瘇,chòng
瘈,jì,1000000
瘈,qì
瘈,zhì
瘉,yù,1000000
瘊,hóu,1000000
瘋,fēng,1000000
瘌,là,1000000
瘌,la
瘍,yáng,1000000
瘏,tú,1000000
瘐,yǔ,1000000
瘓,huàn,1000000
瘕,jiǎ,1000000
瘖,yīn,1000000
瘘,lòu,1000000
瘘,lǘ
瘙,sāo,1000000
瘛,jì,1000000
瘛,qì
瘛,zhì
瘜,xí,1000000
瘝,guān,1000000
瘞,yì,1000000
瘟,wēn,1000000
瘠,jí,1000000
瘡,chuāng,1000000
瘢,bān,1000000
瘣,huì,1000000
瘤,liú,1000000
瘥,chài,1000000
瘥,cuó
瘦,shòu,1000000
瘧,nüè,1000000
瘨,diān,1000000
瘩,da,1000000
瘩,dá
瘭,biāo,1000000
瘯,cù,1000000
瘰,luǒ,1000000
瘱,yì,1000000
瘲,zòng,1000000
瘳,chōu,1000000
瘴,zhàng,1000000
瘵,zhài,1000000
瘸,qué,1000000
瘺,lòu,1000000
瘻,lòu,1000000
瘻,lǘ
瘼,mò,1000000
療,liáo,1000000
癃,lóng,1000000
癆,láo,1000000
癇,xián,1000000
癈,fèi,1000000
癉,dān,1000000
癉,dàn
癌,yán,1000000
癌,ái
癑,nóng,1000000
癒,yù,1000000
癔,yì,1000000
癖,pǐ,1000000
癖,pì
癘,lì,1000000
癙,shǔ,1000000
癜,diàn,1000000
癟,biě,1000000
癠,jì,1000000
癡,chī,1000000
癡,chí
癢,yǎng,1000000
癤,jié,1000000
癤,jiē
癥,zhēng,1000000
癩,lài,1000000
癬,xuǎn,1000000
癬,xiǎn
癭,yǐng,1000000
癮,yǐn,1000000
癯,qú,1000000
癰,yōng,1000000
癱,tān,1000000
癲,diān,1000000
癶,bō,1000000
癸,guǐ,1000000
癹,pō,1000000
登,dēng,1000000
發,fā,1000000
白,bái,1000000
白,bó
百,bǎi,1000000
百,bó
皀,xiāng,1000000
皁,zào,1000000
皂,zào,1000000
皃,mào,1000000
的,de,1000000
的,dí
的,dì
皆,jiē,1000000
皇,huáng,1000000
皈,guī,1000000
皋,gāo,1000000
皎,jiǎo,1000000
皐,gāo,1000000
皓,hào,1000000
皕,bì,1000000
皖,wǎn,1000000
皖,huǎn
皙,xī,1000000
皚,ái,1000000
皜,hào,1000000
皞,hào,1000000
皤,pó,1000000
皥,hào,1000000
皦,jiǎo,1000000
皫,piǎo,1000000
皭,jiào,1000000
皮,pí,1000000
皯,gǎn,1000000
皰,pào,1000000
皱,zhòu,1000000
皴,cūn,1000000
皶,zhā,1000000
皷,gǔ,1000000
皸,jūn,1000000
皺,zhòu,1000000
皻,zhā,1000000
皽,zhǎn,1000000
皿,mǐn,1000000
皿,mǐng
盂,yú,1000000
盃,bēi,1000000
盅,zhōng,1000000
盆,pén,1000000
盇,hé,1000000
盈,yíng,1000000
盉,hé,1000000
益,yì,1000000
益,yí
盋,bō,1000000
盌,wǎn,1000000
盍,hé,1000000
盎,àng,1000000
盒,hé,1000000
盔,kuī,1000000
盖,gài,1000000
盖,gě
盖,hé
盛,shèng,1000000
盛,chéng
盜,dào,1000000
盝,lù,1000000
盞,zhǎn,1000000
盟,méng,1000000
盟,mèng
盡,jìn,1000000
監,jiān,1000000
監,jiàn
盤,pán,1000000
盥,guàn,1000000
盦,ān,1000000
盧,lú,1000000
盩,zhōu,1000000
盪,dàng,1000000
盬,gǔ,1000000
盭,lì,1000000
目,mù,1000000
盯,dīng,1000000
盱,xū,1000000
盲,máng,1000000
盳,máng,1000000
直,zhí,1000000
相,xiāng,1000000
相,xiàng
盹,dǔn,1000000
盻,xì,1000000
盼,pàn,1000000
盾,dùn,1000000
盾,shǔn
眀,míng,1000000
省,shěng,1000000
省,xǐng
眄,miǎn,1000000
眇,miǎo,1000000
眈,dān,1000000
眉,méi,1000000
眊,mào,1000000
看,kàn,1000000
看,kān
眎,shì,1000000
眕,zhěn,1000000
眙,yí,1000000
眙,chì
眚,shěng,1000000
眛,mèi,1000000
眝,zhù,1000000
眞,zhēn,1000000
真,zhēn,1000000
眠,mián,1000000
眡,shì,1000000
眢,yuān,1000000
眥,zì,1000000
眦,zì,1000000
眨,zhǎ,1000000
眩,xuàn,1000000
眭,suī,1000000
眯,mī,1000000
眯,mǐ
眲,nè,1000000
眴,xuàn,1000000
眵,chī,1000000
眶,kuāng,1000000
眷,juàn,1000000
眸,móu,1000000
眹,zhèn,1000000
眺,tiào,1000000
眼,yǎn,1000000
眽,mò,1000000
眽,mài
眾,zhòng,1000000
睂,méi,1000000
睃,jùn,1000000
睄,qiáo,1000000
睅,hàn,1000000
睆,huǎn,1000000
睇,dì,1000000
睊,juàn,1000000
睋,é,1000000
睍,xiàn,1000000
睎,xī,1000000
睏,kùn,1000000
睒,shǎn,1000000
睗,shì,1000000
睘,qióng,1000000
睚,yá,1000000
睚,yái
睛,jīng,1000000
睜,zhēng,1000000
睞,lài,1000000
睟,suì,1000000
睠,juàn,1000000
睡,shuì,1000000
睢,suī,1000000
督,dū,1000000
睥,bì,1000000
睦,mù,1000000
睨,nì,1000000
睩,lù,1000000
睪,yì,1000000
睪,gāo
睫,jié,1000000
睬,cǎi,1000000
睮,yú,1000000
睹,dǔ,1000000
睺,hóu,1000000
睽,kuí,1000000
睾,gāo,1000000
睿,ruì,1000000
瞀,mào,1000000
瞀,mòu
瞂,fā,1000000
瞄,miáo,1000000
瞅,chǒu,1000000
瞇,mī,1000000
瞋,chēn,1000000
瞌,kē,1000000
瞍,sǒu,1000000
瞎,xiā,1000000
瞏,qióng,1000000
瞑,míng,1000000
瞑,mián
瞑,miàn
瞑,mǐng
瞖,yì,1000000
瞘,kōu,1000000
瞚,shùn,1000000
瞞,mán,1000000
瞟,piǎo,1000000
瞠,chēng,1000000
瞢,méng,1000000
瞤,shùn,1000000
瞥,piē,1000000
瞧,qiáo,1000000
瞪,dèng,1000000
瞫,shěn,1000000
瞬,shùn,1000000
瞭,liǎo,1000000
瞭,liào
瞰,kàn,1000000
瞳,tóng,1000000
瞵,lín,1000000
瞶,guì,1000000
瞶,kuì
瞷,jiàn,1000000
瞻,zhān,1000000
瞼,jiǎn,1000000
瞽,gǔ,1000000
瞿,qū,1000000
瞿,jù
瞿,qú
矁,chǒu,1000000
矇,méng,1000000
矇,mēng
矉,pín,1000000
矊,mián,1000000
矊,miǎn
矍,jué,1000000
矎,xuān,1000000
矎,xuàn
矐,huò,1000000
矓,lóng,1000000
矔,guàn,1000000
矕,mǎn,1000000
矕,mán
矗,chù,1000000
矘,tǎng,1000000
矚,zhǔ,1000000
矛,máo,1000000
矜,jīn,1000000
矜,guān
矜,qín
矞,yù,1000000
矟,shuò,1000000
矢,shǐ,1000000
矣,yǐ,1000000
知,zhī,1000000
知,zhì
矦,hóu,1000000
矧,shěn,1000000
矩,jǔ,1000000
矫,jiǎo,1000000
矬,cuó,1000000
短,duǎn,1000000
矮,ǎi,1000000
矯,jiǎo,1000000
矰,zēng,1000000
矱,huò,1000000
矱,wò
矲,bà,1000000
石,shí,1000000
石,dàn
矸,gān,1000000
矻,kù,1000000
矼,qiāng,1000000
矼,jiāng
矽,xì,1000000
砂,shā,1000000
砈,è,1000000
砉,huò,1000000
砌,qì,1000000
砌,qiè
砍,kǎn,1000000
砐,è,1000000
砑,yà,1000000
砒,pī,1000000
研,yán,1000000
研,yàn
砝,fǎ,1000000
砟,zhǎ,1000000
砟,zhà
砠,jū,1000000
砢,kē,1000000
砢,luǒ
砣,tuó,1000000
砥,dǐ,1000000
砦,zhài,1000000
砧,zhēn,1000000
砫,zhù,1000000
砫,zhǔ
砭,biān,1000000
砮,nǔ,1000000
砰,pēng,1000000
砲,pào,1000000
破,pò,1000000
砵,bō,1000000
砷,shēn,1000000
砸,zá,1000000
硃,zhū,1000000
硅,guī,1000000
硇,náo,1000000
硉,lù,1000000
硌,gè,1000000
硌,luò
硎,xíng,1000000
硏,yán,1000000
硏,yàn
硒,xī,1000000
硜,kēng,1000000
硝,xiāo,1000000
硤,xiá,1000000
硥,mǎng,1000000
硨,chē,1000000
硪,é,1000000
硪,ě
硫,liú,1000000
硬,yìng,1000000
硭,máng,1000000
确,què,1000000
硯,yàn,1000000
硶,chěn,1000000
硼,péng,1000000
硼,pēng
碁,qí,1000000
碁,jī
碆,bō,1000000
碆,pó
碇,dìng,1000000
碉,diāo,1000000
碌,lù,1000000
碍,ài,1000000
碎,suì,1000000
碏,què,1000000
碑,bēi,1000000
碓,duì,1000000
碔,wǔ,1000000
碕,qí,1000000
碗,wǎn,1000000
碘,diǎn,1000000
碚,bèi,1000000
碞,yán,1000000
碟,dié,1000000
碡,dú,1000000
碣,jié,1000000
碥,biǎn,1000000
碧,bì,1000000
碩,shuò,1000000
碩,shí
碪,zhēn,1000000
碪,kàn
碫,duàn,1000000
碭,dàng,1000000
碯,nǎo,1000000
碰,pèng,1000000
碱,jiǎn,1000000
碲,dì,1000000
碳,tàn,1000000
碴,chá,1000000
確,què,1000000
碻,què,1000000
碼,mǎ,1000000
碾,niǎn,1000000
磁,cí,1000000
磅,bàng,1000000
磅,bèng
磅,pāng
磈,kuǐ,1000000
磉,sǎng,1000000
磊,lěi,1000000
磋,cuō,1000000
磌,tián,1000000
磎,xī,1000000
磎,qī
磏,lián,1000000
磐,pán,1000000
磑,wèi,1000000
磑,ái
磔,zhé,1000000
磕,kē,1000000
磚,zhuān,1000000
磞,pēng,1000000
磠,lǔ,1000000
磣,chěn,1000000
磧,qì,1000000
磨,mó,1000000
磨,mò
磪,cuī,1000000
磬,qìng,1000000
磯,jī,1000000
磲,qú,1000000
磴,dèng,1000000
磶,xì,1000000
磷,lín,1000000
磺,huáng,1000000
磻,pán,1000000
磼,zá,1000000
磽,qiāo,1000000
磾,dī,1000000
礁,jiāo,1000000
礄,qiáo,1000000
礉,hé,1000000
礌,lèi,1000000
礎,chǔ,1000000
礓,jiāng,1000000
礙,ài,1000000
礛,jiān,1000000
礛,lán
礞,méng,1000000
礤,cǎ,1000000
礦,kuàng,1000000
礦,gǒng
礧,lěi,1000000
礧,lèi
礨,lěi,1000000
礩,zhí,1000000
礪,lì,1000000
礫,lì,1000000
礬,fán,1000000
礮,pào,1000000
礱,lóng,1000000
礴,bó,1000000
示,shì,1000000
示,qí
礼,lǐ,1000000
礽,réng,1000000
社,shè,1000000
礿,yuè,1000000
祀,sì,1000000
祁,qí,1000000
祂,tā,1000000
祅,yāo,1000000
祆,xiān,1000000
祇,qí,1000000
祇,zhī
祈,qí,1000000
祉,zhǐ,1000000
祊,bēng,1000000
祏,shí,1000000
祐,yòu,1000000
祓,fú,1000000
祔,fù,1000000
祕,mì,1000000
祕,bì
祖,zǔ,1000000
祗,zhī,1000000
祚,zuò,1000000
祛,qū,1000000
祜,hù,1000000
祝,zhù,1000000
神,shén,1000000
祟,suì,1000000
祠,cí,1000000
祡,chái,1000000
祢,mí,1000000
祢,nǐ
祥,xiáng,1000000
祧,tiāo,1000000
票,piào,1000000
票,piāo
祫,xiá,1000000
祭,jì,1000000
祭,zhài
祲,jīn,1000000
祷,dǎo,1000000
祺,qí,1000000
祼,guàn,1000000
祿,lù,1000000
禀,bǐng,1000000
禀,bīn
禀,lǐn
禁,jìn,1000000
禁,jīn
禊,xì,1000000
禋,yīn,1000000
禍,huò,1000000
禎,zhēn,1000000
福,fú,1000000
禓,yáng,1000000
禔,tí,1000000
禕,yī,1000000
禖,méi,1000000
禘,dì,1000000
禚,zhuó,1000000
禛,zhēn,1000000
禜,yòng,1000000
禡,mà,1000000
禦,yù,1000000
禧,xī,1000000
禧,xǐ
禨,jī,1000000
禩,sì,1000000
禪,chán,1000000
禪,shàn
禫,tǎn,1000000
禬,guì,1000000
禮,lǐ,1000000
禰,mí,1000000
禰,nǐ
禱,dǎo,1000000
禳,ráng,1000000
禴,yuè,1000000
禷,lèi,1000000
禸,róu,1000000
禹,yǔ,1000000
禺,yú,1000000
禺,yù
禼,xiè,1000000
禽,qín,1000000
禾,hé,1000000
禿,tū,1000000
秀,xiù,1000000
私,sī,1000000
秃,tū,1000000
秆,gǎn,1000000
秈,xiān,1000000
秉,bǐng,1000000
秊,nián,1000000
秋,qiū,1000000
秌,qiū,1000000
种,zhǒng,1000000
种,zhòng
种,chóng
秎,fèn,1000000
秎,fén
秏,hào,1000000
科,kē,1000000
秒,miǎo,1000000
秔,jīng,1000000
秔,gēng
秕,bǐ,1000000
秖,zhī,1000000
秘,mì,1000000
秘,bì
租,zū,1000000
秠,pī,1000000
秣,mò,1000000
秤,chèng,1000000
秤,píng
秦,qín,1000000
秧,yāng,1000000
秩,zhì,1000000
秫,shú,1000000
秬,jù,1000000
秭,zǐ,1000000
称,chēng,1000000
称,chèn
称,chèng
秸,jiē,1000000
移,yí,1000000
稀,xī,1000000
稂,láng,1000000
稃,fū,1000000
稅,shuì,1000000
稈,gǎn,1000000
稉,jīng,1000000
稉,gēng
稊,tí,1000000
程,chéng,1000000
稌,tú,1000000
稍,shāo,1000000
稍,shào
稑,lù,1000000
稔,rěn,1000000
稗,bài,1000000
稘,jī,1000000
稙,zhí,1000000
稚,zhì,1000000
稛,kǔn,1000000
稜,léng,1000000
稞,kē,1000000
稟,bǐng,1000000
稟,bīn
稟,lǐn
稠,chóu,1000000
稨,biǎn,1000000
稬,nuò,1000000
稭,jiē,1000000
種,zhǒng,1000000
種,zhòng
稰,xū,1000000
稱,chēng,1000000
稱,chèn
稱,chèng
稳,wěn,1000000
稷,jì,1000000
稹,zhěn,1000000
稻,dào,1000000
稼,jià,1000000
稽,jī,1000000
稽,qǐ
稾,gǎo,1000000
稿,gǎo,1000000
穀,gǔ,1000000
穄,jì,1000000
穅,kāng,1000000
穆,mù,1000000
穈,mén,1000000
穊,jì,1000000
穋,lù,1000000
穌,sū,1000000
積,jī,1000000
穎,yǐng,1000000
穗,suì,1000000
穛,zhuó,1000000
穜,tóng,1000000
穟,suì,1000000
穠,nóng,1000000
穡,sè,1000000
穢,huì,1000000
穢,wèi
穤,nuò,1000000
穧,jì,1000000
穩,wěn,1000000
穫,huò,1000000
穫,hù
穮,biāo,1000000
穰,ráng,1000000
穰,rǎng
穴,xuè,1000000
穴,xué
究,jiù,1000000
究,jiū
穷,qióng,1000000
穸,xì,1000000
穹,qiōng,1000000
穹,qióng
空,kōng,1000000
空,kòng
穽,jǐng,1000000
穾,yǎo,1000000
穿,chuān,1000000
窀,zhūn,1000000
突,tú,1000000
窃,qiè,1000000
窄,zhǎi,1000000
窄,zé
窅,yǎo,1000000
窆,biǎn,1000000
窈,yǎo,1000000
窊,wā,1000000
窋,zhú,1000000
窐,guī,1000000
窐,wā
窒,zhì,1000000
窓,chuāng,1000000
窔,yǎo,1000000
窕,tiǎo,1000000
窖,jiào,1000000
窗,chuāng,1000000
窘,jiǒng,1000000
窘,jǔn
窞,dàn,1000000
窟,kū,1000000
窠,kē,1000000
窣,sù,1000000
窨,xūn,1000000
窨,yìn
窩,wō,1000000
窪,wā,1000000
窬,yú,1000000
窮,qióng,1000000
窯,yáo,1000000
窰,yáo,1000000
窳,yǔ,1000000
窵,diào,1000000
窶,jù,1000000
窶,lóu
窸,xī,1000000
窺,kuī,1000000
窻,chuāng,1000000
窾,kuǎn,1000000
窿,lóng,1000000
竁,cuì,1000000
竄,cuàn,1000000
竅,qiào,1000000
竇,dòu,1000000
竈,zào,1000000
竊,qiè,1000000
立,lì,1000000
竑,hóng,1000000
竒,qí,1000000
竒,jī
竘,jǔ,1000000
站,zhàn,1000000
竚,zhù,1000000
竝,bìng,1000000
竝,bàng
竟,jìng,1000000
章,zhāng,1000000
竢,sì,1000000
竢,qí
竣,jùn,1000000
童,tóng,1000000
竦,sǒng,1000000
竪,shù,1000000
竫,jìng,1000000
竭,jié,1000000
端,duān,1000000
竱,zhuǎn,1000000
競,jìng,1000000
竷,kǎn,1000000
竹,zhú,1000000
竺,zhú,1000000
竽,yú,1000000
竾,chí,1000000
竿,gān,1000000
笄,jī,1000000
笅,xiáo,1000000
笆,bā,1000000
笈,jí,1000000
笊,zhào,1000000
笋,sǔn,1000000
笏,hù,1000000
笐,gāng,1000000
笑,xiào,1000000
笔,bǐ,1000000
笘,shān,1000000
笙,shēng,1000000
笛,dí,1000000
笞,chī,1000000
笠,lì,1000000
笢,mǐn,1000000
笤,tiáo,1000000
笥,sì,1000000
符,fú,1000000
笨,bèn,1000000
笫,zǐ,1000000
第,dì,1000000
笭,líng,1000000
笮,zé,1000000
笮,zhà
笯,nú,1000000
笱,gǒu,1000000
笲,fán,1000000
笳,jiā,1000000
笴,gě,1000000
笵,fàn,1000000
笸,pǒ,1000000
筅,xiǎn,1000000
筆,bǐ,1000000
筇,qióng,1000000
筈,guā,1000000
等,děng,1000000
筊,jiǎo,1000000
筋,jīn,1000000
筌,quán,1000000
筍,sǔn,1000000
筏,fá,1000000
筐,kuāng,1000000
筑,zhú,1000000
筒,tǒng,1000000
筓,jī,1000000
答,dá,1000000
答,dā
策,cè,1000000
筞,cè,1000000
筠,yún,1000000
筢,pá,1000000
筤,láng,1000000
筥,jǔ,1000000
筦,guǎn,1000000
筧,jiǎn,1000000
筭,suàn,1000000
筮,shì,1000000
筯,zhù,1000000
筰,zuó,1000000
筱,xiǎo,1000000
筲,shāo,1000000
筳,tíng,1000000
筴,cè,1000000
筵,yán,1000000
筷,kuài,1000000
箄,pái,1000000
箄,bēi
箅,bì,1000000
箇,gè,1000000
箇,ge
箇,gě
箋,jiān,1000000
箍,gū,1000000
箏,zhēng,1000000
箐,jīng,1000000
箐,qiàn
箑,shà,1000000
箑,jié
箒,zhǒu,1000000
箔,bó,1000000
箕,jī,1000000
算,suàn,1000000
箘,jùn,1000000
箙,fú,1000000
箜,kōng,1000000
箝,qián,1000000
箠,chuí,1000000
管,guǎn,1000000
箩,luó,1000000
箬,ruò,1000000
箭,jiàn,1000000
箯,biān,1000000
箱,xiāng,1000000
箴,zhēn,1000000
箸,zhù,1000000
箾,shuò,1000000
節,jié,1000000
篁,huáng,1000000
範,fàn,1000000
篆,zhuàn,1000000
篇,piān,1000000
築,zhú,1000000
篋,qiè,1000000
篌,hóu,1000000
篓,lǒu,1000000
篔,yún,1000000
篘,chōu,1000000
篙,gāo,1000000
篚,fěi,1000000
篛,ruò,1000000
篝,gōu,1000000
篠,xiǎo,1000000
篡,cuàn,1000000
篣,péng,1000000
篣,páng
篤,dǔ,1000000
篥,lì,1000000
篦,bì,1000000
篨,chú,1000000
篩,shāi,1000000
篪,chí,1000000
篰,bù,1000000
篱,lí,1000000
篲,huì,1000000
篳,bì,1000000
篷,péng,1000000
篸,cēn,1000000
篸,zān
篸,zàn
篹,zhuàn,1000000
篹,zuǎn
篹,suǎn
篺,pái,1000000
篻,piǎo,1000000
篼,dōu,1000000
篽,yù,1000000
篾,miè,1000000
篿,tuán,1000000
篿,zhuān
簀,zé,1000000
簃,yí,1000000
簆,kòu,1000000
簇,cù,1000000
簉,zào,1000000
簉,chòu
簋,guǐ,1000000
簌,sù,1000000
簍,lǒu,1000000
簎,cè,1000000
簏,lù,1000000
簑,suō,1000000
簘,xiāo,1000000
簙,bó,1000000
簜,dàng,1000000
簞,dān,1000000
簟,diàn,1000000
簠,fǔ,1000000
簡,jiǎn,1000000
簣,kuì,1000000
簦,dēng,1000000
簧,huáng,1000000
簨,sǔn,1000000
簪,zān,1000000
簪,zēn
簫,xiāo,1000000
簬,dù,1000000
簭,shì,1000000
簰,pái,1000000
簳,gǎn,1000000
簷,yán,1000000
簸,bǒ,1000000
簸,bò
簹,dāng,1000000
簺,sài,1000000
簽,qiān,1000000
簾,lián,1000000
簿,bù,1000000
簿,bó
籀,zhòu,1000000
籃,lán,1000000
籉,tái,1000000
籊,tì,1000000
籋,niè,1000000
籌,chóu,1000000
籍,jí,1000000
籐,téng,1000000
籑,zhuàn,1000000
籒,zhòu,1000000
籓,fān,1000000
籔,sǒu,1000000
籔,shù
籖,qiān,1000000
籙,lù,1000000
籛,jiān,1000000
籜,tuò,1000000
籝,yíng,1000000
籞,yù,1000000
籟,lài,1000000
籠,lóng,1000000
籠,lǒng
籣,lán,1000000
籤,qiān,1000000
籥,yuè,1000000
籧,qú,1000000
籧,jǔ
籩,biān,1000000
籪,duàn,1000000
籬,lí,1000000
籮,luó,1000000
籯,yíng,1000000
籰,yuè,1000000
籲,yù,1000000
米,mǐ,1000000
籴,dí,1000000
籸,shēn,1000000
籹,nǚ,1000000
籹,zhuāng
籺,xì,1000000
籽,zǐ,1000000
粃,bǐ,1000000
粄,bǎn,1000000
粉,fěn,1000000
粑,bā,1000000
粒,lì,1000000
粔,jù,1000000
粕,pò,1000000
粗,cū,1000000
粘,nián,1000000
粛,sù,1000000
粜,tiào,1000000
粞,xī,1000000
粟,sù,1000000
粢,zī,1000000
粥,zhōu,1000000
粥,zhù
粥,yù
粧,zhuāng,1000000
粮,liáng,1000000
粰,fū,1000000
粱,liáng,1000000
粲,càn,1000000
粳,jīng,1000000
粳,gēng
粵,yuè,1000000
粹,cuì,1000000
粺,bài,1000000
粻,zhāng,1000000
粼,lín,1000000
粽,zòng,1000000
粽,zhòng
精,jīng,1000000
粿,guǒ,1000000
糅,rǒu,1000000
糇,hóu,1000000
糈,xǔ,1000000
糉,zòng,1000000
糉,zhòng
糊,hú,1000000
糊,hū
糊,hù
糌,zán,1000000
糍,cí,1000000
糒,bèi,1000000
糕,gāo,1000000
糖,táng,1000000
糗,qiǔ,1000000
糙,cāo,1000000
糙,cào
糜,mí,1000000
糜,méi
糝,sǎn,1000000
糞,fèn,1000000
糟,zāo,1000000
糠,kāng,1000000
糡,jiàng,1000000
糢,mó,1000000
糧,liáng,1000000
糨,jiàng,1000000
糪,bó,1000000
糬,shǔ,1000000
糯,nuò,1000000
糰,tuán,1000000
糱,niè,1000000
糲,lì,1000000
糴,dí,1000000
糵,niè,1000000
糶,tiào,1000000
糸,mì,1000000
糸,sī
系,xì,1000000
糾,jiū,1000000
糾,jiǔ
紀,jì,1000000
紀,jǐ
紂,zhòu,1000000
紃,xún,1000000
約,yuē,1000000
紅,hóng,1000000
紅,gōng
紆,yū,1000000
紇,hé,1000000
紇,gē
紈,wán,1000000
紉,rèn,1000000
紊,wèn,1000000
紋,wén,1000000
納,nà,1000000
紐,niǔ,1000000
紑,fōu,1000000
紒,jì,1000000
紓,shū,1000000
純,chún,1000000
純,zhǔn
紕,pī,1000000
紕,pí
紖,zhèn,1000000
紗,shā,1000000
紘,hóng,1000000
紙,zhǐ,1000000
級,jí,1000000
紛,fēn,1000000
紜,yún,1000000
紝,rèn,1000000
紝,rén
紞,dǎn,1000000
紟,jīn,1000000
素,sù,1000000
紡,fǎng,1000000
索,suǒ,1000000
索,suó
紥,zā,1000000
紥,zhá
紩,zhì,1000000
紫,zǐ,1000000
紬,chóu,1000000
紬,chōu
紮,zā,1000000
紮,zhá
累,lèi,1000000
累,lěi
累,léi
細,xì,1000000
紱,fú,1000000
紲,xiè,1000000
紳,shēn,1000000
紵,zhù,1000000
紸,zhù,1000000
紹,shào,1000000
紺,gàn,1000000
紼,fú,1000000
紽,tuó,1000000
紾,zhěn,1000000
紿,dài,1000000
絀,chù,1000000
絁,shī,1000000
終,zhōng,1000000
絃,xián,1000000
組,zǔ,1000000
絅,jiǒng,1000000
絆,bàn,1000000
絇,qú,1000000
絍,rèn,1000000
絍,rén
絎,hèng,1000000
絏,xiè,1000000
結,jié,1000000
結,jiē
絓,guà,1000000
絕,jué,1000000
絖,kuàng,1000000
絚,gēng,1000000
絛,tāo,1000000
絜,jié,1000000
絜,xié
絝,kù,1000000
絞,jiǎo,1000000
絡,luò,1000000
絡,lào
絢,xuàn,1000000
絣,bēng,1000000
給,gěi,1000000
給,jǐ
絨,róng,1000000
絪,yīn,1000000
絮,xù,1000000
絰,dié,1000000
統,tǒng,1000000
絲,sī,1000000
絳,jiàng,1000000
絵,huì,1000000
絹,juàn,1000000
絺,chī,1000000
絻,wèn,1000000
絿,qiú,1000000
綀,shū,1000000
綁,bǎng,1000000
綃,xiāo,1000000
綅,xiān,1000000
綆,gěng,1000000
綈,tí,1000000
綉,xiù,1000000
綌,xì,1000000
綍,fú,1000000
綎,tīng,1000000
綏,suī,1000000
綏,suí
綑,kǔn,1000000
經,jīng,1000000
綖,yán,1000000
継,jì,1000000
綜,zòng,1000000
綝,chēn,1000000
綝,lín
綞,duǒ,1000000
綟,lì,1000000
綠,lǜ,1000000
綠,lù
綢,chóu,1000000
綣,quǎn,1000000
綦,qí,1000000
綪,qiàn,1000000
綫,xiàn,1000000
綬,shòu,1000000
維,wéi,1000000
綮,qǐ,1000000
綮,qìng
綯,táo,1000000
綰,wǎn,1000000
綱,gāng,1000000
網,wǎng,1000000
綳,bēng,1000000
綳,běng
綳,bèng
綴,zhuì,1000000
綵,cǎi,1000000
綷,cuì,1000000
綸,lún,1000000
綸,guān
綹,liǔ,1000000
綺,qǐ,1000000
綻,zhàn,1000000
綼,bì,1000000
綽,chuò,1000000
綾,líng,1000000
綿,mián,1000000
緄,gǔn,1000000
緅,zōu,1000000
緆,xì,1000000
緇,zī,1000000
緉,liǎng,1000000
緊,jǐn,1000000
緋,fēi,1000000
緌,ruí,1000000
緍,mín,1000000
緎,yù,1000000
総,zǒng,1000000
緐,fán,1000000
緐,pó
緑,lǜ,1000000
緑,lù
緒,xù,1000000
緗,xiāng,1000000
緘,jiān,1000000
緙,kè,1000000
線,xiàn,1000000
緜,mián,1000000
緝,qì,1000000
緝,qī
緞,duàn,1000000
締,dì,1000000
緡,mín,1000000
緣,yuán,1000000
緣,yuàn
緤,xiè,1000000
緥,bǎo,1000000
緦,sī,1000000
緧,qiū,1000000
編,biān,1000000
緩,huǎn,1000000
緪,gēng,1000000
緫,cōng,1000000
緫,zǒng
緫,zōng
緬,miǎn,1000000
緯,wěi,1000000
緱,gōu,1000000
緲,miǎo,1000000
練,liàn,1000000
緶,biàn,1000000
緶,pián
緹,tí,1000000
緺,guā,1000000
緻,zhì,1000000
緾,chán,1000000
縁,yuán,1000000
縁,yuàn
縈,yíng,1000000
縉,jìn,1000000
縊,yì,1000000
縋,zhuì,1000000
縏,pán,1000000
縐,zhòu,1000000
縑,jiān,1000000
縓,quán,1000000
縕,yùn,1000000
縕,yūn
縗,cuī,1000000
縛,fú,1000000
縝,zhěn,1000000
縞,gǎo,1000000
縟,rù,1000000
縠,hú,1000000
縢,téng,1000000
縣,xiàn,1000000
縣,xuán
縧,tāo,1000000
縩,cài,1000000
縪,bì,1000000
縫,fèng,1000000
縫,féng
縭,lí,1000000
縮,suō,1000000
縮,sù
縰,shǐ,1000000
縱,zòng,1000000
縱,zōng
縱,zǒng
縲,léi,1000000
縳,zhuàn,1000000
縳,chuán
縴,qiàn,1000000
縵,màn,1000000
縶,zhí,1000000
縷,lǚ,1000000
縹,piǎo,1000000
縹,piào
縻,mí,1000000
總,zǒng,1000000
績,jī,1000000
縿,shān,1000000
繁,fán,1000000
繁,pó
繃,bēng,1000000
繃,běng
繃,bèng
繄,yī,1000000
繅,sāo,1000000
繆,móu,1000000
繆,miào
繆,miù
繆,mù
繆,liáo
繇,yáo,1000000
繇,zhòu
繇,yóu
繈,qiǎng,1000000
繍,xiù,1000000
繐,suì,1000000
繑,qiāo,1000000
繒,zēng,1000000
繒,zèng
織,zhī,1000000
繕,shàn,1000000
繖,sǎn,1000000
繘,yù,1000000
繙,fān,1000000
繚,liáo,1000000
繜,zūn,1000000
繜,zǔn
繞,rào,1000000
繟,chǎn,1000000
繠,ruǐ,1000000
繡,xiù,1000000
繢,huì,1000000
繣,huà,1000000
繦,qiǎng,1000000
繨,da,1000000
繨,dá
繩,shéng,1000000
繪,huì,1000000
繫,xì,1000000
繫,jì
繭,jiǎn,1000000
繮,jiāng,1000000
繮,gāng
繯,huán,1000000
繯,huàn
繰,zǎo,1000000
繰,sāo
繳,jiǎo,1000000
繳,zhuó
繴,bì,1000000
繵,dàn,1000000
繵,chán
繶,yì,1000000
繸,suì,1000000
繹,yì,1000000
繻,xū,1000000
繻,rú
繼,jì,1000000
繽,bīn,1000000
繾,qiǎn,1000000
纀,pú,1000000
纁,xūn,1000000
纂,zuǎn,1000000
纆,mò,1000000
纇,lèi,1000000
纈,xié,1000000
纊,kuàng,1000000
纋,yōu,1000000
續,xù,1000000
纍,léi,1000000
纎,xiān,1000000
纏,chán,1000000
纑,lú,1000000
纒,chán,1000000
纓,yīng,1000000
纔,cái,1000000
纕,xiāng,1000000
纖,xiān,1000000
纘,zuǎn,1000000
纚,shǐ,1000000
纛,dào,1000000
纛,dú
纜,lǎn,1000000
缶,fǒu,1000000
缸,gāng,1000000
缹,fǒu,1000000
缺,quē,1000000
缽,bō,1000000
缾,píng,1000000
缿,xiàng,1000000
罃,yīng,1000000
罄,qìng,1000000
罅,xià,1000000
罇,zūn,1000000
罈,tán,1000000
罋,wèng,1000000
罌,yīng,1000000
罍,léi,1000000
罎,tán,1000000
罏,lú,1000000
罐,guàn,1000000
网,wǎng,1000000
罔,wǎng,1000000
罕,hǎn,1000000
罗,luó,1000000
罘,fú,1000000
罘,fóu
罛,gū,1000000
罜,zhù,1000000
罝,jū,1000000
罞,méng,1000000
罟,gǔ,1000000
罠,mín,1000000
罡,gāng,1000000
罢,bà,1000000
罢,ba
罢,pí
罣,guà,1000000
罥,juàn,1000000
罦,fú,1000000
罨,yǎn,1000000
罩,zhào,1000000
罪,zuì,1000000
罫,guà,1000000
罫,huà
罬,zhuó,1000000
罭,yù,1000000
置,zhì,1000000
罰,fá,1000000
罱,lǎn,1000000
署,shǔ,1000000
署,shù
罳,sī,1000000
罵,mà,1000000
罶,liǔ,1000000
罷,bà,1000000
罷,ba
罷,pí
罸,fá,1000000
罹,lí,1000000
罺,chāo,1000000
罻,wèi,1000000
罽,jì,1000000
罾,zēng,1000000
罾,zèng
罿,tóng,1000000
罿,chōng
羅,luó,1000000
羆,pí,1000000
羇,jī,1000000
羈,jī,1000000
羉,luán,1000000
羊,yáng,1000000
羊,xiáng
羋,mǐ,1000000
羋,miē
羌,qiāng,1000000
美,měi,1000000
羑,yǒu,1000000
羓,bā,1000000
羔,gāo,1000000
羕,yàng,1000000
羖,gǔ,1000000
羗,qiāng,1000000
羙,měi,1000000
羚,líng,1000000
羜,zhù,1000000
羝,dī,1000000
羞,xiū,1000000
羢,róng,1000000
羣,qún,1000000
群,qún,1000000
羥,qiǎng,1000000
羥,kēng
羧,zuī,1000000
羧,suō
羨,xiàn,1000000
義,yì,1000000
羭,yú,1000000
羯,jié,1000000
羰,tàn,1000000
羱,yuán,1000000
羲,xī,1000000
羳,fán,1000000
羴,shān,1000000
羵,fén,1000000
羶,shān,1000000
羸,léi,1000000
羹,gēng,1000000
羹,láng
羼,chàn,1000000
羽,yǔ,1000000
羿,yì,1000000
翀,chōng,1000000
翁,wēng,1000000
翂,fēn,1000000
翃,hóng,1000000
翄,chì,1000000
翅,chì,1000000
翊,yì,1000000
翌,yì,1000000
翎,líng,1000000
習,xí,1000000
翔,xiáng,1000000
翕,xì,1000000
翛,xiāo,1000000
翛,shù
翜,shà,1000000
翟,dí,1000000
翟,zhái
翠,cuì,1000000
翡,fěi,1000000
翢,dào,1000000
翢,zhōu
翣,shà,1000000
翥,zhù,1000000
翦,jiǎn,1000000
翨,shì,1000000
翩,piān,1000000
翫,wàn,1000000
翬,huī,1000000
翮,hé,1000000
翮,gé
翯,hè,1000000
翰,hàn,1000000
翱,áo,1000000
翲,piāo,1000000
翳,yì,1000000
翳,yī
翶,áo,1000000
翹,qiào,1000000
翹,qiáo
翻,fān,1000000
翼,yì,1000000
翽,huì,1000000
翾,xuān,1000000
翿,dào,1000000
翿,táo
耀,yào,1000000
耀,yuè
老,lǎo,1000000
考,kǎo,1000000
耄,mào,1000000
者,zhě,1000000
耆,qí,1000000
耇,gǒu,1000000
耈,gǒu,1000000
耉,gǒu,1000000
耋,dié,1000000
而,ér,1000000
耍,shuǎ,1000000
耎,ruǎn,1000000
耏,ér,1000000
耐,nài,1000000
耑,duān,1000000
耑,zhuān
耒,lěi,1000000
耔,zǐ,1000000
耕,gēng,1000000
耕,jīng
耖,chào,1000000
耗,hào,1000000
耘,yún,1000000
耙,pá,1000000
耙,bà
耜,sì,1000000
耞,jiā,1000000
耡,chú,1000000
耤,jí,1000000
耤,jiè
耦,ǒu,1000000
耨,nòu,1000000
耬,lóu,1000000
耯,huò,1000000
耯,hù
耰,yōu,1000000
耳,ěr,1000000
耵,dǐng,1000000
耵,tīng
耶,yé,1000000
耶,yē
耷,dā,1000000
耻,chǐ,1000000
耼,dān,1000000
耽,dān,1000000
耾,hóng,1000000
耿,gěng,1000000
聀,zhí,1000000
聃,dān,1000000
聆,líng,1000000
聊,liáo,1000000
职,zhí,1000000
聐,yà,1000000
聒,guā,1000000
联,lián,1000000
聖,shèng,1000000
聘,pìn,1000000
聘,pìng
聚,jù,1000000
聝,guó,1000000
聞,wén,1000000
聞,wèn
聮,lián,1000000
聯,lián,1000000
聰,cōng,1000000
聱,áo,1000000
聲,shēng,1000000
聳,sǒng,1000000
聵,kuì,1000000
聶,niè,1000000
職,zhí,1000000
聹,níng,1000000
聼,tīng,1000000
聼,tìng
聽,tīng,1000000
聽,tìng
聾,lóng,1000000
聿,yù,1000000
肄,yì,1000000
肅,sù,1000000
肆,sì,1000000
肇,zhào,1000000
肉,ròu,1000000
肉,rù
肊,yì,1000000
肋,lè,1000000
肋,lèi
肌,jī,1000000
肎,kěn,1000000
肎,kěng
肏,cào,1000000
肐,gē,1000000
肓,huāng,1000000
肕,rèn,1000000
肖,xiào,1000000
肘,zhǒu,1000000
肚,dù,1000000
肚,dǔ
肛,gāng,1000000
肜,róng,1000000
肝,gān,1000000
股,gǔ,1000000
肢,zhī,1000000
肥,féi,1000000
肩,jiān,1000000
肪,fáng,1000000
肪,fāng
肫,zhūn,1000000
肬,yóu,1000000
肮,háng,1000000
肯,kěn,1000000
肯,kěng
肱,gōng,1000000
育,yù,1000000
肴,yáo,1000000
肴,xiáo
肵,qí,1000000
肵,jìng
肶,pí,1000000
肸,xì,1000000
肹,xì,1000000
肺,fèi,1000000
肺,pèi
肽,tài,1000000
胂,shēn,1000000
胃,wèi,1000000
胄,zhòu,1000000
胆,dǎn,1000000
胇,fèi,1000000
胈,bá,1000000
胉,pò,1000000
胊,qú,1000000
背,bèi,1000000
背,bēi
胎,tāi,1000000
胏,zǐ,1000000
胑,zhī,1000000
胔,zì,1000000
胕,fú,1000000
胕,fū
胖,pàng,1000000
胖,pán
胗,zhēn,1000000
胗,zhěn
胙,zuò,1000000
胚,pēi,1000000
胛,jiǎ,1000000
胜,shēng,1000000
胝,zhī,1000000
胞,bāo,1000000
胠,qū,1000000
胡,hú,1000000
胣,yǐ,1000000
胤,yìn,1000000
胥,xū,1000000
胭,yān,1000000
胯,kuà,1000000
胰,yí,1000000
胱,guāng,1000000
胳,gē,1000000
胴,dòng,1000000
胵,chī,1000000
胷,xiōng,1000000
胸,xiōng,1000000
胹,ér,1000000
胺,ān,1000000
胼,pián,1000000
能,néng,1000000
胾,zì,1000000
脀,zhēng,1000000
脂,zhī,1000000
脃,cuì,1000000
脅,xié,1000000
脆,cuì,1000000
脇,xié,1000000
脈,mài,1000000
脈,mò
脉,mài,1000000
脉,mò
脊,jǐ,1000000
脊,jí
脍,kuài,1000000
脔,luán,1000000
脔,lüǎn
脖,bó,1000000
脗,wěn,1000000
脘,wǎn,1000000
脘,guǎn
脚,jiǎo,1000000
脚,jué
脛,jìng,1000000
脝,hēng,1000000
脞,cuǒ,1000000
脟,liè,1000000
脟,luǎn
脡,tǐng,1000000
脢,méi,1000000
脣,chún,1000000
脤,shèn,1000000
脧,zuī,1000000
脩,xiū,1000000
脫,tuō,1000000
脫,tuì
脬,pāo,1000000
脭,chéng,1000000
脯,pú,1000000
脯,fǔ
脰,dòu,1000000
脹,zhàng,1000000
脺,cuì,1000000
脾,pí,1000000
腁,pián,1000000
腆,tiǎn,1000000
腊,là,1000000
腊,xí
腋,yè,1000000
腋,yì
腌,yān,1000000
腌,ā
腌,āng
腍,rěn,1000000
腎,shèn,1000000
腐,fǔ,1000000
腑,fǔ,1000000
腒,jū,1000000
腓,féi,1000000
腔,qiāng,1000000
腕,wàn,1000000
腛,wò,1000000
腜,méi,1000000
腠,còu,1000000
腡,luó,1000000
腤,ān,1000000
腥,xīng,1000000
腦,nǎo,1000000
腧,shù,1000000
腧,yú
腩,nǎn,1000000
腫,zhǒng,1000000
腭,è,1000000
腮,sāi,1000000
腯,tú,1000000
腰,yāo,1000000
腱,jiàn,1000000
腳,jiǎo,1000000
腳,jué
腴,yú,1000000
腶,duàn,1000000
腷,bì,1000000
腸,cháng,1000000
腹,fù,1000000
腺,xiàn,1000000
腼,miǎn,1000000
腿,tuǐ,1000000
膀,bǎng,1000000
膀,bàng
膀,pāng
膀,páng
膂,lǚ,1000000
膃,wà,1000000
膆,sù,1000000
膇,zhuì,1000000
膈,gé,1000000
膊,bó,1000000
膋,liáo,1000000
膍,pí,1000000
膏,gāo,1000000
膏,gào
膑,bìn,1000000
膓,cháng,1000000
膗,chuái,1000000
膘,biāo,1000000
膚,fū,1000000
膛,táng,1000000
膜,mò,1000000
膜,mó
膝,xī,1000000
膞,zhuān,1000000
膠,jiāo,1000000
膣,zhì,1000000
膦,liǎn,1000000
膦,lín
膨,péng,1000000
膩,nì,1000000
膪,chuài,1000000
膬,cuì,1000000
膮,xiāo,1000000
膰,fán,1000000
膱,zhí,1000000
膳,shàn,1000000
膴,hū,1000000
膴,wǔ
膵,cuì,1000000
膷,xiāng,1000000
膹,fèn,1000000
膹,fèi
膺,yīng,1000000
膻,shān,1000000
膻,dàn
膽,dǎn,1000000
膾,kuài,1000000
膿,nóng,1000000
臀,tún,1000000
臁,lián,1000000
臂,bì,1000000
臂,bèi
臃,yōng,1000000
臃,yǒng
臄,jué,1000000
臅,chù,1000000
臆,yì,1000000
臈,là,1000000
臉,liǎn,1000000
臊,sāo,1000000
臊,sào
臌,gǔ,1000000
臍,qí,1000000
臏,bìn,1000000
臐,xūn,1000000
臑,rú,1000000
臑,nào
臑,ér
臕,biāo,1000000
臗,kuān,1000000
臘,là,1000000
臚,lú,1000000
臛,huò,1000000
臝,luǒ,1000000
臞,qú,1000000
臟,zàng,1000000
臠,luán,1000000
臠,lüǎn
臢,zāng,1000000
臢,zā
臣,chén,1000000
臤,qiān,1000000
臥,wò,1000000
臧,zāng,1000000
臨,lín,1000000
臨,lìn
自,zì,1000000
臬,niè,1000000
臭,chòu,1000000
臭,xiù
臯,gāo,1000000
臲,niè,1000000
至,zhì,1000000
致,zhì,1000000
臷,dié,1000000
臷,zhì
臺,tái,1000000
臻,zhēn,1000000
臼,jiù,1000000
臾,yú,1000000
臾,yǒng
臿,chā,1000000
舀,yǎo,1000000
舁,yú,1000000
舂,chōng,1000000
舃,xì,1000000
舄,xì,1000000
舅,jiù,1000000
與,yǔ,1000000
與,yú
與,yù
興,xìng,1000000
興,xīng
舉,jǔ,1000000
舊,jiù,1000000
舋,xìn,1000000
舌,shé,1000000
舍,shě,1000000
舍,shè
舐,shì,1000000
舒,shū,1000000
舔,tiǎn,1000000
舕,tàn,1000000
舖,pù,1000000
舖,pū
舘,guǎn,1000000
舚,tiàn,1000000
舛,chuǎn,1000000
舜,shùn,1000000
舝,xiá,1000000
舞,wǔ,1000000
舟,zhōu,1000000
舠,dāo,1000000
舡,xiāng,1000000
舢,shān,1000000
舨,bǎn,1000000
舩,chuán,1000000
航,háng,1000000
舫,fǎng,1000000
般,bān,1000000
般,bō
般,pán
舯,zhōng,1000000
舲,líng,1000000
舳,zhú,1000000
舳,zhóu
舴,zé,1000000
舵,duò,1000000
舶,bó,1000000
舷,xián,1000000
舸,gě,1000000
船,chuán,1000000
舺,jiǎ,1000000
艄,shāo,1000000
艅,yú,1000000
艇,tǐng,1000000
艉,wěi,1000000
艋,měng,1000000
艎,huáng,1000000
艏,shǒu,1000000
艑,biàn,1000000
艓,dié,1000000
艖,chā,1000000
艘,sāo,1000000
艘,sōu
艙,cāng,1000000
艛,lóu,1000000
艟,tóng,1000000
艤,yǐ,1000000
艦,jiàn,1000000
艨,méng,1000000
艫,lú,1000000
艭,shuāng,1000000
艮,gěn,1000000
艮,gèn
良,liáng,1000000
艱,jiān,1000000
色,sè,1000000
色,shè
色,shǎi
艳,yàn,1000000
艴,fú,1000000
艵,pīng,1000000
艵,píng
艶,yàn,1000000
艷,yàn,1000000
艸,cǎo,1000000
艽,jiāo,1000000
艽,qiú
艾,ài,1000000
艾,yì
芃,péng,1000000
芄,wán,1000000
芅,yì,1000000
芊,qiān,1000000
芋,yù,1000000
芍,sháo,1000000
芍,shuò
芎,qiōng,1000000
芎,qióng
芎,xiōng
芏,tǔ,1000000
芐,hù,1000000
芑,qǐ,1000000
芒,máng,1000000
芔,huì,1000000
芘,pí,1000000
芘,bì
芙,fú,1000000
芚,tún,1000000
芝,zhī,1000000
芟,shān,1000000
芡,qiàn,1000000
芣,fóu,1000000
芥,jiè,1000000
芦,lú,1000000
芧,xù,1000000
芧,zhù
芨,jí,1000000
芩,qín,1000000
芪,qí,1000000
芫,yuán,1000000
芬,fēn,1000000
芭,bā,1000000
芮,ruì,1000000
芯,xīn,1000000
芯,xìn
芰,jì,1000000
花,huā,1000000
芲,huā,1000000
芳,fāng,1000000
芴,wù,1000000
芴,hū
芵,jué,1000000
芷,zhǐ,1000000
芸,yún,1000000
芸,yì
芹,qín,1000000
芺,yāo,1000000
芻,chú,1000000
芼,mào,1000000
芽,yá,1000000
芾,fèi,1000000
芾,fú
苄,biàn,1000000
苏,sū,1000000
苐,dì,1000000
苑,yuàn,1000000
苑,yù
苑,yuán
苒,rǎn,1000000
苓,líng,1000000
苔,tái,1000000
苔,tāi
苕,tiáo,1000000
苖,dí,1000000
苗,miáo,1000000
苙,lì,1000000
苛,kē,1000000
苛,hé
苜,mù,1000000
苞,bāo,1000000
苟,gǒu,1000000
苡,yǐ,1000000
苢,yǐ,1000000
苣,jù,1000000
若,ruò,1000000
若,rě
苦,kǔ,1000000
苧,zhù,1000000
苫,shān,1000000
苯,běn,1000000
英,yīng,1000000
苲,zhǎ,1000000
苴,jū,1000000
苴,jǔ
苶,nié,1000000
苷,gān,1000000
苹,píng,1000000
苺,méi,1000000
苻,fú,1000000
苾,bì,1000000
茁,zhuó,1000000
茂,mào,1000000
茂,mòu
范,fàn,1000000
茄,jiā,1000000
茄,qié
茅,máo,1000000
茆,máo,1000000
茆,mǎo
茇,bá,1000000
茇,bèi
茈,cí,1000000
茈,chái
茈,zǐ
茉,mò,1000000
茌,chí,1000000
茍,jí,1000000
茖,gé,1000000
茗,míng,1000000
茗,mǐng
茘,lì,1000000
茙,róng,1000000
茛,gèn,1000000
茜,qiàn,1000000
茝,chǎi,1000000
茨,cí,1000000
茩,gǒu,1000000
茪,guāng,1000000
茫,máng,1000000
茬,chí,1000000
茭,jiāo,1000000
茯,fú,1000000
茱,zhū,1000000
茲,zī,1000000
茲,cí
茳,jiāng,1000000
茴,huí,1000000
茵,yīn,1000000
茶,chá,1000000
茷,fá,1000000
茷,pèi
茸,róng,1000000
茸,rǒng
茹,rú,1000000
茹,rù
茺,chōng,1000000
茻,mǎng,1000000
茼,tóng,1000000
荀,xún,1000000
荂,huā,1000000
荃,quán,1000000
荄,gāi,1000000
荅,dá,1000000
荅,dā
荆,jīng,1000000
荇,xìng,1000000
荈,chuǎn,1000000
草,cǎo,1000000
荊,jīng,1000000
荍,qiáo,1000000
荎,chí,1000000
荏,rěn,1000000
荐,jiàn,1000000
荑,tí,1000000
荑,yí
荒,huāng,1000000
荓,píng,1000000
荔,lì,1000000
荣,róng,1000000
荳,dòu,1000000
荴,fū,1000000
荵,rěn,1000000
荷,hé,1000000
荷,hè
荸,bí,1000000
荸,bó
荻,dí,1000000
荼,tú,1000000
荼,shū
荽,suī,1000000
莁,wú,1000000
莂,bié,1000000
莅,lì,1000000
莆,pú,1000000
莆,fǔ
莉,lì,1000000
莊,zhuāng,1000000
莎,shā,1000000
莎,suō
莏,suō,1000000
莏,cuō
莒,jǔ,1000000
莓,méi,1000000
莔,méng,1000000
莕,xìng,1000000
莖,jīng,1000000
莘,shēn,1000000
莘,xīn
莙,jùn,1000000
莛,tíng,1000000
莝,cuò,1000000
莞,guǎn,1000000
莞,guān
莞,wān
莞,wǎn
莠,yòu,1000000
莠,yǒu
莢,jiá,1000000
莧,xiàn,1000000
莨,láng,1000000
莨,liáng
莩,fú,1000000
莩,piǎo
莪,é,1000000
莫,mò,1000000
莫,mù
莭,jié,1000000
莽,mǎng,1000000
莿,cì,1000000
菀,wǎn,1000000
菀,yù
菀,yuàn
菁,jīng,1000000
菂,dī,1000000
菅,jiān,1000000
菆,zōu,1000000
菇,gū,1000000
菉,lù,1000000
菉,lǜ
菊,jú,1000000
菌,jùn,1000000
菑,zāi,1000000
菑,zī
菓,guǒ,1000000
菔,fú,1000000
菔,bó
菖,chāng,1000000
菘,sōng,1000000
菙,chuí,1000000
菜,cài,1000000
菝,bá,1000000
菞,lí,1000000
菟,tú,1000000
菟,tù
菠,bō,1000000
菡,hàn,1000000
菢,bào,1000000
菩,pú,1000000
菫,jǐn,1000000
華,huá,1000000
華,huā
華,huà
菰,gū,1000000
菱,líng,1000000
菲,fēi,1000000
菲,fěi
菲,fèi
菴,ān,1000000
菴,àn
菶,běng,1000000
菸,yān,1000000
菸,yú
菹,jū,1000000
菻,lǐn,1000000
菼,tǎn,1000000
菽,shú,1000000
萁,qí,1000000
萁,jī
萃,cuì,1000000
萄,táo,1000000
萆,bì,1000000
萆,bēi
萇,cháng,1000000
萊,lái,1000000
萋,qī,1000000
萌,méng,1000000
萍,píng,1000000
萎,wēi,1000000
萎,wěi
萏,dàn,1000000
萐,shà,1000000
萑,huán,1000000
萘,nài,1000000
萝,luó,1000000
萩,qiū,1000000
萬,wàn,1000000
萭,yǔ,1000000
萭,jǔ
萯,fù,1000000
萯,bèi
萱,xuān,1000000
萲,xuān,1000000
萴,zé,1000000
萵,wō,1000000
萷,shāo,1000000
萷,shuò
萸,yú,1000000
萹,biǎn,1000000
萹,piān
萼,è,1000000
落,luò,1000000
落,là
落,lào
葄,zuò,1000000
葅,jū,1000000
葆,bǎo,1000000
葉,yè,1000000
葉,shè
葍,fú,1000000
葑,fēng,1000000
葒,hóng,1000000
葓,hóng,1000000
葖,tú,1000000
著,zhe,1000000
著,zhāo
著,zháo
著,zhù
著,zhuó
葚,rèn,1000000
葚,shèn
葛,gé,1000000
葛,gě
葞,mǐ,1000000
葟,huáng,1000000
葡,pú,1000000
葢,gài,1000000
葢,gě
葢,hé
董,dǒng,1000000
葦,wěi,1000000
葧,bó,1000000
葩,pā,1000000
葫,hú,1000000
葬,zàng,1000000
葭,jiā,1000000
葯,yào,1000000
葰,jùn,1000000
葱,cōng,1000000
葳,wēi,1000000
葴,zhēn,1000000
葵,kuí,1000000
葶,tíng,1000000
葷,hūn,1000000
葷,xūn
葸,xǐ,1000000
葹,shī,1000000
葺,qì,1000000
葽,yāo,1000000
蒂,dì,1000000
蒍,wěi,1000000
蒐,sōu,1000000
蒒,shī,1000000
蒔,shí,1000000
蒕,yūn,1000000
蒗,làng,1000000
蒘,rú,1000000
蒙,méng,1000000
蒜,suàn,1000000
蒞,lì,1000000
蒟,jǔ,1000000
蒡,bàng,1000000
蒢,chú,1000000
蒨,qiàn,1000000
蒩,zū,1000000
蒪,pò,1000000
蒭,chú,1000000
蒯,kuǎi,1000000
蒯,kuài
蒱,pú,1000000
蒲,pú,1000000
蒴,shuò,1000000
蒸,zhēng,1000000
蒹,jiān,1000000
蒺,jí,1000000
蒻,ruò,1000000
蒼,cāng,1000000
蒿,hāo,1000000
蓀,sūn,1000000
蓁,zhēn,1000000
蓁,qín
蓂,míng,1000000
蓄,xù,1000000
蓆,xí,1000000
蓉,róng,1000000
蓊,wěng,1000000
蓋,gài,1000000
蓋,gě
蓋,hé
蓌,cuò,1000000
蓍,shī,1000000
蓎,táng,1000000
蓏,luǒ,1000000
蓐,rù,1000000
蓑,suō,1000000
蓓,bèi,1000000
蓖,bì,1000000
蓘,gǔn,1000000
蓧,diào,1000000
蓩,mào,1000000
蓫,zhú,1000000
蓬,péng,1000000
蓮,lián,1000000
蓯,cōng,1000000
蓰,xǐ,1000000
蓱,píng,1000000
蓲,ōu,1000000
蓳,jǐn,1000000
蓴,chún,1000000
蓷,tuī,1000000
蓺,yì,1000000
蓼,liǎo,1000000
蓼,lù
蓽,bì,1000000
蓿,sù,1000000
蔀,bù,1000000
蔂,léi,1000000
蔇,jì,1000000
蔈,biāo,1000000
蔉,gǔn,1000000
蔊,hǎn,1000000
蔌,sù,1000000
蔎,shè,1000000
蔏,shāng,1000000
蔑,miè,1000000
蔓,màn,1000000
蔓,mán
蔔,bó,1000000
蔔,bo
蔗,zhè,1000000
蔘,shēn,1000000
蔘,sān
蔚,wèi,1000000
蔚,yù
蔞,lóu,1000000
蔟,cù,1000000
蔠,zhōng,1000000
蔡,cài,1000000
蔡,sà
蔣,jiǎng,1000000
蔤,mì,1000000
蔥,cōng,1000000
蔦,niǎo,1000000
蔧,huì,1000000
蔪,jiàn,1000000
蔪,jiān
蔪,shān
蔫,niān,1000000
蔫,yān
蔬,shū,1000000
蔬,sū
蔭,yìn,1000000
蔯,chén,1000000
蔱,shā,1000000
蔴,má,1000000
蔻,kòu,1000000
蔽,bì,1000000
蔽,fú
蔿,wěi,1000000
蕁,tán,1000000
蕁,xún
蕃,fān,1000000
蕃,fán
蕅,ǒu,1000000
蕆,chǎn,1000000
蕈,xùn,1000000
蕈,xìn
蕉,jiāo,1000000
蕉,qiáo
蕊,ruǐ,1000000
蕎,qiáo,1000000
蕑,jiān,1000000
蕓,yún,1000000
蕕,yóu,1000000
蕖,qú,1000000
蕘,ráo,1000000
蕙,huì,1000000
蕝,jué,1000000
蕝,zuì
蕞,zuì,1000000
蕡,fén,1000000
蕢,kuì,1000000
蕣,shùn,1000000
蕤,ruí,1000000
蕨,jué,1000000
蕩,dàng,1000000
蕪,wú,1000000
蕭,xiāo,1000000
蕮,xì,1000000
蕸,xiá,1000000
蕹,yōng,1000000
蕺,jí,1000000
蕻,hòng,1000000
蕾,lěi,1000000
蕿,xuān,1000000
薀,yùn,1000000
薁,yù,1000000
薄,báo,1000000
薄,bó
薄,bò
薅,hāo,1000000
薆,ài,1000000
薇,wéi,1000000
薈,huì,1000000
薊,jì,1000000
薌,xiāng,1000000
薏,yì,1000000
薐,léng,1000000
薑,jiāng,1000000
薔,qiáng,1000000
薖,kē,1000000
薙,tì,1000000
薛,xuē,1000000
薜,bì,1000000
薜,bò
薝,zhān,1000000
薞,sūn,1000000
薟,lián,1000000
薟,liàn
薠,fán,1000000
薢,xiè,1000000
薢,jiē
薤,xiè,1000000
薦,jiàn,1000000
薨,hōng,1000000
薩,sà,1000000
薪,xīn,1000000
薯,shǔ,1000000
薰,xūn,1000000
薱,duì,1000000
薶,mái,1000000
薶,wō
薷,rú,1000000
薹,tái,1000000
薺,jì,1000000
薺,qí
薿,nǐ,1000000
藂,cóng,1000000
藃,hào,1000000
藇,xù,1000000
藉,jí,1000000
藉,jiè
藋,diào,1000000
藋,dí
藍,lán,1000000
藎,jìn,1000000
藏,cáng,1000000
藏,zàng
藐,miǎo,1000000
藑,qióng,1000000
藕,ǒu,1000000
藙,yì,1000000
藚,xù,1000000
藜,lí,1000000
藝,yì,1000000
藟,lěi,1000000
藣,bēi,1000000
藤,téng,1000000
藥,yào,1000000
藨,biāo,1000000
藩,fán,1000000
藪,sǒu,1000000
藫,tán,1000000
藭,qióng,1000000
藳,gǎo,1000000
藴,yùn,1000000
藷,shǔ,1000000
藷,zhū
藸,chú,1000000
藹,ǎi,1000000
藺,lìn,1000000
藻,zǎo,1000000
藾,lài,1000000
藿,huò,1000000
蘀,tuò,1000000
蘁,wù,1000000
蘁,è
蘄,qí,1000000
蘅,héng,1000000
蘆,lú,1000000
蘇,sū,1000000
蘉,máng,1000000
蘊,yùn,1000000
蘋,píng,1000000
蘋,pín
蘑,mó,1000000
蘖,niè,1000000
蘗,bò,1000000
蘘,ráng,1000000
蘙,yì,1000000
蘚,xiǎn,1000000
蘞,liàn,1000000
蘞,lián
蘠,qiáng,1000000
蘡,yīng,1000000
蘢,lóng,1000000
蘦,líng,1000000
蘧,qú,1000000
蘩,fán,1000000
蘪,mí,1000000
蘭,lán,1000000
蘮,jì,1000000
蘸,zhàn,1000000
蘹,huái,1000000
蘺,lí,1000000
蘼,mí,1000000
蘾,huài,1000000
蘿,luó,1000000
虀,jī,1000000
虆,léi,1000000
虍,hū,1000000
虎,hǔ,1000000
虎,hū
虐,nüè,1000000
虒,sī,1000000
虓,xiāo,1000000
虔,qián,1000000
處,chù,1000000
處,chǔ
虖,hū,1000000
虖,hú
虗,xū,1000000
虙,fú,1000000
虛,xū,1000000
虜,lǔ,1000000
虜,luǒ
虞,yú,1000000
號,hào,1000000
號,háo
虡,jù,1000000
虢,guó,1000000
虣,bào,1000000
虤,yán,1000000
虧,kuī,1000000
虩,xì,1000000
虫,chóng,1000000
虫,huǐ
虬,qiú,1000000
虯,qiú,1000000
虱,shī,1000000
虵,shé,1000000
虵,yí
虷,hán,1000000
虷,gān
虹,hóng,1000000
虺,huī,1000000
虺,huǐ
虻,méng,1000000
虼,gè,1000000
虾,xiā,1000000
虾,há
蚁,yǐ,1000000
蚇,chǐ,1000000
蚉,wén,1000000
蚊,wén,1000000
蚋,ruì,1000000
蚌,bàng,1000000
蚌,bèng
蚍,pí,1000000
蚑,qí,1000000
蚓,yǐn,1000000
蚕,cán,1000000
蚜,yá,1000000
蚠,fén,1000000
蚡,fén,1000000
蚢,háng,1000000
蚣,gōng,1000000
蚤,zǎo,1000000
蚧,jiè,1000000
蚨,fú,1000000
蚩,chī,1000000
蚪,dǒu,1000000
蚯,qiū,1000000
蚰,yóu,1000000
蚱,zhà,1000000
蚳,chí,1000000
蚴,yǒu,1000000
蚵,kē,1000000
蚵,é
蚶,hān,1000000
蚷,jù,1000000
蚹,fù,1000000
蚿,xián,1000000
蛀,zhù,1000000
蛁,diāo,1000000
蛂,bié,1000000
蛄,gū,1000000
蛆,qū,1000000
蛆,jū
蛇,shé,1000000
蛇,yí
蛉,líng,1000000
蛋,dàn,1000000
蛐,qū,1000000
蛑,móu,1000000
蛓,cì,1000000
蛔,huí,1000000
蛖,máng,1000000
蛗,fù,1000000
蛙,wā,1000000
蛛,zhū,1000000
蛜,yī,1000000
蛞,kuò,1000000
蛟,jiāo,1000000
蛢,píng,1000000
蛣,jié,1000000
蛤,há,1000000
蛤,gé
蛩,qióng,1000000
蛬,gǒng,1000000
蛭,zhì,1000000
蛮,mán,1000000
蛰,zhé,1000000
蛰,zhí
蛸,shāo,1000000
蛸,xiāo
蛹,yǒng,1000000
蛺,jiá,1000000
蛻,tuì,1000000
蛻,shuì
蛼,chē,1000000
蛾,é,1000000
蛾,yǐ
蜀,shǔ,1000000
蜂,fēng,1000000
蜃,shèn,1000000
蜄,zhèn,1000000
蜆,xiǎn,1000000
蜇,zhé,1000000
蜈,wú,1000000
蜉,fú,1000000
蜊,lí,1000000
蜌,bì,1000000
蜍,chú,1000000
蜍,yú
蜎,yuān,1000000
蜑,dàn,1000000
蜒,yán,1000000
蜓,tíng,1000000
蜘,zhī,1000000
蜙,sōng,1000000
蜚,fēi,1000000
蜚,fěi
蜜,mì,1000000
蜞,qí,1000000
蜡,là,1000000
蜡,zhà
蜡,chà
蜢,měng,1000000
蜣,qiāng,1000000
蜤,sī,1000000
蜥,xī,1000000
蜨,dié,1000000
蜩,tiáo,1000000
蜮,yù,1000000
蜯,bàng,1000000
蜯,bèng
蜰,féi,1000000
蜱,pí,1000000
蜲,wēi,1000000
蜴,yì,1000000
蜷,quán,1000000
蜹,ruì,1000000
蜻,qīng,1000000
蜼,lěi,1000000
蜾,guǒ,1000000
蜿,wǎn,1000000
蜿,wān
蝀,dōng,1000000
蝀,dòng
蝂,bǎn,1000000
蝃,dì,1000000
蝆,mǐ,1000000
蝌,kē,1000000
蝍,jí,1000000
蝍,jié
蝎,xiē,1000000
蝎,hé
蝐,mèi,1000000
蝒,mián,1000000
蝓,yú,1000000
蝔,jiē,1000000
蝕,shí,1000000
蝖,xuān,1000000
蝗,huáng,1000000
蝘,yǎn,1000000
蝙,biān,1000000
蝙,biǎn
蝛,wēi,1000000
蝜,fù,1000000
蝟,wèi,1000000
蝠,fú,1000000
蝡,ruǎn,1000000
蝣,yóu,1000000
蝤,qiú,1000000
蝤,jiū
蝥,máo,1000000
蝦,xiā,1000000
蝦,há
蝨,shī,1000000
蝮,fù,1000000
蝯,yuán,1000000
蝱,méng,1000000
蝲,là,1000000
蝳,dú,1000000
蝳,dài
蝴,hú,1000000
蝶,dié,1000000
蝸,guā,1000000
蝹,yūn,1000000
蝹,ǎo
蝻,nán,1000000
蝻,nǎn
蝼,lóu,1000000
螂,láng,1000000
螃,páng,1000000
螄,sī,1000000
螅,xī,1000000
螇,xī,1000000
螈,yuán,1000000
螋,sōu,1000000
螌,bān,1000000
融,róng,1000000
螓,qín,1000000
螗,táng,1000000
螘,yǐ,1000000
螞,mǎ,1000000
螞,mā
螞,mà
螟,míng,1000000
螠,yì,1000000
螡,wén,1000000
螢,yíng,1000000
螣,tè,1000000
螣,téng
螫,shì,1000000
螫,zhē
螬,cáo,1000000
螭,chī,1000000
螯,áo,1000000
螲,dié,1000000
螳,táng,1000000
螵,piāo,1000000
螹,jiàn,1000000
螹,qián
螺,luó,1000000
螻,lóu,1000000
螼,qǐn,1000000
螽,zhōng,1000000
螾,yǐn,1000000
螿,jiāng,1000000
蟀,shuài,1000000
蟀,shuò
蟄,zhé,1000000
蟄,zhí
蟅,zhè,1000000
蟆,má,1000000
蟆,ma
蟇,má,1000000
蟇,ma
蟈,guō,1000000
蟊,máo,1000000
蟋,xī,1000000
蟑,zhāng,1000000
蟒,mǎng,1000000
蟙,zhí,1000000
蟚,péng,1000000
蟛,péng,1000000
蟠,pán,1000000
蟢,xǐ,1000000
蟣,jǐ,1000000
蟥,huáng,1000000
蟪,huì,1000000
蟫,tán,1000000
蟬,chán,1000000
蟭,jiāo,1000000
蟮,shàn,1000000
蟮,chán
蟯,ráo,1000000
蟰,xiāo,1000000
蟲,chóng,1000000
蟳,xún,1000000
蟶,chēng,1000000
蟹,xiè,1000000
蟹,xiě
蟺,shàn,1000000
蟺,chán
蟻,yǐ,1000000
蟾,chán,1000000
蟿,qì,1000000
蠁,xiàng,1000000
蠃,luǒ,1000000
蠅,yíng,1000000
蠆,chài,1000000
蠉,xuān,1000000
蠋,zhú,1000000
蠍,xiē,1000000
蠏,xiè,1000000
蠏,xiě
蠐,qí,1000000
蠑,róng,1000000
蠓,měng,1000000
蠔,háo,1000000
蠕,ruǎn,1000000
蠕,rú
蠖,huò,1000000
蠖,wò
蠙,pín,1000000
蠙,bīn
蠛,miè,1000000
蠜,fán,1000000
蠟,là,1000000
蠠,mì,1000000
蠡,lí,1000000
蠡,lǐ
蠢,chǔn,1000000
蠣,lì,1000000
蠧,dù,1000000
蠨,xiāo,1000000
蠭,fēng,1000000
蠯,pí,1000000
蠰,shàng,1000000
蠰,rǎng
蠱,gǔ,1000000
蠲,juān,1000000
蠵,xī,1000000
蠶,cán,1000000
蠷,qú,1000000
蠹,dù,1000000
蠻,mán,1000000
蠼,jué,1000000
血,xiě,1000000
血,xuè
衁,huāng,1000000
衃,pēi,1000000
衃,fóu
衄,nǜ,1000000
衅,xìn,1000000
衇,mài,1000000
衇,mò
衈,èr,1000000
衊,miè,1000000
衋,xì,1000000
行,xíng,1000000
行,háng
行,hàng
行,xìng
衍,yǎn,1000000
衎,kàn,1000000
衒,xuàn,1000000
術,shù,1000000
術,suì
衕,tòng,1000000
街,jiē,1000000
衙,yá,1000000
衙,yú
衚,hú,1000000
衛,wèi,1000000
衝,chōng,1000000
衝,chòng
衞,wèi,1000000
衠,zhūn,1000000
衡,héng,1000000
衢,qú,1000000
衣,yī,1000000
衣,yì
补,bǔ,1000000
表,biǎo,1000000
衩,chǎ,1000000
衩,chà
衪,yí,1000000
衫,shān,1000000
衮,gǔn,1000000
衯,fēn,1000000
衰,shuāi,1000000
衰,cuī
衱,jié,1000000
衲,nà,1000000
衷,zhōng,1000000
衹,qí,1000000
衹,zhī
衺,xié,1000000
衺,xiá
衺,xú
衺,yé
衺,yú
衻,rán,1000000
衽,rèn,1000000
衾,qīn,1000000
衾,qín
衿,jīn,1000000
袀,jūn,1000000
袁,yuán,1000000
袂,mèi,1000000
袄,ǎo,1000000
袈,jiā,1000000
袋,dài,1000000
袍,páo,1000000
袎,yào,1000000
袑,shào,1000000
袒,tǎn,1000000
袖,xiù,1000000
袗,zhěn,1000000
袙,pà,1000000
袛,dī,1000000
袜,wà,1000000
袜,mò
袞,gǔn,1000000
袟,zhì,1000000
袠,zhì,1000000
袡,rán,1000000
袢,pàn,1000000
袢,fán
袤,mào,1000000
袤,mòu
袧,gōu,1000000
袨,xuàn,1000000
袪,qū,1000000
被,bèi,1000000
被,pī
袱,fú,1000000
袴,kù,1000000
袵,rèn,1000000
袷,jiá,1000000
袷,jié
袺,jié,1000000
袽,rú,1000000
袾,zhū,1000000
袿,guà,1000000
裀,yīn,1000000
裁,cái,1000000
裂,liè,1000000
裉,kèn,1000000
裊,niǎo,1000000
裋,shù,1000000
裌,jiá,1000000
裌,jié
裎,chéng,1000000
裏,lǐ,1000000
裒,póu,1000000
裓,gé,1000000
裔,yì,1000000
裕,yù,1000000
裖,zhěn,1000000
裘,qiú,1000000
裙,qún,1000000
裛,yì,1000000
補,bǔ,1000000
裝,zhuāng,1000000
裟,shā,1000000
裠,qún,1000000
裡,lǐ,1000000
裧,chān,1000000
裨,bì,1000000
裨,pí
裩,kūn,1000000
裯,chóu,1000000
裰,duó,1000000
裱,biǎo,1000000
裲,liǎng,1000000
裳,cháng,1000000
裳,shāng
裴,péi,1000000
裶,fēi,1000000
裸,luǒ,1000000
裹,guǒ,1000000
裻,dǔ,1000000
裼,tì,1000000
裼,xí
製,zhì,1000000
裾,jū,1000000
褂,guà,1000000
複,fù,1000000
褊,biǎn,1000000
褊,pián
褋,dié,1000000
褌,kūn,1000000
褎,xiù,1000000
褎,yòu
褏,xiù,1000000
褐,hé,1000000
褒,bāo,1000000
褓,bǎo,1000000
褔,fù,1000000
褕,yú,1000000
褖,tuàn,1000000
褘,huī,1000000
褙,bèi,1000000
褚,chǔ,1000000
褟,tā,1000000
褡,dā,1000000
褢,huái,1000000
褥,rù,1000000
褦,nài,1000000
褧,jiǒng,1000000
褪,tùn,1000000
褪,tuì
褫,chǐ,1000000
褭,niǎo,1000000
褯,jiè,1000000
褰,qiān,1000000
褱,huái,1000000
褲,kù,1000000
褳,lián,1000000
褶,dié,1000000
褶,xí
褶,xué
褶,zhé
褷,shī,1000000
褸,lǚ,1000000
褻,xiè,1000000
褼,xiān,1000000
褽,wèi,1000000
褾,biǎo,1000000
襀,jī,1000000
襁,qiǎng,1000000
襂,shān,1000000
襃,bāo,1000000
襄,xiāng,1000000
襆,pú,1000000
襉,jiǎn,1000000
襉,jiàn
襌,dān,1000000
襍,zá,1000000
襏,bó,1000000
襒,bié,1000000
襓,ráo,1000000
襖,ǎo,1000000
襗,zé,1000000
襗,duó
襘,guì,1000000
襚,suì,1000000
襛,nóng,1000000
襜,chān,1000000
襝,liàn,1000000
襞,bì,1000000
襟,jīn,1000000
襠,dāng,1000000
襡,shú,1000000
襢,zhàn,1000000
襢,tǎn
襣,bì,1000000
襤,lán,1000000
襥,pú,1000000
襦,rú,1000000
襪,wà,1000000
襫,shì,1000000
襬,bǎi,1000000
襬,bēi
襭,xié,1000000
襮,bó,1000000
襯,chèn,1000000
襲,xí,1000000
襳,xiān,1000000
襴,lán,1000000
襵,zhé,1000000
襶,dài,1000000
襻,pàn,1000000
襼,yì,1000000
襾,yà,1000000
襾,xià
西,xī,1000000
要,yào,1000000
要,yāo
覂,fěng,1000000
覃,tán,1000000
覃,qín
覄,fù,1000000
覆,fù,1000000
覇,bà,1000000
覇,pò
覈,hé,1000000
覉,jī,1000000
覊,jī,1000000
見,jiàn,1000000
見,xiàn
覌,guān,1000000
覌,guàn
規,guī,1000000
覓,mì,1000000
覔,mì,1000000
覕,miè,1000000
覕,piē
視,shì,1000000
覘,zhān,1000000
覚,jué,1000000
覚,jiào
覛,mò,1000000
覜,tiào,1000000
覡,xí,1000000
覥,tiǎn,1000000
覥,miǎn
覦,yú,1000000
覧,lǎn,1000000
覩,dǔ,1000000
親,qīn,1000000
親,qìng
覬,jì,1000000
覯,gòu,1000000
覰,qù,1000000
覲,jǐn,1000000
覲,jìn
覶,luó,1000000
覷,qù,1000000
覺,jué,1000000
覺,jiào
覼,luó,1000000
覽,lǎn,1000000
覿,dí,1000000
觀,guān,1000000
觀,guàn
角,jiǎo,1000000
角,lù
角,jué
觓,qiú,1000000
觔,jīn,1000000
觕,cū,1000000
觖,jué,1000000
觚,gū,1000000
觜,zī,1000000
觜,zuǐ
觝,dǐ,1000000
觡,gé,1000000
解,jiě,1000000
解,jiè
解,xiè
觤,guǐ,1000000
觥,gōng,1000000
觧,jiě,1000000
觧,jiè
觧,xiè
觩,qiú,1000000
觫,sù,1000000
觭,jī,1000000
觰,zhā,1000000
觱,bì,1000000
觳,hú,1000000
觴,shāng,1000000
觵,gōng,1000000
觶,zhì,1000000
觷,xué,1000000
觸,chù,1000000
觿,xī,1000000
言,yán,1000000
言,yín
訂,dìng,1000000
訃,fù,1000000
訄,qiú,1000000
訄,kāo
訇,hōng,1000000
計,jì,1000000
訊,xùn,1000000
訌,hóng,1000000
討,tǎo,1000000
訏,xū,1000000
訐,jié,1000000
訑,yí,1000000
訒,rèn,1000000
訓,xùn,1000000
訕,shàn,1000000
訖,qì,1000000
託,tuō,1000000
記,jì,1000000
訛,é,1000000
訝,yà,1000000
訞,yāo,1000000
訟,sòng,1000000
訢,xīn,1000000
訢,xī
訣,jué,1000000
訥,nè,1000000
訥,nà
訧,yóu,1000000
訩,xiōng,1000000
訪,fǎng,1000000
訬,chāo,1000000
設,shè,1000000
訰,zhùn,1000000
許,xǔ,1000000
許,hǔ
訴,sù,1000000
訶,hē,1000000
訹,xù,1000000
診,zhěn,1000000
診,zhēn
註,zhù,1000000
証,zhèng,1000000
訾,zī,1000000
訾,zǐ
訿,zǐ,1000000
詀,zhān,1000000
詁,gǔ,1000000
詄,yì,1000000
詅,líng,1000000
詆,dǐ,1000000
詈,lì,1000000
詉,náo,1000000
詎,jù,1000000
詐,zhà,1000000
詐,zhǎ
詒,yí,1000000
詔,zhào,1000000
評,píng,1000000
詖,bì,1000000
詗,xiòng,1000000
詘,qū,1000000
詘,chù
詛,zǔ,1000000
詞,cí,1000000
詠,yǒng,1000000
詡,xǔ,1000000
詢,xún,1000000
詣,yì,1000000
試,shì,1000000
詧,chá,1000000
詩,shī,1000000
詫,chà,1000000
詬,gòu,1000000
詭,guǐ,1000000
詮,quán,1000000
詰,jié,1000000
話,huà,1000000
該,gāi,1000000
詳,xiáng,1000000
詵,shēn,1000000
詶,chóu,1000000
詹,zhān,1000000
詻,è,1000000
詼,huī,1000000
詾,xiōng,1000000
詿,guà,1000000
誂,tiǎo,1000000
誂,diào
誃,chǐ,1000000
誄,lěi,1000000
誅,zhū,1000000
誆,kuāng,1000000
誇,kuā,1000000
誉,yù,1000000
誋,jì,1000000
誌,zhì,1000000
認,rèn,1000000
誏,ràng,1000000
誑,kuáng,1000000
誒,xī,1000000
誒,ề
誓,shì,1000000
誕,dàn,1000000
誖,bèi,1000000
誘,yòu,1000000
誙,kēng,1000000
誚,qiào,1000000
語,yǔ,1000000
語,yù
誠,chéng,1000000
誡,jiè,1000000
誣,wū,1000000
誣,wú
誤,wù,1000000
誥,gào,1000000
誦,sòng,1000000
誨,huì,1000000
誨,huǐ
說,shuō,1000000
說,shuì
說,yuè
誰,shéi,1000000
誰,shuí
課,kè,1000000
誶,suì,1000000
誹,fěi,1000000
誻,tà,1000000
誼,yì,1000000
誼,yí
誾,yín,1000000
調,diào,1000000
調,tiáo
諂,chǎn,1000000
諄,zhūn,1000000
諆,qī,1000000
談,tán,1000000
諉,wěi,1000000
請,qǐng,1000000
請,qīng
請,qíng
諍,zhēng,1000000
諏,zōu,1000000
諑,zhuó,1000000
諒,liàng,1000000
諒,liáng
諓,jiàn,1000000
諔,chù,1000000
諕,xià,1000000
論,lùn,1000000
論,lún
諗,shěn,1000000
諛,yú,1000000
諜,dié,1000000
諝,xǔ,1000000
諞,pián,1000000
諞,piǎn
諟,shì,1000000
諠,xuān,1000000
諡,shì,1000000
諢,hùn,1000000
諤,è,1000000
諦,dì,1000000
諧,xié,1000000
諩,pǔ,1000000
諫,jiàn,1000000
諭,yù,1000000
諮,zī,1000000
諰,xǐ,1000000
諱,huì,1000000
諳,ān,1000000
諴,xián,1000000
諵,nán,1000000
諶,chén,1000000
諷,fèng,1000000
諷,fēng
諸,zhū,1000000
諺,yàn,1000000
諼,xuān,1000000
諼,shuàn
諾,nuò,1000000
謀,móu,1000000
謁,yè,1000000
謂,wèi,1000000
謄,téng,1000000
謅,zōu,1000000
謇,jiǎn,1000000
謈,pò,1000000
謈,bó
謈,bào
謊,huǎng,1000000
謋,huò,1000000
謌,gē,1000000
謎,mí,1000000
謎,mèi
謎,mì
謏,xiǎo,1000000
謐,mì,1000000
謔,nüè,1000000
謖,sù,1000000
謗,bàng,1000000
謙,qiān,1000000
謙,qiàn
謚,yì,1000000
謚,shì
講,jiǎng,1000000
謝,xiè,1000000
謞,xuè,1000000
謟,tāo,1000000
謠,yáo,1000000
謣,yú,1000000
謣,xū
謥,còng,1000000
謦,qìng,1000000
謨,mó,1000000
謫,zhé,1000000
謬,miù,1000000
謯,jiē,1000000
謰,lián,1000000
謳,ōu,1000000
謵,xí,1000000
謷,áo,1000000
謷,ào
謹,jǐn,1000000
謻,yí,1000000
謼,hū,1000000
謾,mán,1000000
謾,màn
譁,huá,1000000
譆,xī,1000000
譇,zhā,1000000
證,zhèng,1000000
譊,náo,1000000
譌,é,1000000
譎,jué,1000000
譏,jī,1000000
譔,zhuàn,1000000
譕,mó,1000000
譖,zèn,1000000
識,shì,1000000
識,zhì
譙,qiào,1000000
譙,qiáo
譚,tán,1000000
譜,pǔ,1000000
譟,zào,1000000
譣,xiǎn,1000000
警,jǐng,1000000
譨,nóu,1000000
譫,zhān,1000000
譬,pì,1000000
譯,yì,1000000
議,yì,1000000
譴,qiǎn,1000000
護,hù,1000000
譸,zhōu,1000000
譽,yù,1000000
譾,jiǎn,1000000
讀,dú,1000000
讀,dòu
讁,zhé,1000000
讅,shěn,1000000
讆,wèi,1000000
讇,chǎn,1000000
變,biàn,1000000
讋,zhé,1000000
讌,yàn,1000000
讎,chóu,1000000
讐,chóu,1000000
讒,chán,1000000
讓,ràng,1000000
讔,yǐn,1000000
讕,lán,1000000
讖,chèn,1000000
讘,zhé,1000000
讙,huān,1000000
讚,zàn,1000000
讜,dǎng,1000000
讞,yàn,1000000
讟,dú,1000000
谷,gǔ,1000000
谷,yù
谹,hóng,1000000
谽,hān,1000000
谿,xī,1000000
谿,qī
豁,huō,1000000
豁,huá
豁,huò
豆,dòu,1000000
豇,jiāng,1000000
豈,qǐ,1000000
豈,kǎi
豉,shì,1000000
豉,chǐ
豊,lǐ,1000000
豋,dēng,1000000
豌,wān,1000000
豎,shù,1000000
豐,fēng,1000000
豔,yàn,1000000
豕,shǐ,1000000
豗,huī,1000000
豚,tún,1000000
豜,jiān,1000000
豝,bā,1000000
象,xiàng,1000000
豢,huàn,1000000
豣,jiān,1000000
豨,xī,1000000
豪,háo,1000000
豫,yù,1000000
豬,zhū,1000000
豭,jiā,1000000
豳,bīn,1000000
豵,zōng,1000000
豶,fén,1000000
豷,yì,1000000
豸,zhì,1000000
豹,bào,1000000
豺,chái,1000000
豻,àn,1000000
豻,hàn
豼,pí,1000000
貂,diāo,1000000
貅,xiū,1000000
貆,huán,1000000
貉,háo,1000000
貉,mò
貉,hé
貊,mò,1000000
貌,mào,1000000
貍,lí,1000000
貏,bǐ,1000000
貏,bèi
貐,yǔ,1000000
貒,tuān,1000000
貓,māo,1000000
貔,pí,1000000
貕,xī,1000000
貗,jù,1000000
貗,lǘ
貘,mò,1000000
貙,chū,1000000
貛,huān,1000000
貝,bèi,1000000
貞,zhēn,1000000
貟,yuán,1000000
貟,yún
貟,yùn
負,fù,1000000
財,cái,1000000
貢,gòng,1000000
貣,tè,1000000
貤,yí,1000000
貧,pín,1000000
貨,huò,1000000
販,fàn,1000000
貪,tān,1000000
貫,guàn,1000000
責,zé,1000000
責,zhài
貭,zhì,1000000
貭,zhí
貯,zhǔ,1000000
貰,shì,1000000
貲,zī,1000000
貳,èr,1000000
貴,guì,1000000
貶,biǎn,1000000
買,mǎi,1000000
貸,dài,1000000
貸,tè
貺,kuàng,1000000
費,fèi,1000000
費,bì
貼,tiē,1000000
貽,yí,1000000
貾,chí,1000000
貿,mào,1000000
貿,mòu
賀,hè,1000000
賁,bì,1000000
賁,bēn
賁,fèn
賂,lù,1000000
賃,lìn,1000000
賃,rèn
賄,huì,1000000
賄,huǐ
賅,gāi,1000000
資,zī,1000000
賈,jiǎ,1000000
賈,gǔ
賊,zéi,1000000
賊,zé
賍,zāng,1000000
賑,zhèn,1000000
賒,shē,1000000
賓,bīn,1000000
賓,bìn
賔,bīn,1000000
賔,bìn
賕,qiú,1000000
賙,zhōu,1000000
賚,lài,1000000
賛,zàn,1000000
賜,cì,1000000
賜,sì
賝,chēn,1000000
賞,shǎng,1000000
賠,péi,1000000
賡,gēng,1000000
賢,xián,1000000
賢,xiàn
賣,mài,1000000
賤,jiàn,1000000
賦,fù,1000000
賨,cóng,1000000
質,zhì,1000000
質,zhí
賫,jī,1000000
賬,zhàng,1000000
賭,dǔ,1000000
賴,lài,1000000
賵,fèng,1000000
賷,jī,1000000
賸,shèng,1000000
賺,zhuàn,1000000
賺,zuàn
賻,fù,1000000
購,gòu,1000000
賽,sài,1000000
賾,zé,1000000
贄,zhì,1000000
贅,zhuì,1000000
贇,yūn,1000000
贈,zèng,1000000
贊,zàn,1000000
贋,yàn,1000000
贍,shàn,1000000
贏,yíng,1000000
贐,jìn,1000000
贑,gàn,1000000
贑,gòng
贓,zāng,1000000
贔,bì,1000000
贕,dú,1000000
贖,shú,1000000
贗,yàn,1000000
贛,gàn,1000000
贛,gòng
贜,zāng,1000000
赤,chì,1000000
赦,shè,1000000
赧,nǎn,1000000
赨,tóng,1000000
赩,xì,1000000
赫,hè,1000000
赬,chēng,1000000
赭,zhě,1000000
赮,xiá,1000000
赯,táng,1000000
走,zǒu,1000000
赳,jiū,1000000
赳,jiǔ
赴,fù,1000000
赶,gǎn,1000000
赶,qián
起,qǐ,1000000
赸,shàn,1000000
趁,chèn,1000000
趂,chèn,1000000
趄,jū,1000000
趄,qiè
超,chāo,1000000
越,yuè,1000000
趋,qū,1000000
趋,cù
趑,zī,1000000
趓,duǒ,1000000
趔,liè,1000000
趕,gǎn,1000000
趖,suō,1000000
趙,zhào,1000000
趟,tàng,1000000
趠,zhuó,1000000
趠,chào
趡,cuǐ,1000000
趣,qù,1000000
趣,cù
趦,zī,1000000
趨,qū,1000000
趨,cù
趫,qiáo,1000000
趬,qiāo,1000000
趮,zào,1000000
趯,tì,1000000
趯,yuè
趲,zǎn,1000000
足,zú,1000000
足,jù
趴,pā,1000000
趵,bào,1000000
趵,bō
趷,kē,1000000
趷,hé
趹,jué,1000000
趺,fū,1000000
趻,chěn,1000000
趼,jiǎn,1000000
趼,yán
趾,zhǐ,1000000
趿,tā,1000000
趿,sà
跂,qí,1000000
跂,qì
跅,tuò,1000000
跆,tái,1000000
跇,chì,1000000
跇,yì
跋,bá,1000000
跌,dié,1000000
跎,tuó,1000000
跏,jiā,1000000
跐,cī,1000000
跐,cǐ
跐,cǎi
跑,pǎo,1000000
跑,páo
跓,zhù,1000000
跕,tiē,1000000
跕,dié
跖,zhí,1000000
跖,zhè
跗,fū,1000000
跚,shān,1000000
跛,bǒ,1000000
跛,bì
距,jù,1000000
跟,gēn,1000000
跡,jī,1000000
跢,duò,1000000
跣,xiǎn,1000000
跤,jiāo,1000000
跦,zhū,1000000
跧,quán,1000000
跨,kuà,1000000
跩,zhuǎi,1000000
跪,guì,1000000
跫,qióng,1000000
跬,kuǐ,1000000
跮,chì,1000000
路,lù,1000000
跱,zhì,1000000
跲,jiá,1000000
跳,tiào,1000000
跴,cǎi,1000000
跺,duò,1000000
跼,jú,1000000
跽,jì,1000000
跿,tú,1000000
踁,jìng,1000000
踂,niè,1000000
踅,xué,1000000
踅,chì
踆,cūn,1000000
踆,qūn
踈,shū,1000000
踈,shù
踈,sū
踉,liáng,1000000
踉,liàng
踊,yǒng,1000000
踏,tà,1000000
踐,jiàn,1000000
踔,zhuó,1000000
踕,jié,1000000
踖,jí,1000000
踖,què
踘,jú,1000000
踝,huái,1000000
踝,huà
踞,jù,1000000
踟,chí,1000000
踠,wǎn,1000000
踡,quán,1000000
踢,tī,1000000
踣,bó,1000000
踤,zú,1000000
踥,qiè,1000000
踦,yǐ,1000000
踦,jǐ
踦,qí
踧,cù,1000000
踩,cǎi,1000000
踪,zōng,1000000
踫,pèng,1000000
踮,diàn,1000000
踰,yú,1000000
踱,duò,1000000
踳,chǔn,1000000
踳,chuǎn
踴,yǒng,1000000
踵,zhǒng,1000000
踶,dì,1000000
踶,zhì
踸,chěn,1000000
踹,chuài,1000000
踹,shuàn
踽,jǔ,1000000
蹀,dié,1000000
蹁,pián,1000000
蹂,róu,1000000
蹄,tí,1000000
蹅,chǎ,1000000
蹇,jiǎn,1000000
蹈,dào,1000000
蹉,cuō,1000000
蹊,xī,1000000
蹋,tà,1000000
蹌,qiāng,1000000
蹌,qiàng
蹍,zhǎn,1000000
蹎,diān,1000000
蹏,tí,1000000
蹐,jí,1000000
蹓,liù,1000000
蹔,zàn,1000000
蹔,zhàn
蹕,bì,1000000
蹙,cù,1000000
蹚,tāng,1000000
蹜,sù,1000000
蹝,xǐ,1000000
蹞,kuǐ,1000000
蹟,jī,1000000
蹠,zhí,1000000
蹡,qiāng,1000000
蹡,qiàng
蹢,dí,1000000
蹢,zhí
蹣,mán,1000000
蹣,pán
蹤,zōng,1000000
蹦,bèng,1000000
蹧,zāo,1000000
蹩,bié,1000000
蹪,tuí,1000000
蹬,dèng,1000000
蹭,cèng,1000000
蹮,xiān,1000000
蹯,fán,1000000
蹰,chú,1000000
蹲,dūn,1000000
蹲,cún
蹳,bō,1000000
蹴,cù,1000000
蹵,cù,1000000
蹶,jué,1000000
蹶,juě
蹺,qiāo,1000000
蹻,qiāo,1000000
蹻,jiǎo
蹻,jué
蹼,pú,1000000
躁,zào,1000000
躂,tà,1000000
躂,dā
躃,bì,1000000
躄,bì,1000000
躅,zhú,1000000
躆,jù,1000000
躇,chú,1000000
躈,qiào,1000000
躉,dǔn,1000000
躊,chóu,1000000
躋,jī,1000000
躍,yuè,1000000
躐,liè,1000000
躑,zhí,1000000
躒,lì,1000000
躒,luò
躓,zhì,1000000
躔,chán,1000000
躕,chú,1000000
躗,wèi,1000000
躚,xiān,1000000
躞,xiè,1000000
躟,rǎng,1000000
躠,sà,1000000
躡,niè,1000000
躣,qú,1000000
躥,cuān,1000000
躦,zuān,1000000
躧,xǐ,1000000
躩,jué,1000000
躪,lìn,1000000
身,shēn,1000000
身,juān
躬,gōng,1000000
躭,dān,1000000
躯,qū,1000000
躰,tǐ,1000000
躱,duǒ,1000000
躲,duǒ,1000000
躳,gōng,1000000
躶,luǒ,1000000
躺,tǎng,1000000
軀,qū,1000000
軃,duǒ,1000000
軄,zhí,1000000
軆,tǐ,1000000
車,chē,1000000
車,jū
軋,yà,1000000
軋,gá
軋,zhá
軌,guǐ,1000000
軍,jūn,1000000
軏,yuè,1000000
軑,dài,1000000
軒,xuān,1000000
軔,rèn,1000000
軘,tún,1000000
軛,è,1000000
軜,nà,1000000
軟,ruǎn,1000000
転,zhuǎn,1000000
転,zhuàn
軥,qú,1000000
軨,líng,1000000
軫,zhěn,1000000
軬,fàn,1000000
軯,pēng,1000000
軱,gū,1000000
軷,bá,1000000
軷,bó
軸,zhóu,1000000
軸,zhòu
軸,zhú
軹,zhǐ,1000000
軺,yáo,1000000
軻,kē,1000000
軼,yì,1000000
軽,qīng,1000000
軾,shì,1000000
軿,píng,1000000
輀,ér,1000000
輂,jú,1000000
較,jiào,1000000
較,jiǎo
較,jué
輅,lù,1000000
輇,quán,1000000
輈,zhōu,1000000
載,zài,1000000
載,zǎi
輊,zhì,1000000
輒,zhé,1000000
輓,wǎn,1000000
輔,fǔ,1000000
輕,qīng,1000000
輖,zhōu,1000000
輗,ní,1000000
輘,líng,1000000
輙,zhé,1000000
輚,zhàn,1000000
輛,liàng,1000000
輜,zī,1000000
輝,huī,1000000
輞,wǎng,1000000
輟,chuò,1000000
輠,guǒ,1000000
輣,péng,1000000
輥,gǔn,1000000
輦,niǎn,1000000
輧,píng,1000000
輩,bèi,1000000
輪,lún,1000000
輬,liáng,1000000
輭,ruǎn,1000000
輮,róu,1000000
輯,jí,1000000
輲,chuán,1000000
輳,còu,1000000
輴,chūn,1000000
輶,yóu,1000000
輷,hōng,1000000
輸,shū,1000000
輹,fù,1000000
輻,fú,1000000
輾,zhǎn,1000000
輾,niǎn
輿,yú,1000000
轀,wēn,1000000
轂,gǔ,1000000
轂,gū
轄,xiá,1000000
轅,yuán,1000000
轆,lù,1000000
轇,jiū,1000000
轉,zhuǎn,1000000
轉,zhuàn
轍,zhé,1000000
轍,chè
轎,jiào,1000000
轏,zhàn,1000000
轐,bú,1000000
轑,lǎo,1000000
轑,láo
轒,fén,1000000
轓,fān,1000000
轔,lín,1000000
轕,gé,1000000
轖,sè,1000000
轗,kǎn,1000000
轘,huàn,1000000
轙,yǐ,1000000
轚,jí,1000000
轜,ér,1000000
轝,yú,1000000
轟,hōng,1000000
轠,léi,1000000
轡,pèi,1000000
轢,lì,1000000
轣,lì,1000000
轤,lú,1000000
辛,xīn,1000000
辜,gū,1000000
辝,cí,1000000
辞,cí,1000000
辟,pì,1000000
辟,bì
辠,zuì,1000000
辡,biàn,1000000
辣,là,1000000
辤,cí,1000000
辥,xuē,1000000
辦,bàn,1000000
辨,biàn,1000000
辭,cí,1000000
辮,biàn,1000000
辯,biàn,1000000
辰,chén,1000000
辱,rù,1000000
辱,rǔ
農,nóng,1000000
辳,nóng,1000000
辴,zhěn,1000000
辵,chuò,1000000
边,biān,1000000
迁,qiān,1000000
迂,yū,1000000
迄,qì,1000000
迅,xùn,1000000
迆,yí,1000000
迆,yǐ
过,guò,1000000
过,guō
迊,yíng,1000000
迊,yìng
迋,wàng,1000000
迋,guǎng
迍,zhūn,1000000
迎,yíng,1000000
迎,yìng
近,jìn,1000000
迒,háng,1000000
迓,yà,1000000
返,fǎn,1000000
迕,wǔ,1000000
迕,wù
还,hái,1000000
还,huán
还,xuán
这,zhè,1000000
这,zhèi
远,yuǎn,1000000
远,yuàn
迢,tiáo,1000000
迤,yí,1000000
迤,yǐ
迥,jiǒng,1000000
迦,jiā,1000000
迨,dài,1000000
迩,ěr,1000000
迪,dí,1000000
迫,pò,1000000
迭,dié,1000000
迮,zé,1000000
迮,zuò
述,shù,1000000
迴,huí,1000000
迷,mí,1000000
迸,bèng,1000000
迸,bǐng
迹,jī,1000000
迺,nǎi,1000000
迻,yí,1000000
追,zhuī,1000000
追,duī
迿,xùn,1000000
退,tuì,1000000
送,sòng,1000000
适,shì,1000000
适,dí
适,guā
适,kuò
逃,táo,1000000
逄,páng,1000000
逄,péng
逄,féng
逅,hòu,1000000
逅,gòu
逆,nì,1000000
逈,jiǒng,1000000
选,xuǎn,1000000
逊,xùn,1000000
逊,sùn
逋,bū,1000000
逌,yóu,1000000
逍,xiāo,1000000
透,tòu,1000000
逐,zhú,1000000
逑,qiú,1000000
递,dì,1000000
途,tú,1000000
逕,jìng,1000000
逖,tì,1000000
逗,dòu,1000000
這,zhè,1000000
這,zhèi
通,tōng,1000000
逛,guàng,1000000
逝,shì,1000000
逞,chěng,1000000
速,sù,1000000
造,zào,1000000
造,cào
逡,qūn,1000000
逢,féng,1000000
逢,péng
連,lián,1000000
逤,shā,1000000
逩,bèn,1000000
逬,bèng,1000000
逬,bǐng
逭,huàn,1000000
逮,dǎi,1000000
逮,dài
逮,dì
逯,lù,1000000
逰,yóu,1000000
週,zhōu,1000000
進,jìn,1000000
逴,chuò,1000000
逵,kuí,1000000
逶,wēi,1000000
逸,yì,1000000
逺,yuǎn,1000000
逺,yuàn
逻,luó,1000000
逼,bī,1000000
逼,bì
逾,yú,1000000
逿,dàng,1000000
遁,dùn,1000000
遂,suì,1000000
遂,suí
遄,chuán,1000000
遇,yù,1000000
遊,yóu,1000000
運,yùn,1000000
遍,biàn,1000000
遍,piàn
過,guò,1000000
過,guō
遏,è,1000000
遐,xiá,1000000
遑,huáng,1000000
遒,qiú,1000000
道,dào,1000000
達,dá,1000000
達,tà
違,wéi,1000000
遘,gòu,1000000
遙,yáo,1000000
遛,liú,1000000
遛,liù
遜,xùn,1000000
遜,sùn
遝,tà,1000000
遞,dì,1000000
遟,chí,1000000
遟,zhì
遠,yuǎn,1000000
遠,yuàn
遡,sù,1000000
遢,tà,1000000
遣,qiǎn,1000000
遨,áo,1000000
適,shì,1000000
適,dí
遬,sù,1000000
遭,zāo,1000000
遮,zhē,1000000
遮,zhě
遯,dùn,1000000
遰,dì,1000000
遲,chí,1000000
遲,zhì
遳,cuō,1000000
遴,lín,1000000
遴,lìn
遵,zūn,1000000
遶,rào,1000000
遷,qiān,1000000
選,xuǎn,1000000
遹,yù,1000000
遺,yí,1000000
遺,wèi
遻,è,1000000
遻,wù
遼,liáo,1000000
遽,jù,1000000
避,bì,1000000
避,bèi
邀,yāo,1000000
邁,mài,1000000
邂,xiè,1000000
邃,suì,1000000
還,hái,1000000
還,huán
還,xuán
邅,zhān,1000000
邇,ěr,1000000
邈,miǎo,1000000
邉,biān,1000000
邊,biān,1000000
邋,lá,1000000
邋,liè
邏,luó,1000000
邐,lǐ,1000000
邑,yì,1000000
邕,yōng,1000000
邗,hán,1000000
邘,yú,1000000
邙,máng,1000000
邛,qióng,1000000
邠,bīn,1000000
邡,fāng,1000000
邢,xíng,1000000
那,nà,1000000
那,nā
那,nǎ
那,něi
那,nèi
那,nuó
邥,shěn,1000000
邦,bāng,1000000
邧,yuán,1000000
邨,cūn,1000000
邪,xié,1000000
邪,xiá
邪,xú
邪,yé
邪,yú
邯,hán,1000000
邰,tái,1000000
邱,qiū,1000000
邲,bì,1000000
邳,péi,1000000
邴,bǐng,1000000
邵,shào,1000000
邶,bèi,1000000
邸,dǐ,1000000
邽,guī,1000000
邾,zhū,1000000
邿,shī,1000000
郁,yù,1000000
郃,hé,1000000
郃,gé
郄,xì,1000000
郅,zhì,1000000
郇,xún,1000000
郇,huán
郈,hòu,1000000
郉,xíng,1000000
郊,jiāo,1000000
郎,láng,1000000
郑,zhèng,1000000
郔,yán,1000000
郕,chéng,1000000
郗,chī,1000000
郘,lǚ,1000000
郙,fǔ,1000000
郚,wú,1000000
郛,fú,1000000
郜,gào,1000000
郝,hǎo,1000000
郝,hè
郟,jiá,1000000
郠,gěng,1000000
郡,jùn,1000000
郢,yǐng,1000000
郣,bó,1000000
郤,xì,1000000
部,bù,1000000
郪,qī,1000000
郫,pí,1000000
郭,guō,1000000
郯,tán,1000000
郰,zōu,1000000
郲,lái,1000000
郳,ní,1000000
郴,chēn,1000000
郵,yóu,1000000
郼,yī,1000000
都,dōu,1000000
都,dū
郾,yǎn,1000000
郿,méi,1000000
鄀,ruò,1000000
鄂,è,1000000
鄄,juàn,1000000
鄆,yùn,1000000
鄇,hòu,1000000
鄉,xiāng,1000000
鄉,xiàng
鄍,míng,1000000
鄎,xì,1000000
鄏,rù,1000000
鄐,chù,1000000
鄑,jìn,1000000
鄑,zī
鄒,zōu,1000000
鄔,wū,1000000
鄖,yún,1000000
鄗,hào,1000000
鄗,qiāo
鄘,yōng,1000000
鄘,yóng
鄙,bǐ,1000000
鄙,bì
鄚,mò,1000000
鄜,fū,1000000
鄞,yín,1000000
鄠,hù,1000000
鄡,qiāo,1000000
鄢,yān,1000000
鄣,zhāng,1000000
鄤,màn,1000000
鄦,xǔ,1000000
鄧,dèng,1000000
鄩,xín,1000000
鄪,bì,1000000
鄫,céng,1000000
鄬,wéi,1000000
鄭,zhèng,1000000
鄮,mào,1000000
鄯,shàn,1000000
鄰,lín,1000000
鄱,pó,1000000
鄲,dān,1000000
鄳,méng,1000000
鄳,měng
鄳,mǐng
鄴,yè,1000000
鄶,kuài,1000000
鄸,méng,1000000
鄹,zōu,1000000
鄺,kuàng,1000000
鄺,guǎng
鄾,yōu,1000000
酁,chán,1000000
酃,líng,1000000
酅,xī,1000000
酆,fēng,1000000
酇,zàn,1000000
酈,lì,1000000
酉,yǒu,1000000
酊,dǐng,1000000
酋,qiú,1000000
酌,zhuó,1000000
配,pèi,1000000
酎,zhòu,1000000
酏,yí,1000000
酐,gān,1000000
酒,jiǔ,1000000
酔,zuì,1000000
酖,zhèn,1000000
酖,dān
酗,xù,1000000
酘,tóu,1000000
酚,fēn,1000000
酟,tiān,1000000
酠,qiǎ,1000000
酡,tuó,1000000
酢,cù,1000000
酢,zuò
酣,hān,1000000
酤,gū,1000000
酥,sū,1000000
酧,chóu,1000000
酩,mǐng,1000000
酩,míng
酪,lào,1000000
酪,luò
酬,chóu,1000000
酮,tóng,1000000
酯,zhǐ,1000000
酲,chéng,1000000
酳,yìn,1000000
酴,tú,1000000
酵,xiào,1000000
酵,jiào
酶,méi,1000000
酷,kù,1000000
酸,suān,1000000
酹,lèi,1000000
酺,pú,1000000
醁,lù,1000000
醃,yān,1000000
醅,pēi,1000000
醆,zhǎn,1000000
醇,chún,1000000
醉,zuì,1000000
醊,chuò,1000000
醋,cù,1000000
醋,zuò
醍,tí,1000000
醎,xián,1000000
醐,hú,1000000
醑,xǔ,1000000
醒,xǐng,1000000
醒,xīng
醓,tǎn,1000000
醕,chún,1000000
醚,mí,1000000
醛,quán,1000000
醜,chǒu,1000000
醞,yùn,1000000
醟,yòng,1000000
醡,zhà,1000000
醢,hǎi,1000000
醣,táng,1000000
醥,piǎo,1000000
醨,lí,1000000
醪,láo,1000000
醫,yī,1000000
醬,jiàng,1000000
醭,bú,1000000
醭,pú
醮,jiào,1000000
醯,xī,1000000
醰,tán,1000000
醱,pò,1000000
醲,nóng,1000000
醳,yì,1000000
醴,lǐ,1000000
醵,jù,1000000
醹,rú,1000000
醺,xūn,1000000
醻,chóu,1000000
醼,yàn,1000000
醽,líng,1000000
醾,mí,1000000
釀,niàng,1000000
釁,xìn,1000000
釂,jiào,1000000
釃,lí,1000000
釃,sī
釄,mí,1000000
釅,yàn,1000000
釆,biàn,1000000
采,cǎi,1000000
采,cài
釉,yòu,1000000
釋,shì,1000000
里,lǐ,1000000
重,zhòng,1000000
重,chóng
野,yě,1000000
量,liàng,1000000
量,liáng
釐,lí,1000000
釐,xī
金,jīn,1000000
釓,gá,1000000
釔,yǐ,1000000
釕,liǎo,1000000
釕,liào
釗,zhāo,1000000
釘,dīng,1000000
釘,dìng
釙,pò,1000000
釜,fǔ,1000000
針,zhēn,1000000
釢,nǎi,1000000
釣,diào,1000000
釤,shàn,1000000
釤,shān
釦,kòu,1000000
釧,chuàn,1000000
釩,fán,1000000
釭,gāng,1000000
釱,dì,1000000
釵,chāi,1000000
釶,yǐ,1000000
釷,tǔ,1000000
釹,nǚ,1000000
釾,yé,1000000
釿,yín,1000000
鈀,bǎ,1000000
鈀,bā
鈁,fāng,1000000
鈃,xíng,1000000
鈃,jiān
鈆,yán,1000000
鈆,qiān
鈇,fū,1000000
鈉,nà,1000000
鈍,dùn,1000000
鈎,gōu,1000000
鈐,qián,1000000
鈑,bǎn,1000000
鈒,sè,1000000
鈒,jí
鈔,chāo,1000000
鈔,chào
鈕,niǔ,1000000
鈚,pí,1000000
鈚,pī
鈜,hóng,1000000
鈞,jūn,1000000
鈡,zhōng,1000000
鈣,gài,1000000
鈥,huǒ,1000000
鈦,tài,1000000
鈧,kàng,1000000
鈮,ní,1000000
鈰,shì,1000000
鈳,kē,1000000
鈴,líng,1000000
鈷,gǔ,1000000
鈷,gū
鈸,bá,1000000
鈸,bó
鈹,pī,1000000
鈹,pí
鈺,yù,1000000
鈽,bù,1000000
鈾,yòu,1000000
鈾,yóu
鈿,diàn,1000000
鈿,tián
鉀,jiǎ,1000000
鉄,tiě,1000000
鉅,jù,1000000
鉈,tā,1000000
鉉,xuàn,1000000
鉋,bào,1000000
鉍,bì,1000000
鉏,chú,1000000
鉑,bó,1000000
鉒,zhù,1000000
鉕,pǒ,1000000
鉗,qián,1000000
鉚,mǎo,1000000
鉛,qiān,1000000
鉛,yán
鉞,yuè,1000000
鉠,yāng,1000000
鉢,bō,1000000
鉤,gōu,1000000
鉥,shù,1000000
鉦,zhēng,1000000
鉧,mǔ,1000000
鉬,mù,1000000
鉭,dàn,1000000
鉲,kǎ,1000000
鉳,běi,1000000
鉶,xíng,1000000
鉷,hóng,1000000
鉸,jiǎo,1000000
鉺,èr,1000000
鉺,ěr
鉻,gè,1000000
鉼,bǐng,1000000
鉿,hā,1000000
銀,yín,1000000
銃,chòng,1000000
銅,tóng,1000000
銍,zhì,1000000
銎,qiōng,1000000
銑,xiǎn,1000000
銒,xíng,1000000
銒,jiān
銓,quán,1000000
銕,tiě,1000000
銖,zhū,1000000
銗,xiàng,1000000
銘,míng,1000000
銚,yáo,1000000
銚,diào
銛,xiān,1000000
銜,xián,1000000
銠,lǎo,1000000
銣,rú,1000000
銥,yī,1000000
銦,yīn,1000000
銧,guāng,1000000
銨,ān,1000000
銩,diū,1000000
銪,yǒu,1000000
銫,sè,1000000
銬,kào,1000000
銮,luán,1000000
銱,diào,1000000
銲,hàn,1000000
銳,ruì,1000000
銶,qiú,1000000
銷,xiāo,1000000
銹,xiù,1000000
銻,tì,1000000
銼,cuò,1000000
鋁,lǚ,1000000
鋂,méi,1000000
鋃,láng,1000000
鋅,xīn,1000000
鋇,bèi,1000000
鋈,wù,1000000
鋋,chán,1000000
鋌,dìng,1000000
鋌,tǐng
鋏,jiá,1000000
鋐,hóng,1000000
鋒,fēng,1000000
鋙,wú,1000000
鋝,lüè,1000000
鋟,qiān,1000000
鋟,qǐn
鋣,yé,1000000
鋤,chú,1000000
鋦,jú,1000000
鋧,xiǎn,1000000
鋨,é,1000000
鋩,máng,1000000
鋪,pù,1000000
鋪,pū
鋮,chéng,1000000
鋯,gào,1000000
鋰,lǐ,1000000
鋱,tè,1000000
鋸,jù,1000000
鋸,jū
鋹,chǎng,1000000
鋼,gāng,1000000
鋼,gàng
錁,kè,1000000
錄,lù,1000000
錆,qiāng,1000000
錏,yà,1000000
錐,zhuī,1000000
錒,ā,1000000
錕,kūn,1000000
錘,chuí,1000000
錙,zī,1000000
錚,zhēng,1000000
錛,bēn,1000000
錞,chún,1000000
錞,duì
錟,tán,1000000
錟,xiān
錠,dìng,1000000
錡,qí,1000000
錢,qián,1000000
錢,jiǎn
錣,zhuì,1000000
錦,jǐn,1000000
錧,guǎn,1000000
錨,máo,1000000
錩,chāng,1000000
錫,xí,1000000
錮,gù,1000000
錯,cuò,1000000
錯,cù
錳,měng,1000000
錶,biǎo,1000000
錸,lái,1000000
錼,nài,1000000
鍅,fǎ,1000000
鍆,mén,1000000
鍇,kǎi,1000000
鍉,dī,1000000
鍉,dí
鍉,chí
鍊,liàn,1000000
鍋,guō,1000000
鍌,xiǎn,1000000
鍍,dù,1000000
鍑,fù,1000000
鍑,fú
鍔,è,1000000
鍖,chěn,1000000
鍘,zhá,1000000
鍚,yáng,1000000
鍛,duàn,1000000
鍠,huáng,1000000
鍤,chá,1000000
鍥,qiè,1000000
鍩,nuò,1000000
鍪,móu,1000000
鍫,qiāo,1000000
鍬,qiāo,1000000
鍭,hóu,1000000
鍮,tōu,1000000
鍰,huán,1000000
鍳,jiàn,1000000
鍵,jiàn,1000000
鍶,sī,1000000
鍺,zhě,1000000
鍼,zhēn,1000000
鍾,zhōng,1000000
鎂,měi,1000000
鎊,bàng,1000000
鎏,liú,1000000
鎔,róng,1000000
鎖,suǒ,1000000
鎗,qiāng,1000000
鎗,chēng
鎘,lì,1000000
鎘,gé
鎚,chuí,1000000
鎛,bó,1000000
鎝,sà,1000000
鎝,tǎ
鎞,pī,1000000
鎞,bì
鎡,zī,1000000
鎢,wū,1000000
鎦,liú,1000000
鎧,kǎi,1000000
鎩,shā,1000000
鎩,shài
鎪,sōu,1000000
鎬,hào,1000000
鎬,gǎo
鎮,zhèn,1000000
鎰,yì,1000000
鎳,niè,1000000
鎴,xí,1000000
鎵,jiā,1000000
鎷,mǎ,1000000
鎸,juān,1000000
鏁,suǒ,1000000
鏃,zú,1000000
鏃,cù
鏇,xuàn,1000000
鏈,liàn,1000000
鏊,áo,1000000
鏊,ào
鏌,mò,1000000
鏍,luó,1000000
鏐,liú,1000000
鏑,dí,1000000
鏑,dī
鏖,áo,1000000
鏗,kēng,1000000
鏘,qiāng,1000000
鏙,cuǐ,1000000
鏚,qì,1000000
鏜,tāng,1000000
鏜,táng
鏝,màn,1000000
鏞,yōng,1000000
鏞,yóng
鏟,chǎn,1000000
鏡,jìng,1000000
鏢,biāo,1000000
鏤,lòu,1000000
鏦,cōng,1000000
鏨,zàn,1000000
鏮,kāng,1000000
鏵,huá,1000000
鏷,pú,1000000
鏹,qiǎng,1000000
鏹,qiāng
鏽,xiù,1000000
鐃,náo,1000000
鐇,fán,1000000
鐋,tāng,1000000
鐍,jué,1000000
鐎,jiāo,1000000
鐏,zūn,1000000
鐐,liáo,1000000
鐐,liào
鐒,láo,1000000
鐔,tán,1000000
鐕,zān,1000000
鐘,zhōng,1000000
鐙,dèng,1000000
鐙,dēng
鐠,pǔ,1000000
鐦,kāi,1000000
鐧,jiàn,1000000
鐨,fèi,1000000
鐫,juān,1000000
鐭,ào,1000000
鐮,lián,1000000
鐲,zhuó,1000000
鐳,léi,1000000
鐵,tiě,1000000
鐶,huán,1000000
鐸,duó,1000000
鐺,dāng,1000000
鐺,chēng
鐻,jù,1000000
鐿,yì,1000000
鑀,ài,1000000
鑄,zhù,1000000
鑊,huò,1000000
鑌,bīn,1000000
鑑,jiàn,1000000
鑒,jiàn,1000000
鑔,chǎ,1000000
鑕,zhì,1000000
鑛,kuàng,1000000
鑛,gǒng
鑞,là,1000000
鑠,shuò,1000000
鑢,lǜ,1000000
鑣,biāo,1000000
鑤,bào,1000000
鑥,lǔ,1000000
鑪,lú,1000000
鑫,xīn,1000000
鑭,lán,1000000
鑮,bó,1000000
鑯,jiān,1000000
鑰,yào,1000000
鑰,yuè
鑱,chán,1000000
鑲,xiāng,1000000
鑲,ráng
鑵,guàn,1000000
鑷,niè,1000000
鑹,cuān,1000000
鑹,cuàn
鑼,luó,1000000
鑽,zuān,1000000
鑽,zuǎn
鑽,zuàn
鑾,luán,1000000
鑿,záo,1000000
鑿,zuò
钁,jué,1000000
钂,tǎng,1000000
長,zhǎng,1000000
長,zhàng
長,cháng
镼,qū,1000000
門,mén,1000000
閂,shuān,1000000
閃,shǎn,1000000
閆,yán,1000000
閈,hàn,1000000
閉,bì,1000000
開,kāi,1000000
閌,kàng,1000000
閎,hóng,1000000
閏,rùn,1000000
閑,xián,1000000
閒,xián,1000000
閒,jiān
閒,jiàn
間,jiān,1000000
間,jiàn
閔,mǐn,1000000
閘,zhá,1000000
閙,nào,1000000
閛,pēng,1000000
閞,biàn,1000000
閟,bì,1000000
閡,hé,1000000
関,guān,1000000
閣,gé,1000000
閤,gé,1000000
閤,hé
閥,fá,1000000
閦,chù,1000000
閧,hòng,1000000
閨,guī,1000000
閩,mín,1000000
閩,mǐn
閫,kǔn,1000000
閬,lǎng,1000000
閬,láng
閬,làng
閭,lǘ,1000000
閱,yuè,1000000
閶,chāng,1000000
閹,yān,1000000
閻,yán,1000000
閼,è,1000000
閼,yān
閼,yù
閽,hūn,1000000
閾,yù,1000000
閿,wén,1000000
闃,qù,1000000
闆,bǎn,1000000
闇,àn,1000000
闇,ān
闈,wéi,1000000
闉,yīn,1000000
闊,kuò,1000000
闋,què,1000000
闌,lán,1000000
闍,dū,1000000
闍,shé
闐,tián,1000000
闑,niè,1000000
闒,tà,1000000
闓,kǎi,1000000
闔,hé,1000000
闕,què,1000000
闕,quē
闖,chuǎng,1000000
闖,chèn
闖,chuàng
闚,kuī,1000000
關,guān,1000000
闞,kàn,1000000
闞,kǎn
闞,hǎn
闟,xì,1000000
闟,tà
闠,huì,1000000
闡,chǎn,1000000
闢,pì,1000000
闤,huán,1000000
闥,tà,1000000
阜,fù,1000000
阞,lè,1000000
阡,qiān,1000000
阢,wù,1000000
阤,zhì,1000000
阤,tuó
阤,yǐ
阨,è,1000000
阨,ài
阪,bǎn,1000000
阫,péi,1000000
阬,kēng,1000000
阮,ruǎn,1000000
阯,zhǐ,1000000
阰,pí,1000000
阱,jǐng,1000000
防,fáng,1000000
阸,è,1000000
阸,ài
阺,dǐ,1000000
阻,zǔ,1000000
阼,zuò,1000000
阽,diàn,1000000
阽,yán
阿,ā,1000000
阿,à
阿,ē
陀,tuó,1000000
陂,pí,1000000
陂,pō
附,fù,1000000
际,jì,1000000
陊,duò,1000000
陋,lòu,1000000
陌,mò,1000000
降,jiàng,1000000
降,xiáng
陏,suí,1000000
限,xiàn,1000000
陔,gāi,1000000
陘,xíng,1000000
陛,bì,1000000
陜,xiá,1000000
陝,shǎn,1000000
陞,shēng,1000000
陟,zhì,1000000
陡,dǒu,1000000
院,yuàn,1000000
陣,zhèn,1000000
除,chú,1000000
陪,péi,1000000
陬,zōu,1000000
陰,yīn,1000000
陰,ān
陰,yìn
陲,chuí,1000000
陳,chén,1000000
陳,zhèn
陴,pí,1000000
陵,líng,1000000
陶,táo,1000000
陶,yáo
陷,xiàn,1000000
陸,lù,1000000
陸,liù
陻,yīn,1000000
陼,zhǔ,1000000
陽,yáng,1000000
陾,réng,1000000
隂,yīn,1000000
隂,ān
隂,yìn
隃,yú,1000000
隃,yáo
隄,tí,1000000
隅,yú,1000000
隆,lóng,1000000
隈,wēi,1000000
隉,niè,1000000
隊,duì,1000000
隋,suí,1000000
隍,huáng,1000000
階,jiē,1000000
随,suí,1000000
隐,yǐn,1000000
隐,yìn
隔,gé,1000000
隕,yǔn,1000000
隕,yuán
隗,wěi,1000000
隘,ài,1000000
隘,è
隙,xì,1000000
際,jì,1000000
障,zhàng,1000000
隟,xì,1000000
隣,lín,1000000
隤,tuí,1000000
隥,dèng,1000000
隧,suì,1000000
隨,suí,1000000
隩,ào,1000000
隩,yù
險,xiǎn,1000000
隮,jī,1000000
隰,xí,1000000
隱,yǐn,1000000
隱,yìn
隲,zhì,1000000
隳,huī,1000000
隴,lǒng,1000000
隶,dài,1000000
隷,lì,1000000
隸,lì,1000000
隹,zhuī,1000000
隻,zhī,1000000
隼,zhǔn,1000000
隽,juàn,1000000
隽,jùn
难,nán,1000000
难,nàn
雀,què,1000000
雀,qiǎo
雁,yàn,1000000
雄,xióng,1000000
雅,yǎ,1000000
雅,yā
集,jí,1000000
雇,gù,1000000
雈,huán,1000000
雉,zhì,1000000
雊,gòu,1000000
雋,juàn,1000000
雋,jùn
雌,cī,1000000
雌,cí
雍,yōng,1000000
雎,jū,1000000
雑,zá,1000000
雒,luò,1000000
雔,chóu,1000000
雕,diāo,1000000
雖,suī,1000000
雖,suí
雘,huò,1000000
雘,wò
雙,shuāng,1000000
雙,shuàng
雛,chú,1000000
雜,zá,1000000
雝,yōng,1000000
雞,jī,1000000
離,lí,1000000
難,nán,1000000
難,nàn
雥,zá,1000000
雨,yǔ,1000000
雨,yù
雩,yú,1000000
雩,yù
雪,xuě,1000000
雪,xuè
雯,wén,1000000
雰,fēn,1000000
雱,páng,1000000
雲,yún,1000000
零,líng,1000000
零,lián
雷,léi,1000000
雹,báo,1000000
雹,bó
雺,méng,1000000
電,diàn,1000000
需,xū,1000000
需,rú
霂,mù,1000000
霄,xiāo,1000000
霅,zhá,1000000
霆,tíng,1000000
震,zhèn,1000000
霈,pèi,1000000
霉,méi,1000000
霍,huò,1000000
霎,shà,1000000
霏,fēi,1000000
霑,zhān,1000000
霓,ní,1000000
霖,lín,1000000
霙,yīng,1000000
霛,líng,1000000
霜,shuāng,1000000
霝,líng,1000000
霞,xiá,1000000
霡,mò,1000000
霢,mò,1000000
霣,yǔn,1000000
霤,liù,1000000
霧,wù,1000000
霪,yín,1000000
霰,xiàn,1000000
露,lù,1000000
露,lòu
霶,páng,1000000
霸,bà,1000000
霸,pò
霹,pī,1000000
霽,jì,1000000
霾,mái,1000000
霿,méng,1000000
靁,léi,1000000
靂,lì,1000000
靄,ǎi,1000000
靆,dài,1000000
靈,líng,1000000
靉,ài,1000000
靑,qīng,1000000
靑,jīng
青,qīng,1000000
青,jīng
靖,jìng,1000000
静,jìng,1000000
靚,jìng,1000000
靛,diàn,1000000
靜,jìng,1000000
靝,tiān,1000000
非,fēi,1000000
非,fěi
靠,kào,1000000
靡,mí,1000000
靡,mǐ
面,miàn,1000000
靣,miàn,1000000
靤,pào,1000000
靦,tiǎn,1000000
靦,miǎn
靧,huì,1000000
靨,yè,1000000
革,gé,1000000
革,jí
靭,rèn,1000000
靮,dí,1000000
靳,jìn,1000000
靴,xuē,1000000
靶,bǎ,1000000
靷,yǐn,1000000
靸,sǎ,1000000
靸,tā
靺,mò,1000000
靼,dá,1000000
靾,yì,1000000
靿,yào,1000000
鞀,táo,1000000
鞃,hóng,1000000
鞄,páo,1000000
鞄,bāo
鞅,yāng,1000000
鞅,yǎng
鞈,jiá,1000000
鞉,táo,1000000
鞋,xié,1000000
鞍,ān,1000000
鞏,gǒng,1000000
鞓,tīng,1000000
鞔,mán,1000000
鞔,wǎn
鞗,tiáo,1000000
鞘,qiào,1000000
鞘,shāo
鞙,juān,1000000
鞚,kòng,1000000
鞜,tà,1000000
鞞,bǐng,1000000
鞞,bēi
鞟,kuò,1000000
鞠,jú,1000000
鞣,róu,1000000
鞥,ēng,1000000
鞦,qiū,1000000
鞧,qiū,1000000
鞨,hé,1000000
鞪,móu,1000000
鞫,jú,1000000
鞬,jiān,1000000
鞭,biān,1000000
鞮,dī,1000000
鞲,gōu,1000000
鞴,bèi,1000000
鞵,xié,1000000
鞶,pán,1000000
鞸,bì,1000000
鞹,kuò,1000000
鞻,lóu,1000000
鞼,guì,1000000
鞾,xuē,1000000
鞿,jī,1000000
韀,jiān,1000000
韁,jiāng,1000000
韁,gāng
韂,chàn,1000000
韃,dá,1000000
韄,hù,1000000
韅,xiǎn,1000000
韆,qiān,1000000
韈,wà,1000000
韉,jiān,1000000
韋,wéi,1000000
韌,rèn,1000000
韍,fú,1000000
韎,mèi,1000000
韐,gé,1000000
韓,hán,1000000
韔,chàng,1000000
韗,yùn,1000000
韘,shè,1000000
韙,wěi,1000000
韜,tāo,1000000
韝,gōu,1000000
韞,yùn,1000000
韟,gāo,1000000
韠,bì,1000000
韡,wěi,1000000
韣,dú,1000000
韤,wà,1000000
韭,jiǔ,1000000
韮,jiǔ,1000000
韰,xiè,1000000
韲,jī,1000000
音,yīn,1000000
音,yìn
韵,yùn,1000000
韶,sháo,1000000
韻,yùn,1000000
韽,àn,1000000
響,xiǎng,1000000
頁,yè,1000000
頁,xié
頂,dǐng,1000000
頃,qǐng,1000000
頃,qīng
頄,kuí,1000000
頄,qiú
項,xiàng,1000000
順,shùn,1000000
頇,hān,1000000
須,xū,1000000
頊,xù,1000000
頌,sòng,1000000
頌,róng
頍,kuǐ,1000000
頎,qí,1000000
頏,háng,1000000
預,yù,1000000
頑,wán,1000000
頒,bān,1000000
頓,dùn,1000000
頓,dú
頖,pàn,1000000
頗,pō,1000000
頗,pǒ
領,lǐng,1000000
頜,gé,1000000
頜,hàn
頝,qiāo,1000000
頞,è,1000000
頟,é,1000000
頠,wěi,1000000
頡,xié,1000000
頡,jié
頤,yí,1000000
頦,hái,1000000
頦,kē
頦,ké
頩,pīng,1000000
頫,fǔ,1000000
頭,tóu,1000000
頭,tou
頮,huì,1000000
頯,kuí,1000000
頰,jiá,1000000
頲,tǐng,1000000
頳,chēng,1000000
頴,yǐng,1000000
頵,jūn,1000000
頷,hàn,1000000
頸,jǐng,1000000
頸,gěng
頹,tuí,1000000
頻,pín,1000000
頼,lài,1000000
頿,zī,1000000
顄,hàn,1000000
顆,kē,1000000
顆,kě
顇,cuì,1000000
顋,sāi,1000000
題,tí,1000000
額,é,1000000
額,è
顎,è,1000000
顏,yán,1000000
顑,kǎn,1000000
顒,yóng,1000000
顓,zhuān,1000000
顗,yǐ,1000000
願,yuàn,1000000
顙,sǎng,1000000
顛,diān,1000000
顜,jiǎng,1000000
類,lèi,1000000
顠,piǎo,1000000
顢,mán,1000000
顢,mān
顣,cù,1000000
顥,hào,1000000
顦,qiáo,1000000
顧,gù,1000000
顫,zhàn,1000000
顫,chàn
顬,rú,1000000
顯,xiǎn,1000000
顰,pín,1000000
顱,lú,1000000
顳,niè,1000000
顴,quán,1000000
風,fēng,1000000
風,fèng
颩,biāo,1000000
颩,diū
颩,cuō
颭,zhǎn,1000000
颮,biāo,1000000
颮,páo
颯,sà,1000000
颱,tái,1000000
颲,liè,1000000
颳,guā,1000000
颶,jù,1000000
颸,sī,1000000
颺,yáng,1000000
颻,yáo,1000000
颼,sōu,1000000
颿,fán,1000000
飀,liú,1000000
飁,xí,1000000
飂,liáo,1000000
飄,piāo,1000000
飆,biāo,1000000
飇,biāo,1000000
飈,biāo,1000000
飉,liáo,1000000
飋,sè,1000000
风,fēng,1000000
风,fèng
飛,fēi,1000000
飜,fān,1000000
食,shí,1000000
食,sì
食,yì
飡,cān,1000000
飢,jī,1000000
飣,dìng,1000000
飤,sì,1000000
飥,tuō,1000000
飧,sūn,1000000
飩,dùn,1000000
飩,tún
飪,rèn,1000000
飫,yù,1000000
飭,chì,1000000
飯,fàn,1000000
飰,fàn,1000000
飱,sūn,1000000
飲,yǐn,1000000
飲,yìn
飴,yí,1000000
飶,bì,1000000
飼,sì,1000000
飽,bǎo,1000000
飾,shì,1000000
飿,duò,1000000
餁,rèn,1000000
餂,tiǎn,1000000
餃,jiǎo,1000000
餅,bǐng,1000000
餈,cí,1000000
餉,xiǎng,1000000
養,yǎng,1000000
養,yàng
餌,ěr,1000000
餐,cān,1000000
餑,bō,1000000
餒,něi,1000000
餓,è,1000000
餔,bù,1000000
餔,bū
餕,jùn,1000000
餖,dòu,1000000
餗,sù,1000000
餘,yú,1000000
餚,yáo,1000000
餚,xiáo
餛,hún,1000000
餜,guǒ,1000000
餞,jiàn,1000000
餟,zhuì,1000000
餠,bǐng,1000000
餡,xiàn,1000000
餤,tán,1000000
餤,dàn
餦,zhāng,1000000
餧,wèi,1000000
館,guǎn,1000000
餩,è,1000000
餪,nuǎn,1000000
餫,yùn,1000000
餬,hú,1000000
餭,huáng,1000000
餮,tiè,1000000
餱,hóu,1000000
餲,ài,1000000
餳,táng,1000000
餳,xíng
餴,fēn,1000000
餵,wèi,1000000
餶,gǔ,1000000
餹,táng,1000000
餺,bó,1000000
餻,gāo,1000000
餼,xì,1000000
餽,kuì,1000000
餾,liú,1000000
餾,liù
餿,sōu,1000000
饁,yè,1000000
饃,mó,1000000
饅,mán,1000000
饆,bì,1000000
饈,xiū,1000000
饉,jǐn,1000000
饉,jìn
饊,sǎn,1000000
饋,kuì,1000000
饌,zhuàn,1000000
饍,shàn,1000000
饎,xī,1000000
饎,chì
饐,yì,1000000
饑,jī,1000000
饒,ráo,1000000
饔,yōng,1000000
饕,tāo,1000000
饗,xiǎng,1000000
饘,zhān,1000000
饙,fēn,1000000
饛,méng,1000000
饜,yàn,1000000
饝,mó,1000000
饞,chán,1000000
饟,xiǎng,1000000
饠,luó,1000000
饡,zài,1000000
首,shǒu,1000000
馗,kuí,1000000
馘,guó,1000000
馘,xù
香,xiāng,1000000
馝,bì,1000000
馞,bó,1000000
馡,fēi,1000000
馥,fù,1000000
馨,xīn,1000000
馨,xīng
馬,mǎ,1000000
馭,yù,1000000
馮,féng,1000000
馮,píng
馯,hàn,1000000
馱,tuó,1000000
馱,duò
馲,zhé,1000000
馲,luò
馳,chí,1000000
馴,xún,1000000
馴,xùn
馵,zhù,1000000
馹,rì,1000000
駁,bó,1000000
駃,jué,1000000
駃,kuài
駆,qū,1000000
駉,jiōng,1000000
駊,pǒ,1000000
駍,pēng,1000000
駏,jù,1000000
駐,zhù,1000000
駑,nú,1000000
駒,jū,1000000
駓,pī,1000000
駔,zǎng,1000000
駔,zù
駔,cǎng
駕,jià,1000000
駘,tái,1000000
駘,dài
駙,fù,1000000
駛,shǐ,1000000
駜,bì,1000000
駝,tuó,1000000
駞,tuó,1000000
駟,sì,1000000
駡,mà,1000000
駢,pián,1000000
駪,shēn,1000000
駬,ěr,1000000
駭,hài,1000000
駮,bó,1000000
駰,yīn,1000000
駱,luò,1000000
駴,xiè,1000000
駵,liú,1000000
駷,sǒng,1000000
駸,qīn,1000000
駹,máng,1000000
駺,láng,1000000
駻,hàn,1000000
駼,tú,1000000
駾,tuì,1000000
駿,jùn,1000000
騀,ě,1000000
騁,chěng,1000000
騂,xīng,1000000
騃,ái,1000000
騄,lù,1000000
騅,zhuī,1000000
騈,pián,1000000
騉,kūn,1000000
騊,táo,1000000
騋,lái,1000000
騌,zōng,1000000
騍,kè,1000000
騎,qí,1000000
騎,jì
騏,qí,1000000
騐,yàn,1000000
騑,fēi,1000000
騕,yǎo,1000000
騖,wù,1000000
騙,piàn,1000000
騜,huáng,1000000
騞,huò,1000000
騠,tí,1000000
騣,zōng,1000000
騤,kuí,1000000
騧,guā,1000000
騫,qiān,1000000
騫,jiǎn
騬,chéng,1000000
騭,zhì,1000000
騮,liú,1000000
騰,téng,1000000
騲,cǎo,1000000
騵,yuán,1000000
騶,zōu,1000000
騷,sāo,1000000
騸,shàn,1000000
騺,zhì,1000000
騾,luó,1000000
驀,mò,1000000
驁,áo,1000000
驁,ào
驂,cān,1000000
驃,piào,1000000
驄,cōng,1000000
驅,qū,1000000
驈,yù,1000000
驊,huá,1000000
驌,sù,1000000
驍,xiāo,1000000
驏,zhàn,1000000
驏,chǎn
驑,liú,1000000
驒,tuó,1000000
驔,diàn,1000000
驕,jiāo,1000000
驖,tiě,1000000
驗,yàn,1000000
驘,luó,1000000
驚,jīng,1000000
驛,yì,1000000
驟,zòu,1000000
驢,lǘ,1000000
驤,xiāng,1000000
驥,jì,1000000
驦,shuāng,1000000
驩,huān,1000000
驪,lí,1000000
骨,gǔ,1000000
骨,gū
骨,gú
骫,wěi,1000000
骭,gàn,1000000
骯,āng,1000000
骯,kǎng
骰,tóu,1000000
骰,shǎi
骲,bó,1000000
骳,bì,1000000
骴,cī,1000000
骵,tǐ,1000000
骷,kū,1000000
骸,hái,1000000
骹,qiāo,1000000
骻,kuà,1000000
骼,gé,1000000
骽,tuǐ,1000000
骾,gěng,1000000
骿,pián,1000000
髀,bì,1000000
髁,kē,1000000
髂,kà,1000000
髄,suǐ,1000000
髆,bó,1000000
髊,cī,1000000
髊,zì
髊,cuō
髏,lóu,1000000
髐,xiāo,1000000
髑,dú,1000000
髒,zāng,1000000
髒,zǎng
髓,suǐ,1000000
體,tǐ,1000000
髕,bìn,1000000
髖,kuān,1000000
高,gāo,1000000
髙,gāo,1000000
髟,biāo,1000000
髟,shān
髠,kūn,1000000
髡,kūn,1000000
髢,tì,1000000
髣,fǎng,1000000
髥,rán,1000000
髦,máo,1000000
髧,dàn,1000000
髩,bìn,1000000
髫,tiáo,1000000
髭,zī,1000000
髮,fǎ,1000000
髯,rán,1000000
髲,bì,1000000
髳,máo,1000000
髳,méng
髴,fú,1000000
髶,róng,1000000
髹,xiū,1000000
髻,jì,1000000
髼,péng,1000000
髽,zhuā,1000000
髾,shāo,1000000
髿,suō,1000000
鬀,tì,1000000
鬂,bìn,1000000
鬃,zōng,1000000
鬄,tì,1000000
鬅,péng,1000000
鬆,sōng,1000000
鬇,zhēng,1000000
鬈,quán,1000000
鬉,zōng,1000000
鬋,jiān,1000000
鬌,duǒ,1000000
鬌,duò
鬍,hú,1000000
鬐,qí,1000000
鬑,lián,1000000
鬒,zhěn,1000000
鬖,sān,1000000
鬘,mán,1000000
鬙,sēng,1000000
鬚,xū,1000000
鬟,huán,1000000
鬡,níng,1000000
鬢,bìn,1000000
鬣,liè,1000000
鬥,dòu,1000000
鬦,dòu,1000000
鬧,nào,1000000
鬨,hòng,1000000
鬩,xì,1000000
鬪,dòu,1000000
鬫,hǎn,1000000
鬭,dòu,1000000
鬮,jiū,1000000
鬯,chàng,1000000
鬱,yù,1000000
鬲,gé,1000000
鬲,lì
鬴,fǔ,1000000
鬵,xín,1000000
鬷,zōng,1000000
鬺,shāng,1000000
鬻,yù,1000000
鬻,zhù
鬼,guǐ,1000000
鬾,jì,1000000
魁,kuí,1000000
魂,hún,1000000
魃,bá,1000000
魄,pò,1000000
魄,tuò
魅,mèi,1000000
魆,xù,1000000
魈,xiāo,1000000
魊,yù,1000000
魋,tuí,1000000
魍,wǎng,1000000
魎,liǎng,1000000
魏,wèi,1000000
魏,wéi
魑,chī,1000000
魔,mó,1000000
魘,yǎn,1000000
魚,yú,1000000
魟,hōng,1000000
魠,tuō,1000000
魦,shā,1000000
魨,tún,1000000
魬,bàn,1000000
魭,wǎn,1000000
魭,yuán
魯,lǔ,1000000
魴,fáng,1000000
魶,nà,1000000
魷,yóu,1000000
鮀,tuó,1000000
鮅,bì,1000000
鮆,jì,1000000
鮋,yóu,1000000
鮎,nián,1000000
鮐,tái,1000000
鮑,bào,1000000
鮒,fù,1000000
鮓,zhǎ,1000000
鮚,jié,1000000
鮞,ér,1000000
鮟,àn,1000000
鮠,wéi,1000000
鮡,zhào,1000000
鮦,tóng,1000000
鮨,qí,1000000
鮪,wěi,1000000
鮫,jiāo,1000000
鮭,guī,1000000
鮭,xié
鮮,xiān,1000000
鮮,xiǎn
鮸,miǎn,1000000
鮸,wǎn
鮻,suō,1000000
鮿,zhé,1000000
鯀,gǔn,1000000
鯁,gěng,1000000
鯇,huàn,1000000
鯈,chóu,1000000
鯈,yóu
鯉,lǐ,1000000
鯊,shā,1000000
鯓,shēn,1000000
鯔,zī,1000000
鯖,zhēng,1000000
鯖,qīng
鯗,xiǎng,1000000
鯛,diāo,1000000
鯜,qiè,1000000
鯠,lái,1000000
鯡,fèi,1000000
鯢,ní,1000000
鯤,kūn,1000000
鯧,chāng,1000000
鯨,jīng,1000000
鯪,líng,1000000
鯫,zōu,1000000
鯰,nián,1000000
鯷,tí,1000000
鯹,xīng,1000000
鯽,jì,1000000
鯿,biān,1000000
鰂,zé,1000000
鰈,dié,1000000
鰉,huáng,1000000
鰌,qiū,1000000
鰍,qiū,1000000
鰐,è,1000000
鰒,fù,1000000
鰓,sāi,1000000
鰓,xǐ
鰕,xiā,1000000
鰕,há
鰜,jiān,1000000
鰣,shí,1000000
鰥,guān,1000000
鰩,yáo,1000000
鰫,róng,1000000
鰭,qí,1000000
鰮,wēn,1000000
鰱,lián,1000000
鰲,áo,1000000
鰴,huī,1000000
鰵,mǐn,1000000
鰷,tiáo,1000000
鰹,jiān,1000000
鰻,mán,1000000
鰼,xí,1000000
鰾,biào,1000000
鰿,jí,1000000
鱄,zhuān,1000000
鱆,zhāng,1000000
鱇,kāng,1000000
鱈,xuě,1000000
鱉,biē,1000000
鱍,bō,1000000
鱑,huáng,1000000
鱒,zùn,1000000
鱓,shàn,1000000
鱔,shàn,1000000
鱖,guì,1000000
鱖,jué
鱗,lín,1000000
鱘,xún,1000000
鱞,guān,1000000
鱟,hòu,1000000
鱠,kuài,1000000
鱣,zhān,1000000
鱣,shàn
鱧,lǐ,1000000
鱨,cháng,1000000
鱭,jì,1000000
鱮,xù,1000000
鱷,è,1000000
鱸,lú,1000000
鱺,lí,1000000
鱻,xiān,1000000
鱻,xiǎn
鳥,niǎo,1000000
鳥,diǎo
鳦,yì,1000000
鳧,fú,1000000
鳩,jiū,1000000
鳪,bǔ,1000000
鳬,fú,1000000
鳮,jī,1000000
鳲,shī,1000000
鳳,fèng,1000000
鳴,míng,1000000
鳶,yuān,1000000
鳷,zhī,1000000
鳽,yán,1000000
鴂,jué,1000000
鴂,jú
鴃,jué,1000000
鴃,jú
鴆,zhèn,1000000
鴇,bǎo,1000000
鴈,yàn,1000000
鴉,yā,1000000
鴐,jiā,1000000
鴒,líng,1000000
鴕,tuó,1000000
鴗,lì,1000000
鴘,biàn,1000000
鴛,yuān,1000000
鴝,qú,1000000
鴞,xiāo,1000000
鴟,chī,1000000
鴣,gū,1000000
鴥,yù,1000000
鴦,yāng,1000000
鴨,yā,1000000
鴰,guā,1000000
鴳,yàn,1000000
鴷,liè,1000000
鴻,hóng,1000000
鴽,rú,1000000
鴾,móu,1000000
鴿,gē,1000000
鵀,rén,1000000
鵁,jiāo,1000000
鵂,xiū,1000000
鵃,zhōu,1000000
鵉,luán,1000000
鵊,jiá,1000000
鵋,jì,1000000
鵌,tú,1000000
鵑,juān,1000000
鵒,yù,1000000
鵓,bó,1000000
鵔,jùn,1000000
鵕,jùn,1000000
鵚,tū,1000000
鵜,tí,1000000
鵝,é,1000000
鵞,é,1000000
鵟,kuáng,1000000
鵠,hú,1000000
鵠,gǔ
鵡,wǔ,1000000
鵧,píng,1000000
鵩,fú,1000000
鵪,ān,1000000
鵬,péng,1000000
鵮,qiān,1000000
鵯,bēi,1000000
鵰,diāo,1000000
鵲,què,1000000
鵲,qiǎo
鵶,yā,1000000
鵷,yuān,1000000
鵻,zhuī,1000000
鶂,yì,1000000
鶄,jīng,1000000
鶆,lái,1000000
鶉,chún,1000000
鶊,gēng,1000000
鶋,jū,1000000
鶒,chì,1000000
鶖,qiū,1000000
鶗,tí,1000000
鶘,hú,1000000
鶚,è,1000000
鶝,fú,1000000
鶡,hé,1000000
鶢,yuán,1000000
鶤,yùn,1000000
鶩,wù,1000000
鶩,mù
鶪,jú,1000000
鶬,cāng,1000000
鶯,yīng,1000000
鶱,xiān,1000000
鶴,hè,1000000
鶴,háo
鶵,chú,1000000
鶹,liú,1000000
鶺,jí,1000000
鶻,gǔ,1000000
鶻,hú
鶼,jiān,1000000
鶿,cí,1000000
鷀,cí,1000000
鷁,yì,1000000
鷂,yào,1000000
鷃,yàn,1000000
鷄,jī,1000000
鷇,kòu,1000000
鷊,yì,1000000
鷓,zhè,1000000
鷕,yǎo,1000000
鷖,yī,1000000
鷗,ōu,1000000
鷘,chì,1000000
鷙,zhì,1000000
鷚,liù,1000000
鷞,shuāng,1000000
鷟,zhuó,1000000
鷥,sī,1000000
鷦,jiāo,1000000
鷧,yì,1000000
鷩,bì,1000000
鷩,biē
鷫,sù,1000000
鷯,liáo,1000000
鷲,jiù,1000000
鷳,xián,1000000
鷴,xián,1000000
鷹,yīng,1000000
鷺,lù,1000000
鷽,xué,1000000
鷾,yì,1000000
鸂,xī,1000000
鸂,qī
鸃,yí,1000000
鸇,zhān,1000000
鸎,yīng,1000000
鸏,méng,1000000
鸏,máng
鸏,měng
鸐,dí,1000000
鸑,yuè,1000000
鸒,yù,1000000
鸔,bó,1000000
鸕,lú,1000000
鸚,yīng,1000000
鸛,guàn,1000000
鸜,qú,1000000
鸝,lí,1000000
鸞,luán,1000000
鹵,lǔ,1000000
鹹,xián,1000000
鹺,cuó,1000000
鹼,jiǎn,1000000
鹽,yán,1000000
鹽,yàn
鹿,lù,1000000
麀,yōu,1000000
麁,cū,1000000
麂,jǐ,1000000
麃,biāo,1000000
麃,páo
麄,cū,1000000
麅,páo,1000000
麅,biāo
麇,jūn,1000000
麇,qún
麈,zhǔ,1000000
麋,mí,1000000
麌,yǔ,1000000
麏,jūn,1000000
麏,qún
麐,lín,1000000
麑,ní,1000000
麒,qí,1000000
麓,lù,1000000
麕,jūn,1000000
麕,qún
麗,lì,1000000
麗,lí
麛,mí,1000000
麝,shè,1000000
麞,zhāng,1000000
麟,lín,1000000
麤,cū,1000000
麥,mài,1000000
麥,mò
麦,mài,1000000
麦,mò
麨,chǎo,1000000
麩,fū,1000000
麪,miàn,1000000
麮,qù,1000000
麮,qǔ
麯,qú,1000000
麰,móu,1000000
麴,qú,1000000
麵,miàn,1000000
麻,má,1000000
麼,me,1000000
麼,ma
麼,má
麼,mó
麽,mó,1000000
麽,ma
麽,me
麽,má
麾,huī,1000000
黁,nún,1000000
黂,fén,1000000
黃,huáng,1000000
黄,huáng,1000000
黈,tǒu,1000000
黌,hóng,1000000
黍,shǔ,1000000
黎,lí,1000000
黏,nián,1000000
黐,chī,1000000
黑,hēi,1000000
黑,hè
黑,hěi
黓,yì,1000000
黔,qián,1000000
黕,dǎn,1000000
默,mò,1000000
黚,qián,1000000
黛,dài,1000000
黜,chù,1000000
黝,yǒu,1000000
點,diǎn,1000000
黟,yī,1000000
黠,xiá,1000000
黤,yǎn,1000000
黥,qíng,1000000
黦,yù,1000000
黦,yè
黧,lí,1000000
黨,dǎng,1000000
黭,ǎn,1000000
黮,tǎn,1000000
黯,àn,1000000
黰,zhěn,1000000
黲,cǎn,1000000
黳,yī,1000000
黴,méi,1000000
黶,yǎn,1000000
黷,dú,1000000
黹,zhǐ,1000000
黻,fú,1000000
黼,fǔ,1000000
黽,mǐn,1000000
黾,mǐn,1000000
黿,yuán,1000000
鼂,cháo,1000000
鼃,wā,1000000
鼄,zhū,1000000
鼅,zhī,1000000
鼆,měng,1000000
鼇,áo,1000000
鼈,biē,1000000
鼉,tuó,1000000
鼎,dǐng,1000000
鼏,mì,1000000
鼐,nài,1000000
鼒,zī,1000000
鼓,gǔ,1000000
鼕,dōng,1000000
鼖,fén,1000000
鼗,táo,1000000
鼙,pí,1000000
鼚,chāng,1000000
鼛,gāo,1000000
鼠,shǔ,1000000
鼢,fén,1000000
鼥,bá,1000000
鼦,diāo,1000000
鼩,qú,1000000
鼫,shí,1000000
鼬,yòu,1000000
鼮,tíng,1000000
鼯,wú,1000000
鼱,jīng,1000000
鼲,hún,1000000
鼴,yǎn,1000000
鼵,tú,1000000
鼷,xī,1000000
鼹,yǎn,1000000
鼻,bí,1000000
鼽,qiú,1000000
鼾,hān,1000000
齁,hōu,1000000
齅,xiù,1000000
齆,wèng,1000000
齇,zhā,1000000
齉,nàng,1000000
齊,qí,1000000
齊,jì
齊,zhāi
齊,zī
齋,zhāi,1000000
齌,jì,1000000
齍,zī,1000000
齎,jī,1000000
齏,jī,1000000
齒,chǐ,1000000
齔,chèn,1000000
齕,hé,1000000
齖,yá,1000000
齗,yín,1000000
齘,xiè,1000000
齙,bāo,1000000
齙,páo
齚,zé,1000000
齜,zī,1000000
齞,yǎn,1000000
齟,jǔ,1000000
齠,tiáo,1000000
齡,líng,1000000
齣,chū,1000000
齦,kěn,1000000
齦,yín
齧,niè,1000000
齩,yǎo,1000000
齩,jiāo
齪,chuò,1000000
齬,yǔ,1000000
齭,chǔ,1000000
齮,yǐ,1000000
齯,ní,1000000
齰,zé,1000000
齱,zōu,1000000
齲,qǔ,1000000
齵,yú,1000000
齵,óu
齶,è,1000000
齷,wò,1000000
齹,chī,1000000
齺,zōu,1000000
齾,yà,1000000
龍,lóng,1000000
龎,páng,1000000
龐,páng,1000000
龑,yǎn,1000000
龔,gōng,1000000
龕,kān,1000000
龜,guī,1000000
龜,jūn
龜,qiū
龟,guī,1000000
龟,jūn
龟,qiū
龠,yuè,1000000
龡,chuī,1000000
龡,chuì
龢,hé,1000000
龤,xié,1000000
龥,yù,1000000
𠀍,shì,1000000
𠀕,gèn,1000000
𠀕,gèng
𠁥,guǎi,1000000
𠂢,pài,1000000
𠅘,tíng,1000000
𠅢,bò,1000000
𠌸,bìng,1000000
𠑹,gǔ,1000000
𠛬,xíng,1000000
𠜶,nǎo,1000000
𠞰,jiǎo,1000000
𠦬,guāi,1000000
𠨜,wù,1000000
𠩄,suǒ,1000000
𠷎,chóu,1000000
𠷎,shòu
𠿺,zàng,1000000
𡈼,tǐng,1000000
𡈼,rén
𡍮,chuí,1000000
𡎖,xuān,1000000
𡎖,xūn
𡔽,shòu,1000000
𡙇,quē,1000000
𡚁,bì,1000000
𡦗,rú,1000000
𡦘,rú,1000000
𡨴,níng,1000000
𡨴,nìng
𡯓,gà,1000000
𡯓,jiè
𡯗,gà,1000000
𡯗,jiè
𡰛,gān,1000000
𡰛,jiān
𡱮,huà,1000000
𢇁,sī,1000000
𢓳,pīng,1000000
𢘻,xī,1000000
𢙈,qìn,1000000
𢠳,biē,1000000
𢬵,pàn,1000000
𢯌,bāi,1000000
𢳍,qiān,1000000
𢹲,jùn,1000000
𢽟,chì,1000000
𣏂,shā,1000000
𣏂,shà
𣏂,shài
𣑱,rǎn,1000000
𣖾,bèi,1000000
𣗳,shù,1000000
𣘨,ě,1000000
𣘨,é
𣙷,mǎng,1000000
𣛟,chēng,1000000
𣝓,yǎn,1000000
𣳚,mò,1000000
𣳚,méi
𣶐,pào,1000000
𣺯,shī,1000000
𤈦,huǐ,1000000
𤙡,xīng,1000000
𤜻,pí,1000000
𤰞,bēi,1000000
𤸄,guān,1000000
𤸅,mín,1000000
𤺺,dàn,1000000
𥝌,jī,1000000
𥤚,qiū,1000000
𥳑,jiǎn,1000000
𥿉,wà,1000000
𦂳,jǐn,1000000
𦆿,bó,1000000
𦊀,wǎng,1000000
𦊨,jū,1000000
𦌊,sù,1000000
𦍑,qiāng,1000000
𦒱,kǎo,1000000
𦞦,huò,1000000
𦤞,niè,1000000
𦤶,zhì,1000000
𦥑,jú,1000000
𦧡,tàn,1000000
𦸅,kòu,1000000
𦹡,piǎo,1000000
𧑗,níng,1000000
𧒂,fù,1000000
𧮫,jué,1000000
𨂂,zhí,1000000
𨇯,shuāng,1000000
𨉣,hā,1000000
𨓤,tuì,1000000
𨔰,qiān,1000000
𨝣,bǐ,1000000
𨝣,bì
𨝸,tán,1000000
𨩐,lòu,1000000
𨭛,là,1000000
𨵢,qù,1000000
𨽻,lì,1000000
𩐋,jī,1000000
𩔗,lèi,1000000
𩭪,qū,1000000
𩮜,tì,1000000
𩯭,bìn,1000000
𩱚,bó,1000000
𩱚,pū
𪃠,chì,1000000
𪇰,bó,1000000
𪏆,tūn,1000000
𪔛,táo,1000000
𪠘,jiè,1000000
𪠘,xiè
𪭲,zhái,1000000
𪭲,zé
𫃵,lǚ,1000000
𬋩,guǎn,1000000
𬰁,jì,1000000
丸,wán,1000000
𠘺,chōng,1000000
免,miǎn,1000000
免,wèn
兔,tù,1000000
冬,dōng,1000000
凵,qū,1000000
刃,rèn,1000000
卿,qīng,1000000
灰,huī,1000000
及,jí,1000000
呈,chéng,1000000
周,zhōu,1000000
唐,táng,1000000
善,shàn,1000000
善,shàn,1000000
切,qiē,1000000
切,qiè
型,xíng,1000000
堲,jí,1000000
夢,mèng,1000000
姬,jī,1000000
姘,pīn,1000000
寘,zhì,1000000
形,xíng,1000000
慈,cí,1000000
拼,pīn,1000000
揅,yán,1000000
撝,huī,1000000
冒,mò,1000000
冒,mào
柺,guǎi,1000000
栟,bīng,1000000
栟,píng
櫛,jié,1000000
次,zī,1000000
次,cì
沿,yán,1000000
沿,yàn
汧,qiān,1000000
流,liú,1000000
洴,píng,1000000
𠔥,jiān,1000000
甾,zī,1000000
甾,zāi
穊,jì,1000000
絣,bēng,1000000
繅,sāo,1000000
者,zhě,1000000
育,yù,1000000
荓,píng,1000000
蓱,píng,1000000
蛢,píng,1000000
蠁,xiàng,1000000
趼,jiǎn,1000000
趼,yán
鉼,bǐng,1000000
鏹,qiāng,1000000
鏹,qiǎng
頋,gù,1000000
頩,pīng,1000000
鳽,yán,1000000
鵧,píng,1000000
麻,má,1000000
鼻,bí,1000000
㕷啦,pā lā
㶟水,lěi shuǐ
䰖兒,zuǎn r
一丈差九尺,yī zhàng chā jiǔ chǐ
一不小心,yī bu xiǎo xīn
一不拗眾,yī bù niù zhòng
一丘之貉,yī qiū zhī hé
一丟兒,yī diū r
一之為甚,yī zhī wéi shèn
一乾二淨,yī gān èr jìng
一了,yī liǎo
一了心願,yī liǎo xīn yuàn
一了百了,yī liǎo bǎi liǎo
一了百當,yī liǎo bǎi dāng
一個,yī ge
一個不小心,yī ge bù xiǎo xīn
一個勁兒,yī ge jìn r
一個子兒,yī ge zǐ r
一個巴掌拍不響,yī ge bā zhǎng pāi bù xiǎng
一個心眼兒,yī ge xīn yǎn r
一個樣兒,yī ge yàng r
一個獵古調,yī ge liè gǔ diào
一個紅臉一個白臉,yī ge hóng liǎn yī ge bái liǎn
一個蘿蔔一個坑兒,yī ge luó bo yī ge kēng r
一個跟斗十萬八千里,yī ge gēn dǒu shí wàn bā qiān lǐ
一個錢打二十四個結,yī ge qián dǎ èr shí sì ge jié
一個鍋裡吃飯的,yī ge guō lǐ chī fàn de
一個頭兩個大,yī ge tóu liǎng ge dà
一個鼻孔出氣,yī ge bí kǒng chū qì
一倡百和,yī chàng bǎi hè
一停兒,yī tíng r
一刀切,yī dāo qiē
一分子,yī fèn zǐ
一剎那,yī chà nà
一剗,yī chàn
一口價兒,yī kǒu jià r
一口兩匙,yī kǒu liǎng chí
一口吃個胖子,yī kǒu chī ge pàng zi
一古腦兒,yī gǔ nǎo r
一吐為快,yī tǔ wéi kuài
一呼百應,yī hū bǎi yìng
一哄而上,yī hōng ér shàng
一哄而散,yī hōng ér sàn
一哄而起,yī hōng ér qǐ
一哄而集,yī hōng ér jí
一唱一和,yī chàng yī hè
一唱百和,yī chàng bǎi hè
一回生兩回熟,yī huí shēng liǎng huí shóu
一垛,yī duò
一報還一報,yī bào huán yī bào
一場春夢,yī cháng chūn mèng
一場空,yī cháng kōng
一塊兒,yī kuài r
一塊石頭拋上天,yī kuài shí tou pāo shàng tiān
一塊石頭掉井裡,yī kuài shí tou diào jǐng lǐ
一塊石頭落了地,yī kuài shí tou luò le dì
一大會兒,yī dà huǐ r
一大溜,yī dà liù
一天一個現在,yī tiān yī ge xiàn zài
一子兒,yī zǐ r
一子繼承制,yī zǐ jì chéng zhì
一字不差,yī zì bù chā
一字兒,yī zì r
一字襟坎肩兒,yī zì jīn kǎn jiān r
一字長蛇陣,yī zì cháng shé zhèn
一宿,yī xiǔ
一就手兒,yī jiù shǒu r
一尺還他十寸,yī chǐ huán tā shí cùn
一展長才,yī zhǎn cháng cái
一工兒,yī gōng r
一差二誤,yī chā èr wù
一差二錯,yī chā èr cuò
一差半錯,yī chā bàn cuò
一帆風順,yī fán fēng shùn
一年半載,yī nián bàn zǎi
一弄兒,yī nòng r
一彈指,yī tán zhǐ
一得,yī dé
一得之功,yī dé zhī gōng
一得之愚,yī dé zhī yú
一得之見,yī dé zhī jiàn
一念之差,yī niàn zhī chā
一忽兒,yī hū r
一怔,yī lèng
一息奄奄,yī xí yān yān
一手兒,yī shǒu r
一扠,yī zhǎ
一技之長,yī jì zhī cháng
一把死拿兒,yī bǎ sǐ ná r
一搖三晃,yī yáo sān huàng
一撇,yī piě
一日之長,yī rì zhī cháng
一星兒,yī xīng r
一星半點兒,yī xīng bàn diǎn r
一景兒,yī jǐng r
一暴十寒,yī pù shí hán
一曲,yī qǔ
一曲千金,yī qǔ qiān jīn
一曲陽關,yī qǔ yáng guān
一會,yī huǐ
一會兒,yī huǐ r
一會子,yī huǐ zi
一會家,yī huǐ jia
一朝,yī zhāo
一朝一夕,yī zhāo yī xì
一朝天子一朝臣,yī cháo tiān zǐ yī cháo chén
一條腿兒,yī tiáo tuǐ r
一條藤兒,yī tiáo téng r
一條道兒走到黑,yī tiáo dào r zǒu dào hēi
一樹百穫,yī shù bó huò
一機靈,yī jī ling
一次全倒,yī cì quán dǎo
一步一個腳印兒,yī bù yī ge jiǎo yìn r
一死兒,yī sǐ r
一氣兒,yī qì r
一氧化碳中毒,yī yǎng huà tàn zhòng dú
一水兒,yī shuǐ r
一溜,yī liù
一溜兒,yī liù r
一溜子,yī liù zi
一溜歪斜,yī liù wāi xié
一溜煙,yī liù yān
一溜風,yī liù fēng
一漚,yī òu
一無所好,yī wú suǒ hào
一無所得,yī wú suǒ dé
一無所長,yī wú suǒ cháng
一無長物,yī wú zhàng wù
一爭長短,yī zhēng cháng duǎn
一片散沙,yī piàn sǎn shā
一物降一物,yī wù xiáng yī wù
一狐之腋,yī hú zhī yì
一班兒,yī bān r
一生喫著不盡,yī shēng chī zhuó bù jìn
一甲子,yī jiǎ zǐ
一發不可收拾,yī fā bù kě shōu shi
一百二十行,yī bǎi èr shí háng
一盆火兒,yī pén huǒ r
一盤散沙,yī pán sǎn shā
一目了然,yī mù liǎo rán
一目十行,yī mù shí háng
一窩兒,yī wō r
一筆抹倒,yī bǐ mǒ dǎo
一答一和兒,yī dá yī hé r
一索得男,yī suǒ dé nán
一聽,yī tìng
一股勁兒,yī gǔ jìn r
一股腦兒,yī gǔ nǎo r
一肩兒,yī jiān r
一胎生兩三個孩子,yī tāi shēng liǎng sān ge hái zi
一腔熱血,yī qiāng rè xuè
一舉兩得,yī jǔ liǎng dé
一舉數得,yī jǔ shù dé
一般廢棄物回收清除處理基金會,yī bān fèi qì wù huí shōu qīng chú chǔ lǐ jī jīn huì
一著,yī zhāo
一蒂兒到底,yī dì r dào dǐ
一行三昧,yī háng sān mèi
一言中的,yī yán zhòng dì
一言為定,yī yán wéi dìng
一言興邦,yī yán xīng bāng
一語中人,yī yǔ zhòng rén
一語中的,yī yǔ zhòng dì
一語撞倒牆,yī yǔ zhuàng dǎo qiáng
一語破的,yī yǔ pò dì
一走了之,yī zǒu liǎo zhī
一蹴可幾,yī cù kě jī
一蹴而得,yī cù ér dé
一身做不得兩件事,yī shēn zuò bù dé liǎng jiàn shì
一較長短,yī jiào cháng duǎn
一輩兒,yī bèi r
一轍,yī chè
一過眼兒,yī guò yǎn r
一還一報,yī huán yī bào
一部分,yī bù fèn
一酬一酢,yī chóu yī zuò
一銃子性兒,yī chòng zi xìng r
一錘子買賣,yī chuí zi mǎi mai
一鍬掘個井,yī qiāo jué ge jǐng
一長一短,yī cháng yī duǎn
一長二短,yī cháng èr duǎn
一長兩短,yī cháng liǎng duǎn
一零兒,yī líng r
一面倒,yī miàn dǎo
一面兒官司,yī miàn r guān si
一順兒,yī shùn r
一頭兒沉,yī tóu r chén
一頭撞倒南牆,yī tóu zhuàng dǎo nán qiáng
一骨碌,yī gú lu
一鱗一爪,yī lín yī zhuǎ
一鱗半爪,yī lín bàn zhuǎ
一點兒,yī diǎn r
一點水一個泡,yī diǎn shuǐ yī ge pào
丁丁,zhēng zhēng
丁倒,dīng dǎo
丁字兒,dīng zì r
丁差,dīng chāi
丁當,dīng dàng
丁點兒,dīng diǎn r
七了八當,qī liǎo bā dàng
七事兒,qī shì r
七佛,qī fó
七十二地煞,qī shí èr dì shà
七十二行,qī shí èr háng
七十子,qī shí zǐ
七歪八倒,qī wāi bā dǎo
七煞,qī shà
七返九還,qī fǎn jiǔ huán
七長八短,qī cháng bā duǎn
七零八散,qī líng bā sǎn
七顛八倒,qī diān bā dǎo
万俟,mò qí
丈人行,zhàng rén háng
丈夫子,zhàng fū zǐ
丈夫有淚不輕彈,zhàng fū yǒu lèi bù qīng tán
丈量,zhàng liáng
三七仔,sān qī zǐ
三七兒,sān qī r
三世佛,sān shì fó
三乘,sān shèng
三人抬不過個理字,sān rén tái bù guò ge lǐ zì
三保太監,sān bǎo tài jiàn
三個鼻子管,sān ge bí zi guǎn
三傳,sān zhuàn
三冠王,sān guàn wáng
三十六行,sān shí liù háng
三十年風水輪流轉,sān shí nián fēng shuǐ lún liú zhuàn
三千弟子,sān qiān dì zǐ
三句不離本行,sān jù bù lí běn háng
三因佛性,sān yīn fó xìng
三場,sān cháng
三天兩頭兒,sān tiān liǎng tóu r
三娘教子,sān niáng jiào zǐ
三差五錯,sān chā wǔ cuò
三差兩錯,sān chā liǎng cuò
三希堂法帖,sān xī táng fǎ tiè
三年之喪,sān nián zhī sāng
三年五載,sān nián wǔ zǎi
三復,sàn fù
三復斯言,sàn fù sī yán
三復白圭,sàn fù bái guī
三徵七辟,sān zhēng qī bì
三思,sàn sī
三思而行,sàn sī ér xíng
三思臺,sàn sī tái
三戰三北,sān zhàn sān bò
三折肱為良醫,sān zhé gōng wéi liáng yī
三更,sān gēng
三更半夜,sān gēng bàn yè
三更四鼓,sān gēng sì gǔ
三更燈火五更雞,sān gēng dēng huǒ wǔ gēng jī
三朝五日,sān zhāo wǔ rì
三框闌兒,sān kuāng lán r
三清道觀,sān qīng dào guàn
三災八難,sān zāi bā nàn
三百六十行,sān bǎi liù shí háng
三相,sān xiàng
三省,sān xǐng
三腳蝦蟆沒處尋,sān jiǎo há ma méi chù xún
三舍,sān shè
三藏,sān zàng
三藏法師,sān zàng fǎ shī
三藏法師傳,sān zàng fǎ shī zhuàn
三藐三佛陀,sān miǎo sān fó tuó
三行,sān háng
三角測量,sān jiǎo cè liáng
三郎爺爺,sān láng yé ye
三部曲,sān bù qǔ
三都賦,sān dū fù
三重,sān chóng
三重埔,sān chóng pǔ
三重門,sān chóng mén
三長兩短,sān cháng liǎng duǎn
三長齋月,sān cháng zhāi yuè
三階佛法,sān jiē fó fǎ
三點水兒,sān diǎn shuǐ r
上不了臺面,shàng bù liǎo tái miàn
上不得臺盤,shàng bù dé tái pán
上乘,shàng shèng
上了歲數,shàng le suì shu
上人兒,shàng rén r
上來,shàng lai
上供,shàng gòng
上分,shàng fen
上剎,shàng chà
上去,shàng qu
上吐下瀉,shàng tù xià xiè
上場,shàng cháng
上場門兒,shàng cháng mén r
上天有好生之德,shàng tiān yǒu hào shēng zhī dé
上將,shàng jiàng
上尖兒,shàng jiān r
上年紀,shàng nián ji
上座兒,shàng zuò r
上座部佛教,shàng zuò bù fó jiào
上朝取應,shàng cháo qǔ yìng
上歲數兒,shàng suì shu r
上清童子,shàng qīng tóng zǐ
上當,shàng dàng
上疏,shàng shù
上相,shàng xiàng
上知,shàng zhì
上聲,shǎng shēng
上舍,shàng shè
上行,shàng háng
上邊,shàng bian
上都,shàng dū
上門的買賣好做,shàng mén de mǎi mai hǎo zuò
上面,shàng mian
上頭,shàng tou
上頭鋪臉,shàng tóu pū liǎn
下不了臺,xià bù liǎo tái
下不為例,xià bù wéi lì
下乘,xià shèng
下作,xià zuo
下功夫,xià gōng fu
下去,xià qu
下場,xià chang
下場白,xià cháng bái
下場門,xià cháng mén
下場頭,xià chang tóu
下子,xià zǐ
下工夫,xià gōng fu
下巴,xià ba
下巴頦,xià ba kē
下帖子,xià tiě zi
下板兒,xià bǎn r
下椗,xià dìng
下溜頭,xià liū tou
下腳兒,xià jiǎo r
下處,xià chu
下都,xià dū
下頭,xià tou
下頭人,xià tou rén
下飯菜兒,xià fàn cài r
不中使,bù zhòng shǐ
不中意,bù zhòng yì
不中抬舉,bù zhòng tái jǔ
不中相與,bù zhòng xiāng yǔ
不中聽,bù zhòng tīng
不乾性油,bù gān xìng yóu
不了,bù liǎo
不了之局,bù liǎo zhī jú
不了了之,bù liǎo liǎo zhī
不了了當,bù liǎo liǎo dàng
不了情,bù liǎo qíng
不了漢,bù liǎo hàn
不了解,bù liǎo jiě
不什,bù shé
不付得,bù fù dé
不以為,bù yǐ wéi
不以為奇,bù yǐ wéi qí
不以為忤,bù yǐ wéi wǔ
不以為意,bù yǐ wéi yì
不以為然,bù yǐ wéi rán
不以為苦,bù yǐ wéi kǔ
不作為,bù zuò wéi
不作為犯,bù zuò wéi fàn
不作為違警,bù zuò wéi wéi jǐng
不作興,bù zuò xīng
不供,bù gòng
不修帷薄,bù xiū wéi bó
不倒,bù dǎo
不倒口,bù dǎo kǒu
不倒翁,bù dǎo wēng
不假外出,bù jià wài chū
不停當,bù tíng dàng
不偢不倸,bù chǒu bù cǎi
不分主從,bù fēn zhǔ zòng
不剌,bù là
不剌剌,bù là là
不勝之態,bù shēng zhī tài
不勝其擾,bù shēng qí rǎo
不勝其煩,bù shēng qí fán
不勝唏噓,bù shēng xī xū
不勝感喟,bù shēng gǎn kuì
不勝春,bù shēng chūn
不勝枚舉,bù shēng méi jǔ
不勝衣,bù shēng yī
不勝負荷,bù shēng fù hè
不勝酒力,bù shēng jiǔ lì
不勾,bù gòu
不匱,bù kuì
不受抬舉,bù shòu tái ju
不受用,bù shòu yong
不可勝原,bù kě shēng yuán
不可勝數,bù kě shēng shǔ
不可勝書,bù kě shēng shū
不可勝紀,bù kě shēng jì
不可勝言,bù kě shēng yán
不可勝計,bù kě shēng jì
不可勝記,bù kě shēng jì
不可多得,bù kě duō dé
不可得,bù kě dé
不可數,bù kě shǔ
不可為,bù kě wéi
不可逆反應,bù kě nì fǎn yìng
不可限量,bù kě xiàn liáng
不君子,bù jūn zǐ
不吝賜教,bù lìn sì jiào
不含糊,bù hán hu
不唧𠺕,bù jī liū
不在場證明,bù zài cháng zhèng míng
不在行,bù zài háng
不地著,bù dì zhuó
不堪負荷,bù kān fù hè
不多一會兒工夫,bù duō yī huǐ r gōng fu
不多工夫,bù duō gōng fu
不夠數兒,bù gòu shù r
不大客氣,bù dà kè qi
不失為,bù shī wéi
不好意思,bù hǎo yì si
不好言笑,bù hào yán xiào
不婚媽媽,bù hūn mā ma
不孝子,bù xiào zǐ
不學亡術,bù xué wú shù
不守本分,bù shǒu běn fèn
不守細行,bù shǒu xì xìng
不安分,bù ān fèn
不安本分,bù ān běn fèn
不完全給付,bù wán quán jǐ fù
不定冠詞,bù dìng guàn cí
不對碴兒,bù duì chá r
不對茆荀兒,bù duì mǎo xún r
不差,bù chā
不差不錯,bù chā bù cuò
不差什麼,bù chā shén me
不差毫釐,bù chā háo lí
不差毫髮,bù chā háo fǎ
不差累黍,bù chā lěi shǔ
不帶頭巾男子漢,bù dài tóu jīn nán zǐ hàn
不弟,bù tì
不徇顏面,bù xún yán miàn
不得,bù dé
不得不,bù dé bù
不得主意,bù dé zhǔ yi
不得了,bù dé liǎo
不得人心,bù dé rén xīn
不得便,bù dé biàn
不得其死,bù dé qí sǐ
不得其門而入,bù dé qí mén ér rù
不得勁,bù dé jìn
不得善終,bù dé shàn zhōng
不得地,bù dé dì
不得好死,bù dé hǎo sǐ
不得安穩,bù dé ān wěn
不得安身,bù dé ān shēn
不得已,bù dé yǐ
不得志,bù dé zhì
不得意,bù dé yì
不得有誤,bù dé yǒu wù
不得有違,bù dé yǒu wéi
不得空,bù dé kòng
不得而知,bù dé ér zhī
不得臉,bù dé liǎn
不得臺盤,bù dé tái pán
不得要領,bù dé yào lǐng
不得開交,bù dé kāi jiāo
不得閒,bù dé xián
不念荷戈,bù niàn hè gē
不怕臊,bù pà sào
不怯氣,bù què qì
不成模樣,bù chéng mú yàng
不成為君,bù chéng wéi jūn
不戴帽兒的漢子,bù dài mào r de hàn zi
不戴頭巾男子漢,bù dài tóu jīn nán zǐ hàn
不打量,bù dǎ liang
不把將軍為神道,bù bǎ jiāng jūn wéi shén dào
不拘細行,bù jū xì xìng
不支倒地,bù zhī dǎo dì
不數,bù shǔ
不是了處,bù shì liǎo chù
不是個兒,bù shì gè r
不是東西,bù shì dōng xi
不是樣兒,bù shì yàng r
不是玩兒的,bù shì wán r de
不更事,bù jīng shì
不杖期夫,bù zhàng jī fū
不正經,bù zhèng jing
不殺,bù shài
不氣長,bù qì cháng
不求聞達,bù qiú wèn dá
不求自得,bù qiú zì dé
不法行為,bù fǎ xíng wéi
不消得,bù xiāo dé
不為,bù wéi
不為人下,bù wéi rén xià
不為人用,bù wéi rén yòng
不為利誘,bù wéi lì yòu
不為已甚,bù wéi yǐ shèn
不為所動,bù wéi suǒ dòng
不為過,bù wéi guò
不為難,bù wéi nán
不犯著,bù fàn zháo
不甚了了,bù shèn liǎo liǎo
不用本錢的勾當,bù yòng běn qián de gòu dang
不用著急,bù yòng zhāo jí
不當,bù dàng
不當人化化,bù dāng rén huā huā
不當人子,bù dāng rén zǐ
不當家化化,bù dāng jiā huā huā
不當家豁拉,bù dāng jiā huá lā
不當數,bù dàng shù
不當準,bù dàng zhǔn
不當穩便,bù dàng wěn biàn
不當耍處,bù dāng shuǎ chǔ
不疑誣金,bù yí wú jīn
不的,bù dí
不的個風兒就雨兒,bù de ge fēng r jiù yǔ r
不相稱,bù xiāng chèng
不省,bù xǐng
不省事,bù xǐng shì
不省人事,bù xǐng rén shì
不省得,bù xǐng de
不看僧面看佛面,bù kàn sēng miàn kàn fó miàn
不看金面看佛面,bù kàn jīn miàn kàn fó miàn
不矜不伐,bù jīn bù fá
不矜細行,bù jīn xì xìng
不知一個頭腦,bù zhī yī ge tóu nǎo
不知分限,bù zhī fèn xiàn
不知葫蘆裡賣甚麼藥,bù zhī hú lú lǐ mài shén me yào
不知起倒,bù zhī qǐ dǎo
不知顛倒,bù zhī diān dǎo
不禁,bù jīn
不禁技癢,bù jīn jì yǎng
不稂不莠,bù láng bù yǒu
不稱心,bù chèng xīn
不稱職,bù chèng zhí
不答腔,bù dā qiāng
不終朝,bù zhōng zhāo
不結實,bù jiē shi
不給,bù jǐ
不經事少年,bù jīng shì shào nián
不繆,bù miù
不老長生,bù lǎo cháng shēng
不肖子,bù xiào zǐ
不肖子孫,bù xiào zǐ sūn
不能勝數,bù néng shēng shǔ
不能為,bù néng wéi
不能盡數,bù néng jìn shǔ
不能自給,bù néng zì jǐ
不臊,bù sào
不自禁,bù zì jīn
不興,bù xīng
不舒坦,bù shū tan
不舒服,bù shū fu
不良分子,bù liáng fèn zǐ
不良少年,bù liáng shào nián
不良適應,bù liáng shì yìng
不著,bù zháo
不著一字,bù zhuó yī zì
不著不落,bù zhuó bù luò
不著人,bù zhuó rén
不著家,bù zhuó jiā
不著忙,bù zháo máng
不著急,bù zhāo jí
不著情,bù zhuó qíng
不著意,bù zhuó yì
不著疼熱,bù zhuó téng rè
不著痕跡,bù zhuó hén jī
不著痛癢,bù zhuó tòng yǎng
不著筋節,bù zhuó jīn jié
不著腳,bù zhuó jiǎo
不著要,bù zhuó yào
不著親,bù zhuó qīn
不著調,bù zhuó diào
不著邊際,bù zhuó biān jì
不著領頂兒,bù zhuó lǐng dǐng r
不著頭頂兒,bù zhuó tóu dǐng r
不薄,bù bó
不處,bù chǔ
不虞匱乏,bù yú kuì fá
不裹頭巾的婆婆,bù guǒ tóu jīn de pó po
不見經傳,bù jiàn jīng zhuàn
不言語,bù yán yu
不計得失,bù jì dé shī
不記省,bù jì xǐng
不誣,bù wú
不調勻,bù tiáo yún
不調貼,bù tiáo tiē
不諧當,bù xié dàng
不識抬舉,bù shì tái ju
不識相,bù shì xiàng
不識起倒,bù shì qǐ dǎo
不護細行,bù hù xì xìng
不豐不殺,bù fēng bù shài
不賢都頭,bù xián dū tóu
不起訴處分,bù qǐ sù chǔ fèn
不足為奇,bù zú wéi qí
不足為怪,bù zú wéi guài
不足為慮,bù zú wéi lǜ
不足為憑,bù zú wéi píng
不足為據,bù zú wéi jù
不足為訓,bù zú wéi xùn
不足為道,bù zú wéi dào
不足齒數,bù zú chǐ shǔ
不逮,bù dài
不逮人倫,bù dài rén lún
不逮捕特權,bù dài bǔ tè quán
不遑寧處,bù huáng níng chǔ
不還,bù huán
不量,bù liáng
不阿,bù ē
不露神色,bù lòu shén sè
不露聲色,bù lòu shēng sè
不露身手,bù lòu shēn shǒu
不露鋒芒,bù lòu fēng máng
不露風聲,bù lòu fēng shēng
不露馬腳,bù lòu mǎ jiǎo
不順溜,bù shùn liu
不點兒,bù diǎn r
不龜手藥,bù jūn shǒu yào
不龜藥,bù jūn yào
丑角,chǒu jué
且夫,qiě fú
且月,jū yuè
世子,shì zǐ
世界銀行,shì jiè yín háng
丘處機,qiū chǔ jī
丙舍,bǐng shè
丙馭吐茵,bǐng yù tù yīn
丞相,chéng xiàng
丟三落四,diū sān là sì
丟下耙兒弄掃帚,diū xià pá r nòng sào zhǒu
丟倒頭,diū dǎo tóu
丟入爪哇國裡,diū rù zhǎo wā guó lǐ
丟撇,diū piě
丟油撒水,diū yóu sǎ shuǐ
丟盔撩甲,diū kuī liáo jiǎ
並無不當,bìng wú bù dàng
並興,bìng xīng
丫巴兒,yā ba r
丫頭,yā tou
丫頭片子,yā tou piàn zi
丫鬟,yā huan
中不溜兒,zhōng bù liū r
中傷,zhòng shāng
中吃,zhòng chī
中和反應,zhōng hé fǎn yìng
中國銀行,zhōng guó yín háng
中央空調系統,zhōng yāng kōng tiáo xì tǒng
中央處理機,zhōng yāng chǔ lǐ jī
中子,zhōng zǐ
中子彈,zhōng zǐ dàn
中寒,zhòng hán
中將,zhōng jiàng
中庶子,zhōng shù zǐ
中彈,zhòng dàn
中彩,zhòng cǎi
中惡,zhòng è
中意,zhòng yì
中懣之症,zhòng mèn zhī zhèng
中散大夫,zhōng sǎn dà fū
中暑,zhòng shǔ
中暗箭,zhòng àn jiàn
中書舍人,zhōng shū shè rén
中標,zhòng biāo
中毒,zhòng dú
中洋脊,zhōng yáng jí
中浣,zhōng wǎn
中狀元,zhòng zhuàng yuán
中獎,zhòng jiǎng
中用,zhòng yòng
中痰,zhòng tán
中的,zhòng dì
中看,zhòng kàn
中看不中吃,zhòng kàn bù zhòng chī
中秋帖,zhōng qiū tiè
中竅,zhòng qiào
中箭,zhòng jiàn
中節,zhòng jié
中簽,zhòng qiān
中聽,zhòng tīng
中肯,zhòng kěn
中興,zhōng xīng
中興大學,zhōng xīng dà xué
中興新村,zhōng xīng xīn cūn
中舉,zhòng jǔ
中華商場,zhōng huá shāng cháng
中華文化復興節,zhōng huá wén huà fù xīng jié
中華文化復興運動,zhōng huá wén huà fù xīng yùn dòng
中華文化復興運動總會,zhōng huá wén huà fù xīng yùn dòng zǒng huì
中藏,zhōng zàng
中行,zhōng xìng
中規中矩,zhòng guī zhòng jǔ
中覺,zhōng jiào
中計,zhòng jì
中質原油,zhōng zhí yuán yóu
中選,zhòng xuǎn
中邪,zhòng xié
中郎將,zhōng láng jiàng
中都,zhōng dū
中鏢,zhòng biāo
中長鐵路,zhōng cháng tiě lù
中風,zhòng fēng
丰茸,fēng rǒng
串哄,chuàn hōng
串場,chuàn cháng
串秧兒,chuàn yāng r
串親戚,chuàn qīn qi
丹佛,dān fó
丹參,dān shēn
丹荑,dān yí
主兒,zhǔ r
主將,zhǔ jiàng
主從,zhǔ zòng
主從式架構,zhǔ zòng shì jià gòu
主從式資料庫,zhǔ zòng shì zī liào kù
主從架構,zhǔ zòng jià gòu
主從架構資訊網路,zhǔ zòng jià gòu zī xùn wǎng lù
主心骨兒,zhǔ xīn gǔ r
主治大夫,zhǔ zhì dài fu
主角,zhǔ jué
主題曲,zhǔ tí qǔ
久別重逢,jiǔ bié chóng féng
久安長治,jiǔ ān cháng zhì
久要,jiǔ yāo
久長,jiǔ cháng
么喝,yāo he
么麼,yāo mó
么麼小丑,yāo mó xiǎo chǒu
之子,zhī zǐ
之死靡他,zhī sǐ mǐ tuō
乍暖還寒,zhà nuǎn huán hán
乏角兒,fá jué r
乖乖兒的,guāi guāi r de
乖性兒,guāi xìng r
乖迕,guāi wù
乖間,guāi jiàn
乘傳,chéng zhuàn
乘勝逐北,chéng shèng zhú bò
乘機應變,chéng jī yìng biàn
乘肥衣輕,chéng féi yì qīng
乘長風破萬里浪,chéng cháng fēng pò wàn lǐ làng
乘間,chéng jiàn
乙炔,yǐ quē
乜斜,miē xie
乜斜眼,miē xie yǎn
九子母,jiǔ zǐ mǔ
九更天,jiǔ gēng tiān
九焞十八火,jiǔ dùn shí bā huǒ
九牛拉不轉,jiǔ niú lā bù zhuàn
九還丹,jiǔ huán dān
九重,jiǔ chóng
九重天,jiǔ chóng tiān
九重葛,jiǔ chóng gé
九重霄,jiǔ chóng xiāo
九頭牛也拽不出去,jiǔ tóu niú yě zhuài bù chū qù
乞乞縮縮,qǐ qǐ sù sù
乞漿得酒,qǐ jiāng dé jiǔ
乞窮儉相,qǐ qióng jiǎn xiàng
乞降,qǐ xiáng
也不見得,yě bù jiàn dé
也麼哥,yě mó gē
乳臭,rǔ xiù
乳臭小子,rǔ xiù xiǎo zi
乳臭未乾,rǔ xiù wèi gān
乳酪,rǔ luò
乾乾兒的,gān gān r de
乾乾淨淨,gān gān jìng jìng
乾井,gān jǐng
乾兒,gān r
乾兒子,gān ér zi
乾冰,gān bīng
乾冷,gān lěng
乾刻版,gān kè bǎn
乾剝剝,gān bō bō
乾吊著下巴,gān diào zhe xià ba
乾咳,gān ké
乾咽,gān yè
乾哭,gān kū
乾啼濕哭,gān tí shī kū
乾喬,gān qiáo
乾嘔,gān ǒu
乾噦,gān yuē
乾嚎,gān háo
乾嚥唾,gān yàn tuò
乾回付,gān huí fù
乾圓潔淨,gān yuán jié jìng
乾塢,gān wù
乾女兒,gān nǚ ér
乾奴才,gān nú cái
乾妹妹,gān mèi mei
乾娘,gān niáng
乾媽,gān mā
乾季,gān jì
乾屎橛,gān shǐ jué
乾巴,gān ba
乾巴巴,gān bā bā
乾巴疵咧,gān ba cī liē
乾急,gān jí
乾打雷,gān dǎ léi
乾折,gān zhé
乾撂臺,gān liào tái
乾撇下,gān piē xià
乾擦,gān cā
乾支剌,gān zhī là
乾支支,gān zhī zhī
乾敲梆子不賣油,gān qiāo bāng zi bù mài yóu
乾料,gān liào
乾旱,gān hàn
乾暖,gān nuǎn
乾村沙,gān cūn shā
乾杯,gān bēi
乾果,gān guǒ
乾枯,gān kū
乾柴,gān chái
乾柴烈火,gān chái liè huǒ
乾梅,gān méi
乾死,gān sǐ
乾沒,gān mò
乾洗,gān xǐ
乾涸,gān hé
乾淨,gān jìng
乾淨俐落,gān jìng lì luo
乾淨爽利,gān jìng shuǎng lì
乾渴,gān kě
乾溼,gān shī
乾澀,gān sè
乾熬,gān áo
乾熱,gān rè
乾燥,gān zào
乾燥劑,gān zào jì
乾燥器,gān zào qì
乾燥機,gān zào jī
乾燥氣候,gān zào qì hòu
乾燥箱,gān zào xiāng
乾燥花,gān zào huā
乾爹,gān diē
乾爽,gān shuǎng
乾片,gān piàn
乾生受,gān shēng shòu
乾生子,gān shēng zǐ
乾產,gān chǎn
乾疥,gān jiè
乾瘦,gān shòu
乾癟,gān biě
乾白兒,gān bái r
乾眼症,gān yǎn zhèng
乾瞪眼,gān dèng yǎn
乾禮,gān lǐ
乾稿,gān gǎo
乾笑,gān xiào
乾等,gān děng
乾篾片,gān miè piàn
乾粉,gān fěn
乾糧,gān liáng
乾結,gān jié
乾絲,gān sī
乾繃兒,gān bèng r
乾罷,gān bà
乾耗,gān hào
乾股,gān gǔ
乾肥,gān féi
乾脆,gān cuì
乾脆爽快,gān cuì shuǎng kuài
乾花,gān huā
乾芻,gān chú
乾苔,gān tái
乾茨臘,gān cí là
乾茶錢,gān chá qián
乾草,gān cǎo
乾菜,gān cài
乾落,gān lào
乾落得,gān lào de
乾著,gān zhe
乾著急,gān zhāo jí
乾薑,gān jiāng
乾薪,gān xīn
乾虔,gān qián
乾號,gān háo
乾衣機,gān yī jī
乾裂,gān liè
乾親,gān qīn
乾親家,gān qìng jiā
乾貨,gān huò
乾貨船,gān huò chuán
乾逼,gān bī
乾酪,gān luò
乾量,gān liàng
乾阿嬭,gān à nǎi
乾電池,gān diàn chí
乾霍亂,gān huò luàn
乾顙,gān sǎng
乾颱,gān tái
乾飯,gān fàn
乾館,gān guǎn
乾餱,gān hóu
乾餱以愆,gān hóu yǐ qiān
乾餾,gān liù
乾魚與貓作枕頭,gān yú yǔ māo zuò zhěn tou
乾麵,gān miàn
亂兒,luàn r
亂兒媽,luàn r mā
亂哄哄,luàn hōng hōng
亂嚼舌頭,luàn jiáo shé tou
亂墳崗,luàn fén gāng
亂家子,luàn jiā zǐ
亂岔岔,luàn chà cha
亂彈,luàn tán
亂箭攢心,luàn jiàn cuán xīn
亂臣賊子,luàn chén zéi zǐ
亂臣逆子,luàn chén nì zǐ
亂葬崗,luàn zàng gāng
亂葬崗子,luàn zàng gāng zi
亂顫,luàn chàn
亂鬨不過來,luàn hong bù guò lái
了不得,liǎo bu de
了不成,liǎo bu chéng
了不起,liǎo bu qǐ
了了,liǎo liǎo
了事,liǎo shì
了事環,liǎo shì huán
了亮,liǎo liang
了債,liǎo zhài
了兒,liǎo r
了劣,liǎo liè
了卻,liǎo què
了如指掌,liǎo rú zhǐ zhǎng
了局,liǎo jú
了帳,liǎo zhàng
了得,liǎo de
了得了,liǎo de liǎo
了悟,liǎo wù
了手,liǎo shǒu
了收,liǎo shōu
了斷,liǎo duàn
了案,liǎo àn
了決,liǎo jué
了清,liǎo qīng
了無,liǎo wú
了無新意,liǎo wú xīn yì
了無牽掛,liǎo wú qiān guà
了無生機,liǎo wú shēng jī
了無生趣,liǎo wú shēng qù
了無罣礙,liǎo wú guà ài
了然,liǎo rán
了然不惑,liǎo rán bù huò
了畢,liǎo bì
了當,liǎo dàng
了當不得,liǎo dàng bù dé
了納,liǎo nà
了結,liǎo jié
了落,liǎo luò
了解,liǎo jiě
了訖,liǎo qì
了話,liǎo huà
了語,liǎo yǔ
了賬,liǎo zhàng
了身達命,liǎo shēn dá mìng
了願,liǎo yuàn
了鳥,liǎo diǎo
予一人,yú yī rén
予假,yǔ jià
予取予求,yú qǔ yú qiú
予小子,yú xiǎo zǐ
事假,shì jià
事危累卵,shì wéi lěi luǎn
事在人為,shì zài rén wéi
事急無君子,shì jí wú jūn zǐ
事由兒,shì yóu r
事畜,shì xù
事頭,shì tou
二三子,èr sān zǐ
二不愣,èr bu lèng
二乘,èr shèng
二五更,èr wǔ gēng
二五眼,èr wu yǎn
二傳,èr zhuàn
二十八宿,èr shí bā xiù
二千石,èr qiān dàn
二和藥,èr huò yào
二子,èr zǐ
二屋裡,èr wū li
二愣,èr leng
二拉八當,èr la bā dàng
二朝王醮,èr zhāo wáng jiào
二桿子脾氣,èr gǎn zi pí qi
二次全倒,èr cì quán dǎo
二王帖,èr wáng tiè
二碴兒,èr chá r
二豎為虐,èr shù wéi nüè
二路兒,èr lù r
二路腳兒,èr lù jiǎo r
二重分類表,èr chóng fēn lèi biǎo
二重唱,èr chóng chàng
二重國籍,èr chóng guó jí
二重奏,èr chóng zòu
二重性,èr chóng xìng
于嗟,xū jiē
于思,yú sāi
云為,yún wéi
互切互磋,hù qiē hù cuō
互別苗頭,hù bié miáo tou
互感應,hù gǎn yìng
互質,hù zhí
五伯,wǔ bà
五倍子,wǔ bèi zǐ
五倍子蟲,wǔ bèi zǐ chóng
五分明兒,wǔ fēn míng r
五味子,wǔ wèi zǐ
五子之歌,wǔ zǐ zhī gē
五子哭墳,wǔ zǐ kū fén
五子棋,wǔ zǐ qí
五子登科,wǔ zǐ dēng kē
五斂子,wǔ liàn zǐ
五方佛,wǔ fāng fó
五方雜處,wǔ fāng zá chǔ
五星上將,wǔ xīng shàng jiàng
五更,wǔ gēng
五更三點,wǔ gēng sān diǎn
五更天,wǔ gēng tiān
五更雞,wǔ gēng jī
五更頭,wǔ gēng tóu
五會念佛,wǔ huì niàn fó
五熟行,wǔ shóu háng
五百,wǔ bó
五花三層兒,wǔ huā sān céng r
五花繃裂,wǔ huā bèng liè
五行並下,wǔ háng bìng xià
五行俱下,wǔ háng jù xià
五行八作,wǔ háng bā zuō
五角六張,wǔ jué lù zhāng
五角大廈,wǔ jiǎo dà xià
五言長城,wǔ yán cháng chéng
五車,wǔ jū
五辟,wǔ bì
五量店,wǔ liáng diàn
五陵年少,wǔ líng nián shào
井宿,jǐng xiù
井幹,jǐng hán
井榦,jǐng hán
井穴,jǐng xué
些個,xiē ge
些兒,xiē r
亞佛加厥定律,yà fó jiā jué dìng lǜ
亞匹,yǎ pǐ
亞塞拜然,yà sè bài rán
亞塞拜然共和國,yà sè bài rán gòng hé guó
亞得里亞海,yà dé lǐ yà hǎi
亞洲開發銀行,yà zhōu kāi fā yín háng
亡戟得矛,wáng jǐ dé máo
亡是公,wú shì gōng
亡羊得牛,wáng yáng dé niú
交分,jiāo fèn
交卷,jiāo juàn
交差,jiāo chāi
交惡,jiāo wù
交白卷,jiāo bái juàn
交通壅塞,jiāo tōng yōng sè
交還,jiāo huán
交響曲,jiāo xiǎng qǔ
交響樂,jiāo xiǎng yuè
交響樂團,jiāo xiǎng yuè tuán
京觀,jīng guàn
京都,jīng dū
亭場,tíng cháng
亮兒,liàng r
亮堂堂,liàng tang tang
亮場子,liàng cháng zi
亮底兒,liàng dǐ r
亮相,liàng xiàng
亮陰,liáng ān
亹亹不卷,wěi wěi bù juàn
人不得外財不富,rén bù dé wài cái bù fù
人事不省,rén shì bù xǐng
人兒,rén r
人力銀行,rén lì yín háng
人參,rén shēn
人參果,rén shēn guǒ
人味兒,rén wèi r
人在屋簷下不得不低頭,rén zài wū yán xià bù dé bù dī tóu
人子,rén zǐ
人工閱卷,rén gōng yuè juàn
人影兒,rén yǐng r
人情薄似紙,rén qíng bó sì zhǐ
人才濟濟,rén cái jǐ jǐ
人才難得,rén cái nán dé
人扶人興,rén fú rén xīng
人樣,rén yang
人樣兒,rén yàng r
人滿為患,rén mǎn wéi huàn
人為,rén wéi
人牙兒,rén yá r
人物字號,rén wù zì hao
人物闐咽,rén wù tián yè
人生如朝露,rén shēng rú zhāo lù
人生朝露,rén shēng zhāo lù
人百其身,rén bó qí shēn
人相學,rén xiàng xué
人稠物穰,rén chóu wù rǎng
人給家足,rén jǐ jiā zú
人肉市場,rén ròu shì cháng
人自為戰,rén zì wéi zhàn
人莫予毒,rén mò yú dú
人言鑿鑿,rén yán zuò zuò
人頭兒,rén tóu r
什一,shí yī
什一之利,shí yī zhī lì
什不閑,shí bù xián
什件兒,shí jiàn r
什伯,shí bó
什器,shí qì
什物,shí wù
什百,shí bǎi
什襲,shí xí
什襲珍藏,shí xí zhēn cáng
什錦,shí jǐn
什面,shí miàn
仁人君子,rén rén jūn zǐ
仁者樂山,rén zhě yào shān
仆地,pū de
仇仇,qiú qiú
仇偶,qiú ǒu
仇口兒,chóu kǒu r
仇英,qiú yīng
今兒,jīn r
今兒個,jīn r ge
今朝,jīn zhāo
今朝有酒今朝醉,jīn zhāo yǒu jiǔ jīn zhāo zuì
介質,jiè zhí
介電質,jiè diàn zhí
仔密,zǐ mì
仔細,zǐ xì
仔肩,zī jiān
仗膽兒,zhàng dǎn r
付之闕如,fù zhī quē rú
仙人擔,xiān rén dàn
仙子,xiān zǐ
仙樂,xiān yuè
仡佬族,qì lǎo zú
代為說項,dài wéi shuō xiàng
代興,dài xīng
代馬依北風,dài mǎ yī bò fēng
令人絕倒,lìng rén jué dǎo
令姊,lìng jiě
令子,lìng zǐ
以人為鑑,yǐ rén wéi jiàn
以假為真,yǐ jiǎ wéi zhēn
以利亞,yǐ lì yǎ
以升量石,yǐ shēng liáng dàn
以古為鑑,yǐ gǔ wéi jiàn
以己之心度人之心,yǐ jǐ zhī xīn duò rén zhī xīn
以己度人,yǐ jǐ duò rén
以微知著,yǐ wéi zhī zhù
以攻為守,yǐ gōng wéi shǒu
以日為年,yǐ rì wéi nián
以日為歲,yǐ rì wéi suì
以為,yǐ wéi
以牙還牙,yǐ yá huán yá
以珠彈雀,yǐ zhū tán què
以白為黑,yǐ bái wéi hēi
以眼還眼,yǐ yǎn huán yǎn
以筌為魚,yǐ quán wéi yú
以耳為目,yǐ ěr wéi mù
以血償血,yǐ xuè cháng xuè
以血洗血,yǐ xuè xǐ xuè
以規為瑱,yǐ guī wéi tiàn
以賽亞,yǐ sài yǎ
以退為進,yǐ tuì wéi jìn
以還,yǐ huán
以鄰為壑,yǐ lín wéi huò
仰事俯畜,yǎng shì fǔ xù
仰八叉,yǎng ba chā
仰八腳兒,yǎng ba jiǎo r
仰剌叉,yǎng là chā
仰天長歎,yǎng tiān cháng tàn
仰屋興嘆,yǎng wū xīng tàn
仰屋著書,yǎng wū zhù shū
仰給,yǎng jǐ
仰給於人,yǎng jǐ yú rén
仲子,zhòng zǐ
仲父,zhòng fǔ
仲虺,zhòng huǐ
仲長統,zhòng cháng tǒng
仳倠,pǐ huī
仵作行人,wǔ zuò háng rén
任公,rén gōng
任囂,rén xiāo
任性妄為,rèn xìng wàng wéi
任昉,rén fǎng
任筆沈詩,rén bǐ shěn shī
份兒飯,fèn r fàn
伊兒汗國,yī ér hán guó
伊犁縱谷,yī lí zōng gǔ
伊闕佛龕,yī què fó kān
伊麗莎白一世,yī lì shā bó yī shì
伊麗莎白時代,yī lì shā bó shí dài
伍員,wǔ yún
伍員乘潮,wǔ yún chéng cháo
伍員抉目,wǔ yún jué mù
伍員鞭屍,wǔ yún biān shī
伍子胥,wǔ zǐ xū
伎倆,jì liǎng
伏伺,fú sì
伏几,fú jī
伏勝,fú shēng
伏尸流血,fú shī liú xuè
伏虎降龍,fú hǔ xiáng lóng
伐喪,fā sāng
伐子都,fā zǐ dū
休假,xiū jià
休暇,xiū xià
伙食,huǒ shi
伯伯,bó bo
伯圖,bà tú
伯子,bǎi zi
伯子牙,bó zǐ yá
伯業,bà yè
伯遠帖,bó yuǎn tiě
伯雍種玉,bó yōng zhòng yù
估中,gū zhòng
估倒,gū dǎo
估價行,gū jià háng
估喝,gū hè
估堆兒,gū duī r
估摸,gū mo
估衣,gù yī
估衣鋪,gù yī pù
伴姑兒,bàn gū r
伴食宰相,bàn shí zǎi xiàng
伶透,líng tou
伸舌頭,shēn shé tou
伸長,shēn cháng
伺便,sì biàn
伺候,cì hou
伺察,sì chá
伺探,sì tàn
伺晨鳥,sì chén niǎo
伺機而動,sì jī ér dòng
伺隙,sì xì
伽利略,jiā lì lüè
伽瑪射線,jiā mǎ shè xiàn
伽馬,jiā mǎ
佃作,tián zuò
佃獵,tián liè
但得,dàn dé
但是,dàn shi
但曲,dàn qǔ
但求塞責,dàn qiú sè zé
佇眙,zhù chì
位分,wèi fen
低徊,dī huí
低徊不已,dī huí bù yǐ
低靡,dī mǐ
住紮,zhù zhá
佐饔得嘗,zuǒ yōng dé cháng
佔畢,zhān bì
佔高枝兒,zhàn gāo zhī r
何以見得,hé yǐ jiàn dé
何如帖,hé rú tiě
何得,hé dé
何所不為,hé suǒ bù wéi
何樂不為,hé lè bù wéi
何滿子,hé mǎn zǐ
何為,hé wéi
何與,hé yù
何足為奇,hé zú wéi qí
余余,xú xú
余吾鎮,xú wú zhèn
余車,yú jū
佛七,fó qī
佛事,fó shì
佛來明哥,fó lái míng gē
佛像,fó xiàng
佛克納,fó kè nà
佛前佛後,fó qián fó hòu
佛剎,fó chà
佛印,fó yìn
佛口蛇心,fó kǒu shé xīn
佛因,fó yīn
佛國,fó guó
佛國記,fó guó jì
佛圖,fó tú
佛圖戶,fó tú hù
佛圖澄,fó tú chéng
佛地,fó dì
佛堂,fó táng
佛場,fó cháng
佛天三寶,fó tiān sān bǎo
佛妝,fó zhuāng
佛子,fó zǐ
佛學,fó xué
佛家,fó jiā
佛寺,fó sì
佛山木版年畫,fó shān mù bǎn nián huà
佛帕,fó pà
佛心宗,fó xīn zōng
佛性,fó xìng
佛成道日,fó chéng dào rì
佛戾,fó lì
佛手,fó shǒu
佛手柑,fó shǒu gān
佛手瓜,fó shǒu guā
佛指甲,fó zhǐ jia
佛教,fó jiào
佛教音樂,fó jiào yīn yuè
佛日,fó rì
佛曲,fó qǔ
佛會,fó huì
佛果,fó guǒ
佛桑,fó sāng
佛法,fó fǎ
佛洛伊德,fó luò yī dé
佛洛伊德學說,fó luò yī dé xué shuō
佛海,fó hǎi
佛燈,fó dēng
佛爺,fó ye
佛牙,fó yá
佛珠,fó zhū
佛生日,fó shēng rì
佛眼兒,fó yǎn r
佛眼相看,fó yǎn xiāng kàn
佛祖,fó zǔ
佛科,fó kē
佛科擺,fó kē bǎi
佛粥,fó zhōu
佛經,fó jīng
佛羅里達州,fó luó lǐ dá zhōu
佛老,fó lǎo
佛肸,bì xì
佛舍利,fó shè lì
佛蒙特州,fó méng tè zhōu
佛號,fó hào
佛誕日,fó dàn rì
佛誕節,fó dàn jié
佛說不可說,fó shuō bù kě shuō
佛貍,bì lí
佛跳牆,fó tiào qiáng
佛郎機,fó láng jī
佛門,fó mén
佛門弟子,fó mén dì zǐ
佛陀,fó tuó
佛青,fó qīng
佛面上刮金,fó miàn shàng guā jīn
佛頭著糞,fó tóu zhuó fèn
佛馱,fó tuó
佛龕,fó kān
作不得主,zuò bù dé zhǔ
作佛事,zuò fó shi
作坊,zuō fang
作場,zuò cháng
作情,zuò qing
作揖,zuō yī
作摩,zuó mo
作料,zuó liào
作曲,zuò qǔ
作死,zuō sǐ
作為,zuò wéi
作為犯,zuò wéi fàn
作畦,zuò xī
作癟子,zuō biě zi
作纛旗兒,zuò dào qí r
作興,zuò xīng
作舍道旁,zuò shè dào páng
作舍道邊,zuò shè dào biān
作踐,zuó jiàn
作麼生,zuò mó shēng
佞佛,nìng fó
你長我短,nǐ cháng wǒ duǎn
佣錢,yòng qian
佧喇,kǎ lā
佩件兒,pèi jiàn r
佩服,pèi fu
佳人命薄,jiā rén mìng bó
佳人才子,jiā rén cái zǐ
佳人薄命,jiā rén bó mìng
佳什,jiā shí
佳子弟,jiā zǐ dì
併當,bìng dàng
佹僪,guǐ jué
佹得佹失,guǐ dé guǐ shī
佻佻,tiáo tiáo
佻薄,tiāo bó
佻達,tiāo tà
使不得,shǐ bu de
使君子,shǐ jūn zǐ
使巧兒,shǐ qiǎo r
使心眼兒,shǐ xīn yǎn r
使絆兒,shǐ bàn r
使羊將狼,shǐ yáng jiàng láng
使脾氣,shǐ pí qi
來事兒,lái shì r
來人兒,lái rén r
來來,lái lai
來扇館,lái shān guǎn
來日方長,lái rì fāng cháng
來日正長,lái rì zhèng cháng
來朝,lái zhāo
來派,lái pai
來煞,lái shà
來路貨,lái lu huò
來頭,lái tou
來頭不小,lái tou bù xiǎo
來頭貨,lái tou huò
來龍去脈,lái lóng qù mò
侈靡,chǐ mǐ
例假,lì jià
例假日,lì jià rì
侍子,shì zǐ
侍從,shì zòng
侍應生,shì yìng shēng
供不上,gōng bu shàng
供不應求,gōng bù yìng qiú
供事,gòng shì
供佛,gòng fó
供品,gòng pǐn
供奉,gòng fèng
供奠,gòng diàn
供客,gòng kè
供尖,gòng jiān
供床,gòng chuáng
供應,gōng yìng
供應商,gōng yìng shāng
供月兒,gòng yuè r
供果,gòng guǒ
供桌,gòng zhuō
供獻,gòng xiàn
供碗,gòng wǎn
供給,gōng jǐ
供職,gòng zhí
供花兒,gòng huā r
供茶,gòng chá
供需失調,gōng xū shī tiáo
供養,gòng yàng
依樣畫葫蘆,yī yàng huà hú lu
依法炮製,yī fǎ páo zhì
依還,yī huán
依阿兩可,yī ē liǎng kě
依阿取容,yī ē qǔ róng
依頭縷當,yī tóu lǚ dàng
侲子,zhèn zǐ
侵權行為,qīn quán xíng wéi
便了,biàn liǎo
便佞,pián nìng
便便,pián pián
便娟,pián juān
便嬖,pián bì
便嬛,pián xuān
便安,pián ān
便宜,pián yi
便宜不過當家,pián yi bù guò dāng jiā
便宜主義,pián yi zhǔ yì
便宜無好貨,pián yi wú hǎo huò
便宜處分,biàn yí chǔ fèn
便宜處置,biàn yí chǔ zhì
便宜話,pián yi huà
便宜貨,pián yi huò
便得,biàn dé
便溺,biàn niào
便益不失當家,pián yi bù shī dāng jiā
便祕,biàn bì
便言,pián yán
便辟,pián pì
係累,xì lěi
係風捕景,xì fēng bǔ yǐng
促膝長談,cù xī cháng tán
俊鶻,jùn hú
俊龐兒,jùn páng r
俏模樣,qiào mú yàng
俏皮,qiào pi
俏皮話,qiào pi huà
俏頭,qiào tou
俐落,lì luo
俔俔,xiàn xiàn
俗子,sú zǐ
俗樂,sú yuè
俚曲,lǐ qǔ
保住,bǎo zhu
保保,bǎo bao
保兒,bǎo r
保全處分,bǎo quán chǔ fèn
保子,bǎo zǐ
保安處分,bǎo ān chǔ fèn
保險給付,bǎo xiǎn jǐ fù
俞兒,shū ér
俟俟,sì sì
俟候,sì hòu
俟命,sì mìng
俟時,sì shí
俟河之清,sì hé zhī qīng
俠侍,jiá shì
俠拜,jiá bài
信以為真,xìn yǐ wéi zhēn
信兒,xìn r
信差,xìn chāi
信行,xìn xìng
信行兒,xìn xing r
修正液,xiū zhèng yì
修省,xiū xǐng
修謹以俟,xiū jǐn yǐ sì
修長,xiū cháng
俱舍師,jù shè shī
俱舍論,jù shè lùn
俳倡,pái chāng
俸給,fèng jǐ
俺咱,ǎn zá
俺每,ǎn mei
俾倪,bì nì
倅車,cuì jū
倆心眼兒,liǎ xīn yǎn r
倆錢兒,liǎ qián r
倉卒,cāng cù
倉頡,cāng jié
倉頡中文碼,cāng jié zhōng wén mǎ
倉頡篇,cāng jié piān
倉頡輸入法,cāng jié shū rù fǎ
個人所得,gè rén suǒ dé
個人所得稅,gè rén suǒ dé shuì
個兒,gè r
個別差異,gè bié chā yì
倍兒,bèi r
倍稱,bèi chèng
倒三顛四,dǎo sān diān sì
倒下,dǎo xià
倒不開,dǎo bù kāi
倒亂,dǎo luàn
倒了八輩子楣,dǎo le bā bèi zi méi
倒了架,dǎo le jià
倒了架子,dǎo le jià zi
倒了柴,dǎo le chái
倒了核桃車子,dǎo le hé táo chē zi
倒伏,dǎo fú
倒倉,dǎo cāng
倒債,dǎo zhài
倒價,dǎo jià
倒包,dǎo bāo
倒嗆,dǎo qiàng
倒嗓,dǎo sǎng
倒嚼,dǎo jiào
倒四顛三,dǎo sì diān sān
倒地,dǎo dì
倒地葫蘆,dǎo dì hú lu
倒坍,dǎo tān
倒塌,dǎo tā
倒字,dǎo zì
倒宅計,dǎo zhái jì
倒寨計,dǎo zhài jì
倒山傾海,dǎo shān qīng hǎi
倒帳,dǎo zhàng
倒店,dǎo diàn
倒心,dǎo xīn
倒心伏計,dǎo xīn fú jì
倒扁兒,dǎo biǎn r
倒手,dǎo shǒu
倒打鑼兒,dào dǎ luó r
倒扣針兒,dào kòu zhēn r
倒把,dǎo bǎ
倒把鋤頭,dào bǎ chú tou
倒抹,dǎo mǒ
倒持泰阿,dào chí tài ē
倒捽毛兒,dào zú máo r
倒換,dǎo huàn
倒數,dào shǔ
倒數第一名,dào shǔ dì yī míng
倒數計時,dào shǔ jì shí
倒斃,dǎo bì
倒斷,dǎo duàn
倒旗鎗,dǎo qí qiāng
倒景,dào yǐng
倒曹,dǎo cáo
倒替,dǎo tì
倒會,dǎo huì
倒板,dǎo bǎn
倒枕捶床,dǎo zhěn chuí chuáng
倒枕搥床,dǎo zhěn chuí chuáng
倒果為因,dào guǒ wéi yīn
倒架,dǎo jià
倒楣,dǎo méi
倒楣相,dǎo méi xiàng
倒楣透頂,dǎo méi tòu dǐng
倒海移山,dǎo hǎi yí shān
倒海翻江,dǎo hǎi fān jiāng
倒瀉,dǎo xiè
倒灶,dǎo zào
倒灶八字,dǎo zào bā zì
倒煤,dǎo méi
倒爺,dǎo yé
倒牌,dǎo pái
倒牙,dǎo yá
倒班,dǎo bān
倒篷,dǎo péng
倒胃,dǎo wèi
倒胃口,dǎo wèi kǒu
倒臥,dǎo wò
倒臺,dǎo tái
倒蛋,dǎo dàn
倒街臥巷,dǎo jiē wò xiàng
倒賣,dǎo mài
倒路死,dǎo lù sǐ
倒蹲兒,dào dūn r
倒身,dǎo shēn
倒運,dǎo yùn
倒鐘擺效應,dào zhōng bǎi xiào yìng
倒閉,dǎo bì
倒閣,dǎo gé
倒霉,dǎo méi
倒頓,dǎo dùn
倒頭,dǎo tóu
倒頭就睡,dǎo tóu jiù shuì
倒頭經,dǎo tóu jīng
倒頭飯,dǎo tóu fàn
倒馬,dǎo mǎ
倒馬毒,dǎo mǎ dú
倒騰,dǎo téng
倒鳳顛鸞,dǎo fèng diān luán
倔巴,juè ba
倔巴棍子,juè ba gùn zi
倔強,jué jiàng
倔槓頭,juè gàng tou
倔頭倔腦,juè tóu juè nǎo
倘佯,cháng yáng
候場,hòu cháng
倚兒不當,yǐ ér bù dàng
倚多為勝,yǐ duō wéi shèng
倚相,yǐ xiàng
倚薄,yǐ bó
借屍還魂,jiè shī huán hún
借花獻佛,jiè huā xiàn fó
倡和,chàng hè
倡女,chāng nǚ
倡寮,chāng liáo
倡揚,chāng yáng
倥侗,kōng tóng
倥傯,kǒng zǒng
倥臉,kǒng liǎn
倨傲鮮腆,jù ào xiǎn tiǎn
倨句,jù gōu
倭遲,wēi chí
值更,zhí gēng
偃武興文,yǎn wǔ xīng wén
假子,jiǎ zǐ
假日,jià rì
假日花市,jià rì huā shì
假期,jià qí
假期憂鬱症候群,jià qí yōu yù zhèng hòu qún
假樂,jià lè
假正經,jiǎ zhèng jing
假處分,jiǎ chǔ fèn
偈偈,jié jié
偎乾就濕,wēi gān jiù shī
偏好,piān hào
偏將,piān jiàng
偏差,piān chā
偏差理論,piān chā lǐ lùn
偏差行為,piān chā xíng wéi
偏裨,piān pí
偏阿,piān ē
做一行怨一行,zuò yī háng yuàn yī háng
做下來,zuò xia lái
做人處事,zuò rén chǔ shì
做作,zuò zuo
做倒包,zuò dǎo bāo
做出事來,zuò chu shì lai
做出場,zuò chū cháng
做分上,zuò fèn shàng
做尾巴,zuò wěi ba
做工夫,zuò gōng fu
做得了,zuò de liǎo
做我不著,zuò wǒ bù zháo
做排場,zuò pái cháng
做朝,zuò zhāo
做法子,zuò fá zi
做派,zuò pai
做甚,zuò shén
做生意,zuò shēng yi
做的個,zuò de ge
做空頭,zuò kòng tóu
做臉兒,zuò liǎn r
做處,zuò chu
做道場,zuò dào cháng
停停當當,tíng tíng dàng dàng
停喪,tíng sāng
停潦,tíng lào
停當,tíng dàng
停車場,tíng chē cháng
健將,jiàn jiàng
偪陽,fú yáng
偰列箎,xiè liè chí
側柏,cè bó
偵伺,zhēn sì
偵騎,zhēn jì
偶一為之,ǒu yī wéi zhī
偶得,ǒu dé
偷來的鑼鼓打不得,tōu lái de luó gǔ dǎ bù dé
偷偷伴伴,tōu tou bàn bàn
偷偷抹抹,tōu tou mǒ mǒ
偷偷摸摸,tōu tou mō mō
偷兒,tōu r
偷嘴的貓兒性不改,tōu zuǐ de māo r xìng bù gǎi
偷彈珠淚,tōu tán zhū lèi
偷得浮生半日閒,tōu dé fú shēng bàn rì xián
偷的鑼兒敲不得,tōu de luó r qiāo bù dé
偷空,tōu kòng
偷著浮生半日閒,tōu zháo fú shēng bàn rì xián
偷薄,tōu bó
偷雞不著蝕把米,tōu jī bù zháo shí bǎ mǐ
偷食貓兒性不改,tōu shí māo r xìng bù gǎi
傀儡,kuǐ lěi
傀儡家庭,kuǐ lěi jiā tíng
傀儡戲,kuǐ lěi xì
傀儡政權,kuǐ lěi zhèng quán
傅說,fù yuè
傅說版築,fù yuè bǎn zhú
傈僳族,lì sù zú
傍亮兒,bāng liàng r
傍人,páng rén
傍今,bāng jīn
傍個影兒,bàng ge yǐng r
傍偟,páng huáng
傍午,bāng wǔ
傍妻,páng qī
傍尊,páng zūn
傍排,páng pái
傍晌,bāng shǎng
傍晚,bāng wǎn
傍牌,páng pái
傍生,páng shēng
傍若無人,páng ruò wú rén
傍薄,páng bó
傍觀,páng guān
傍通,páng tōng
傍邊,páng biān
傍門,páng mén
傍門外道,páng mén wài dào
傍黑兒,bāng hēi r
傑佛士,jié fó shì
傑克遜,jié kè sùn
傑弗遜,jié fú sùn
傔從,qiàn zòng
傖父,cāng fǔ
傢伙,jiā huo
傢伙座兒,jiā huo zuò r
催吐劑,cuī tù jì
催眠曲,cuī mián qǔ
傭作,yōng zuō
傭給,yōng jǐ
傳乘,zhuàn chéng
傳神阿堵,chuán shén à dǔ
傳舍,zhuàn shè
傳記,zhuàn jì
傳記文學,zhuàn jì wén xué
傳贊,zhuàn zàn
傳踏,zhuàn tà
傳車,zhuàn jū
傳驛,zhuàn yì
傷亡枕藉,shāng wáng zhèn jiè
傷和氣,shāng hé qi
傷痕累累,shāng hén lěi lěi
傷耗,shāng hao
傻勁兒,shǎ jìn r
傻帽兒,shǎ mào r
傻楞楞,shǎ lèng lèng
傻瓜照相機,shǎ guā zhào xiàng jī
傻瓜相機,shǎ guā xiàng jī
傾倒,qīng dǎo
僆子,liàn zǐ
像生兒,xiàng sheng r
僕射,pú yè
僕射姑,pú yè gū
僕從,pú zòng
僗什子,láo shí zi
僦舍,jiù shè
僧行,sēng háng
僨興,fèn xīng
僬僥,jiāo yáo
僮族,zhuàng zú
價錢,jià qian
價電子,jià diàn zǐ
僻格剌子,pì gé là zi
僻處一方,pì chǔ yī fāng
儀從,yí zòng
儃佪,chán huí
儃儃,tǎn tǎn
億載金城,yì zǎi jīn chéng
儇子,xuān zǐ
儇薄,xuān bó
儉薄,jiǎn bó
儋石,dān dàn
儋石之畜,dān dàn zhī xù
儐相,bīn xiàng
儒將,rú jiàng
儘落尾,jǐn là wěi
儘裡邊兒,jǐn lǐ biān r
償得夙願,cháng dé sù yuàn
償還,cháng huán
優婆塞,yōu pó sè
優曇華,yōu tán huā
優洽,yōu xiá
優質,yōu zhí
優酪乳,yōu luò rǔ
優長,yōu cháng
儱侗,lǒng tóng
儲蓄銀行,chú xù yín háng
儵怳,shù huǎng
兀剌,wù là
兀剌赤,wù là chì
兀的,wù dì
兀的不,wù dì bù
允洽,yǔn xiá
允當,yǔn dàng
元好問,yuán hào wèn
元子,yuán zǐ
元曲,yuán qǔ
元曲四大家,yuán qǔ sì dà jiā
充內行,chōng nèi háng
充分,chōng fèn
充分就業,chōng fèn jiù yè
充場面,chōng cháng miàn
充塞,chōng sè
充排場,chōng pái cháng
充能幹,chōng néng gan
充行家,chōng háng jia
兆頭,zhào tou
先下手為強,xiān xià shǒu wéi qiáng
先兒,xiān r
先入為主,xiān rù wéi zhǔ
先吾著鞭,xiān wú zhuó biān
先睹為快,xiān dǔ wéi kuài
先秦諸子,xiān qín zhū zǐ
先零,xiān lián
先馳得點,xiān chí dé diǎn
光了了,guāng liǎo liǎo
光位反應,guāng wèi fǎn yìng
光反應,guāng fǎn yìng
光子,guāng zǐ
光子火箭,guāng zǐ huǒ jiàn
光學玻璃,guāng xué bō li
光宅,guāng zhè
光屁股,guāng pì gu
光巴,guāng ba
光效應藝術,guāng xiào yìng yì shù
光暈,guāng yùn
光木頭上鑽眼,guāng mù tou shang zuān yǎn
光板兒,guāng bǎn r
光桿兒,guāng gǎn r
光棍不吃眼前虧,guāng gun bù chī yǎn qián kuī
光武中興,guāng wǔ zhōng xīng
光溜,guāng liu
光炕蓆兒,guāng kàng xí r
光皮散兒,guāng pí sǎn r
光睜睜兒,guāng zhēng zhēng r
光脊梁,guāng jí liang
光行差,guāng xíng chā
光身人兒,guāng shēn rén r
光陰彈指,guāng yīn tán zhǐ
光電子,guāng diàn zǐ
光電效應,guāng diàn xiào yìng
克分子,kè fēn zǐ
克勒特,kè lè tè
克卜勒,kè bǔ lè
克卜勒定律,kè bǔ lè dìng lǜ
克原子,kè yuán zǐ
克家子,kè jiā zǐ
克汗,kè hán
克萊斯勒,kè lái sī lè
兌頭,duì tou
免不了,miǎn bu liǎo
免不得,miǎn bu de
免喪,miǎn sāng
免帖,miǎn tiě
兒女情長,ér nǚ qíng cháng
兒女英雄傳,ér nǚ yīng xióng zhuàn
兒媳婦兒,ér xí fù r
兒子,ér zǐ
兒孩兒,ér hái r
兒寬,ní kuān
兔兒不喫窠邊草,tù r bù chī kē biān cǎo
兔兒爺,tù r yé
兔起鶻落,tù qǐ hú luò
党太尉吃匾食,dǎng tài wèi chī biǎn shi
兜兜答答,dōu dōu dā dā
兜兜褲兒,dōu dōu kù r
兜攬生意,dōu lǎn shēng yi
兜率天,dōu shuài tiān
兜率天宮,dōu shuài tiān gōng
兜率宮,dōu shuài gōng
兜答,dōu dā
兜籠,dōu lǒng
兜肚,dōu du
兜肚兒,dōu dù r
兜肚斷了帶子,dōu du duàn le dài zi
入土為安,rù tǔ wéi ān
入場,rù cháng
入場券,rù cháng quàn
入室弟子,rù shì dì zǐ
入舍,rù shè
內傳,nèi zhuàn
內姊,nèi jiě
內子,nèi zǐ
內應,nèi yìng
內相,nèi xiàng
內省,nèi xǐng
內省不疚,nèi xǐng bù jiù
內興安嶺,nèi xīng ān lǐng
內行,nèi háng
內行人,nèi háng rén
內道場,nèi dào cháng
內長城,nèi cháng chéng
內難,nèi nàn
全分,quán fèn
全帖,quán tiě
全彩乾式印表機,quán cǎi gān shì yìn biǎo jī
全武行,quán wǔ háng
全球定位系統衛星測量,quán qiú dìng wèi xì tǒng wèi xīng cè liáng
全真先生,quán zhēn xiān sheng
全職媽媽,quán zhí mā ma
全身遠害,quán shēn yuàn hài
全軍覆沒,quán jūn fù mò
全長,quán cháng
兩個肩膀扛張嘴,liǎng ge jiān bǎng káng zhāng zuǐ
兩口兒,liǎng kǒu r
兩性差異,liǎng xìng chā yì
兩撇鬍,liǎng piě hú
兩日三朝,liǎng rì sān zhāo
兩處為難,liǎng chù wéi nán
兩豆塞耳,liǎng dòu sè ěr
兩邊倒,liǎng biān dǎo
兩部鼓吹,liǎng bù gǔ chuì
兩都,liǎng dū
兩都賦,liǎng dū fù
兩重人格,liǎng chóng rén gé
兩頭不著,liǎng tóu bù zháo
八千子弟,bā qiān zǐ dì
八埏,bā yán
八大胡同,bā dà hú tong
八子七婿,bā zǐ qī xù
八字全帖,bā zì quán tiě
八字帖,bā zì tiě
八字沒見一撇,bā zì méi jiàn yī piě
八字還沒一撇兒,bā zì hái méi yī piě r
八字都沒一撇,bā zì dōu méi yī piě
八家將,bā jiā jiàng
八斗子,bā dǒu zǐ
八方呼應,bā fāng hū yìng
八旗都統,bā qí dū tǒng
八更,bā gēng
八棍子撂不著,bā gùn zi liào bù zháo
八瓣兒五,bā bàn r wǔ
八相,bā xiàng
八竿子打不著,bā gān zi dǎ bù zháo
八答鞋,bā dā xié
八答麻鞋,bā dā má xié
八蜡,bā zhà
八行,bā háng
八行書,bā háng shū
八輩兒五沒根基,bā bèi r wǔ méi gēn jī
八辟,bā bì
八都,bā dū
八都兒,bā dū ér
八都魯,bā dū lǔ
八風吹不倒,bā fēng chuī bù dǎo
公了,gōng liǎo
公份兒,gōng fèn r
公假,gōng jià
公公,gōng gong
公公婆婆,gōng gong pó po
公公道道,gōng gong dào dào
公共場所,gōng gòng cháng suǒ
公共浴場,gōng gòng yù cháng
公共給水,gōng gòng jǐ shuǐ
公冶長,gōng yě cháng
公切線,gōng qiē xiàn
公切面,gōng qiē miàn
公勺,gōng shuò
公司行號,gōng sī háng hào
公司重整,gōng sī chóng zhěng
公合,gōng gě
公子,gōng zǐ
公子哥兒,gōng zǐ gē r
公子家,gōng zǐ jiā
公子小白,gōng zǐ xiǎo bái
公子王孫,gōng zǐ wáng sūn
公子糾,gōng zǐ jiū
公孫龍子,gōng sūn lóng zǐ
公家,gōng jia
公家人,gōng jia rén
公差,gōng chāi
公擔,gōng dàn
公法上職務關係,gōng fǎ shàng zhí wù guān xi
公爺,gōng ye
公相,gōng xiàng
公眾參與,gōng zhòng cān yù
公石,gōng dàn
公示行為,gōng shì xíng wéi
公筷母匙,gōng kuài mǔ chí
公羊傳,gōng yáng zhuàn
公老兒,gōng lǎo r
公許碼頭,gōng xǔ mǎ tou
公諸同好,gōng zhū tóng hào
公輸子,gōng shū zǐ
公轉,gōng zhuàn
公道伯,gōng dao bó
公道話,gōng dao huà
公開場合,gōng kāi cháng hé
公開市場,gōng kāi shì cháng
公開市場操作,gōng kāi shì cháng cāo zuò
公開市場政策,gōng kāi shì cháng zhèng cè
公開市場活動,gōng kāi shì cháng huó dòng
六十甲子,liù shí jiǎ zǐ
六十種曲,liù shí zhǒng qǔ
六君子,liù jūn zǐ
六帖,liù tiè
六才子書,liù cái zǐ shū
六指兒抓癢癢兒,liù zhǐ r zhuā yǎng yang r
六柄,liù bìng
六樂,liù yuè
六相圓融,liù xiàng yuán róng
六脈調和,liù mài tiáo hé
共同市場,gòng tóng shì cháng
共工,gōng gōng
共患難,gòng huàn nàn
共為脣齒,gòng wéi chún chǐ
共相,gòng xiàng
共處,gòng chǔ
兵不由將,bīng bù yóu jiàng
兵不血刃,bīng bù xuè rèn
兵多將廣,bīng duō jiàng guǎng
兵少將微,bīng shǎo jiàng wéi
兵強將勇,bīng qiáng jiàng yǒng
兵強將盛,bīng qiáng jiàng shèng
兵微將寡,bīng wéi jiàng guǎ
兵敗如山倒,bīng bài rú shān dǎo
兵敗將亡,bīng bài jiàng wáng
兵無血刃,bīng wú xuè rèn
兵精將勇,bīng jīng jiàng yǒng
兵荒將亂,bīng huāng jiàng luàn
兵難,bīng nàn
兵馬倥傯,bīng mǎ kǒng zǒng
兵馬司倒了牆,bīng mǎ sī dǎo le qiáng
其從如雲,qí zòng rú yún
其應若響,qí yìng ruò xiǎng
典沒,diǎn mò
典當,diǎn dàng
典範長存,diǎn fàn cháng cún
兼差,jiān chāi
兼署,jiān shù
再不,zài bu
再不然,zài bu rán
冒兒咕冬,mào r gū dōng
冒失,mào shi
冒失鬼,mào shi guǐ
冒泡兒,mào pào r
冒金星兒,mào jīn xīng r
冒險犯難,mào xiǎn fàn nàn
冒頓,mò dú
冗散,rǒng sǎn
冗長,rǒng cháng
冘豫,yóu yù
冠世之才,guàn shì zhī cái
冠禮,guàn lǐ
冠絕,guàn jué
冠絕古今,guàn jué gǔ jīn
冠群,guàn qún
冠者,guàn zhě
冠蓋相屬,guān gài xiāng zhǔ
冠詞,guàn cí
冠軍,guàn jūn
冠軍賽,guàn jūn sài
冢子,zhǒng zǐ
冢藏,zhǒng zàng
冥行擿埴,míng xíng tì zhí
冰人兒,bīng rén r
冰檗,bīng bò
冰爪,bīng zhuǎ
冰碴兒,bīng chá r
冰窨,bīng yìn
冰糖葫蘆,bīng táng hú lu
冶父,yě fǔ
冶葉倡條,yě yè chāng tiáo
冷凍調理食品,lěng dòng tiáo lǐ shí pǐn
冷場,lěng cháng
冷手撾不著熱饅首,lěng shǒu zhuā bù zháo rè mán shǒu
冷板曲,lěng bǎn qǔ
冷處理,lěng chǔ lǐ
冷酒兒後犯,lěng jiǔ r hòu fàn
准假,zhǔn jià
准將,zhǔn jiàng
凌波仙子,líng bō xiān zǐ
凌遲處死,líng chí chǔ sǐ
凍凌觜臉,dòng líng zuǐ liǎn
凍豆腐,dòng dòu fu
凝咽,níng yè
凝結反應,níng jié fǎn yìng
凝血因子,níng xiě yīn zǐ
凡夫俗子,fán fū sú zǐ
凡知,fán zhì
凱樂,kǎi yuè
凶橫,xiōng hèng
凶煞,xiōng shà
凶相畢露,xiōng xiàng bì lù
凶神惡煞,xiōng shén è shà
凹心臉兒,wà xīn liǎn r
出乖露醜,chū guāi lòu chǒu
出事情,chū shì qing
出倒,chū dǎo
出入將相,chū rù jiàng xiàng
出公差,chū gōng chāi
出分子,chū fèn zi
出喪,chū sāng
出圈兒,chū quān r
出場,chū cháng
出塞,chū sài
出大差,chū dà chāi
出將入相,chū jiàng rù xiàng
出岔兒,chū chà r
出差,chū chāi
出差費,chū chāi fèi
出差錯,chū chā cuò
出手得盧,chū shǒu dé lú
出挑,chū tiao
出數兒,chū shù r
出水夥計,chū shuǐ huǒ ji
出沒,chū mò
出沒無常,chū mò wú cháng
出洋相,chū yáng xiàng
出溜,chū liu
出溜兒,chū liu r
出紅差,chū hóng chāi
出花兒,chū huā r
出處,chū chǔ
出蟄,chū zhí
出豁,chū huò
出跳,chū tiao
出鋒頭,chū fēng tou
出頭椽兒先朽爛,chū tóu chuán r xiān xiǔ làn
出頭露角,chū tóu lòu jiǎo
出頭露面,chū tóu lòu miàn
出風頭,chū fēng tou
刀切斧砍,dāo qiē fǔ kǎn
刀切豆腐,dāo qiē dòu fǔ
刀削冰,dāo xiāo bīng
刀削麵,dāo xiāo miàn
刀創藥,dāo chuāng yào
刀把兒,dāo bà r
刀耕火種,dāo gēng huǒ zhòng
刀靶兒,dāo bǎ r
刃兒,rèn r
分上,fèn shàng
分兒,fèn r
分內,fèn nèi
分內事,fèn nèi shì
分外,fèn wài
分外夭夭,fèn wài yāo yāo
分外眼紅,fèn wài yǎn hóng
分子,fèn zǐ
分子力,fēn zǐ lì
分子式,fēn zǐ shì
分子結構,fēn zǐ jié gòu
分得,fēn dé
分攜,fēn xī
分毫不差,fēn háo bù chā
分淺緣慳,fèn qiǎn yuán qiān
分淺緣薄,fèn qiǎn yuán bó
分渾元,fēn hùn yuán
分相,fēn xiàng
分緣,fèn yuán
分義,fèn yì
分而為二,fēn ér wéi èr
分薄緣慳,fèn bó yuán qiān
分行,fēn háng
分行布白,fēn háng bù bái
分豁,fēn huò
分資,fèn zī
分量,fèn liàng
分際,fèn jì
分頭兒,fēn tóu r
分餾,fēn liù
切中,qiè zhòng
切中時弊,qiè zhòng shí bì
切入,qiē rù
切分法,qiē fēn fǎ
切分音,qiē fēn yīn
切削,qiē xiāo
切割,qiē gē
切口,qiē kǒu
切接法,qiē jiē fǎ
切換,qiē huàn
切斷,qiē duàn
切片,qiē piàn
切片檢查,qiē piàn jiǎn chá
切球,qiē qiú
切當,qiè dàng
切碎,qiē suì
切磋,qiē cuō
切磋琢磨,qiē cuō zhuó mó
切線,qiē xiàn
切除,qiē chú
切麵,qiē miàn
刈蓍遺簪,yì shī yí zēn
刑場,xíng cháng
刓方為圓,wán fāng wéi yuán
列傳,liè zhuàn
列女傳,liè nǚ zhuàn
列子,liè zǐ
列宿,liè xiù
列寧格勒,liè níng gé lè
列觀,liè guàn
列鼎重裀,liè dǐng chóng yīn
初喪,chū sāng
初更,chū gēng
初露鋒芒,chū lòu fēng máng
初露頭角,chū lòu tóu jiǎo
判押,pàn yá
判處,pàn chǔ
判酩酊,pàn míng dǐng
別傳,bié zhuàn
別將,bié jiàng
別無長物,bié wú zhàng wù
別頦腮,bié kē sāi
刨冰,bào bīng
刨冰機,bào bīng jī
刨花水,bào huā shuǐ
利口捷給,lì kǒu jié jǐ
利害得失,lì hài dé shī
利弊得失,lì bì dé shī
利潤所得,lì rùn suǒ dé
利落,lì luo
利齒兒,lì chǐ r
刮剌,guā la
刮剌剌,guā là là
刮喇,guā lā
刮著,guā zháo
到三不著兩,dào sān bù zhuó liǎng
到場,dào cháng
到差,dào chāi
到得,dào dé
到處為家,dào chù wéi jiā
制動因子,zhì dòng yīn zǐ
制禮作樂,zhì lǐ zuò yuè
制約反應,zhì yuē fǎn yìng
刷卷,shuā juàn
刷白,shuà bái
刷選,shuà xuǎn
券帖,quàn tiě
刺兒頭,cì r tóu
刺參,cì shēn
刺柏,cì bó
刺激反應論,cì jī fǎn yìng lùn
刻木為吏,kè mù wéi lì
刻著,kè zhù
刻薄,kè bó
刻薄寡恩,kè bó guǎ ēn
剃頭擔子,tì tóu dàn zi
削價,xiāo jià
削方為圓,xuè fāng wéi yuán
削木為吏,xuè mù wéi lì
削瘦,xiāo shòu
削觚為圓,xuè gū wéi yuán
削髮為僧,xuè fǎ wéi sēng
削麵,xiāo miàn
剌剌,là là
剌剌撒撒,là là sā sā
剌子,là zi
剌戾,là lì
剌謬,là miù
前七子,qián qī zǐ
前人撒土迷了後人的眼,qián rén sǎ tǔ mí le hòu rén de yǎn
前兒,qián r
前兒個,qián r ge
前呼後應,qián hū hòu yìng
前奏曲,qián zòu qǔ
前後腳兒,qián hòu jiǎo r
前車之鑑,qián jū zhī jiàn
前車之鑒,qián jū zhī jiàn
前車可鑒,qián jū kě jiàn
前長後短,qián cháng hòu duǎn
前頭,qián tou
剎帝利,chà dì lì
剎時,chà shí
剎那,chà nà
剔團圞,tī tuán luán
剔蠍撩蜂,tī xiē liáo fēng
剖肝泣血,pǒu gān qì xuè
剖豁,pǒu huò
剗著,chǎn zháo
剛勁,gāng jìng
剛口,gāng kou
剛正不阿,gāng zhèng bù ē
剛過門的小媳婦,gāng guò mén de xiǎo xí fu
剝剝啄啄,bō bo zhuó zhuó
剡剡,yǎn yǎn
剩下,shèng xia
剩頭兒,shèng tóu r
副將,fù jiàng
副曲,fù qǔ
副睪丸,fù gāo wán
副署,fù shù
副角,fù jué
副車,fù jū
副都市中心,fù dū shì zhōng xīn
割切,gē qiē
割貓兒尾拌貓兒飯,gē māo r wěi bàn māo r fàn
創傷,chuāng shāng
創口,chuāng kǒu
創夷,chuāng yí
創意曲,chuàng yì qǔ
創業興家,chuàng yè xīng jiā
創痕,chuāng hén
創痛,chuāng tòng
創鉅痛深,chuāng jù tòng shēn
創面,chuāng miàn
剸行,zhuān xíng
劃地為王,huà dì wéi wáng
劃拉,huá la
劃然,huá rán
劇場,jù cháng
劇曲,jù qǔ
劈叉,pǐ chā
劈地價來,pī dì ga lái
劈拉,pǐ la
劈拉著腿坐崖頭,pǐ la zhe tuǐ zuò yái tóu
劈柴,pǐ chai
劈著,pī zháo
劈角兒,pī jiǎo r
劈里啪啦,pī lǐ pā lā
劉九兒,liú jiǔ r
劉姥姥進大觀園,liú lǎo lao jìn dà guān yuán
劉子翬,liú zǐ huī
劉子驥,liú zǐ jì
劉知幾,liú zhī jī
劍合珠還,jiàn hé zhū huán
力不勝任,lì bù shēng rèn
力不自勝,lì bù zì shēng
力巴,lì ba
力巴兒,lì ba r
力巴頭,lì ba tóu
力把,lì ba
力把兒頭,lì ba r tóu
力有未逮,lì yǒu wèi dài
力氣,lì qi
力氣活,lì qi huó
力薄才疏,lì bó cái shū
力量,lì liang
力錢,lì qian
功不可沒,gōng bù kě mò
功同良相,gōng tóng liáng xiàng
功墮垂成,gōng huī chuí chéng
功夫,gōng fu
功微德薄,gōng wéi dé bó
加勒比海,jiā lè bǐ hǎi
加勒比海共同市場,jiā lè bǐ hǎi gòng tóng shì chǎng
加勒比海共同體,jiā lè bǐ hǎi gòng tóng tǐ
加哩,jiā lǐ
加德滿都,jiā dé mǎn dū
加楔兒,jiā xiè r
加給,jiā jǐ
加里波的,jiā lǐ bō dì
加鹽兒,jiā yán r
劣怯,liè què
劣把,liè ba
劣把頭,liè ba tóu
劣相,liè xiàng
劣行,liè xìng
劣質,liè zhí
劣跡昭著,liè jī zhāo zhù
助人為樂,zhù rén wéi lè
助桀為虐,zhù jié wéi nüè
助紂為虐,zhù zhòu wéi nüè
努勁兒,nǔ jìn r
劫後英雄傳,jié hòu yīng xióng zhuàn
劫法場,jié fǎ cháng
劫難,jié nàn
勁兵,jìng bīng
勁士,jìng shì
勁弩,jìng nǔ
勁拔,jìng bá
勁捷,jìng jié
勁敵,jìng dí
勁旅,jìng lǚ
勁秋,jìng qiū
勁節,jìng jié
勁翮,jìng hé
勁草,jìng cǎo
勁風,jìng fēng
勁骨豐肌,jìng gǔ fēng jī
勃喇喇,bó lā lā
勃興,bó xīng
勇冠三軍,yǒng guàn sān jūn
勇將,yǒng jiàng
勉強,miǎn qiǎng
勉為其難,miǎn wéi qí nán
勒交,lè jiāo
勒令,lè lìng
勒休,lè xiū
勒借,lè jiè
勒停,lè tíng
勒克司,lè kè sī
勒兵,lè bīng
勒口,lè kǒu
勒尤,lè yóu
勒戒,lè jiè
勒抑,lè yì
勒掯,lè kèn
勒派,lè pài
勒狀,lè zhuàng
勒石,lè shí
勒碑,lè bēi
勒索,lè suǒ
勒詐,lè zhà
勒贖,lè shú
勒迫,lè pò
勒逼,lè bī
勒里勒得,lēi li lēi dé
勒銘,lè míng
勒銜,lè xián
勒開,lè kāi
勒限,lè xiàn
勒馬,lè mǎ
勒馬懸崖,lè mǎ xuán yái
動中窾要,dòng zhòng kuǎn yào
動如參商,dòng rú shēn shāng
動彈,dòng tan
動彈不得,dòng tan bù dé
動物性蛋白質,dòng wù xìng dàn bái zhí
動秤兒的,dòng chèng r de
動輒得咎,dòng zhé dé jiù
勗率,xù shuài
勛伐,xūn fá
勝任,shēng rèn
勝任愉快,shēng rèn yú kuài
勝衣,shēng yī
勞什子,láo shí zi
勞什骨子,láo shí gǔ zi
勞來,lào lái
勞勞叨叨,láo lao dāo dāo
勞師,lào shī
勞怯,láo què
勞改場,láo gǎi cháng
勞軍,lào jūn
勞軍團,lào jūn tuán
勢不可當,shì bù kě dǎng
勢不得已,shì bù dé yǐ
勢利眼,shì li yǎn
勢利鬼,shì li guǐ
勢單力薄,shì dān lì bó
勢如山倒,shì rú shān dǎo
勢煞,shì shà
勦兒,jiǎo ér
勦撫兼施,jiǎo fǔ jiān shī
勦滅,jiǎo miè
勦除,jiǎo chú
勸降,quàn xiáng
勻停,yún ting
勻兌,yún dui
勻實,yún shi
勻淨,yún jing
勻溜,yún liu
勻稱,yún chèng
勾勒,gōu lè
勾拽,gōu zhuài
勾當,gòu dāng
勿以善小而不為,wù yǐ shàn xiǎo ér bù wéi
勿以惡小而為之,wù yǐ è xiǎo ér wéi zhī
包元兒,bāo yuán r
包兒,bāo r
包圓兒,bāo yuán r
包場,bāo cháng
包彈,bāo tán
包括,bāo kuò
包晶反應,bāo jīng fǎn yìng
包析反應,bāo xī fǎn yìng
包涵兒,bāo hán r
包葫蘆頭,bāo hú lu tóu
包袱底兒,bāo fú dǐ r
匍匐奔喪,pú fú bēn sāng
化人場,huà rén cháng
化子,huā zi
化學反應,huà xué fǎn yìng
化學性質,huà xué xìng zhí
化干戈為玉帛,huà gān gē wéi yù bó
化整為零,huà zhěng wéi líng
化敵為友,huà dí wéi yǒu
化暗為明,huà àn wéi míng
化為泡影,huà wéi pào yǐng
化為烏有,huà wéi wū yǒu
化繁為簡,huà fán wéi jiǎn
化腐朽為神奇,huà fǔ xiǔ wéi shén qí
化險為夷,huà xiǎn wéi yí
化零為整,huà líng wéi zhěng
化鴟為鳳,huà chī wéi fèng
北俱盧洲,běi jū lú zhōu
北方佛教,běi fāng fó jiào
北曲,běi qǔ
北燕,běi yān
北碑南帖論,běi bēi nán tiě lùn
北美事務協調委員會,běi měi shì wù xié tiáo wěi yuán huì
北轍南轅,běi chè nán yuán
匙大碗小之事,chí dà wǎn xiǎo zhī shì
匙子,chí zi
匡我不逮,kuāng wǒ bù dài
匪朝伊夕,fěi zhāo yī xì
匱乏,kuì fá
匱盟,kuì méng
匱缺,kuì quē
匹似閑,pī sì xián
匹力撲六,pī lì pū lù
匹如閑,pī rú xián
匹如閒,pī rú xián
匹撲,pī pū
匹特曼,pī tè màn
匹茲堡,pī zī bǎo
匹角兒,pī jiǎo r
匹面,pī miàn
匹頭,pǐ tou
匹頭裡,pī tóu lǐ
匹馬不還,pī mǎ bù huán
匹馬單槍,pī mǎ dān qiāng
匹馬單鎗,pī mǎ dān qiāng
匹馬隻輪,pī mǎ zhī lún
匽廁,yǎn cì
匾扎,biǎn zhá
匾擔,biǎn dan
匾食,biǎn shi
匿喪,nì sāng
區域變質,qū yù biàn zhí
區脫,ōu tuō
區蓋,ōu gài
區處,qū chǔ
十七帖,shí qī tiè
十三經注疏,shí sān jīng zhù shù
十三行,shí sān háng
十三行遺址,shí sān háng yí zhǐ
十中八九,shí zhòng bā jiǔ
十二子,shí èr zǐ
十個指頭咬著都痛,shí ge zhǐ tou yǎo zhe dōu tòng
十個指頭有長短,shí ge zhǐ tou yǒu cháng duǎn
十個指頭朝裡彎,shí ge zhǐ tou cháo lǐ wān
十個明星當不的月,shí ge míng xīng dāng bù de yuè
十四行詩,shí sì háng shī
十大弟子,shí dà dì zǐ
十字鎬,shí zì gǎo
十指有長短,shí zhǐ yǒu cháng duǎn
十捉九著,shí zhuō jiǔ zháo
十目一行,shí mù yī háng
十相具足,shí xiàng jù zú
十行俱下,shí háng jù xià
十載寒窗,shí zǎi hán chuāng
十里洋場,shí lǐ yáng cháng
十里長亭,shí lǐ cháng tíng
千乘,qiān shèng
千乘萬騎,qiān shèng wàn jì
千了百當,qiān liǎo bǎi dàng
千佛塔,qiān fó tǎ
千佛山,qiān fó shān
千佛洞,qiān fó dòng
千妥萬當,qiān tuǒ wàn dàng
千岐萬轍,qiān qí wàn chè
千差萬別,qiān chā wàn bié
千年萬載,qiān nián wàn zǎi
千慮一得,qiān lǜ yī dé
千石,qiān dàn
千載,qiān zǎi
千載一合,qiān zǎi yī hé
千載一時,qiān zǎi yī shí
千載一會,qiān zǎi yī huì
千載一逢,qiān zǎi yī féng
千載一遇,qiān zǎi yī yù
千載揚名,qiān zǎi yáng míng
千載獨步,qiān zǎi dú bù
千載難逢,qiān zǎi nán féng
千里搭長棚,qiān lǐ dā cháng péng
千金之子,qiān jīn zhī zǐ
午覺,wǔ jiào
半些兒,bàn xiē r
半個,bàn ge
半個人,bàn ge rén
半刻工夫,bàn kè gōng fu
半包兒,bàn bāo r
半合兒,bàn hé r
半夜三更,bàn yè sān gēng
半子,bàn zǐ
半師之分,bàn shī zhī fèn
半截門兒,bàn jié mén r
半扎,bàn zhá
半抄兒,bàn chāo r
半會,bàn huǐ
半為憐春半惱春,bàn wéi lián chūn bàn nǎo chūn
半瘋兒,bàn fēng r
半米兒,bàn mǐ r
半舍,bàn shè
半身不遂,bàn shēn bù suí
半道兒,bàn dào r
半道兒認姐姐,bàn dào r rèn jiě jie
半部論語治天下,bàn bù lún yǔ zhì tiān xià
半間不界,bàn jiàn bù jiè
半頓飯工夫,bàn dùn fàn gōng fu
卑宮菲食,bēi gōng fěi shí
卑怯,bēi què
卑薄,bēi bó
卒乍,cù zhà
卒乘,zú shèng
卒卒,cù cù
卒律律,cù lǜ lǜ
卒然,cù rán
卓著,zhuó zhù
卓躒,zhuó luò
協奏曲,xié zòu qǔ
協調,xié tiáo
南帖,nán tiè
南征北伐,nán zhēng běi fá
南曲,nán qǔ
南柯太守傳,nán kē tài shǒu zhuàn
南樂,nán yuè
南無,ná mó
南無佛,ná mó fó
南無耶,ná mó yé
南燕,nán yān
南箕北斗,nán jī bò dǒu
南轅北轍,nán yuán běi chè
南都,nán dū
南門市場,nán mén shì cháng
南面為王,nán miàn wéi wáng
南面百城,nán miàn bó chéng
南面稱伯,nán miàn chēng bà
博古兒,bó gǔ r
博士弟子,bó shì dì zǐ
博得,bó dé
博文反應系列,bó wén fǎn yìng xì liè
博浪飛椎,bó làng fēi chuí
博聞強識,bó wén qiáng zhì
博興,bó xīng
博覽五車,bó lǎn wǔ jū
卜宅,bǔ zhè
卜度,bǔ duò
卞嚴子,biàn yán zǐ
卞莊子,biàn zhuāng zǐ
占人,zhān rén
占便宜,zhàn pián yi
占候,zhān hòu
占卜,zhān bǔ
占卦,zhān guà
占場兒,zhàn cháng r
占夢,zhān mèng
占射,zhān shè
占拜,zhān bài
占斷,zhān duàn
占星,zhān xīng
占星術,zhān xīng shù
占為己有,zhàn wéi jǐ yǒu
占盡便宜,zhàn jìn pián yi
占親,zhān qīn
占課,zhān kè
占身,zhān shēn
占風使帆,zhān fēng shǐ fán
占驗,zhān yàn
占鳳,zhān fèng
卡子,qiǎ zi
卡繆,kǎ miù
卡脖子,qiǎ bó zi
卦攤兒,guà tān r
卬首信眉,áng shǒu shēn méi
卯上,mǎo shang
卯酉參辰,mǎo yǒu shēn chén
卯酉子午,mǎo yǒu zǐ wǔ
印人傳,yìn rén zhuàn
印把子,yìn bà zi
印板兒,yìn bǎn r
印相,yìn xiàng
印相箱,yìn xiàng xiāng
印相紙,yìn xiàng zhǐ
危如累卵,wéi rú lěi luǎn
危於累卵,wéi yú lěi luǎn
危若朝露,wéi ruò zhāo lù
危行,wéi xìng
危言危行,wéi yán wéi xìng
危險分子,wéi xiǎn fèn zǐ
危難,wéi nàn
即心即佛,jí xīn jí fó
即早兒,jí zǎo r
即溜,jí liu
即身成佛,jí shēn chéng fó
卵子,luǎn zǐ
卵子移植,luǎn zǐ yí zhí
卵巢癌,luǎn cháo ái
卷土重來,juǎn tǔ chóng lái
卷婁,quán lóu
卷子,juàn zi
卷宗,juàn zōng
卷帙,juàn zhì
卷帙浩繁,juàn zhì hào fán
卷曲,quán qū
卷柏,juǎn bó
卷紙,juàn zhǐ
卷軸,juàn zhóu
卷軸裝,juàn zhóu zhuāng
卷阿,quán ē
卷髮,quán fǎ
卸包袱,xiè bāo fu
卸擔子,xiè dàn zi
卸磨殺驢,xiè mò shā lǘ
卻少,què shào
卿子,qīng zǐ
厄利垂亞,è lì chuí yǎ
厄難,è nàn
厚今薄古,hòu jīn bó gǔ
厚古薄今,hòu gǔ bó jīn
厚實,hòu shi
厚彼薄此,hòu bǐ bó cǐ
厚朴,hòu pò
厚此薄彼,hòu cǐ bó bǐ
厚薄,hòu bó
厜㕒,chuí wéi
原始佛教,yuán shǐ fó jiào
原子,yuán zǐ
原子吸收光譜儀,yuán zǐ xī shōu guāng pǔ yí
原子團,yuán zǐ tuán
原子序,yuán zǐ xù
原子序數,yuán zǐ xù shù
原子彈,yuán zǐ dàn
原子戰爭,yuán zǐ zhàn zhēng
原子時代,yuán zǐ shí dài
原子核,yuán zǐ hé
原子熱,yuán zǐ rè
原子爐,yuán zǐ lú
原子發電廠,yuán zǐ fā diàn chǎng
原子符號,yuán zǐ fú hào
原子能,yuán zǐ néng
原子能發電,yuán zǐ néng fā diàn
原子落塵,yuán zǐ luò chén
原子論,yuán zǐ lùn
原子量,yuán zǐ liàng
原子鐘,yuán zǐ zhōng
原子雲,yuán zǐ yún
原形質,yuán xíng zhí
原生質,yuán shēng zhí
原著,yuán zhù
原質,yuán zhí
厥角,jué jué
厭厭,yān yān
厭惡,yàn wù
厭氣,yàn qi
厭煩,yàn fan
厭薄,yàn bó
厲精更始,lì jīng gēng shǐ
厹矛,qiú máo
去就之分,qù jiù zhī fèn
去年,qù nian
參假,cān jià
參商,shēn shāng
參場,cān cháng
參將,cān jiàng
參差,cēn cī
參差不齊,cēn cī bù qí
參度,cān duò
參校,cān jiào
參湯,shēn tāng
參與,cān yù
參辰,shēn chén
參辰卯酉,shēn chén mǎo yǒu
參辰日月,shēn chén rì yuè
參錯,cēn cuò
又弱一個,yòu ruò yī ge
叉劈,chǎ pi
叉灰泥,chǎ huī ní
叉車,chá chē
叉門,chǎ mén
及冠,jí guàn
友風子雨,yǒu fēng zǐ yǔ
反反,fàn fàn
反客為主,fǎn kè wéi zhǔ
反將計,fǎn jiàng jì
反差,fǎn chā
反巴掌,fǎn bā zhang
反彈,fǎn tán
反彈琵琶,fǎn tán pí pa
反應,fǎn yìng
反敗為勝,fǎn bài wéi shèng
反文兒,fǎn wén r
反景,fǎn yǐng
反本還原,fǎn běn huán yuán
反物質,fǎn wù zhí
反犬旁兒,fǎn quǎn páng r
反相,fǎn xiàng
反省,fǎn xǐng
反磕兒,fǎn kē r
反粒子,fǎn lì zǐ
反老還童,fǎn lǎo huán tóng
反賓為主,fǎn bīn wéi zhǔ
反躬自省,fǎn gōng zì xǐng
反輸一帖,fǎn shū yī tiě
反間,fǎn jiàn
反間細作,fǎn jiàn xì zuò
反間計,fǎn jiàn jì
反間諜,fǎn jiàn dié
叔叔,shú shu
取得,qǔ dé
取應,qǔ yìng
取燈兒,qǔ dēng r
取給,qǔ jǐ
取長補短,qǔ cháng bǔ duǎn
取青媲白,qǔ qīng pì bó
受不了,shòu bu liǎo
受不得,shòu bu de
受不起,shòu bu qǐ
受創,shòu chuāng
受委屈,shòu wěi qu
受禪,shòu shàn
受累,shòu lěi
受降,shòu xiáng
受降城,shòu xiáng chéng
受難,shòu nàn
受難曲,shòu nàn qǔ
受難節,shòu nàn jié
叟兵,sōu bīng
叟叟,sōu sōu
叢帖,cóng tiè
叢薄,cóng bó
口乾舌燥,kǒu gān shé zào
口兒,kǒu r
口吃,kǒu jí
口尚乳臭,kǒu shàng rǔ xiù
口才辨給,kǒu cái biàn jǐ
口燥脣乾,kǒu zào chún gān
口給,kǒu jǐ
口能舌便,kǒu néng shé pián
口血未乾,kǒu xuè wèi gān
口齒便給,kǒu chǐ pián jǐ
古之君子,gǔ zhī jūn zǐ
古井重波,gǔ jǐng chóng bō
古今兒,gǔ jīn r
古公亶父,gǔ gōng dǎn fǔ
古典音樂,gǔ diǎn yīn yuè
古剌水,gǔ là shuǐ
古剎,gǔ chà
古樂,gǔ yuè
古為今用,gǔ wéi jīn yòng
古玩,gǔ wàn
古裡古怪,gǔ li gǔ guài
古記兒,gǔ jì r
古調獨彈,gǔ diào dú tán
古都,gǔ dū
句卒,gōu zú
句吳,gōu wú
句子成分,jù zi chéng fèn
句廉,gōu lián
句戟,gōu jǐ
句無,gōu wú
句芒,gōu máng
句讀,jù dòu
句踐,gōu jiàn
句踐復國,gōu jiàn fù guó
句驪,gōu lí
叨任,tāo rèn
叨光,tāo guāng
叨叨,dāo dao
叨叨絮絮,dāo dao xù xù
叨名,tāo míng
叨咕,dāo gu
叨嘮,dāo lao
叨在知己,tāo zài zhī jǐ
叨擾,tāo rǎo
叨攬,tāo lǎn
叨教,tāo jiào
叨沓,tāo tà
叨濫,tāo làn
叨登,dāo deng
叨竊,tāo qiè
叨被,tāo bèi
叨貼,tāo tiē
叨賴,tāo lài
叨蹬,dāo deng
叨陪,tāo péi
叨餂,tāo tiǎn
叩應,kòu yìng
只得,zhǐ dé
只甚,zhǐ shén
叫化,jiào huā
叫化子,jiào huā zi
叫化子雞,jiào huā zi jī
叫哥哥,jiào gē ge
叫字號,jiào zì hao
叫號,jiào háo
叫頭,jiào tou
召南,shào nán
召棠,shào táng
召父杜母,shào fù dù mǔ
叮叮噹噹,dīng ding dāng dāng
叮叮噹噹響的婆娘,dīng ding dāng dāng xiǎng de pó niang
可不好,kě bu hǎo
可不是,kě bu shì
可不道,kě bu dào
可了不得,kě liǎo bu de
可共患難不可共安樂,kě gòng huàn nàn bù kě gòng ān lè
可厭相,kě yàn xiàng
可孕物質,kě yùn wù zhí
可惡,kě wù
可敦,kè dūn
可曾,kě zēng
可汗,kè hán
可煞,kě shà
可煞作怪,kě shà zuò guài
可甚麼,kě shén me
可逆反應,kě nì fǎn yìng
叱喝,chì hè
史乘,shǐ shèng
史賓塞,shǐ bīn sè
史賓格勒,shǐ bīn gé lè
右相,yòu xiàng
右翼分子,yòu yì fèn zǐ
司更,sī gēng
司空伎倆,sī kōng jì liǎng
吁咈都俞,xū fú dū yú
吃不上,chī bu shàng
吃不下,chī bu xià
吃不了,chī bu liǎo
吃不住,chī bu zhù
吃不來,chī bu lái
吃不得,chī bu de
吃不得慢酒,chī bu de màn jiǔ
吃不得緊酒,chī bu de jǐn jiǔ
吃不服,chī bu fú
吃不消,chī bu xiāo
吃不開,chī bu kāi
吃乾醋,chī gān cù
吃了蜜蜂兒屎似的,chī le mì fēng r shǐ sì de
吃人不吐骨頭,chī rén bù tǔ gú tou
吃人兒的,chī rén r de
吃兒,chī r
吃口令,jí kǒu lìng
吃味兒,chī wèi r
吃喝兒,chī he r
吃墨船兒,chī mò chuán r
吃子,jí zi
吃子孫飯,chī zǐ sūn fàn
吃官司,chī guān si
吃幾碗乾飯,chī jǐ wǎn gān fàn
吃排頭,chī pái tou
吃掛絡兒,chī guà lào r
吃犒勞,chī kào lao
吃瓦片兒,chī wǎ piàn r
吃生米兒的,chī shēng mǐ r de
吃盡當光,chī jìn dàng guāng
吃紅白口兒,chī hóng bái kǒu r
吃虧就是占便宜,chī kuī jiù shì zhàn pián yi
吃裡扒外,chī lǐ pá wài
吃豆腐,chī dòu fu
吃食,chī shi
吃飯別忘了種穀人,chī fàn bié wàng le zhòng gǔ rén
吃黑棗兒,chī hēi zǎo r
吃齋唸佛,chī zhāi niàn fó
各人兒洗面兒各人兒光,gè rén r xǐ miàn r gè rén r guāng
各個,gè ge
各個擊破,gè ge jí pò
各剌剌,gè là là
各展其長,gè zhǎn qí cháng
各得其宜,gè dé qí yí
各得其所,gè dé qí suǒ
各有所長,gè yǒu suǒ cháng
各肉兒各疼,gè ròu r gè téng
各自為戰,gè zì wéi zhàn
各自為政,gè zì wéi zhèng
各行各業,gè háng gè yè
吆三喝四,yāo sān hè sì
吆五喝六,yāo wǔ hè liù
吆喝,yāo he
合不來,hé bu lái
合不著,hé bu zháo
合作無間,hé zuò wú jiàn
合作農場,hé zuò nóng cháng
合傳,hé zhuàn
合兒,hé r
合刻,hé kē
合同,hé tong
合同文字,hé tong wén zì
合子,hé zǐ
合得著,hé de zháo
合從,hé zōng
合意兒,hé yì r
合成樂器,hé chéng yuè qì
合浦珠還,hé pǔ zhū huán
合浦還珠,hé pǔ huán zhū
合縱,hé zōng
合零為整,hé líng wéi zhěng
吉丁疙疸,jí dīng gē da
吉人天相,jí rén tiān xiàng
吉人自有天相,jí rén zì yǒu tiān xiàng
吉占,jí zhān
吉娃娃,jí wá wa
吉帖,jí tiě
吉羊,jí xiáng
吉藏,jí zàng
吊兒郎當,diào r láng dāng
吊場,diào cháng
吊子曰兒,diào zǐ yuē r
吊腳兒,diào jiǎo r
同好,tóng hào
同工異曲,tóng gōng yì qǔ
同心方勝兒,tóng xīn fāng shèng r
同志酒吧,tóng zhì jiǔ bā
同性戀酒吧,tóng xìng liàn jiǔ bā
同緣同相,tóng yuán tóng xiàng
同聲相應,tóng shēng xiāng yìng
同舍生,tóng shè shēng
同行,tóng háng
同行相忌,tóng háng xiāng jì
同行語,tóng háng yǔ
名不見經傳,míng bù jiàn jīng zhuàn
名兒,míng r
名分,míng fèn
名利場,míng lì cháng
名場,míng cháng
名實相稱,míng shí xiāng chèng
名將,míng jiàng
名帖,míng tiè
名微德薄,míng wéi dé bó
名曲,míng qǔ
名相,míng xiàng
名義所得,míng yì suǒ dé
名聞,míng wèn
名臣言行錄,míng chén yán xìng lù
名著,míng zhù
名角,míng jué
名都,míng dū
后辟,hòu bì
吐劑,tù jì
吐屬,tǔ zhǔ
吐沫,tù mo
吐瀉,tù xiè
吐舌頭,tǔ shé tou
吐血,tù xiě
吐谷渾,tǔ yù hún
吐退,tù tuì
吐逆,tù nì
君子,jūn zǐ
君子三樂,jūn zǐ sān lè
君子三畏,jūn zǐ sān wèi
君子不器,jūn zǐ bù qì
君子不奪人所好,jūn zǐ bù duó rén suǒ hào
君子不念舊惡,jūn zǐ bù niàn jiù è
君子之交,jūn zǐ zhī jiāo
君子之交淡如水,jūn zǐ zhī jiāo dàn rú shuǐ
君子于役,jūn zǐ yú yì
君子偕老,jūn zǐ xié lǎo
君子協定,jūn zǐ xié dìng
君子國,jūn zǐ guó
君子成人之美,jūn zǐ chéng rén zhī měi
君子花,jūn zǐ huā
君子言先不言後,jūn zǐ yán xiān bù yán hòu
君子豹變,jūn zǐ bào biàn
君子遠庖廚,jūn zǐ yuàn páo chú
君子鄉,jūn zǐ xiāng
君子陽陽,jūn zǐ yáng yáng
君子風度,jūn zǐ fēng dù
君遷子,jūn qiān zǐ
吞沒,tūn mò
吞聲屏氣,tūn shēng bǐng qì
吟哦,yín é
吠舍,fèi shè
吡啶,bǐ dìng
否剝,pǐ bō
否去泰來,pǐ qù tài lái
否往泰來,pǐ wǎng tài lái
否德,pǐ dé
否極必泰,pǐ jí bì tài
否極泰來,pǐ jí tài lái
否極生泰,pǐ jí shēng tài
否泰,pǐ tài
否滯,pǐ zhì
否終而泰,pǐ zhōng ér tài
否隔,pǐ gé
吧吧,bā bā
吧唧,bā ji
吧嗒,bā dā
吧女,bā nǚ
吧檯,bā tái
含情脈脈,hán qíng mò mò
含混,hán hǔn
含著骨頭露著肉,hán zhe gú tou lòu zhe ròu
听听,yǐn yǐn
吱吱咯咯,zhī zhī gé gé
吳下阿蒙,wú xià à méng
吳子,wú zǐ
吳昌碩,wú chāng shí
吳興縣,wú xīng xiàn
吳質,wú zhí
吳道子,wú dào zǐ
吳都,wú dū
吸力豁剌,xī lì huò là
吸熱反應,xī rè fǎn yìng
吸熱玻璃,xī rè bō li
吹呼,chuī hu
吹喇叭,chuī lǎ ba
吹奏樂器,chuī zòu yuè qì
吹彈,chuī tán
吹樂器,chuī yuè qì
吹燈兒,chuī dēng r
吹玻璃,chuī bō li
吹糖人兒,chuī táng rén r
吾吾,yú yú
吾子,wú zǐ
呀呷,xiā xiá
呀然,xiā rán
呀豁,xiā huò
呂相,lǚ xiàng
呆呆地,dāi dāi de
呆打頦,dāi dá hái
呆答答,dāi dā dā
告人死罪得死罪,gào rén sǐ zuì dé sǐ zuì
告假,gào jià
告喪,gào sāng
告喪帖,gào sāng tiě
告子,gào zǐ
告朔,gù shuò
告朔餼羊,gù shuò xì yáng
告示,gào shi
告老還鄉,gào lǎo huán xiāng
告誦,gào song
告謊假,gào huǎng jià
告送,gào song
呢呢痴痴,ní ní chī chī
呢喃,ní nán
呢喃細語,ní nán xì yǔ
呢子,ní zi
呢料,ní liào
呢絨,ní róng
呢衣,ní yī
周內,zhōu nà
周召,zhōu shào
周召共和,zhōu shào gòng hé
周年視差,zhōu nián shì chā
周正,zhōu zheng
周給,zhōu jǐ
周而不比,zhōu ér bù bì
周處,zhōu chǔ
周郎顧曲,zhōu láng gù qǔ
呫囁,chè zhé
呱呱,wā wā
呱呱叫,guā guā jiào
呱呱墜地,wā wā zhuì dì
呱呱墮地,wā wā duò dì
呱嗒板兒,guā dā bǎn r
呱噪,guā zào
味兒,wèi r
味道,wèi dao
呴喻,xǔ yú
呵佛罵祖,hē fó mà zǔ
呵喝,hē hè
呼三喝四,hū sān hè sì
呼么喝六,hū yāo hè liù
呼吸調節中樞,hū xī tiáo jié zhōng shū
呼喝,hū hè
呼天搶地,hū tiān qiāng dì
呼家將,hū jiā jiàng
呼應,hū yìng
呼搧,hū shan
呼畢勒罕,hū bì lè hǎn
呼盧喝雉,hū lú hè zhì
呼號,hū háo
命中,mìng zhòng
命中率,mìng zhòng lǜ
命分,mìng fèn
命小福薄,mìng xiǎo fú bó
命相,mìng xiàng
命薄,mìng bó
命薄如花,mìng bó rú huā
命薄相窮,mìng bó xiàng qióng
命運交響曲,mìng yùn jiāo xiǎng qǔ
咂兒,zā r
咂摸,zā mo
咄嗟,duò jiè
咄嗟便辦,duò jiè biàn bàn
咄嗟可辦,duò jiè kě bàn
咄嗟而辦,duò jiè ér bàn
咆哮,páo xiào
咆哮山莊,páo xiào shān zhuāng
咇咇,bì bì
咋呼,zé hū
咋舌,zé shé
和丸教子,huò wán jiào zǐ
和事天子,hé shì tiān zǐ
和和氣氣,hé he qi qi
和哄,hé hōng
和囉,hé luó
和囉槌,hé luó chuí
和墨,huò mò
和尚拖木頭,hé shàng tuō mù tou
和尚無兒孝子多,hé shàng wú ér xiào zǐ duō
和平共處,hé píng gòng chǔ
和弄,huò nòng
和牌,hú pái
和珅,hé shēn
和稀泥,huò xī ní
和聲樂器,hé shēng yuè qì
和詩,hè shī
和調,hé tiáo
和韻詩,hè yùn shī
和麵,huò miàn
咎繇,gāo yáo
咎陶,gāo yáo
咕咾肉,gū lǎo ròu
咕唧,gū ji
咕噥,gū nong
咕嚕,gū lu
咕嚷,gū rāng
咕容,gū rong
咕隆,gū long
咖哩,kā lǐ
咧咧,liē lie
咧子,liē zi
咫角驂駒,zhǐ jué cān jū
咬人的狗兒不露齒,yǎo rén de gǒu r bù lòu chǐ
咬合調整,yǎo hé tiáo zhěng
咬咬,jiāo jiāo
咬字兒,yǎo zì r
咬字眼兒,yǎo zì yǎn r
咬文嚼字,yǎo wén jiáo zì
咬耳朵,yǎo ěr duo
咬舌兒,yǎo shé r
咬舌頭,yǎo shé tou
咬頭,yǎo tou
咭力骨碌,jī li gū lu
咭咭呱呱,jī jī guā guā
咯噠,gē da
咯血,luò xuè
咱家,zá jiā
咱每,zán mei
咳歌打戰,hāi gē dǎ zhàn
咳痰,kǎ tán
咳聲嘆息,hāi shēng tàn xí
咳聲打氣,hāi shēng dǎ qì
咳聲歎氣,hāi shēng tàn qì
咳血,kǎ xiě
咽喉,yān hóu
咽喉要路,yān hóu yào lù
咽門,yān mén
咽領,yān lǐng
咽頭,yān tóu
咽頭炎,yān tóu yán
咿哩呱喇,yī lī guā lā
咿喔,yī wò
哀子,āi zǐ
哀恫,āi tōng
哀的美敦書,āi dì měi dūn shū
哀號,āi háo
品度,pǐn duò
品相,pǐn xiàng
品竹彈絲,pǐn zhú tán sī
品竹調弦,pǐn zhú tiáo xián
品竹調絲,pǐn zhú tiáo sī
品行,pǐn xìng
品行端醇,pǐn xìng duān chún
品質,pǐn zhí
品質管制,pǐn zhí guǎn zhì
品量,pǐn liáng
哄傳,hōng chuán
哄傳一時,hōng chuán yī shí
哄動,hōng dòng
哄哄翕翕,hōng hōng xì xì
哄嚇騙詐,hǒng hè piàn zhà
哄堂,hōng táng
哄堂大笑,hōng táng dà xiào
哄抬,hōng tái
哄抬物價,hōng tái wù jià
哄搶,hōng qiǎng
哄然,hōng rán
哄賺,hǒng zuàn
哆嗦,duō suo
哆囉哆嗦,duō luo duō suo
哆張,chě zhāng
哇哇,wā wā
哇哇叫,wā wā jiào
哈佛大學,hā fó dà xué
哈叭狗,hǎ bā gǒu
哈叭狗兒咬虼蚤,hǎ bā gǒu r yǎo gè zǎo
哈哈兒,hā ha r
哈喇,hā la
哈喇子,hā lá zi
哈囉,hā luó
哈巴,hǎ ba
哈巴狗,hǎ ba gǒu
哈德門,hǎ dé mén
哈拉,hā la
哈辣,hā la
哏哏,hēn hēn
哏毒,hēn dú
哥們兒,gē men r
哥兒,gē r
哥兒倆,gē r liǎ
哥兒們,gē r men
哥兒大爺,gē r dà yé
哥哥,gē ge
哥哥不在家,gē ge bù zài jiā
哦詩,é shī
哩哩啦啦,lī li lā lā
哩哩囉囉,lī li luō luō
哩嗹花兒,lī lián huā r
哪兒的話,nǎ r de huà
哪吒,nuó zhà
哪堝兒,nǎ guō r
哪裡摔倒哪裡爬,nǎ lǐ shuāi dǎo nǎ lǐ pá
哭哭啼啼,kū ku tí tí
哭喪棒,kū sāng bàng
哭喪臉,kū sāng liǎn
哭喪著臉,kū sāng zhe liǎn
哭天兒抹淚,kū tiān r mǒ lèi
哭笑不得,kū xiào bù dé
哭臨,kū lìn
哮吼,xiào hǒu
哮闞,xiāo hǎn
哱囉,pò luó
哼兒哈兒,hēng r hā r
哼哼唧唧,hēng heng jī jī
哼唧,hēng ji
哽咽,gěng yè
哽哽咽咽,gěng gěng yè yè
唁勞,yàn lào
唄唱,bài chàng
唄讚,bài zàn
唆調,suō tiáo
唏哩花啦,xī lī huā lā
唐三藏,táng sān zàng
唐塞,táng sè
唐樂,táng yuè
唐臨晉帖,táng lín jìn tiè
唧咕,jī gu
唧唧,jí jí
唧唧呱呱,jī jī guā guā
唧唧咕咕,jī ji gū gū
唧唧啾啾,jī ji jiū jiū
唧唧喳喳,jī ji zhā zhā
唧唧嘟嘟,jī ji dū dū
唧唧噥噥,jī ji nóng nóng
唧嗾,jí sǒu
唧嘖,jí zé
唧噥,jī nong
唫嗻,yín zhè
唯唯,wěi wěi
唯唯否否,wěi wěi fǒu fǒu
唯唯諾諾,wěi wěi nuò nuò
唯諾,wěi nuò
唱和,chàng hè
唱喏,chàng rě
唱曲,chàng qǔ
唱籌量沙,chàng chóu liáng shā
唼佞,qiè nìng
唼喋,shà zhá
唼血,shà xuè
唾手可得,tuò shǒu kě dé
唾沫,tuò mo
唾沫星子,tuò mo xīng zi
唾面自乾,tuò miàn zì gān
啁噍,zhōu jiū
啃骨頭,kěn gú tou
啄針兒,zhuó zhēn r
商場,shāng cháng
商業銀行,shāng yè yín háng
商行,shāng háng
商賈,shāng gǔ
商量,shāng liang
啊呀,ā yā
啊哈,ā hā
啊唷,ā yō
啊喲,ā yāo
問住,wèn zhu
問卷,wèn juàn
問卷調查,wèn juàn diào chá
問舍求田,wèn shè qiú tián
問遺,wèn wèi
問長問短,wèn cháng wèn duǎn
問難,wèn nàn
啑喋,shà zhá
啑血,jié xuè
啜茗,chuò mǐng
啜賺,chuò zuàn
啞叭夢見媽,yǎ ba mèng jiàn mā
啞吒,yā zhà
啞咽,yā yè
啞啞,yā yā
啞子得夢,yǎ zi dé mèng
啞巴,yǎ ba
啞巴吃黃連,yǎ ba chī huáng lián
啞巴虧,yǎ ba kuī
啞然,è rán
啞然失笑,è rán shī xiào
啞然失色,è rán shī sè
啞然無言,è rán wú yán
啞穴,yǎ xué
啟白,qǐ bó
啟處,qǐ chǔ
啟蟄,qǐ zhí
啦啦隊,lā lā duì
啪嚓,pā cā
啼啼哭哭,tí ti kū kū
啼飢號寒,tí jī háo hán
啾唧,jiū jí
喀什噶爾,kà shí gé ěr
喀什米爾,kà shí mǐ ěr
喀喀,kè kè
喀喇崑崙山,kà lǎ kūn lún shān
喀嚓,kā cā
喀布爾,kà bù ěr
喀布爾河,kà bù ěr hé
喀拉蚩,kà lā chī
喀斯特地形,kà sī tè dì xíng
喀爾巴阡山脈,kà ěr bā qiān shān mài
喀爾文教派,kà ěr wén jiào pài
喀血,kè xiě
喀麥隆,kà mài lóng
喀麥隆共和國,kà mài lóng gòng hé guó
喁喁噥噥,yú yú nóng nóng
喁喁細語,yú yú xì yǔ
善善從長,shàn shàn cóng cháng
善善惡惡,shàn shàn wù è
善巧便佞,shàn qiǎo pián nìng
善才童子,shàn cái tóng zǐ
善行,shàn xìng
善賈,shàn gǔ
善賈而沽,shàn jià ér gū
善馬熟人,shàn mǎ shóu rén
喇叭,lǎ ba
喇叭口兒,lǎ ba kǒu r
喇叭手,lǎ ba shǒu
喇叭筒,lǎ ba tǒng
喇叭花,lǎ ba huā
喇叭蟲,lǎ ba chóng
喇叭褲,lǎ ba kù
喇喇叭叭,lā la bā bā
喇喇哩哩,lā la lī lī
喉咽,hóu yān
喉嚨,hóu long
喉塞音,hóu sè yīn
喉長氣短,hóu cháng qì duǎn
喋喋便便,dié dié pián pián
喋血,dié xuè
喑惡叱吒,yīn wū chì zhà
喓五喝六,yāo wǔ hè liù
喓喝,yāo he
喔咿,wò yī
喔咿嚅唲,wò yī rú ér
喘不過氣來,chuǎn bù guò qì lai
喙長三尺,huì cháng sān chǐ
喚頭,huàn tou
喜不自勝,xǐ bù zì shēng
喜不自禁,xǐ bù zì jīn
喜好,xǐ hào
喜帖,xǐ tiě
喜得,xǐ dé
喜洽,xǐ xiá
喜蟲兒,xǐ chóng r
喝五吆三,hè wǔ yāo sān
喝令,hè lìng
喝住,hè zhù
喝倒彩,hè dào cǎi
喝倒采,hè dào cǎi
喝六呼么,hè liù hū yāo
喝參,hè cān
喝吆,hè yāo
喝命,hè mìng
喝囉,hè luó
喝彩,hè cǎi
喝掇,hè duó
喝探,hè tàn
喝攛箱,hè cuān xiāng
喝斥,hè chì
喝止,hè zhǐ
喝神斷鬼,hè shén duàn guǐ
喝禮,hè lǐ
喝道,hè dào
喝采,hè cǎi
喝雉呼盧,hè zhì hū lú
喧哄,xuān hōng
喪主,sāng zhǔ
喪亂,sāng luàn
喪亂帖,sāng luàn tiè
喪事,sāng shì
喪具,sāng jù
喪冢,sāng zhǒng
喪天害理,sāng tiān hài lǐ
喪家,sāng jiā
喪居,sāng jū
喪服,sāng fú
喪榜,sāng bǎng
喪煞,sāng shà
喪祭,sāng jì
喪禮,sāng lǐ
喪紀,sāng jì
喪聲嚎氣,sāng shēng háo qì
喪聲歪氣,sāng shēng wāi qì
喪葬,sāng zàng
喪謗,sàng bang
喪鐘,sāng zhōng
喪門,sāng mén
喪門星,sāng mén xīng
喫甜頭,chī tián tou
喫著不盡,chī zhuó bù jìn
喬做胡為,qiáo zuò hú wéi
喬怯,jiāo qiè
喬模喬樣,qiáo mú qiáo yàng
單于,chán yú
單個兒,dān gè r
單口相聲,dān kǒu xiàng shēng
單孢子,dān bāo zǐ
單掉兒,dān diào r
單撒手兒,dān sā shǒu r
單槍匹馬,dān qiāng pī mǎ
單獨行為,dān dú xíng wéi
單相,dān xiàng
單眼相機,dān yǎn xiàng jī
單縣,shàn xiàn
單腳鞋銀行,dān jiǎo xié yín háng
單薄,dān bó
單騎,dān jì
喳呼,chā hū
嗄程,shà chéng
嗄飯,shà fàn
嗆咳,qiàng ké
嗆鼻,qiàng bí
嗇刻,sè ke
嗌塞,yì sè
嗎兒,mǎ r
嗎呢,mǎ ne
嗎呼,mǎ hu
嗎啡,mǎ fēi
嗎啡中毒,mǎ fēi zhòng dú
嗎啡針,mǎ fēi zhēn
嗑牙,kè yá
嗑牙料嘴,kè yá liào zuǐ
嗒喪,tà sàng
嗒嗒,tà tà
嗒然,tà rán
嗓兒,sǎng r
嗓門兒,sǎng mén r
嗔喝,chēn hè
嗚咽,wū yè
嗚啞,wū yā
嗚嗚咽咽,wū wū yè yè
嗛志,qiān zhì
嗜好,shì hào
嗝兒,gé r
嗟夫,jiē fú
嗣子,sì zǐ
嗣適,sì dí
嗷嗷嘔嘔,áo áo xū xū
嗻兒喳兒,zhè r zhā r
嘀咕,dí gu
嘀嘀咕咕,dí di gū gū
嘁哩喀喳,qī li kā chā
嘁嘁喳喳,qī qī chā chā
嘆為觀止,tàn wéi guān zhǐ
嘉南大圳,jiā nán dà zùn
嘉德麗亞蘭,jiā dé lì yǎ lán
嘉興,jiā xīng
嘉言善行,jiā yán shàn xìng
嘉言懿行,jiā yán yì xìng
嘌呤,piāo líng
嘍囉,lóu luó
嘎兒,gá r
嘎啦,gā lā
嘎嘎兒,gá ga r
嘎嘎兒天,gá ga r tiān
嘎嘎棗兒,gá ga zǎo r
嘎嘎渣渣,gā ga zhā zhā
嘎巴,gā ba
嘎巴兒,gā ba r
嘎巴流星,gā ba liú xīng
嘎渣兒,gā zhā r
嘎調,gá diào
嘑爾,hù ěr
嘑頭,hū tou
嘓啅,guō zhuo
嘓啅嘓啅的,guō zhuo guō zhuo de
嘓嘓噥噥,guō guo nóng nōng
嘓噥,guō nong
嘓都嘓都,guō dū guō dū
嘔吐,ǒu tù
嘔咐,xū fù
嘔唲,ōu ér
嘔啞,ōu yā
嘔喻,xū yù
嘔嘔,xū xū
嘔嘔啞啞,ōu ōu yā yā
嘔心瀝血,ǒu xīn lì xuè
嘔心血,ǒu xīn xuè
嘔氣,òu qì
嘔笑,ōu xiào
嘔血,ǒu xuè
嘔鴉,ōu yā
嘗嘗,cháng chang
嘗甜頭,cháng tián tou
嘚啵,dē bo
嘟嘟噥噥,dū du nóng nóng
嘟嘟囔囔,dū du nang nang
嘟噥,dū nong
嘟嚕,dū lu
嘟嚕嘴,dū lu zuǐ
嘩啦,huā lā
嘩啦啦,huā lā lā
嘩喇喇,huā lā lā
嘮叨,láo dao
嘮嗑,láo kè
嘮嘮叨叨,láo lao dāo dāo
嘰咕,jī gu
嘰哩呱啦,jī lī guā lā
嘰哩咕嚕,jī li gū lū
嘰嘰咕咕,jī ji gū gū
嘰嘰喳喳,jī ji zhā zhā
嘰嘰嘎嘎,jī ji gā gā
嘴上抹石灰,zuǐ shang mǒ shí huī
嘴兒,zuǐ r
嘴尖舌薄,zuǐ jiān shé bó
嘴巴,zuǐ ba
嘴巴子,zuǐ ba zi
嘴強,zuǐ jiàng
嘴把子,zuǐ bà zi
嘴把式,zuǐ bǎ shi
嘴抹兒,zuǐ mǒ r
嘴盧都,zuǐ lú dū
嘴答谷,zuǐ dā gǔ
嘶喝,sī yè
嘻和,xī he
嘻嘻嗄嗄,xī xī shà shà
嘽嘽,tān tān
嘽緩,tān huǎn
嘿嘿無言,mò mò wú yán
嘿嘿無語,mò mò wú yǔ
嘿然,mò rán
嘿記,mò jì
噁心,ě xin
噌吰,chēng hóng
噍吧哖事件,jiāo bā nián shì jiàn
噍殺,jiāo shài
噘嘴兒,juē zuǐ r
噢咻,yǔ xǔ
器官銀行,qì guān yín háng
器樂,qì yuè
器質,qì zhí
噪音音樂,zào yīn yīn yuè
噫吁戲,yī xū hū
噫嗚,yī wū
噫嘻,yī xī
噫氣,yī qì
噭應,jiào yìng
噯呀,ài yā
噯唷,ài yō
噯喲,ài yāo
噯喲喲,ài yāo yāo
噯氣,ài qì
噱頭,xuē tóu
噴薄,pēn bó
噴薄欲出,pēn bó yù chū
噴雲噯霧,pēn yún ài wù
噴香,pèn xiāng
噴香獸,pèn xiāng shòu
噴鼻,pèn bí
噴鼻香,pèn bí xiāng
噶個點兒,gá ge diǎn r
噶倫,gé lún
噶大克,gé dà kè
噶廈,gá xià
嚄唶,huò zè
嚇唬,xià hu
嚇嚇,hè hè
嚇詐,hè zhà
嚇阻,hè zǔ
嚌喳,jì chā
嚎喪,háo sang
嚏噴,tì fen
嚜嚜,mò mò
嚭嚭地,pǐ pǐ de
嚴世蕃,yán shì fán
嚴實,yán shi
嚴更,yán gēng
嚴緊,yán jin
嚴處,yán chǔ
嚷嚷,rāng rāng
嚼咬人,jiáo yǎo rén
嚼子,jiáo zi
嚼用,jiáo yòng
嚼穀,jiáo gǔ
嚼舌,jiáo shé
嚼舌根,jiáo shé gēn
嚼舌頭,jiáo shé tou
嚼菜根,jiáo cài gēn
嚼蛆,jiáo qū
嚼說,jiáo shuō
嚼齒,jiáo chǐ
囈怔,yì zheng
囉哩囉嗦,luō li luō suō
囉唕,luó zào
囉嗦,luō suo
囉囉唕唕,luō luo zào zao
囉囉嗦嗦,luō luo suō suo
囉囉囌囌,luō luo sū su
囚首喪面,qiú shǒu sāng miàn
四不拗六,sì bù ào liù
四個堅持,sì ge jiān chí
四個現代化,sì ge xiàn dài huà
四停八當,sì tíng bā dàng
四兩棉花,sì liǎng mián hua
四公子,sì gōng zǐ
四分子體,sì fēn zǐ tǐ
四君子,sì jūn zǐ
四塞,sì sài
四大門兒,sì dà mén r
四季花兒,sì jì huā r
四才子,sì cái zǐ
四方塊兒,sì fāng kuài r
四海為家,sì hǎi wéi jiā
四相,sì xiàng
四稱,sì chèng
四至兒,sì zhì r
四行,sì xìng
四鄰八舍,sì lín bā shè
四重奏,sì chóng zòu
四門親家,sì mén qìng jia
四馬攢蹄,sì mǎ cuán tí
回來,huí lai
回去,huí qu
回回,huí hui
回回曆,huí hui lì
回山倒海,huí shān dǎo hǎi
回帖,huí tiě
回應,huí yìng
回椎,huí chuí
回煞,huí shà
回頭兒,huí tóu r
回鶻,huí hú
回鶻文,huí hú wén
因子,yīn zǐ
因應,yīn yìng
因應措施,yīn yìng cuò shī
因果報應,yīn guǒ bào yìng
因果關係,yīn guǒ guān xi
因樹為屋,yīn shù wéi wū
因此上,yīn cǐ shang
因禍得福,yīn huò dé fú
因禍為福,yīn huò wéi fú
囡仔,nān zi
囤塌,tún tā
囤積,tún jī
囤積居奇,tún jī jū qí
囤聚,tún jù
囮子,yóu zi
困處,kùn chǔ
困處泥塗,kùn chǔ ní tú
困覺,kùn jiào
困難,kùn nan
囷窌,jūn jiào
圃畦,pǔ xī
圈兒,quàn r
圈檻,juàn jiàn
圈肥,juàn féi
圈馬,juān mǎ
國喪,guó sāng
國子,guó zǐ
國子監,guó zǐ jiàn
國子監博士,guó zǐ jiàn bó shì
國子監司業,guó zǐ jiàn sī yè
國子監祭酒,guó zǐ jiàn jì jiǔ
國定假日,guó dìng jià rì
國家元首豁免權,guó jiā yuán shǒu huò miǎn quán
國家空氣品質標準,guó jiā kōng qì pǐn zhí biāo zhǔn
國家行為主義,guó jiā xíng wéi zhǔ yì
國家闈場,guó jiā wéi cháng
國家音樂廳,guó jiā yīn yuè tīng
國樂,guó yuè
國民所得,guó mín suǒ dé
國民所得毛額,guó mín suǒ dé máo é
國民樂派音樂,guó mín yuè pài yīn yuè
國民身分證,guó mín shēn fèn zhèng
國民銀行,guó mín yín háng
國都,guó dū
國際原子能總署,guó jì yuán zǐ néng zǒng shǔ
國際日期變更線,guó jì rì qí biàn gēng xiàn
國際機場,guó jì jī cháng
國際清算銀行,guó jì qīng suàn yín háng
國際百科資料供應業務,guó jì bǎi kē zī liào gōng yìng yè wù
國難,guó nàn
圍場,wéi cháng
圍脖兒,wéi bó r
圓仔湯,yuán zi tāng
圓作,yuán zuō
圓全,yuán quan
圓形劇場,yuán xíng jù cháng
圓籠,yuán long
圓舞曲,yuán wǔ qǔ
圓鑿方枘,yuán zuò fāng ruì
圖們江,tú mén jiāng
圖度,tú duò
圖為不軌,tú wéi bù guǐ
圖窮匕見,tú qióng bǐ xiàn
圖窮匕首見,tú qióng bǐ shǒu xiàn
團團轉,tuán tuán zhuàn
團圞,tuán luán
團行,tuán háng
團龍兒,tuán lóng r
圜丘,yuán qiū
圜扉,yuán fēi
圜牆,yuán qiáng
圜鍾,yuán zhōng
圜鑿方枘,yuán zuò fāng ruì
土作,tǔ zuō
土參,tǔ shēn
土地重劃,tǔ dì chóng huà
土地銀行,tǔ dì yín háng
土坯,tǔ pī
土杏兒,tǔ xìng r
土老兒,tǔ lǎo r
土耳其進行曲,tǔ ěr qí jìn xíng qǔ
土著,tǔ zhuó
土行,tǔ háng
土質,tǔ zhí
土質液化,tǔ zhí yè huà
土饅頭,tǔ mán tou
在場,zài cháng
在罈子胡同,zài tán zi hú tòng
在行,zài háng
地上,dì shang
地下油行,dì xià yóu háng
地下的,dì xia de
地久天長,dì jiǔ tiān cháng
地分,dì fèn
地方戲曲,dì fāng xì qǔ
地煞,dì shà
地窨子,dì yìn zi
地老鼠,dì lǎo shu
地著,dì zhuó
地藏,dì zàng
地藏寺,dì zàng sì
地藏王,dì zàng wáng
地藏王菩薩,dì zàng wáng pú sà
地藏菩薩,dì zàng pú sà
地質,dì zhí
地質學,dì zhí xué
地質活動,dì zhí huó dòng
圳溝,zùn gōu
坊刻本,fāng kē běn
坊記,fáng jì
坎兒,kǎn r
坎兒井,kǎn r jǐng
坏土,péi tǔ
坐不住,zuò bu zhù
坐不穩,zuò bu wěn
坐實,zuò shi
坐床撒帳,zuò chuáng sǎ zhàng
坐性,zuò xing
坐更,zuò gēng
坐纛旂兒,zuò dào qí r
坐蘿蔔,zuò luó bo
坐賈,zuò gǔ
坐頭,zuò tou
坐騎,zuò jì
坑兒,kēng r
坡撇,pō piě
坤角,kūn jué
坦率,tǎn shuài
坦迤,tǎn yǐ
坦露,tǎn lòu
坪場,píng cháng
坼副,chè pì
垂手可得,chuí shǒu kě dé
垂手而得,chuí shǒu ér dé
垂死掙扎,chuí sǐ zhēng zhá
垂簾聽政,chuí lián tìng zhèng
垂花門,chuí hua mén
垃圾,lè sè
垃圾分類,lè sè fēn lèi
垃圾回收,lè sè huí shōu
垃圾堆,lè sè duī
垃圾場,lè sè cháng
垃圾子母車,lè sè zǐ mǔ chē
垃圾山,lè sè shān
垃圾桶,lè sè tǒng
垃圾焚化爐,lè sè fén huà lú
垃圾相,lè sè xiàng
垃圾筒,lè sè tǒng
垃圾箱,lè sè xiāng
垃圾車,lè sè chē
垃圾量,lè sè liàng
垃圾食物,lè sè shí wù
垓埏,gāi yán
垛句,duò jù
垛字,duò zì
垛積,duò jī
埃佛勒斯峰,āi fó lè sī fēng
埋冤,mán yuān
埋天怨地,mán tiān yuàn dì
埋怨,mán yuàn
埋沒,mái mò
城圈兒,chéng quàn r
城子崖遺跡,chéng zǐ yái yí jī
城市熱效應,chéng shì rè xiào yìng
埏隧,yán suì
埠頭,bù tou
埤堄,bì ní
埤溼,bì shī
執喪,zhí sāng
執憑文帖,zhí píng wén tiě
執拗,zhí ào
執旗將,zhí qí jiàng
執法不阿,zhí fǎ bù ē
執經問難,zhí jīng wèn nàn
執著,zhí zhuó
培塿,pǒu lǒu
基本粒子,jī běn lì zǐ
基阿連山脈,jī à lián shān mài
堂分姑娘,táng fèn gū niáng
堂姊妹,táng jiě mèi
堂客,táng ke
堂客船,táng ke chuán
堂帖,táng tiě
堂構更新,táng gòu gēng xīn
堂間處燕,táng jiān chǔ yàn
堅勁,jiān jìng
堆垛,duī duò
堆山塞海,duī shān sè hǎi
堋的,péng dì
堰塞湖,yàn sè hú
報任安書,bào rén ān shū
報喏,bào rě
報喪,bào sāng
報喪帖,bào sāng tiě
報屁股,bào pì gu
報差,bào chāi
報帖,bào tiě
報應,bào yìng
報應不爽,bào yìng bù shuǎng
報應刑,bào yìng xíng
報盤兒的,bào pán r de
報稱,bào chèng
報苦窮兒,bào kǔ qióng r
報關行,bào guān háng
場內,cháng nèi
場合,cháng hé
場圃,cháng pǔ
場地,cháng dì
場外交易,cháng wài jiāo yì
場屋,cháng wū
場師,cháng shī
場戶,cháng hù
場所,cháng suǒ
場景,cháng jǐng
場期,cháng qí
場次,cháng cì
場記,cháng jì
場院,cháng yuàn
場面,cháng miàn
場面闊綽,cháng miàn kuò chuò
堵喪,dǔ sang
堵塞,dǔ sè
堵門兒,dǔ mén r
塊然獨處,kuài rán dú chǔ
塌實,tā shi
塌拉骨,tā la gǔ
塌秧兒,tā yāng r
塌趿,tā sà
塑膠玻璃,sù jiāo bō li
塔尖上功德,tǎ jiān shang gōng dé
塗潦,tú lào
塞上曲,sài shàng qǔ
塞下曲,sài xià qǔ
塞內,sài nèi
塞內加爾,sè nèi jiā ěr
塞內加爾共和國,sè nèi jiā ěr gòng hé guó
塞北,sài běi
塞外,sài wài
塞尚,sè shàng
塞席爾,sè xí ěr
塞席爾共和國,sè xí ěr gòng hé guó
塞得港,sài dé gǎng
塞擦音,sè cā yīn
塞淵,sè yuān
塞爆音,sè bào yīn
塞爾維亞,sè ěr wéi yà
塞班島,sài bān dǎo
塞納河,sè nà hé
塞翁失馬,sài wēng shī mǎ
塞耳,sè ěr
塞耳偷鈴,sè ěr tōu líng
塞耳盜鐘,sè ěr dào zhōng
塞聲,sè shēng
塞職,sè zhí
塞責,sè zé
塞門,sài mén
塞音,sè yīn
填咽,tián yè
填塞,tián sè
填空,tián kòng
填窟窿,tián kū long
填街塞巷,tián jiē sè xiàng
填還,tián huán
塵剎,chén chà
塵累,chén lěi
墊根兒,diàn gēn r
墊沒,diàn mò
墊解,diàn jiè
墊踹兒,diàn chuài r
墜歡重拾,zhuì huān chóng shí
墨卷,mò juàn
墨子,mò zǐ
墨子悲素絲,mò zǐ bēi sù sī
墨暈,mò yùn
墳圈子,fén quàn zi
墳場,fén cháng
壁宿,bì xiù
壅塞,yōng sè
壇場,tán cháng
壎箎相和,xūn chí xiāng hè
壓不住,yā bu zhù
壓倒,yā dǎo
壓倒元白,yā dǎo yuán bái
壓倒性,yā dǎo xìng
壓倒群雄,yā dǎo qún xióng
壓卷,yā juàn
壓子,yā zǐ
壓子息,yā zǐ xí
壓根兒,yā gēn r
壓氣兒,yā qì r
壓水式反應器,yā shuǐ shì fǎn yìng qì
壓派,yā pai
壓碟兒,yā dié r
壓良為賤,yā liáng wéi jiàn
壓電效應,yā diàn xiào yìng
壘窠兒,lěi kē r
壞分子,huài fèn zǐ
壟斷市場,lǒng duàn shì cháng
壤子,rǎng zǐ
壤父,rǎng fǔ
士君子,shì jūn zǐ
士子,shì zǐ
壺漿塞道,hú jiāng sè dào
壽數,shòu shu
壽星吃砒霜,shòu xing chī pī shuāng
壽星老兒,shòu xing lǎo r
壽者相,shòu zhě xiàng
壽藏,shòu zàng
夏威夷音樂,xià wēi yí yīn yuè
夏楚,jiǎ chǔ
夏正,xià zhēng
夏畦,xià xī
夏蟲朝菌,xià chóng zhāo jùn
夏雨雨人,xià yǔ yù rén
夔龍禮樂,kuí lóng lǐ yuè
外交豁免權,wài jiāo huò miǎn quán
外傳,wài zhuàn
外公切線,wài gōng qiē xiàn
外切多邊形,wài qiē duō biān xíng
外匯市場,wài huì shì cháng
外匯銀行,wài huì yín háng
外合裡差,wài hé lǐ chā
外合裡應,wài hé lǐ yìng
外四家兒,wài sì jiā r
外場,wài cháng
外場人,wài cháng rén
外外,wài wai
外子,wài zǐ
外屋裡的灶君爺,wài wū li de zào jūn yé
外弛內張,wài chí nèi zhāng
外強中乾,wài qiáng zhōng gān
外拆生意,wài chāi shēng yi
外相,wài xiàng
外秧兒,wài yāng r
外舍,wài shè
外行,wài háng
外行人,wài háng rén
外行話,wài háng huà
外路,wài lu
外路人,wài lu rén
外道兒,wài dào r
外道話,wài dao huà
外面兒光,wài miàn r guāng
外面情兒,wài miàn qíng r
外頭,wài tou
夙興,sù xīng
夙興夜寐,sù xīng yè mèi
多不勝數,duō bù shēng shǔ
多分,duō fèn
多多少少,duō duo shǎo shǎo
多嫌,duō xian
多子,duō zǐ
多子多孫,duō zǐ duō sūn
多得,duō dé
多得不如少得,duō dé bù rú shǎo dé
多文為富,duō wén wéi fù
多會兒,duō huǐ r
多災多難,duō zāi duō nàn
多羅貝勒,duō luó bèi lè
多聞闕疑,duō wén quē yí
多言或中,duō yán huò zhòng
多言數窮,duō yán shuò qióng
多財善賈,duō cái shàn gǔ
多道散說,duō dào sǎn shuō
多重,duō chóng
多重人格,duō chóng rén gé
多重國籍,duō chóng guó jí
多重性格,duō chóng xìng gé
多錢善賈,duō qián shàn gǔ
多難,duō nàn
多難興邦,duō nàn xīng bāng
多頭市場,duō tóu shì cháng
多麼,duó me
夜作,yè zuo
夜兒個,yè r ge
夜半三更,yè bàn sān gēng
夜場,yè cháng
夜市場,yè shì cháng
夜曲,yè qǔ
夜月花朝,yè yuè huā zhāo
夜盆兒,yè pén r
夜裡,yè li
夜貓子,yè mao zi
夜長夢多,yè cháng mèng duō
夜靜更深,yè jìng gēng shēn
夜靜更長,yè jìng gēng cháng
夜靜更闌,yè jìng gēng lán
夠分量,gòu fèn liàng
夠嗆,gòu qiàng
夠朋友,gòu péng you
夠過兒,gòu guò r
夢撒撩丁,mèng sā liáo dīng
夢虺,mèng huǐ
夢魂顛倒,mèng hún diān dǎo
大不了,dà bù liǎo
大乘,dà shèng
大乘佛教,dà shèng fó jiào
大乘百法明門論,dà shèng bǎi fǎ míng mén lùn
大乘經典,dà shèng jīng diǎn
大乘起信論,dà shèng qǐ xìn lùn
大伙兒,dà huǒ r
大伯子,dà bǎi zi
大個兒,dà gè r
大先生,dà xiān sheng
大出喪,dà chū sāng
大出鋒頭,dà chū fēng tou
大分,dà fèn
大剌剌,dà là là
大剛來,dài gāng lái
大剛喒,dài gāng zán
大勇若怯,dà yǒng ruò què
大半拉,dà bàn la
大協奏曲,dà xié zòu qǔ
大古,dài gǔ
大古裡彩,dài gǔ lǐ cǎi
大吃大嚼,dà chī dà jiáo
大吆小喝,dà yāo xiǎo hè
大品般若,dà pǐn bō rě
大哭一場,dà kū yī cháng
大唐三藏取經詩話,dà táng sān zàng qǔ jīng shī huà
大喇叭,dà lǎ ba
大喏,dà rě
大喝,dà hè
大喪,dà sāng
大單于,dà chán yú
大嘴巴,dà zuǐ ba
大圈仔,dà quān zǐ
大圜,dà yuán
大地重生,dà dì chóng shēng
大場面,dà cháng miàn
大塊兒,dà kuài r
大夥兒,dà huǒ r
大大咧咧,dà da liē liē
大大小小,dà da xiǎo xiǎo
大大方方,dà da fāng fāng
大大法法,dà da fǎ fǎ
大大落落,dà da luò luò
大姊,dà jiě
大姊頭,dà jiě tóu
大姐姐,dà jiě jie
大姑娘,dà gū niang
大姑娘坐花轎,dà gū niang zuò huā jiào
大媽媽,dà mā ma
大宛,dà yuān
大家公子,dà jiā gōng zǐ
大家夥兒,dà jiā huǒ r
大將,dà jiàng
大將之風,dà jiàng zhī fēng
大小人兒,dà xiǎo rén r
大少爺,dà shào yé
大巫嫗,dà wú yù
大度豁達,dà dù huò dá
大廈,dà xià
大廈將傾,dà xià jiāng qīng
大廈棟梁,dà xià dòng liáng
大廟,tài miào
大拇指頭,dà mǔ zhǐ tou
大拇指頭撓癢,dà mǔ zhǐ tou náo yǎng
大排場,dà pái cháng
大排行,dà pái háng
大排長龍,dà pái cháng lóng
大摺兒,dà zhé r
大擺褶子,dà bǎi xué zi
大曆十才子,dà lì shí cái zǐ
大曲,dà qǔ
大月氏,dà yuè zhī
大有作為,dà yǒu zuò wéi
大有可為,dà yǒu kě wéi
大有為,dà yǒu wéi
大本兒,dà běn r
大模大樣,dà mú dà yàng
大模廝樣,dà mú sī yàng
大毒日頭地下,dà dú rì tou dì xia
大氣磅礴,dà qì pāng bó
大水沖倒龍王廟,dà shuǐ chōng dǎo lóng wáng miào
大水沖倒龍王殿,dà shuǐ chōng dǎo lóng wáng diàn
大汗,dà hán
大災難,dà zāi nàn
大為受用,dà wéi shòu yòng
大為失望,dà wéi shī wàng
大煞,dà shà
大爺公,dà ye gōng
大猩猩,dà xīng xing
大率,dà shuài
大發脾氣,dà fā pí qi
大白日裡借不出個乾燈盞來,dà bái rì lǐ jiè bù chū ge gān dēng zhǎn lái
大相國寺,dà xiàng guó sì
大瞧瞧,dà qiáo qiao
大羹玄酒,tài gēng xuán jiǔ
大老婆,dà lǎo po
大而無當,dà ér wú dàng
大耳朵,dà ěr duo
大聲吆喝,dà shēng yāo hè
大腔當,dà qiāng dàng
大腦出血性中風,dà nǎo chū xiě xìng zhòng fēng
大腦皮質,dà nǎo pí zhí
大腦門兒,dà nǎo mén r
大腦髓質,dà nǎo suǐ zhí
大腹便便,dà fù pián pián
大腹賈,dà fù gǔ
大膽妄為,dà dǎn wàng wéi
大興土木,dà xīng tǔ mù
大興安嶺,dà xīng ān lǐng
大舌頭,dà shé tou
大舍,dà shè
大般涅槃經,dà bō niè pán jīng
大著,dà zhù
大蒜效應,dà suàn xiào yìng
大藏經,dà zàng jīng
大處著眼,dà chù zhuó yǎn
大蜡,dà zhà
大行院,dà háng yuàn
大衾長枕,dà qīn cháng zhěn
大補帖,dà bǔ tiě
大觀帖,dà guān tiè
大賈,dà gǔ
大軸子,dà zhòu zi
大通銀行,dà tōng yín háng
大部分,dà bù fèn
大都,dà dū
大都來,dà dū lái
大都會,dà dū huì
大都會區,dà dū huì qū
大都會歌劇院,dà dū huì gē jù yuàn
大都護,dà dū hù
大長日子,dà cháng rì zi
大阿姐,dà à jiě
大雅君子,dà yǎ jūn zǐ
大難,dà nàn
大難不死,dà nàn bù sǐ
大難臨頭,dà nàn lín tóu
大面兒上,dà miàn r shàng
大面皮兒,dà miàn pí r
大頭兒,dà tóu r
大頭覺,dà tóu jiào
天下為一,tiān xià wéi yī
天下為公,tiān xià wéi gōng
天下為家,tiān xià wéi jiā
天不著風兒晴不的,tiān bù zhuó fēng r qíng bù de
天之驕子,tiān zhī jiāo zǐ
天乾物燥,tiān gān wù zào
天人感應,tiān rén gǎn yìng
天分,tiān fèn
天可汗,tiān kè hán
天姥山,tiān mǔ shān
天子,tiān zǐ
天子無戲言,tiān zǐ wú xì yán
天子門生,tiān zǐ mén shēng
天官賜福,tiān guān sì fú
天將,tiān jiàng
天差地別,tiān chā dì bié
天差地遠,tiān chā dì yuǎn
天底下,tiān dǐ xia
天涯若比鄰,tiān yá ruò bì lín
天然鈾,tiān rán yóu
天理報應,tiān lǐ bào yìng
天生麗質,tiān shēng lì zhí
天相吉人,tiān xiàng jí rén
天真未鑿,tiān zhēn wèi zuò
天穹,tiān qióng
天老兒,tiān lǎo r
天與人歸,tiān yù rén guī
天落饅頭狗造化,tiān luò mán tou gǒu zào huà
天道好還,tiān dào hǎo huán
天都,tiān dū
天長地久,tiān cháng dì jiǔ
天長地老,tiān cháng dì lǎo
天長地遠,tiān cháng dì yuǎn
天長日久,tiān cháng rì jiǔ
天長節,tiān cháng jié
天靈,tiān ling
天靈蓋,tiān ling gài
太上感應篇,tài shàng gǎn yìng piān
太太,tài tai
太夫子,tài fū zǐ
太子,tài zǐ
太子太保,tài zǐ tài bǎo
太子太傅,tài zǐ tài fù
太子太師,tài zǐ tài shī
太子少保,tài zǐ shào bǎo
太子少師,tài zǐ shào shī
太子洗馬,tài zǐ xiǎn mǎ
太子港,tài zǐ gǎng
太子舍人,tài zǐ shè rén
太子黨,tài zǐ dǎng
太平天子,tài píng tiān zǐ
太平興國,tài píng xīng guó
太監,tài jiàn
太老先生,tài lǎo xiān sheng
太興,tài xīng
太華山,tài huà shān
太行山,tài háng shān
太阿,tài ē
太阿之柄,tài ē zhī bǐng
太阿倒持,tài ē dào chí
太阿在握,tài ē zài wò
太陽自轉,tài yáng zì zhuàn
太陽黑子,tài yáng hēi zǐ
夫妻相,fū qī xiàng
夫子,fū zǐ
夫子自道,fū zǐ zì dào
夫差,fú chāi
夭亡,yǎo wáng
夭娜,yāo nuó
夭折,yǎo zhé
夭昏,yǎo hūn
夭札,yǎo zhá
夭枉,yǎo wǎng
夭殂,yǎo cú
夭殞,yǎo yǔn
夭逝,yǎo shì
夭遏,yǎo è
夭閼,yǎo è
央告,yāng gao
央央戧戧,yāng yang qiāng qiāng
央戧,yāng qiang
夯雀兒先飛,hāng què r xiān fēi
失張倒怪,shī zhāng dǎo guài
失心兒,shī xīn r
失滅,shī mie
失當,shī dàng
失而復得,shī ér fù dé
失脫,shī tuo
失著,shī zhāo
失調,shī tiáo
失賊,shī zé
失身分,shī shēn fen
失閃,shī shan
夷俟,yí sì
夷為平地,yí wéi píng dì
夷靡,yí mǐ
夸姣,kuā jiāo
夾和,jiá huò
夾屁股,jiá pì gu
夾心餅乾,jiá xīn bǐng gān
夾生,jià sheng
夾生飯,jià sheng fàn
夾磨,jiá mo
夾竹桃,jià zhú táo
夾著尾巴,jiá zhe wěi ba
夾餡兒,jiá xiàn r
奄人,yān rén
奄冉,yān rǎn
奄奄,yān yān
奄奄一息,yān yān yī xí
奄奄垂絕,yān yān chuí jué
奄奄無力,yān yān wú lì
奄宦,yān huàn
奄尹,yān yǐn
奄欻,yǎn hū
奄老,yān lǎo
奇偶,jī ǒu
奇數,jī shù
奇日,jī rì
奇男子,qí nán zǐ
奇節瑰行,qí jié guī xìng
奇羨,jī xiàn
奇贏,jī yíng
奇蹄目,jī tí mù
奇零,jī líng
奉公不阿,fèng gōng bù ē
奉其正朔,fèng qí zhēng shuò
奉氂纓,fèng máo yīng
奉為圭臬,fèng wéi guī niè
奉為楷模,fèng wéi kǎi mó
奉蘋蘩,fèng pín fán
奉被,fèng pī
奉還,fèng huán
奉養,fèng yàng
奏樂,zòu yuè
奏鳴曲,zòu míng qǔ
奏鳴曲式,zòu míng qǔ shì
契分,qì fèn
契闊,qiè kuò
契闊談讌,qiè kuò tán yàn
契需,qiè xū
奓沙,zhā sha
奓靡,shē mǐ
奔井投河,bèn jǐng tóu hé
奔命,bèn mìng
奔喪,bēn sāng
套交情,tào jiāo qing
套兒,tào r
套套,tào tao
套拉攏,tào lā long
套曲,tào qǔ
套環兒,tào huán r
套種,tào zhòng
奠都,diàn dū
奢靡,shē mǐ
奧勒岡州,ào lè gāng zhōu
奧古斯都,ào gǔ sī dū
奧古斯都時期,ào gǔ sī dū shí qí
奧得河,ào dé hé
奧林匹克,ào lín pī kè
奧林匹克委員會,ào lín pī kè wěi yuán huì
奧林匹克運動會,ào lín pī kè yùn dòng huì
奧渫,yù xiè
奧登塞,ào dēng sè
奪冠,duó guàn
奮發有為,fèn fā yǒu wéi
奮袂攘襟,fèn mèi ráng jīn
女儐相,nǚ bīn xiàng
女先生,nǚ xiān sheng
女光棍,nǚ guāng gun
女公子,nǚ gōng zǐ
女又十撇兒,nǚ yòu shí piě r
女大不中留,nǚ dà bù zhòng liú
女婿有半子之勞,nǚ xù yǒu bàn zǐ zhī láo
女子,nǚ zǐ
女子參政主義,nǚ zǐ cān zhèng zhǔ yì
女子教育,nǚ zǐ jiào yù
女子文戲,nǚ zǐ wén xì
女子無才便是德,nǚ zǐ wú cái biàn shì dé
女孩兒,nǚ hái r
女宿,nǚ xiù
女將,nǚ jiàng
女巫,nǚ wú
女弟子,nǚ dì zǐ
女校尉,nǚ jiào wèi
女校書,nǚ jiào shū
女樂,nǚ yuè
女氣,nǚ qi
女童子軍,nǚ tóng zǐ jūn
女紅,nǚ gōng
女給,nǚ jǐ
女落子,nǚ lào zi
女角,nǚ jué
女起解,nǚ qǐ jiè
奴子,nú zǐ
奴產子,nú chǎn zǐ
奶奶,nǎi nai
奶嬤嬤,nǎi mā ma
奶膀子,nǎi pāng zi
奶酪,nǎi luò
奸細,jiān xi
好一日兒,hǎo yī rì r
好一會,hǎo yī huǐ
好丹非素,hào dān fēi sù
好了歌,hǎo liǎo gē
好事之徒,hào shì zhī tú
好事者,hào shì zhě
好事貪功,hào shì tān gōng
好個,hǎo ge
好兒,hǎo r
好內,hào nèi
好利,hào lì
好利忘義,hào lì wàng yì
好勇鬥狠,hào yǒng dòu hěn
好動,hào dòng
好勝,hào shèng
好口,hào kǒu
好古,hào gǔ
好吃懶做,hào chī lǎn zuò
好問,hào wèn
好善嫉惡,hào shàn jí è
好善惡惡,hào shàn wù è
好善樂施,hào shàn lè shī
好大喜功,hào dà xǐ gōng
好奇,hào qí
好奇心,hào qí xīn
好學,hào xué
好學不倦,hào xué bù juàn
好學專輯,hào xué zhuān jí
好學深思,hào xué shēn sī
好客,hào kè
好寡拉主兒,hǎo guǎ lā zhǔ r
好尚,hào shàng
好弄玄虛,hào nòng xuán xū
好強,hào qiáng
好心不得好報,hǎo xīn bù dé hǎo bào
好惡,hào wù
好意思,hǎo yì si
好愻,hǎo sùn
好戰,hào zhàn
好收場,hǎo shōu cháng
好整以暇,hào zhěng yǐ xiá
好施小惠,hào shī xiǎo huì
好施樂善,hào shī lè shàn
好景不長,hǎo jǐng bù cháng
好樣兒的,hǎo yàng r de
好沒意思,hǎo méi yì si
好法子,hǎo fá zi
好消息,hǎo xiāo xi
好為人師,hào wéi rén shī
好生之德,hào shēng zhī dé
好生惡殺,hào shēng wù shā
好生意,hǎo shēng yi
好管閒事,hào guǎn xián shì
好義,hào yì
好自在性兒,hǎo zì zài xìng r
好自為之,hǎo zì wéi zhī
好自矜誇,hào zì jīn kuā
好色,hào sè
好行小惠,hào xíng xiǎo huì
好行小慧,hào xíng xiǎo huì
好話兒,hǎo huà r
好諛惡直,hào yú wù zhí
好謀,hào móu
好謀善斷,hào móu shàn duàn
好謀無斷,hào móu wú duàn
好謀而成,hào móu ér chéng
好財,hào cái
好賢禮士,hào xián lǐ shì
好賭,hào dǔ
好辯,hào biàn
好逸惡勞,hào yì wù láo
好音,hào yīn
好高騖遠,hào gāo wù yuǎn
好鬥,hào dòu
好麼,hǎo ma
如不勝衣,rú bù shēng yī
如今晚兒,rú jīn wǎn r
如來藏,rú lái zàng
如出一轍,rú chū yī chè
如切如磋,rú qiē rú cuō
如壎如箎,rú xūn rú chí
如履薄冰,rú lǚ bó bīng
如數家珍,rú shǔ jiā zhēn
如法炮製,rú fǎ páo zhì
如火燎原,rú huǒ liào yuán
如砍瓜切菜一般,rú kǎn guā qiē cài yī bān
如虎得翼,rú hǔ dé yì
如魚得水,rú yú dé shuǐ
妃匹,pèi pǐ
妃子,fēi zǐ
妃子笑,fēi zǐ xiào
妃耦,pèi ǒu
妄為,wàng wéi
妄生穿鑿,wàng shēng chuān zuò
妄自菲薄,wàng zì fěi bó
妍倡,yán chāng
妖妖調調,yāo yāo tiáo tiáo
妖氣,yāo qi
妖由人興,yāo yóu rén xīng
妖調,yāo tiáo
妙曲,miào qǔ
妙法蓮華經,miào fǎ lián huā jīng
妝誣,zhuāng wú
妞妞,niū niu
妥妥貼貼,tuǒ tuo tiē tiē
妥洽,tuǒ xiá
妥當,tuǒ dang
妥當人,tuǒ dang rén
妯娌,zhóu li
妹妹,mèi mei
妻子,qī zǐ
妻梅子鶴,qī méi zǐ hè
妻離子散,qī lí zǐ sàn
姊兒,zǐ r
姊姊,zǐ zi
姐兒,jiě r
姐姐,jiě jie
姑丈人,gū zhàng ren
姑太太,gū tài tai
姑夫,gū fu
姑奶奶,gū nǎi nai
姑姑,gū gu
姑娘家,gū niang jiā
姑娘氣,gū niang qì
姑射神人,gū yè shén rén
姑洗,gū xiǎn
姑爺,gū ye
姑爺爺,gū yé ye
姑老爺,gū lǎo ye
委屈,wěi qu
委蛇,wēi yí
委託行,wěi tuō háng
委靡,wěi mǐ
委靡不振,wěi mǐ bù zhèn
姚興,yáo xīng
姜子牙,jiāng zǐ yá
姥姥,lǎo lao
姨太太,yí tài tai
姨奶奶,yí nǎi nai
姿質,zī zhí
威嚇,wēi hè
威爾遜,wēi ěr sùn
娃兒,wá r
娃娃,wá wa
娃娃生,wá wa shēng
娃娃裝,wá wa zhuāng
娃娃車,wá wa chē
娃娃魚,wá wa yú
娘兒們,niáng r men
娘娘,niáng niang
娘娘腔,niáng niang qiāng
娘子,niáng zǐ
娘子軍,niáng zǐ jūn
娘子關,niáng zǐ guān
娘家,niáng jia
娘母子,niáng mu zi
娛樂場所,yú lè cháng suǒ
娜娜,nuó nuó
娶妻生子,qǔ qī shēng zǐ
娶媳婦,qǔ xí fu
婀娜,ē nuó
婀娜多姿,ē nuó duō zī
婆兒,pó r
婆兒氣,pó r qì
婆婆,pó po
婆婆媽媽,pó pó mā ma
婆藪槃豆法師傳,pó sǒu pán dòu fǎ shī zhuàn
婆那娑,pó nuó suō
婉娩,wǎn wǎn
婉孌,wǎn lüǎn
婚喪喜慶,hūn sāng xǐ qìng
婚姻失調,hūn yīn shī tiáo
婚生子女,hūn shēng zǐ nǚ
婠妠,wān nà
婢子,bì zǐ
婦人家,fù rén jia
婦子,fù zǐ
婦道人家,fù dao rén jia
婦道家,fù dao jia
婼羌,ruò qiāng
媒人,méi ren
媒人嘴,méi ren zuǐ
媒人婆拾馬糞,méi ren pó shí mǎ fèn
媒人婆迷了路,méi ren pó mí le lù
媒兒,méi r
媒質,méi zhí
媒頭,méi tou
媚子,mèi zǐ
媳婦兒,xí fù r
媼相,ǎo xiàng
媽兒,mā r
媽媽,mā ma
媽媽令兒,mā ma lìng r
媽媽教室,mā ma jiào shì
媽媽論兒,mā ma lùn r
媽媽頭,mā ma tóu
媽媽頭主子,mā ma tóu zhǔ zi
嫂夫人,sǎo fū ren
嫂嫂,sǎo sao
嫉惡好善,jí è hào shàn
嫋娜,niǎo nuó
嫋嫋娜娜,niǎo niǎo nuó nuó
嫌好道惡,xián hǎo dào wù
嫌惡,xián wu
嫌疑分子,xián yí fèn zǐ
嫖姚,piāo yáo
嫗𡟥,yù qǔ
嫡傳弟子,dí chuán dì zǐ
嫡嫡親親,dí di qīn qīn
嫡子,dí zǐ
嫡長子,dí zhǎng zǐ
嫩骨頭,nèn gú tou
嬈嬈,yǎo yǎo
嬈惱,rǎo nǎo
嬋媛,chán yuán
嬌哥兒,jiāo gē r
嬌娜,jiāo nuó
嬌嫋不勝,jiāo niǎo bù shēng
嬌嬾,jiāo lǎn
嬌子如殺子,jiāo zǐ rú shā zǐ
嬌怯,jiāo què
嬌怯怯,jiāo què què
嬛佞,xuān nìng
嬛嬛,xuān xuān
嬝娜,niǎo nuó
嬝娜纖巧,niǎo nuó xiān qiǎo
嬝娜風流,niǎo nuó fēng liú
嬝嬝娜娜,niǎo niǎo nuó nuó
嬤嬤,mā ma
嬤嬤媽,mā ma mā
嬤嬤爹,mā ma diē
嬪從,pín zòng
嬰薄,yīng bó
嬸嬸,shěn shen
子代,zǐ dài
子來,zǐ lái
子兒,zǐ r
子兒鹽,zǐ r yán
子午卯酉,zǐ wǔ mǎo yǒu
子午線,zǐ wǔ xiàn
子午蓮,zǐ wǔ lián
子卯不樂,zǐ mǎo bù yuè
子口,zǐ kou
子囊,zǐ náng
子囊城郢,zǐ náng chéng yǐng
子囊孢子,zǐ náng bāo zǐ
子囊果,zǐ náng guǒ
子囊菌,zǐ náng jùn
子城,zǐ chéng
子埝,zǐ niàn
子夏,zǐ xià
子夏懸鶉,zǐ xià xuán chún
子夏肥,zǐ xià féi
子夜,zǐ yè
子夜歌,zǐ yè gē
子大夫,zǐ dà fū
子女,zǐ nǚ
子女玉帛,zǐ nǚ yù bó
子姓,zǐ xìng
子姪,zǐ zhí
子婦,zǐ fù
子婿,zǐ xù
子嬰,zǐ yīng
子子孫孫,zǐ zǐ sūn sūn
子孝孫賢,zǐ xiào sūn xián
子孫,zǐ sūn
子孫桶,zǐ sūn tǒng
子孫滿堂,zǐ sūn mǎn táng
子宮,zǐ gōng
子宮內膜異位症,zǐ gōng nèi mò yì wèi zhèng
子宮內膜癌,zǐ gōng nèi mò yán
子宮內避孕器,zǐ gōng nèi bì yùn qì
子宮外孕,zǐ gōng wài yùn
子宮抹片檢查,zǐ gōng mǒ piàn jiǎn chá
子宮環,zǐ gōng huán
子宮頸,zǐ gōng jǐng
子宮頸抹片檢查,zǐ gōng jǐng mǒ piàn jiǎn chá
子宮頸炎,zǐ gōng jǐng yán
子宮頸癌,zǐ gōng jǐng yán
子實,zǐ shí
子平,zǐ píng
子平畢娶,zǐ píng bì qǔ
子建,zǐ jiàn
子弟,zǐ dì
子弟兵,zǐ dì bīng
子弟書,zǐ dì shū
子弦,zǐ xián
子張,zǐ zhāng
子彈,zǐ dàn
子思,zǐ sī
子息,zǐ xí
子房,zǐ fáng
子承父業,zǐ chéng fù yè
子推,zǐ tuī
子春之疾,zǐ chūn zhī jí
子時,zǐ shí
子曰行,zǐ yuē háng
子曰詩云,zǐ yuē shī yún
子書,zǐ shū
子母印,zǐ mǔ yìn
子母扣兒,zǐ mǔ kòu r
子母相權,zǐ mǔ xiāng quán
子母船,zǐ mǔ chuán
子民,zǐ mín
子法,zǐ fǎ
子游,zǐ yóu
子牙河,zǐ yá hé
子犯,zǐ fàn
子產,zǐ chǎn
子皋,zǐ gāo
子目,zǐ mù
子童,zǐ tóng
子細,zǐ xì
子罕辭寶,zǐ hǎn cí bǎo
子職,zǐ zhí
子胤,zǐ yìn
子葉,zǐ yè
子虛,zǐ xū
子虛烏有,zǐ xū wū yǒu
子虛賦,zǐ xū fù
子衣,zǐ yī
子衿,zǐ jīn
子規,zǐ guī
子貢,zǐ gòng
子路,zǐ lù
子路結纓,zǐ lù jié yīng
子路負米,zǐ lù fù mǐ
子輿,zǐ yú
子部,zǐ bù
子都,zǐ dū
子金,zǐ jīn
子錢,zǐ qián
子音,zǐ yīn
孔佛,kǒng fó
孔叢子,kǒng cóng zǐ
孔夫子,kǒng fū zǐ
孔夫子門前賣文章,kǒng fū zǐ mén qián mài wén zhāng
孔子,kǒng zǐ
孔子家語,kǒng zǐ jiā yǔ
孔子廟,kǒng zǐ miào
孔子廟堂碑,kǒng zǐ miào táng bēi
孔子白,kǒng zǐ bái
孔子誕辰紀念,kǒng zǐ dàn chén jì niàn
孔父嘉,kǒng fǔ jiā
孕吐,yùn tù
字帖,zì tiè
字相學,zì xiàng xué
字眼兒,zì yǎn r
字裡行間,zì lǐ háng jiān
存勞,cún lào
存沒,cún mò
存省,cún xǐng
孚乳,fū rǔ
孛婁,bó lóu
孛孛,bó bó
孛相,bó xiàng
孛籃,bó lán
孛羅,bó luó
孛老,bó lǎo
孛蘭,bó lán
孝先便腹,xiào xiān pián fù
孝子,xiào zǐ
孝子慈孫,xiào zǐ cí sūn
孝子賢孫,xiào zǐ xián sūn
孝家,xiào jia
孝弟,xiào tì
孝弟力田,xiào tì lì tián
孝行,xiào xìng
孝行可嘉,xiào xìng kě jiā
孝養,xiào yàng
孟什維克,mèng shí wéi kè
孟子,mèng zǐ
孟懿子,mèng yì zǐ
孟賁,mèng bēn
孢子,bāo zǐ
孢子世代,bāo zǐ shì dài
孢子器,bāo zǐ qì
孢子囊,bāo zǐ náng
孢子囊群,bāo zǐ náng qún
孢子植物,bāo zǐ zhí wù
孢子葉,bāo zǐ yè
孢子蟲,bāo zǐ chóng
孢子體,bāo zǐ tǐ
季子,jì zǐ
季子囊空,jì zǐ náng kōng
季子裘敝,jì zǐ qiú bì
孤力難為,gū lì nán wéi
孤哀子,gū āi zǐ
孤子,gū zǐ
孤帆,gū fán
孤燈挑盡,gū dēng tiǎo jìn
孤臣孽子,gū chén niè zǐ
孤鬼兒,gū guǐ r
孩兒們,hái r men
孫子兵法,sūn zǐ bīng fǎ
孱困,chán kùn
孱夫,chán fū
孱弱,chán ruò
孱王,chán wáng
孱瑣,chán suǒ
孱羸,chán léi
孱軀,chán qū
孱頭,càn tou
孱頭貨,càn tou huò
孳尾,zì wěi
學了個不留,xué le ge bù liú
學子,xué zǐ
學富五車,xué fù wǔ jū
學舍,xué shè
學行,xué xìng
孺子,rú zǐ
孺子可教,rú zǐ kě jiào
孺子嬰,rú zǐ yīng
孺子牛,rú zǐ niú
孽子,niè zǐ
孽子孤臣,niè zǐ gū chén
孽障種子,niè zhàng zhǒng zǐ
孿子,luán zǐ
孿生子,luán shēng zǐ
它們,tuō men
它囂,tuō xiāo
宅相,zhái xiàng
守分,shǒu fèn
守喪,shǒu sāng
守更,shǒu gēng
守株伺兔,shǒu zhū sì tù
守正不阿,shǒu zhèng bù ē
守舍,shǒu shè
安上,ān shang
安內攘外,ān nèi ráng wài
安全玻璃,ān quán bō li
安公子,ān gōng zǐ
安分,ān fèn
安分守己,ān fèn shǒu jǐ
安分守紀,ān fèn shǒu jì
安南子,ān nán zǐ
安宅,ān zhè
安宅正路,ān zhè zhèng lù
安守本分,ān shǒu běn fèn
安家帖,ān jiā tiě
安常處順,ān cháng chǔ shùn
安得,ān dé
安得列夫,ān dé liè fū
安扎,ān zhá
安提阿,ān tí à
安時處順,ān shí chǔ shùn
安步當車,ān bù dāng jū
安營紮寨,ān yíng zhá zhài
安老懷少,ān lǎo huái shào
安著,ān zhuó
安處,ān chǔ
安闍那,ān shé nà
安難,ān nàn
安魂曲,ān hún qǔ
宋應星,sòng yìng xīng
完全蛋白質,wán quán dàn bái zhí
宏碩,hóng shí
宏都拉斯,hóng dū lā sī
宏都拉斯共和國,hóng dū lā sī gòng hé guó
宓妃,fú fēi
宓子賤彈鳴琴,fú zǐ jiàn tán míng qín
宓戲,fú xì
宓羲,fú xī
宕子,dàng zǐ
宗喀巴,zōng kà bā
宗子,zōng zǐ
宗教音樂,zōng jiào yīn yuè
官不威牙爪威,guān bù wēi yá zhuǎ wēi
官倒,guān dǎo
官兒,guān r
官刻本,guān kē běn
官卑祿薄,guān bēi lù bó
官卷,guān juàn
官司,guān si
官場,guān cháng
官場如戲,guān cháng rú xì
官客,guān ke
官差,guān chāi
官帖,guān tiè
官座兒,guān zuò r
官情紙薄,guān qíng zhǐ bó
官星透露,guān xīng tòu lòu
官會子,guān huì zǐ
官板兒,guān bǎn r
官樣,guān yang
官稱兒,guān chēng r
官舍,guān shè
官衫帔子,guān shān pèi zǐ
官面兒,guān miàn r
定光油兒,dìng guāng yóu r
定分,dìng fèn
定場白,dìng cháng bái
定場詩,dìng cháng shī
定應,dìng yìng
定更,dìng gēng
定相,dìng xiàng
定省,dìng xǐng
定睛一相,dìng jīng yī xiàng
定都,dìng dū
宜春帖,yí chūn tiě
宜母子,yí mǔ zǐ
宜興壺,yí xīng hú
宜興瓷,yí xīng cí
宜興縣,yí xīng xiàn
客作兒,kè zuò r
客子,kè zǐ
客將司,kè jiàng sī
客氣,kè qi
客氣話,kè qi huà
客舍,kè shè
宣卷,xuān juàn
宣父,xuān fǔ
室內樂,shì nèi yuè
宮掖,gōng yè
宮本武藏,gōng běn wǔ zàng
宮觀,gōng guàn
宮車晏駕,gōng jū yàn jià
宰予,zǎi yú
宰相,zǎi xiàng
宰相肚裡好撐船,zǎi xiàng dù lǐ hǎo chēng chuán
害臊,hài sào
宵分,xiāo fèn
家乘,jiā shèng
家人子,jiā rén zǐ
家什,jiā shí
家伙,jiā huo
家和萬事興,jiā hé wàn shì xīng
家將,jiā jiàng
家底兒,jiā dǐ r
家樂,jiā yuè
家無儋石,jiā wú dān dàn
家無擔石,jiā wú dàn shí
家無長物,jiā wú zhàng wù
家當,jiā dang
家相,jiā xiàng
家種,jiā zhòng
家累,jiā lěi
家給,jiā jǐ
家給人足,jiā jǐ rén zú
家給戶贍,jiā jǐ hù shàn
家給民足,jiā jǐ mín zú
家老兒,jiā lǎo r
家行,jiā xìng
家裡,jiā li
家道從容,jiā dào cōng róng
家長裡短,jiā cháng lǐ duǎn
容不下,róng bu xià
容俟,róng sì
容臭,róng xiù
容質,róng zhí
容車,róng jū
容長臉,róng cháng liǎn
宿將,sù jiàng
宿將舊卒,sù jiàng jiù zú
宿舍,sù shè
密勒日巴,mì lè rì bā
密集部署,mì jí bù shù
富商大賈,fù shāng dà gǔ
富埒天子,fù lè tiān zǐ
富家子,fù jiā zǐ
富態,fù tai
富而好施,fù ér hào shī
富而好禮,fù ér hào lǐ
富貴一場春夢,fù guì yī cháng chūn mèng
富餘,fù yu
寒假,hán jià
寒傖相,hán cāng xiàng
寒山子,hán shān zǐ
寒怯,hán què
寒木春華,hán mù chūn huā
寒燠,hán ào
寒相,hán xiàng
寒磣,hán chen
寒舍,hán shè
寒薄,hán bó
寒號蟲,hán háo chóng
察合臺汗國,chá hé tái hán guó
察察為明,chá chá wéi míng
察相,chá xiàng
察罕帖木兒,chá hǎn tiè mù ér
寡剌,guǎ là
寡將,guǎ jiàng
寡廉鮮恥,guǎ lián xiǎn chǐ
寡拉主兒,guǎ lā zhǔ r
寡見鮮聞,guǎ jiàn xiǎn wén
寢苫枕塊,qǐn shān zhèn kuài
寢苫枕草,qǐn shān zhèn cǎo
寢處,qǐn chǔ
寥寥可數,liáo liáo kě shǔ
實打實,shí da shí
實相,shí xiàng
實習銀行,shí xí yín háng
實葫蘆,shí hú lu
實質,shí zhí
實質利率,shí zhí lì lǜ
實質所得,shí zhí suǒ dé
實質違建,shí zhí wéi jiàn
實驗劇場,shí yàn jù cháng
寧個,níng ge
寧馨,níng xīng
寧馨兒,níng xīng ér
審囚刷卷,shěn qiú shuā juàn
審己度人,shěn jǐ duò rén
審度,shěn duò
審時度勢,shěn shí duò shì
審處,shěn chǔ
寫字兒,xiě zì r
寫意兒,xiè yì r
寬大為懷,kuān dà wéi huái
寬心丸兒,kuān xīn wán r
寶剎,bǎo chà
寶匳,bǎo lián
寶卷,bǎo juàn
寶子,bǎo zǐ
寶應,bǎo yìng
寶應縣,bǎo yìng xiàn
寶晉齋法帖,bǎo jìn zhāi fǎ tiè
寶玩,bǎo wàn
寶生佛,bǎo shēng fó
寶相,bǎo xiàng
寶相莊嚴,bǎo xiàng zhuāng yán
寶興縣,bǎo xīng xiàn
寶藏,bǎo zàng
寸善片長,cùn shàn piàn cháng
寸積銖累,cùn jī zhū lěi
寸長,cùn cháng
寸長尺技,cùn cháng chǐ jì
寸長尺短,cùn cháng chǐ duǎn
寺舍,sì shè
封侯拜相,fēng hóu bài xiàng
封侯賜爵,fēng hóu sì jué
封兒,fēng r
封妻廕子,fēng qī yìn zǐ
封神傳,fēng shén zhuàn
封禪,fēng shàn
封豕長蛇,fēng shǐ cháng shé
封鎖現場,fēng suǒ xiàn cháng
射中,shè zhòng
射干,yè gān
將令,jiàng lìng
將仲子,jiāng zhòng zǐ
將伯,qiāng bó
將伯之助,qiāng bó zhī zhù
將佐,jiàng zuǒ
將假當真,jiāng jiǎ dàng zhēn
將傍,jiāng bāng
將兵,jiàng bīng
將兵長史,jiàng bīng zhǎng shǐ
將印,jiàng yìn
將吏,jiàng lì
將在謀不在勇,jiàng zài móu bù zài yǒng
將士,jiàng shì
將士用命,jiàng shì yòng mìng
將官,jiàng guān
將將,qiāng qiāng
將帥,jiàng shuài
將帶,jiàng dài
將弁,jiàng biàn
將才,jiàng cái
將指,jiàng zhǐ
將星,jiàng xīng
將校,jiàng xiào
將為,jiāng wéi
將略,jiàng lüè
將相,jiàng xiàng
將相和,jiàng xiàng hé
將相器,jiàng xiàng qì
將相本無種,jiàng xiàng běn wú zhǒng
將相雙權,jiàng xiàng shuāng quán
將遇良才,jiàng yù liáng cái
將銳兵驍,jiàng ruì bīng xiāo
將門,jiàng mén
將門之子,jiàng mén zhī zǐ
將門虎子,jiàng mén hǔ zǐ
將領,jiàng lǐng
專差,zhuān chāi
專橫,zhuān hèng
專橫跋扈,zhuān hèng bá hù
專著,zhuān zhù
專長,zhuān cháng
尉犁縣,yù lí xiàn
尉遲,yù chí
尉遲乙僧,yù chí yǐ sēng
尉遲敬德,yù chí jìng dé
尊王攘夷,zūn wáng ráng yí
尊相,zūn xiàng
尋由頭兒,xún yóu tóu r
尋行數墨,xún háng shǔ mò
尋行逐隊,xún háng zhú duì
尋錢,xín qián
對上,duì shang
對不住,duì bu zhù
對不起,duì bu qǐ
對了檻兒,duì le kǎn r
對付,duì fu
對光兒,duì guāng r
對口相聲,duì kǒu xiàng shēng
對天長嘆,duì tiān cháng tàn
對應,duì yìng
對牛彈琴,duì niú tán qín
對當,duì dàng
對稱,duì chèng
對聯兒,duì lián r
對茌兒,duì chí r
對著和尚罵賊禿,duì zhe hé shang mà zéi tū
對質,duì zhí
對還,duì huán
導管分子,dǎo guǎn fēn zǐ
小不點兒,xiǎo bù diǎn r
小丫頭,xiǎo yā tou
小么兒,xiǎo yāo r
小乘,xiǎo shèng
小乘戒,xiǎo shèng jiè
小人兒,xiǎo rén r
小人兒書,xiǎo rén r shū
小人得志,xiǎo rén dé zhì
小价,xiǎo jiè
小便宜,xiǎo pián yí
小倆口,xiǎo liǎng kǒu
小傳,xiǎo zhuàn
小先生,xiǎo xiān sheng
小兩口兒,xiǎo liǎng kǒu r
小劇場,xiǎo jù cháng
小命兒,xiǎo mìng r
小哥兒們,xiǎo gē r men
小喇叭,xiǎo lǎ ba
小嘍囉,xiǎo lóu luó
小器相,xiǎo qì xiàng
小場面,xiǎo cháng miàn
小夜曲,xiǎo yè qǔ
小夥計,xiǎo huǒ ji
小大姐兒裁械子,xiǎo dà jiě r cái xiè zi
小女人,xiǎo nǚ ren
小女子,xiǎo nǚ zǐ
小姐們兒,xiǎo jiě men r
小姑娘,xiǎo gū niang
小姑獨處,xiǎo gū dú chǔ
小娃娃,xiǎo wá wa
小媽兒,xiǎo mā r
小嬸兒,xiǎo shěn r
小子,xiǎo zǐ
小子後生,xiǎo zǐ hòu shēng
小孩子脾氣,xiǎo hái zi pí qi
小官兒,xiǎo guān r
小定兒,xiǎo dìng r
小家子,xiǎo jiā zǐ
小家子氣,xiǎo jiā zi qi
小將,xiǎo jiàng
小山樂府,xiǎo shān yuè fǔ
小巫見大巫,xiǎo wú jiàn dà wú
小差事兒,xiǎo chāi shi r
小帖兒,xiǎo tiě r
小年朝,xiǎo nián zhāo
小底,xiǎo de
小弁,xiǎo pán
小心眼兒,xiǎo xīn yǎn r
小性兒,xiǎo xìng r
小怯大勇,xiǎo què dà yǒng
小意兒,xiǎo yì r
小意思,xiǎo yì si
小戲兒,xiǎo xì r
小打扮兒,xiǎo dǎ bàn r
小拇指,xiǎo mu zhǐ
小掛兒,xiǎo guà r
小插曲,xiǎo chā qǔ
小曲,xiǎo qǔ
小書兒,xiǎo shū r
小月,xiǎo yue
小末因由兒,xiǎo mò yīn yóu r
小本生意,xiǎo běn shēng yi
小東西,xiǎo dōng xi
小模樣兒,xiǎo mú yàng r
小步舞曲,xiǎo bù wǔ qǔ
小毛頭,xiǎo máo tou
小油嘴兒,xiǎo yóu zuǐ r
小滑頭,xiǎo huá tou
小爐兒匠,xiǎo lú r jiàng
小王子,xiǎo wáng zǐ
小玩藝兒,xiǎo wán yì r
小畜,xiǎo xù
小相,xiǎo xiàng
小相公,xiǎo xiàng gōng
小線兒,xiǎo xiàn r
小老兒,xiǎo lǎo r
小老頭兒,xiǎo lǎo tóu r
小耳朵,xiǎo ěr duo
小肉兒,xiǎo ròu r
小肚子兒,xiǎo dù zi r
小胞子囊,xiǎo bāo zǐ náng
小臉兒,xiǎo liǎn r
小興安嶺,xiǎo xīng ān lǐng
小舍人,xiǎo shè rén
小菜碟兒,xiǎo cài dié r
小蘿蔔頭,xiǎo luó bo tou
小衣裳,xiǎo yī shang
小裡小氣,xiǎo li xiǎo qì
小豆兒,xiǎo dòu r
小軟兒,xiǎo ruǎn r
小辮兒,xiǎo biàn r
小過門兒,xiǎo guò mén r
小道兒,xiǎo dào r
小雛兒,xiǎo chú r
小零兒,xiǎo líng r
小頭小臉兒,xiǎo tóu xiǎo liǎn r
小鹿兒,xiǎo lù r
小鹿兒心頭撞,xiǎo lù r xīn tóu zhuàng
小鼓搗油兒,xiǎo gǔ dao yóu r
少不了,shǎo bu liǎo
少不得,shǎo bu de
少不更事,shào bù jīng shì
少不經事,shào bù jīng shì
少保,shào bǎo
少傅,shào fù
少像,shào xiàng
少吃無著,shǎo chī wú zhuó
少商,shào shāng
少壯,shào zhuàng
少女,shào nǚ
少女嫩婦,shào nǚ nèn fù
少女情懷,shào nǚ qíng huái
少奶奶,shào nǎi nai
少婦,shào fù
少子,shào zǐ
少尉,shào wèi
少小,shào xiǎo
少差,shǎo chài
少師,shào shī
少年,shào nián
少年人,shào nián rén
少年才俊,shào nián cái jùn
少年法庭,shào nián fǎ tíng
少年犯罪,shào nián fàn zuì
少年福利法,shào nián fú lì fǎ
少年維特的煩惱,shào nián wéi tè de fán nǎo
少年老成,shào nián lǎo chéng
少年觀護所,shào nián guān hù suǒ
少年輔育院,shào nián fǔ yù yuàn
少年郎,shào nián láng
少府,shào fǔ
少康,shào kāng
少成若性,shào chéng ruò xìng
少昊,shào hào
少東,shào dōng
少林寺,shào lín sì
少林拳,shào lín quán
少林派,shào lín pài
少棒,shào bàng
少爺,shào ye
少牢,shào láo
少白頭,shào bái tóu
少艾,shào ài
少調失教,shǎo tiáo shī jiào
少間,shǎo jiàn
尖兒,jiān r
尖嘴薄舌,jiān zuǐ bó shé
尖擔兩頭脫,jiān dàn liǎng tóu tuō
尖酸刻薄,jiān suān kè bó
尚書大傳,shàng shū dà zhuàn
尚有可為,shàng yǒu kě wéi
尤侗,yóu tóng
尥蹶子,liào juě zi
尨然,páng rán
尨眉皓髮,páng méi hào fǎ
尨茸,méng róng
就和,jiù he
就得,jiù děi
就業市場,jiù yè shì cháng
就逮,jiù dài
尸居龍見,shī jū lóng xiàn
尹文子,yǐn wén zǐ
尺短寸長,chǐ duǎn cùn cháng
尺頭,chǐ tou
尺頭兒,chǐ tóu r
尼父,ní fǔ
尼童子,ní tóng zǐ
尾巴,wěi ba
尿盆兒,niào pén r
屁股,pì gu
屁股大弔了心,pì gu dà diào le xīn
屁股沉,pì gu chén
屁股眼,pì gu yǎn
屁股裡吃人參,pì gu lǐ chī rén shēn
屁股震葫蘆,pì gu zhèn hú lú
屁鳥人,pì diǎo rén
居不重席,jū bù chóng xí
居不重茵,jū bù chóng yīn
居中調停,jū zhōng tiáo tíng
居喪,jū sāng
屈戌,qū xu
屈指可數,qū zhǐ kě shǔ
屈枉,qū wang
屋裡人,wū li rén
屎蚵蜋,shǐ kē láng
屏居,bǐng jū
屏息,bǐng xí
屏息凝氣,bǐng xí níng qì
屏息凝視,bǐng xí níng shì
屏斥,bǐng chì
屏棄,bǐng qì
屏氣,bǐng qì
屏氣凝神,bǐng qì níng shén
屏氣攝息,bǐng qì shè xí
屏氣斂息,bǐng qì liàn xí
屏營,bīng yíng
屏當,bǐng dàng
屏絕,bǐng jué
屏聲息氣,bǐng shēng xí qì
屏語,bǐng yǔ
屏跡,bǐng jī
屏退,bǐng tuì
屏除,bǐng chú
屏隱,bǐng yǐn
屏黜,bǐng chù
展卷,zhǎn juàn
展子虔,zhǎn zǐ qián
展樣,zhǎn yang
展爪,zhǎn zhuǎ
屜兒,tì r
屠場,tú cháng
屠宰場,tú zǎi cháng
屠沽子,tú gū zǐ
屠牛朝歌,tú niú zhāo gē
屢空,lǚ kòng
層出疊見,céng chū dié xiàn
層見疊出,céng xiàn dié chū
履薄,lǚ bó
履薄臨深,lǚ bó lín shēn
履長,lǚ cháng
屨校,jù jiào
屬令,zhǔ lìng
屬和,zhǔ hè
屬垣,zhǔ yuán
屬垣有耳,zhǔ yuán yǒu ěr
屬對,zhǔ duì
屬屬,zhǔ zhǔ
屬意,zhǔ yì
屬文,zhǔ wén
屬望,zhǔ wàng
屬毛離裡,zhǔ máo lí lǐ
屬目,zhǔ mù
屬相,shǔ xiàng
屬綴,zhǔ zhuì
屬纊,zhǔ kuàng
屬者,zhǔ zhě
屬耳目,zhǔ ěr mù
屬草稿,zhǔ cǎo gǎo
屬託,zhǔ tuō
屬辭比事,zhǔ cí bǐ shì
屯剝,zhūn bō
屯否,zhūn pǐ
屯坎,zhūn kǎn
屯留縣,chún liú xiàn
屯紮,tún zhá
屯街塞巷,tún jiē sè xiàng
屯蹇,zhūn jiǎn
屯蹶否塞,zhūn jué pǐ sè
屯邅,zhūn zhān
屯難,zhūn nàn
山中宰相,shān zhōng zǎi xiàng
山凹,shān wā
山姆叔叔,shān mǔ shú shu
山子,shān zǐ
山崗,shān gāng
山崩鐘應,shān bēng zhōng yìng
山暈,shān yùn
山桐子,shān tóng zǐ
山溜穿石,shān liù chuān shí
山葡萄,shān pú tao
山藥,shān yao
山藥蛋,shān yao dàn
山重水複,shān chóng shuǐ fù
山長水遠,shān cháng shuǐ yuǎn
山阿,shān ē
山難,shān nàn
山高水長,shān gāo shuǐ cháng
岐嶷,qí nì
岑參,cén shēn
岔兒,chà r
岔劈兒,chà pī r
岔批兒,chà pī r
岔換,chà huan
岔曲,chà qǔ
岡連嶺屬,gāng lián lǐng zhǔ
峭薄,qiào bó
峻阪鹽車,jùn bǎn yán jū
崆峒山,kōng tóng shān
崇朝,chóng zhāo
崇阿,chóng ē
崑崙奴傳,kūn lún nú zhuàn
崑曲,kūn qǔ
崔子忠,cuī zǐ zhōng
崔烈銅臭,cuī liè tóng xiù
崛強,jué jiàng
崩倒,bēng dǎo
崽子,zǎi zǐ
嵇中散,jī zhōng sǎn
嵌埋法,qiān mái fǎ
嵌版構造,qiān bǎn gòu zào
嵌玻璃,qiān bō li
嵌瓷畫,qiān cí huà
嵌畫,qiān huà
嵌石,qiān shí
嵌窞,qiān dàn
嵌造,qiān zào
嵌金,qiān jīn
嵌鑲磚,qiān xiāng zhuān
嵌飾,qiān shì
嵩少,sōng shào
嶷岌,nì jí
嶷嶷,nì nì
嶷然,nì rán
巖居穴處,yán jū xuè chǔ
巖徼,yán jiào
巡更,xún gēng
巢居穴處,cháo jū xuè chǔ
巢父,cháo fǔ
工場,gōng cháng
工場動員,gōng cháng dòng yuán
工尺,gōng chě
工尺字兒,gōng chě zì r
工尺譜,gōng chě pǔ
工業中毒,gōng yè zhòng dú
工碼兒,gōng mǎ r
工程測量,gōng chéng cè liáng
左不過,zuǒ bu guò
左傳,zuǒ zhuàn
左右為難,zuǒ yòu wéi nán
左性,zuǒ xing
左撇子,zuǒ piě zi
左鄰右舍,zuǒ lín yòu shè
巧主兒,qiǎo zhǔ r
巧勁兒,qiǎo jìn r
巧婦做不得無麵餺飥,qiǎo fù zuò bù dé wú miàn bó tuō
巧婦難為無米之炊,qiǎo fù nán wéi wú mǐ zhī chuī
巧媳婦煮不得沒米粥,qiǎo xí fù zhǔ bù dé méi mǐ zhōu
巧當兒,qiǎo dāng r
巧發奇中,qiǎo fā qí zhòng
巨子,jù zǐ
巨著,jù zhù
差一點兒,chà yī diǎn r
差三錯四,chā sān cuò sì
差不多,chà bu duō
差人,chāi rén
差使,chāi shǐ
差價,chā jià
差分,chā fēn
差別,chā bié
差別待遇,chā bié dài yù
差動滑車,chā dòng huá chē
差半車麥秸,chā bàn chē mài jiē
差可,chā kě
差品,cī pǐn
差失,chā shī
差委,chāi wěi
差官,chāi guān
差序,cī xù
差強人意,chā qiáng rén yì
差役,chāi yì
差忒,chā tè
差惡,chā è
差批,chāi pī
差排,chāi pái
差撥,chāi bō
差數,chā shù
差旅費,chāi lǚ fèi
差次,chā cì
差池,chā chí
差法,chāi fǎ
差爭,chā zhēng
差異,chā yì
差異法,chā yì fǎ
差發,chāi fā
差票,chāi piào
差等,chā děng
差置,chāi zhì
差聲兒,chà shēng r
差肩,cī jiān
差號,chā hào
差越,chā yuè
差距,chā jù
差輪,chāi lún
差迭,chā dié
差速齒輪,chā sù chǐ lún
差遣,chāi qiǎn
差遲,chā chí
差配兒,chà pèi r
差錢,chāi qián
差錯,chā cuò
差除,chāi chú
差額,chā é
差額選舉,chā é xuǎn jǔ
差點兒,chà diǎn r
已還,yǐ huán
巴不得,bā bu de
巴不得一聲兒,bā bu de yī shēng r
巴什吉爾自治共和國,bā shí jí ěr zì zhì gòng hé guó
巴伐利亞,bā fá lì yà
巴兒狗,bā r gǒu
巴剎,bā chà
巴劫,bā jie
巴勒摩,bā lè mó
巴勒斯坦,bā lè sī tǎn
巴勒特,bā lè tè
巴勒維,bā lè wéi
巴嗤,bā chi
巴塞爾,bā sài ěr
巴塞隆納,bā sài lóng nà
巴士噶語言,bā shì gé yǔ yán
巴子拳,bā zǐ quán
巴尖兒好勝,bā jiān r hào shèng
巴巴兒的,bā bā r de
巴巴劫劫,bā ba jie jie
巴巴急急,bā ba ji ji
巴巴結結,bā ba jie jie
巴巴罾兒,bā bā zèng r
巴布亞紐幾內亞,bā bù yà niǔ jī nèi yà
巴得,bā dé
巴拽,bā zhuài
巴掌,bā zhang
巴斯噶,bā sī gé
巴曼得海峽,bā màn dé hǎi xiá
巴爾喀什湖,bā ěr kà shí hú
巴爾的摩,bā ěr dì mó
巴答,bā dā
巴結,bā jie
巴著,bā zháo
巴謾,bā màn
巴都兒,bā dū ér
巴顏喀喇山,bā yán kà lǎ shān
巴高枝兒,bā gāo zhī r
巷弄,xiàng lòng
巾車,jīn jū
市地重劃,shì dì chóng huà
市場,shì cháng
市場區隔,shì cháng qū gé
市場深化,shì cháng shēn huà
市場調查,shì cháng diào chá
布加勒斯條約,bù jiā lè sī tiáo yuē
布加勒斯特,bù jiā lè sī tè
布勒斯特,bù lè sī tè
布喀河,bù kà hé
布帆,bù fán
布帆無恙,bù fán wú yàng
布拉馬普得拉河,bù lā mǎ pǔ dé lā hé
布招兒,bù zhāo r
布累爾,bù léi ěr
布署,bù shù
布衣卿相,bù yī qīng xiàng
布衫兒,bù shān r
布那喀,bù nà kà
布面相片,bù miàn xiàng piān
布魯塞爾,bù lǔ sè ěr
布魯奈勒斯基,bù lǔ nài lè sī jī
帆布袋,fán bù dài
帆幔,fán màn
帆影,fán yǐng
帆柱,fán zhù
帆檣,fán qiáng
帆船,fán chuán
希希罕兒,xī xī hǎn r
希特勒,xī tè lè
帑藏,tǎng zàng
帖兒,tiě r
帖子,tiě zi
帖子詞,tiě zi cí
帖學,tiè xué
帖括,tiè guā
帖括業,tiè guā yè
帖木兒,tiè mù ér
帝國大廈,dì guó dà xià
帝都,dì dū
師父,shī fu
師直為壯,shī zhí wéi zhuàng
席勒,xí lè
帶俸差操,dài fèng chāi cāo
帶個好,dài ge hǎo
帶手兒,dài shǒu r
帶挾,dài jiá
帶教,dài jiāo
帶累,dài lěi
帷薄,wéi bó
帷薄不修,wéi bó bù xiū
常行兒,cháng xíng r
帽兒,mào r
幡兒,fān r
幪幪,měng měng
幫個場子,bāng ge chǎng zi
幫兒,bāng r
幫帖,bāng tiě
干將莫邪,gān jiāng mò yé
干與,gān yù
平上去入,píng shǎng qù rù
平不答的,píng bù dā de
平反,píng fān
平均國民所得,píng jūn guó mín suǒ dé
平均時差,píng jūn shí chā
平妖傳,píng yāo zhuàn
平安帖,píng ān tiě
平定準噶爾回部得勝圖,píng dìng zhǔn gé ěr huí bù dé shèng tú
平平當當,píng píng dàng dàng
平復帖,píng fù tiè
平撇,píng piě
平畫求長,píng huà qiú cháng
平章百姓,pián zhāng bó xìng
平衡反應,píng héng fǎn yìng
平量,píng liáng
平釘,píng dìng
平針縫,píng zhēn féng
平鋪,píng pū
平鋪直序,píng pū zhí xù
平鋪直敘,píng pū zhí xù
平面測量,píng miàn cè liáng
平頭奴子,píng tóu nú zǐ
平頭甲子,píng tóu jiǎ zǐ
年下,nián xia
年假,nián jià
年分,nián fèn
年家子,nián jiā zǐ
年少,nián shào
年少得志,nián shào dé zhì
年少氣盛,nián shào qì shèng
年成,nián cheng
年月,nián yue
年程,nián cheng
年輕有為,nián qīng yǒu wéi
并刀,bīng dāo
并州,bīng zhōu
并州剪,bīng zhōu jiǎn
并州故鄉,bīng zhōu gù xiāng
并邦,bīng bāng
幸倡,xìng chāng
幸得,xìng dé
幸為先容,xìng wéi xiān róng
幹上了,gàn shang le
幹了,gàn liǎo
幹將,gàn jiàng
幹得了,gàn de liǎo
幹當,gàn dàng
幹的停當,gàn de tíng dàng
幹頭,gàn tou
幹麼,gàn má
幻想曲,huàn xiǎng qǔ
幻相,huàn xiàng
幼子,yòu zǐ
幼穉,yòu zhì
幽咽,yōu yè
幽殺,yōu shài
幽都,yōu dū
幾乎,jī hū
幾事,jī shì
幾個,jǐ ge
幾兒,jǐ r
幾兒個,jǐ r ge
幾內亞,jī nèi yà
幾內亞共和國,jī nèi yà gòng hé guó
幾內亞比索,jī nèi yà bǐ suǒ
幾內亞比索共和國,jī nèi yà bǐ suǒ gòng hé guó
幾內亞灣,jī nèi yà wān
幾希,jī xī
幾微,jī wéi
幾殆,jī dài
幾社,jī shè
幾諫,jī jiàn
幾頓,jī dùn
庇陰,bì yìn
序曲,xù qǔ
底下奏樂,dǐ xia zòu yuè
底兒,dǐ r
底本兒,dǐ běn r
底根兒,dǐ gēn r
底樣兒,dǐ yàng r
店都知,diàn dū zhī
店頭市場,diàn tóu shì cháng
庚子之役,gēng zǐ zhī yì
庚子拳亂,gēng zǐ quán luàn
庚子賠款,gēng zǐ péi kuǎn
庚帖,gēng tiě
府宅,fǔ zhè
度假勝地,dù jià shèng dì
度假村,dù jià cūn
度德量力,duò dé liàng lì
度曲,dù qǔ
度長絜大,duò cháng xié dà
座兒,zuò r
座頭,zuò tou
庪縣,guǐ xuán
庫勒山,kù lè shān
庫狄,shè dí
庭燎,tíng liào
庶子,shù zǐ
庶幾,shù jī
康有為,kāng yǒu wéi
康瓠,kāng hú
康白度,kāng bó dù
庸行,yōng xìng
廁牏,cè tóu
廁神,cì shén
廁身,cì shēn
廁身其間,cì shēn qí jiān
廈房,xià fáng
廈門市,xià mén shì
廉白,lián bó
廓爾喀人,kuò ěr kè rén
廕監,yìn jiàn
廝撲行,sī pū háng
廝稱,sī chèng
廝舍,sī shè
廞塞,qīn sè
廢然長嘆,fèi rán cháng tàn
廣場,guǎng cháng
廣寒仙子,guǎng hán xiān zǐ
廣廈,guǎng xià
廣廈萬間,guǎng xià wàn jiān
廣成子,guǎng chéng zǐ
廣播歌仔戲,guǎng bò gē zǐ xì
廣長舌,guǎng cháng shé
廣陵散,guǎng líng sǎn
廬舍,lú shè
廳子,tīng zǐ
廳舍,tīng shè
延屬,yán zhǔ
延釐,yán xī
延長,yán cháng
延長線,yán cháng xiàn
延長記號,yán cháng jì hào
延長賽,yán cháng sài
建中告身帖,jiàn zhōng gào shēn tiè
建安七子,jiàn ān qī zǐ
建白,jiàn bó
建都,jiàn dū
弄了個魚頭來拆,nòng le ge yú tóu lái chāi
弄倒,nòng dǎo
弄剌子兒,nòng là zǐ r
弄小性兒,nòng xiǎo xìng r
弄擰了,nòng nǐng le
弄獐宰相,nòng zhāng zǎi xiàng
弄甏,nòng pèng
弄白相,nòng bái xiàng
弄空頭,nòng kōng tou
弄粉調朱,nòng fěn tiáo zhū
弄虛頭,nòng xū tou
弄風兒,nòng fēng r
弊衣簞食,bì yī dān sì
弋不射宿,yì bù shí sù
弓兒,gōng r
弓兒扯滿,gōng r chě mǎn
弓形鑽,gōng xíng zuàn
弓調馬服,gōng tiáo mǎ fú
弔喪,diào sāng
弔喪問疾,diào sāng wèn jí
弔場,diào cháng
弔腳兒事,diào jiǎo r shì
弔膀子,diào bàng zi
引以為傲,yǐn yǐ wéi ào
引以為戒,yǐn yǐ wéi jiè
引以為榮,yǐn yǐ wéi róng
引以為鑑,yǐn yǐ wéi jiàn
引以為鑒,yǐn yǐ wéi jiàn
引分,yǐn fèn
引吭,yǐn háng
引吭高歌,yǐn háng gāo gē
引得,yǐn dé
引發物質,yǐn fā wù zhí
引調,yǐn tiáo
引頸翹望,yǐn jǐng qiáo wàng
弟兄,dì xiong
弟媳婦,dì xí fu
弟子,dì zǐ
弟子員,dì zǐ yuán
弟弟,dì di
弦切角,xián qiē jiǎo
弦子,xián zǐ
弦樂,xián yuè
弦樂器,xián yuè qì
弱不勝衣,ruò bù shēng yī
弱不好弄,ruò bù hào nòng
弱不禁風,ruò bù jīn fēng
弱冠,ruò guàn
弱怯怯,ruò què què
弱質,ruò zhí
張僧繇,zhāng sēng yóu
張家長李家短,zhāng jiā cháng lǐ jiā duǎn
張掖縣,zhāng yì xiàn
張羅,zhāng luo
張脈,zhàng mài
張角,zhāng jué
張說,zhāng yuè
張飲,zhàng yǐn
張黑女墓誌銘,zhāng hè nǚ mù zhì míng
強不知以為知,qiǎng bù zhī yǐ wéi zhī
強人,qiǎng rén
強人所難,qiǎng rén suǒ nán
強作鎮靜,qiǎng zuò zhèn jìng
強使,qiǎng shǐ
強制,qiǎng zhì
強制保險,qiǎng zhì bǎo xiǎn
強制執行,qiǎng zhì zhí xíng
強制汽車責任保險法,qiǎng zhì qì chē zé rèn bǎo xiǎn fǎ
強制猥褻罪,qiǎng zhì wěi xiè zuì
強制罪,qiǎng zhì zuì
強制處分,qiǎng zhì chǔ fèn
強制認領,qiǎng zhì rèn lǐng
強制辯護,qiǎng zhì biàn hù
強加,qiǎng jiā
強勁,qiáng jìng
強勉,qiǎng miǎn
強勒,qiǎng lè
強化玻璃,qiáng huà bō li
強嘴,jiàng zuǐ
強將手下無弱兵,qiáng jiàng shǒu xià wú ruò bīng
強忍,qiǎng rěn
強敵環伺,qiáng dí huán sì
強文假醋,qiǎng wén jiǎ cù
強橫,qiáng hèng
強死強活,qiǎng sǐ qiǎng huó
強求,qiǎng qiú
強聒不舍,qiǎng guā bù shě
強行,qiǎng xíng
強行法,qiǎng xíng fǎ
強詞奪理,qiǎng cí duó lǐ
強迫,qiǎng pò
強迫中獎,qiǎng pò zhòng jiǎng
強迫儲蓄,qiǎng pò chú xù
強迫取分,qiǎng pò qǔ fēn
強迫教育,qiǎng pò jiào yù
強迫降落,qiǎng pò jiàng luò
強逼,qiǎng bī
強酒,qiǎng jiǔ
強顏,qiǎng yán
強顏歡笑,qiǎng yán huān xiào
強飯為嘉,qiǎng fàn wéi jiā
彆強,biè jiàng
彆扭,biè niu
彈冠,tán guān
彈冠振衣,tán guān zhèn yī
彈冠相慶,tán guān xiāng qìng
彈冠結綬,tán guān jié shòu
彈剝,tán bō
彈力,tán lì
彈劾,tán hé
彈劾權,tán hé quán
彈劾無私,tán hé wú sī
彈包,tán bāo
彈唱,tán chàng
彈塗魚,tán tú yú
彈壓,tán yā
彈奏,tán zòu
彈射,tán shè
彈布爾,tán bù ěr
彈弄,tán lòng
彈性,tán xìng
彈性上班,tán xìng shàng bān
彈性勢能,tán xìng shì néng
彈性工時,tán xìng gōng shí
彈性放假,tán xìng fàng jià
彈性模數,tán xìng mó shù
彈性疲乏,tán xìng pí fá
彈性纖維,tán xìng xiān wéi
彈性製造系統,tán xìng zhì zào xì tǒng
彈性限度,tán xìng xiàn dù
彈指,tán zhǐ
彈指之間,tán zhǐ zhī jiān
彈指神功,tán zhǐ shén gōng
彈掙,tán zhēng
彈斤估兩,tán jīn gū liǎng
彈棋,tán qí
彈治,tán zhì
彈琴,tán qín
彈琵琶,tán pí pa
彈空說嘴,tán kōng shuō zuǐ
彈章,tán zhāng
彈簧,tán huáng
彈簧刀,tán huáng dāo
彈簧床,tán huáng chuáng
彈簧秤,tán huáng chèng
彈簧鋼,tán huáng gāng
彈簧門,tán huáng mén
彈絲品竹,tán sī pǐn zhú
彈腿,tán tuǐ
彈著點,dàn zhuó diǎn
彈觔估兩,tán jīn gū liǎng
彈詞,tán cí
彈跳,tán tiào
彈針,tán zhēn
彈鋏,tán jiá
彈鋏無魚,tán jiá wú yú
彈駁,tán bó
彈黃調,tán huáng diào
彉騎,kuò jì
彌勒,mí lè
彌撒曲,mí sā qǔ
彌縫,mí féng
彖傳,tuàn zhuàn
彞倫攸斁,yí lún yōu dù
形相,xíng xiàng
形藏,xíng zàng
形質,xíng zhí
彩色玻璃,cǎi sè bō li
彫蟲篆刻,diāo chóng zhuàn kē
彬彬君子,bīn bīn jūn zǐ
彬彬文質,bīn bīn wén zhí
彭蠡,péng lǐ
彭蠡湖,péng lǐ hú
彰善癉惡,zhāng shàn dàn è
彰明較著,zhāng míng jiào zhù
彰著,zhāng zhù
影像處理,yǐng xiàng chǔ lǐ
影像處理系統,yǐng xiàng chǔ lǐ xì tǒng
影兒,yǐng r
影戲人兒,yǐng xì rén r
彴約,bó yuē
彷彿,fǎng fú
彼倡此和,bǐ chàng cǐ hè
彼唱此和,bǐ chàng cǐ hè
彼得,bǐ dé
彼得大帝,bǐ dé dà dì
往還,wǎng huán
征勦,zhēng jiǎo
征帆,zhēng fán
征彸,zhēng zhōng
待一會兒,dāi yī huǐ r
待不了,dāi bù liǎo
待人處世,dài rén chǔ shì
待人處事,dài rén chǔ shì
待時守分,dài shí shǒu fèn
待賈,dài gǔ
待質,dài zhí
徇務,xún wù
徇情,xún qíng
徇情枉法,xún qíng wǎng fǎ
徇私,xún sī
徇私作弊,xún sī zuò bì
徇私廢公,xún sī fèi gōng
徇私舞弊,xún sī wǔ bì
徇通,xún tōng
律藏,lǜ zàng
後七子,hòu qī zǐ
後不為例,hòu bù wéi lì
後兒,hòu r
後加成分,hòu jiā chéng fèn
後婚兒,hòu hūn r
後尾兒,hòu wěi r
後悔藥兒,hòu huǐ yào r
後手兒,hòu shǒu r
後燕,hòu yān
後現代劇場,hòu xiàn dài jù cháng
後腦杓,hòu nǎo sháo
後臉兒,hòu liǎn r
後藏,hòu zàng
後邊,hòu bian
後頭,hòu tou
徐穉置芻,xú zhì zhì chú
徒子徒孫,tú zǐ tú sūn
徒步當車,tú bù dāng jū
得一望十,dé yī wàng shí
得不償失,dé bù cháng shī
得不的一聲,dé bù de yī shēng
得不的風兒就是雨兒,dé bù de fēng r jiù shì yǔ r
得不補失,dé bù bǔ shī
得不酬失,dé bù chóu shī
得主,dé zhǔ
得了,dé le
得了些顏色就開起染房來,dé le xiē yán sè jiù kāi qǐ rǎn fáng lái
得人,dé rén
得人兒,dé rén r
得人心,dé rén xīn
得人意,dé rén yì
得人死力,dé rén sǐ lì
得令,dé lìng
得以,dé yǐ
得似,dé sì
得來不易,dé lái bù yì
得便宜是落便宜,dé pián yi shì luò pián yi
得便宜處失便宜,dé pián yi chù shī pián yi
得償所願,dé cháng suǒ yuàn
得先手,dé xiān shǒu
得兔而忘蹄,dé tù ér wàng tí
得其三昧,dé qí sān mèi
得其所,dé qí suǒ
得其所哉,dé qí suǒ zāi
得分,dé fēn
得利,dé lì
得到,dé dào
得力,dé lì
得勁,dé jìn
得勝,dé shèng
得勝之兵,dé shèng zhī bīng
得勝之師,dé shèng zhī shī
得勝口,dé shèng kǒu
得勝回朝,dé shèng huí cháo
得勝的貓兒歡似虎,dé shèng de māo r huān sì hǔ
得勝頭回,dé shèng tóu huí
得勝頭迴,dé shèng tóu huí
得勢,dé shì
得勿,dé wù
得匣還珠,dé xiá huán zhū
得名,dé míng
得命,dé mìng
得天獨厚,dé tiān dú hòu
得失,dé shī
得失在人,dé shī zài rén
得失成敗,dé shī chéng bài
得失榮枯,dé shī róng kū
得失相半,dé shī xiāng bàn
得婿如龍,dé xù rú lóng
得宜,dé yí
得實,dé shí
得寵,dé chǒng
得寸思尺,dé cùn sī chǐ
得寸進尺,dé cùn jìn chǐ
得尺得寸,dé chǐ dé cùn
得差,dé chāi
得年,dé nián
得幸,dé xìng
得得,dé dé
得心應手,dé xīn yìng shǒu
得志,dé zhì
得悉,dé xī
得意,dé yì
得意之事,dé yì zhī shì
得意之狀,dé yì zhī zhuàng
得意之色,dé yì zhī sè
得意之餘,dé yì zhī yú
得意忘形,dé yì wàng xíng
得意忘言,dé yì wàng yán
得意忘象,dé yì wàng xiàng
得意揚揚,dé yì yáng yáng
得意洋洋,dé yì yáng yáng
得意緣,dé yì yuán
得意門生,dé yì mén shēng
得意非凡,dé yì fēi fán
得成秦晉,dé chéng qín jìn
得所,dé suǒ
得手,dé shǒu
得手應心,dé shǒu yìng xīn
得挹芝眉,dé yì zhī méi
得放手時須放手,dé fàng shǒu shí xū fàng shǒu
得救,dé jiù
得新厭舊,dé xīn yàn jiù
得新忘舊,dé xīn wàng jiù
得新棄舊,dé xīn qì jiù
得時,dé shí
得未嘗有,dé wèi cháng yǒu
得未曾有,dé wèi céng yǒu
得果,dé guǒ
得標,dé biāo
得樣兒,dé yàng r
得權重任,dé quán zhòng rèn
得步進步,dé bù jìn bù
得民,dé mín
得沾化雨,dé zhān huà yǔ
得法,dé fǎ
得濟,dé jì
得無,dé wú
得獎,dé jiǎng
得理,dé lǐ
得理不饒人,dé lǐ bù ráo rén
得用,dé yòng
得當,dé dàng
得病,dé bìng
得益,dé yì
得知,dé zhī
得神,dé shén
得票,dé piào
得票率,dé piào lǜ
得福不知,dé fú bù zhī
得空,dé kòng
得竅,dé qiào
得第,dé dì
得缺,dé quē
得罪,dé zuì
得而復失,dé ér fù shī
得而誅之,dé ér zhū zhī
得職,dé zhí
得臉,dé liǎn
得色,dé sè
得衷,dé zhōng
得親順親,dé qīn shùn qīn
得解,dé jiě
得計,dé jì
得詔,dé zhào
得逞,dé chěng
得運,dé yùn
得過,dé guò
得過且過,dé guò qiě guò
得道,dé dào
得道多助,dé dào duō zhù
得道成仙,dé dào chéng xiān
得采,dé cǎi
得錢賣放,dé qián mài fàng
得閒,dé xián
得間,dé jiàn
得隴望蜀,dé lǒng wàng shǔ
得雄,dé xióng
得雋,dé jùn
得饒人處且饒人,dé ráo rén chù qiě ráo rén
得體,dé tǐ
得高歌處且高歌,dé gāo gē chù qiě gāo gē
得魚忘筌,dé yú wàng quán
徙宅忘妻,xǐ zhè wàng qī
從伯,zòng bó
從兄,zòng xiōng
從兄弟,zòng xiōng dì
從刑,zòng xíng
從吏,zòng lì
從女,zòng nǚ
從子,zòng zǐ
從官,zòng guān
從容,cōng róng
從容不迫,cōng róng bù pò
從容就義,cōng róng jiù yì
從容自在,cōng róng zì zài
從容自若,cōng róng zì ruò
從弟,zòng dì
從從容容,cōng cōng róng róng
從母,zòng mǔ
從法,zòng fǎ
從父,zòng fù
從犯,zòng fàn
從約,zōng yuē
從罰,zòng fá
從者,zòng zhě
從衡,zōng héng
從長計議,cóng cháng jì yì
從風而靡,cóng fēng ér mǐ
復子明辟,fù zǐ míng bì
復興,fù xīng
復興基地,fù xīng jī dì
復興崗,fù xīng gāng
復蹈其轍,fù dào qí chè
復蹈前轍,fù dào qián chè
復辟,fù bì
循分,xún fèn
循名校實,xún míng jiào shí
微中子,wéi zhōng zǐ
微子,wéi zǐ
微暈,wéi yùn
微薄,wéi bó
微處理機,wéi chǔ lǐ jī
徵辟,zhēng bì
德佛亞克,dé fó yà kè
德業長昭,dé yè cháng zhāo
德流子孫,dé liú zǐ sūn
德淺行薄,dé qiǎn xìng bó
德薄才疏,dé bó cái shū
德薄能鮮,dé bó néng xiǎn
德行,dé xìng
德黑蘭,dé hè lán
德黑蘭會議,dé hè lán huì yì
徼亂,jiāo luàn
徼亭,jiào tíng
徼外,jiào wài
徼巡,jiào xún
徼循,jiào xún
徼福,yāo fú
徼道,jiào dào
心不應口,xīn bù yìng kǒu
心事,xīn shi
心事重重,xīn shì chóng chóng
心喪,xīn sāng
心奓體忕,xīn chǐ tǐ tài
心安理得,xīn ān lǐ dé
心寬出少年,xīn kuān chū shào nián
心寬體胖,xīn kuān tǐ pán
心廣體胖,xīn guǎng tǐ pán
心律調節器,xīn lǜ tiáo jié qì
心得,xīn dé
心急火燎,xīn jí huǒ liào
心怯,xīn què
心手相應,xīn shǒu xiāng yìng
心旌搖曳,xīn jīng yáo yì
心病還得心藥醫,xīn bìng hái děi xīn yào yī
心眼兒,xīn yǎn r
心肌梗塞,xīn jī gěng sè
心血,xīn xuè
心血來潮,xīn xuè lái cháo
心裡,xīn li
心裡有個譜,xīn li yǒu ge pǔ
心裡有數,xīn li yǒu shù
心長髮短,xīn cháng fǎ duǎn
心電感應,xīn diàn gǎn yìng
心靈音樂,xīn líng yīn yuè
心頭小鹿撞個不住,xīn tóu xiǎo lù zhuàng ge bù zhù
心願,xīn yuan
必不得已,bì bù dé yǐ
必得,bì děi
忍俊不禁,rěn jùn bù jīn
忒兒,tè r
忒兒嘍,tè r lou
忒楞,tè lèng
忒楞楞,tè lèng lèng
忒楞楞騰,tè lèng lèng téng
忒煞,tè shà
忖度,cǔn duò
忖著勁兒,cǔn zhe jìng r
志分,zhì fèn
志在必得,zhì zài bì dé
志得意滿,zhì dé yì mǎn
志滿氣得,zhì mǎn qì dé
志行,zhì xìng
志誠君子,zhì chéng jūn zǐ
忘八,wáng ba
忘八羔子,wáng ba gāo zi
忘性,wàng xing
忘象得意,wàng xiàng dé yì
忙不迭地,máng bù dié de
忙惚兒,máng hū r
忙裡偷閒,máng li tōu xián
忠告,zhōng gù
忠臣孝子,zhōng chén xiào zǐ
快快當當,kuài kuai dāng dāng
快活,kuài huo
快滋生反應器,kuài zī shēng fǎn yìng qì
快當,kuài dang
快碼倉頡,kuài mǎ cāng jié
快速帆船,kuài sù fán chuán
快雪時晴帖,kuài xuě shí qíng tiè
念佛,niàn fó
念佛三昧,niàn fó sān mèi
念叨,niàn dao
念央兒,niàn yāng r
念子曰,niàn zǐ yuē
念心兒,niàn xīn r
念曲叫曲,niàn qǔ jiào qǔ
念米佛,niàn mǐ fó
念誦,niàn song
念豆兒佛,niàn dòu r fó
念頭,niàn tou
忻忻得意,xīn xīn dé yì
忽剌八,hū là bā
忽剌巴,hū là bā
忽的,hū dì
怎地,zěn de
怎麼得了,zěn me dé liǎo
怎麼搞的,zě me gǎo de
怒子,nù zǐ
怒目攢眉,nù mù cuán méi
怒臂當車,nù bì dǎng chē
怒號,nù háo
怔住,lèng zhù
怔呵呵,lèng hē hē
怔忪,zhēng zhōng
怔怔,lèng lèng
怕不,pà bu
怕是,pà shi
怕臊,pà sào
怕長怕短,pà cháng pà duǎn
怗懘,zhān chì
思省,sī xǐng
思量,sī liáng
怠玩,dài wàn
怡然自得,yí rán zì dé
急人之難,jí rén zhī nàn
急伶俐,jí líng li
急來抱佛腳,jí lái bào fó jiǎo
急公好義,jí gōng hào yì
急則抱佛腳,jí zé bào fó jiǎo
急急巴巴,jí ji bā bā
急急忙忙,jí ji máng máng
急急腳腳,jí ji jiǎo jiǎo
急急鋪鋪,jí ji pū pū
急性脊髓灰白質炎,jí xìng jí suǐ huī bái zhí yán
急時抱佛腳,jí shí bào fó jiǎo
急水下不得槳,jí shuǐ xià bù dé jiǎng
急煞,jí sha
急留骨碌,jí liu gū lu
急相,jí xiàng
急穰穰,jí rǎng rǎng
急脈緩受,jí mò huǎn shòu
急難,jí nàn
急驚風撞著慢郎中,jí jīng fēng zhuàng zháo màn láng zhōng
急驚風遇著慢郎中,jí jīng fēng yù zháo màn láng zhōng
性兒,xìng r
性分,xìng fèn
性相,xìng xiàng
性行為,xìng xíng wéi
性變態行為,xìng biàn tài xíng wéi
性質,xìng zhí
怨家,yuān jiā
怨恨,yuàn hen
怨艾,yuàn yì
怪模怪樣,guài mú guài yàng
怪物相,guài wù xiàng
怫恚,fèi huì
怫然,fèi rán
怫然不悅,fèi rán bù yuè
怫然作色,fèi rán zuò sè
怫然變色,fèi rán biàn sè
怫異,bèi yì
怯上,què shàng
怯口,què kǒu
怯夫,què fū
怯床,què chuáng
怯弱,què ruò
怯怯,què què
怯怯喬喬,què què qiáo qiáo
怯怯羞羞,què què xiū xiū
怯憐戶,què lián hù
怯懦,què nuò
怯死,què sǐ
怯殼兒,què ké r
怯生,què shēng
怯生生,què shēng shēng
怯症,què zhèng
怯禮,què lǐ
怯聲怯氣,què shēng què qì
怯話,què huà
怯陣,què zhèn
怯頭怯惱,què tóu què nǎo
怵怵忐忐,chù chu tǎn tǎn
恁地,rèn de
恇怯,kuāng què
恐嚇,kǒng hè
恐嚇罪,kǒng hè zuì
恐怖分子,kǒng bù fèn zǐ
恣意妄為,zì yì wàng wéi
恣睢,cī suī
恣睢無忌,cī suī wú jì
恨不得,hèn bu de
恨沒地縫兒鑽進去,hèn méi dì fèng r zuān jìn qù
恩威並著,ēn wēi bìng zhù
恩相,ēn xiàng
恩給制,ēn jǐ zhì
恩賜,ēn sì
恫喝,dòng hè
恫嚇,dòng hè
恫疑虛喝,dòng yí xū hè
恫疑虛猲,dòng yí xū hè
恫瘝,tōng guān
恫瘝在抱,tōng guān zài bào
恫瘝在身,tōng guān zài shēn
恬不為怪,tián bù wéi guài
恬不為意,tián bù wéi yì
恬淡無為,tián dàn wú wéi
恭本,gōng ben
恭本正傳,gōng ben zhèng zhuàn
恭維話,gōng wei huà
息賁,xí bēn
恰如其分,qià rú qí fèn
恰當,qià dàng
悁忿,juān fèn
悁悁,juān juān
悁想,juān xiǎng
悁邑,juān yì
悄不聲兒的,qiǎo bu shēng r de
悉數,xī shǔ
悉率,xī shuài
悉索薄賦,xī suǒ bó fù
悍將,hàn jiàng
悔之亡及,huǐ zhī wú jí
悖繆,bèi miù
悠停,yōu ting
悠然自得,yōu rán zì dé
悠長,yōu cháng
患得患失,huàn dé huàn shī
患難,huàn nàn
患難之交,huàn nàn zhī jiāo
患難夫妻,huàn nàn fū qī
患難相恤,huàn nàn xiāng xù
患難相扶,huàn nàn xiāng fú
患難相死,huàn nàn xiāng sǐ
患難與共,huàn nàn yǔ gòng
患難見真情,huàn nàn jiàn zhēn qíng
您納,nín na
悲不自勝,bēi bù zì shēng
悲咽,bēi yè
悲愴交響曲,bēi chuàng jiāo xiǎng qǔ
悲號,bēi háo
悴薄,cuì bó
悵怳,chàng huǎng
悶不作聲,mēn bù zuò shēng
悶不吭聲,mēn bù kēng shēng
悶厭厭,mèn yān yān
悶弓兒,mēn gōng r
悶得慌,mèn de huang
悶悶渴渴,mèn mèn hé hé
悶數錢糧,mēn shǔ qián liáng
悶板,mēn bǎn
悶氣,mēn qì
悶汗,mēn hàn
悶熱,mēn rè
悶著頭兒幹,mēn zhe tóu r gàn
悶葫蘆,mèn hú lu
悶葫蘆罐,mèn hú lu guàn
悶頭,mēn tóu
悶騰騰,mèn tēng tēng
悾憁,kǒng zǒng
惄如調饑,nì rú tiáo jī
情不自勝,qíng bù zì shēng
情不自禁,qíng bù zì jīn
情分,qíng fen
情場,qíng cháng
情怯,qíng què
情見乎言,qíng xiàn hū yán
情見乎辭,qíng xiàn hū cí
情見力屈,qíng xiàn lì qū
情見勢屈,qíng xiàn shì qū
情見勢竭,qíng xiàn shì jié
情長紙短,qíng cháng zhǐ duǎn
情非得已,qíng fēi dé yǐ
情面,qíng mian
惏悷,lín lì
惏慄,lín lì
惛懵,hūn méng
惝怳,chǎng huǎng
惠子,huì zǐ
惠子知我,huì zǐ zhī wǒ
惠施五車,huì shī wǔ jū
惠賜,huì sì
惡哏哏,è hēn hēn
惡嫌,wù xián
惡子,è zǐ
惡少,è shào
惡性倒閉,è xìng dǎo bì
惡惡,wù è
惡惡從短,wù è cóng duǎn
惡有,wū yǒu
惡濕居下,wù shī jū xià
惡煞,è shà
惡病質,è bìng zhí
惡直醜正,wù zhí chǒu zhèng
惡相,è xiàng
惡眉惡眼,è mei è yǎn
惡紫奪朱,wù zǐ duó zhū
惡行,è xìng
惡衣菲食,è yī fěi shí
惡醉強酒,wù zuì qiǎng jiǔ
想不透,xiǎng bu tòu
想度,xiǎng duò
想法子,xiǎng fá zi
想碴兒,xiǎng chá r
想頭,xiǎng tou
意味深長,yì wèi shēn cháng
意得志滿,yì dé zhì mǎn
意思,yì si
意思意思,yì si yì si
意意似似,yì yi sì sì
意意思思,yì yi sī sī
意氣自得,yì qì zì dé
意滿志得,yì mǎn zhì dé
意義深長,yì yì shēn cháng
意裡意思,yì li yì si
愕眙,è chì
愚懵,yú méng
愚氓,yú méng
愛人兒,ài rén r
愛人好士,ài rén hào shì
愛八哥兒,ài bā ge r
愛好,ài hào
愛好兒,ài hǎo r
愛子,ài zǐ
愛將,ài jiàng
愛巴物兒,ài bā wù r
愛才好士,ài cái hào shì
愛民如子,ài mín rú zǐ
愛物兒,ài wù r
愛迪生效應,ài dí shēng xiào yìng
愛遠惡近,ài yuǎn wù jìn
愜當,qiè dàng
感恩荷德,gǎn ēn hè dé
感應,gǎn yìng
愣兒,lèng r
愣怔,lèng lèng
愣神兒,lèng shén r
愣頭兒青,lèng tóu r qīng
愷悌君子,kǎi tì jūn zǐ
愷樂,kǎi yuè
慈孫孝子,cí sūn xiào zǐ
慈悲為懷,cí bēi wéi huái
慈悲為本,cí bēi wéi běn
慌了神兒,huāng le shén r
慌張勢煞,huāng zhāng shì shà
慌裡慌張,huāng li huāng zhāng
慎子,shèn zǐ
慎行,shèn xìng
慘綠少年,cǎn lǜ shào nián
慢慢兒,màn màn r
慢慢吞吞,màn man tūn tūn
慢散,màn sǎn
慢曲,màn qǔ
慢點兒,màn diǎn r
慧給,huì jǐ
慨然應允,kǎi rán yìng yǔn
慰勞,wèi lào
慰藉,wèi jiè
慶流子孫,qìng liú zǐ sūn
慶父,qìng fǔ
憂闕,yōu quē
憋悶,biē men
憋拗,biē niù
憎惡,zēng wù
憑噫,píng yī
憑藉,píng jiè
憑虛公子,píng xū gōng zǐ
憤薄,fèn bó
懂行,dǒng háng
懈弛,xiè chí
懈鬆,xiè song
應世,yìng shì
應乎人心,yìng hū rén xīn
應付,yìng fù
應付自如,yìng fù zì rú
應付裕如,yìng fù yù rú
應允,yìng yǔn
應典,yìng diǎn
應分,yīng fèn
應制,yìng zhì
應力,yìng lì
應劭,yìng shào
應募,yìng mù
應卯,yìng mǎo
應卯吃糧,yìng mǎo chī liáng
應口,yìng kǒu
應召,yìng zhào
應召女郎,yìng zhào nǚ láng
應召站,yìng zhào zhàn
應名,yìng míng
應名兒,yìng míng r
應名點卯,yìng míng diǎn mǎo
應命,yìng mìng
應和,yìng hè
應嘴應舌,yìng zuǐ yìng shé
應圖受籙,yìng tú shòu lù
應天受命,yìng tiān shòu mìng
應天府,yìng tiān fǔ
應天從人,yìng tiān cóng rén
應天從民,yìng tiān cóng mín
應天從物,yìng tiān cóng wù
應天承運,yìng tiān chéng yùn
應天書院,yìng tiān shū yuàn
應天順人,yìng tiān shùn rén
應天順時,yìng tiān shùn shí
應天順民,yìng tiān shùn mín
應對,yìng duì
應對不窮,yìng duì bù qióng
應對如流,yìng duì rú liú
應山縣,yìng shān xiàn
應市,yìng shì
應弦飲羽,yìng xián yǐn yǔ
應徵,yìng zhēng
應徵信,yìng zhēng xìn
應急,yìng jí
應感,yìng gǎn
應戰,yìng zhàn
應手,yìng shǒu
應承,yìng chéng
應捕,yìng bǔ
應接,yìng jiē
應接不暇,yìng jiē bù xiá
應接如響,yìng jiē rú xiǎng
應援,yìng yuán
應敵,yìng dí
應昂,yìng áng
應昌期圍棋教育基金會,yìng chāng qí wéi qí jiào yù jī jīn huì
應時,yìng shí
應時當令,yìng shí dāng lìng
應時而生,yìng shí ér shēng
應景,yìng jǐng
應機權變,yìng jī quán biàn
應機立斷,yìng jī lì duàn
應權通變,yìng quán tōng biàn
應物,yìng wù
應物斯感,yìng wù sī gǎn
應物現形,yìng wù xiàn xíng
應瑒,yìng yáng
應璩,yìng qú
應用,yìng yòng
應用套裝軟體,yìng yòng tào zhuāng ruǎn tǐ
應用心理學,yìng yòng xīn lǐ xué
應用數學,yìng yòng shù xué
應用文,yìng yòng wén
應用科學,yìng yòng kē xué
應用程式,yìng yòng chéng shì
應用語言學,yìng yòng yǔ yán xué
應用軟體,yìng yòng ruǎn tǐ
應答,yìng dá
應答如流,yìng dá rú liú
應答如響,yìng dá rú xiǎng
應籙受圖,yìng lù shòu tú
應繼分,yīng jì fèn
應考,yìng kǎo
應聘,yìng pìn
應聲,yìng shēng
應聲而倒,yìng shēng ér dǎo
應聲蟲,yìng shēng chóng
應舉,yìng jǔ
應規蹈矩,yìng guī dào jǔ
應訊,yìng xùn
應許,yìng xǔ
應診,yìng zhěn
應詔,yìng zhào
應試,yìng shì
應諾,yìng nuò
應變,yìng biàn
應變無方,yìng biàn wú fāng
應變隨機,yìng biàn suí jī
應運,yìng yùn
應運而出,yìng yùn ér chū
應運而生,yìng yùn ér shēng
應運而起,yìng yùn ér qǐ
應邀,yìng yāo
應酬,yìng chóu
應酬話,yìng chóu huà
應鐘,yìng zhōng
應門,yìng mén
應際而生,yìng jì ér shēng
應驗,yìng yàn
應龍,yìng lóng
懲一戒百,chéng yī jiè bó
懲一警百,chéng yī jǐng bó
懲戒處分,chéng jiè chǔ fèn
懲處,chéng chǔ
懵憒,méng kuì
懵懵,méng méng
懵撒,méng sā
懵然,méng rán
懵然未覺,méng rán wèi jué
懵然無知,méng rán wú zhī
懵藥,méng yào
懵騰,méng téng
懶待,lǎn dai
懶散,lǎn sǎn
懶骨頭,lǎn gú tou
懷子,huái zǐ
懷文抱質,huái wén bào zhí
懷質抱真,huái zhí bào zhēn
懸崖勒馬,xuán yái lè mǎ
懸溜,xuán liù
懸的過高,xuán dì guò gāo
懸絲傀儡,xuán sī kuǐ lěi
懸薄,xuán bó
懸針垂露,xuán zhēn chuí lòu
懸鉤子,xuán gōu zǐ
懼怯,jù què
懿範長昭,yì fàn cháng zhāo
懿行,yì xìng
戀曲,liàn qǔ
戀生惡死,liàn shēng wù sǐ
戇頭戇腦,gàng tóu gàng nǎo
戈什,gē shí
戈什哈,gē shí hā
戊戌六君子,wù xū liù jūn zǐ
戌削,xū xiāo
戎行,róng háng
戎馬倥傯,róng mǎ kǒng zǒng
成佛,chéng fó
成個兒,chéng gè r
成兒,chéng r
成分,chéng fèn
成副兒,chéng fù r
成千累萬,chéng qiān lěi wàn
成吉思汗,chéng jí sī hán
成年累月,chéng nián lěi yuè
成敗得失,chéng bài dé shī
成敗興廢,chéng bài xīng fèi
成方兒,chéng fāng r
成日家,chéng rì jia
成本會計,chéng běn kuài jì
成氣候,chéng qì hou
成窩兒,chéng wō r
成都市,chéng dū shì
成都平原,chéng dū píng yuán
成都賣卜,chéng dū mài bǔ
我黼子佩,wǒ fǔ zǐ pèi
戒相,jiè xiàng
戕賊,qiáng zé
戢景,jí yǐng
戧戧,qiàng qiàng
戧柱,qiàng zhù
戧金,qiàng jīn
截蒲為牒,jié pú wéi dié
截長補短,jié cháng bǔ duǎn
戰場,zhàn cháng
戰將,zhàn jiàng
戲下,huī xià
戲包袱,xì bāo fu
戲戟,huī jǐ
戲曲,xì qǔ
戲行,xì háng
戳兒,chuō r
戴憑重席,dài píng chóng xí
戴笠荷鋤,dài lì hè chú
戶口校正,hù kǒu jiào zhèng
戶給人足,hù jǐ rén zú
戶限為穿,hù xiàn wéi chuān
戹屯歌,è zhūn gē
房中樂,fáng zhōng yuè
房分,fáng fèn
房分兄弟,fáng fèn xiōng dì
房帖,fáng tiě
房牙子,fáng yá zǐ
房舍,fáng shè
所作所為,suǒ zuò suǒ wéi
所向披靡,suǒ xiàng pī mǐ
所得,suǒ dé
所得彈性,suǒ dé tán xìng
所得稅,suǒ dé shuì
所為,suǒ wéi
扁擔,biǎn dan
扁擔壓不出個屁來,biǎn dan yā bù chū ge pì lai
扁擔戲,biǎn dan xì
扁擔飯,biǎn dan fàn
扁柏,biǎn bó
扁毛畜生,biǎn máo chù sheng
扁舟,piān zhōu
扁鑽,biǎn zuàn
扁食,biǎn shi
扃扃,jiǒng jiǒng
扇動,shān dòng
扇墜兒,shàn zhuì r
扇揚,shān yáng
扇枕溫席,shān zhěn wēn xí
扇枕溫衾,shān zhěn wēn qīn
扇枕溫被,shān zhěn wēn bèi
扇涼翅兒,shān liáng chì r
扇火止沸,shān huǒ zhǐ fèi
扇誘,shān yòu
扇風耳朵,shān fēng ěr duo
扈從,hù zòng
手不釋卷,shǒu bù shì juàn
手串兒,shǒu chuàn r
手作,shǒu zuō
手兒,shǒu r
手卷,shǒu juàn
手字兒,shǒu zì r
手帖,shǒu tiě
手底下,shǒu dǐ xia
手彩兒,shǒu cǎi r
手扒雞,shǒu pá jī
手攜手,shǒu xī shǒu
手癬,shǒu xiǎn
手相,shǒu xiàng
手相學,shǒu xiàng xué
手足重繭,shǒu zú chóng jiǎn
手長的,shǒu cháng de
手長衣袖短,shǒu cháng yī xiù duǎn
才分,cái fèn
才子,cái zǐ
才子佳人,cái zǐ jiā rén
才子書,cái zǐ shū
才疏德薄,cái shū dé bó
才秀人微,cái xiù rén wēi
才輕德薄,cái qīng dé bó
才過子建,cái guò zǐ jiàn
才高行厚,cái gāo xìng hòu
才高行潔,cái gāo xìng jié
扎乎,zhā hu
扎住,zhǎ zhù
扎墊,zhá diàn
扎實,zhā shi
扎括,zhá guā
扎掂,zhá diān
扎掙,zhá zheng
扎撒,zhā sǎ
扎煞,zhā sha
扎縛,zhá fú
扎耳朵,zhā ěr duo
扎腦門兒,zhā nǎo mén r
扎腳,zhá jiǎo
扒上,pá shang
扒城,pá chéng
扒山越嶺,pá shān yuè lǐng
扒手,pá shǒu
扒拉,bā la
扒推,pá tuī
扒沙,pá shā
扒灰,pá huī
扒犁,pá li
扒竊,pá qiè
扒糕,pá gāo
扒糞的,pá fèn de
扒自飯碗兒,pá zì fàn wǎn r
扒街淘空,pá jiē táo kōng
扒頭兒,bā tou r
扒飯,pá fàn
打一個吞,dǎ yī ge tūn
打中,dǎ zhòng
打乾噦,dǎ gān yuē
打乾淨毬兒,dǎ gān jìng qiú r
打了一個悶雷,dǎ le yī ge mèn léi
打了個千兒,dǎ le ge qiān r
打了個寒噤,dǎ le ge hán jìn
打了個照面,dǎ le ge zhào miàn
打了個盹兒,dǎ le ge dǔn r
打了個落花流水,dǎ le ge luò huā liú shuǐ
打佯兒,dǎ yáng r
打供,dǎ gòng
打供太保,dǎ gòng tài bǎo
打個前失,dǎ ge qián shī
打個千兒,dǎ ge qiān r
打個問號,dǎ ge wèn hào
打個沉兒,dǎ ge chén r
打個照會,dǎ ge zhào huì
打個照面,dǎ ge zhào miàn
打個花,dǎ ge huā
打倒,dǎ dǎo
打剌孫,dǎ là sūn
打千兒,dǎ qiān r
打和,dǎ huò
打和哄,dǎ huò hōng
打哆嗦,dǎ duō suo
打哈哈,dǎ hā ha
打哈欠,dǎ hā qian
打喳喳,dǎ chā chā
打嚏噴,dǎ tì fen
打圓場,dǎ yuán cháng
打圓相,dǎ yuán xiàng
打地灘兒,dǎ dì tān r
打場,dǎ cháng
打墜咕囉兒,dǎ zhuì gū luō r
打夜作,dǎ yè zuō
打家劫舍,dǎ jiā jié shè
打屁股,dǎ pì gu
打差,dǎ chāi
打幌,dǎ huàng
打張雞兒,dǎ zhāng jī r
打張驚兒,dǎ zhāng jīng r
打彈子,dǎ dàn zǐ
打恭作揖,dǎ gōng zuō yī
打悲阿,dǎ bēi ē
打悶葫蘆,dǎ mèn hú lu
打惡心,dǎ ě xīn
打打殺殺,dǎ da shā shā
打打算盤,dǎ da suàn pán
打打鬧鬧,dǎ da nào nào
打把勢,dǎ bǎ shi
打把式,dǎ bǎ shi
打挺兒,dǎ tǐng r
打挾,dǎ jiá
打擂臺,dǎ lèi tái
打擊樂,dǎ jí yuè
打擊樂器,dǎ jí yuè qì
打攢盤,dǎ cuán pán
打旋磨,dǎ xuán mò
打旗兒的,dǎ qí r de
打晃兒,dǎ huàng r
打更,dǎ gēng
打水撇兒,dǎ shuǐ piē r
打水漂兒,dǎ shuǐ piāo r
打沒頭壇,dǎ mò tóu tán
打沒頭官司,dǎ méi tóu guān si
打淨撈乾,dǎ jìng lāo gān
打渾,dǎ hùn
打牆板兒翻上下,dǎ qiáng bǎn r fān shàng xià
打牌兒,dǎ pái r
打牙兒,dǎ yá r
打獨磨,dǎ dú mò
打甚麼不緊,dǎ shén me bù jǐn
打甚麼緊,dǎ shén me jǐn
打發,dǎ fa
打盹兒,dǎ dǔn r
打短兒,dǎ duǎn r
打磨盤,dǎ mò pán
打磨磨轉,dǎ mò mo zhuàn
打稻場,dǎ dào cháng
打篤磨,dǎ dǔ mò
打篤磨槎,dǎ dǔ mò chá
打簸箕,dǎ bò jī
打糖鑼兒的,dǎ táng luó r de
打老兒,dǎ lǎo r
打自得兒,dǎ zì dé r
打草兒,dǎ cǎo r
打落牙齒和血吞,dǎ luò yá chǐ huò xiě tūn
打虎還得親兄弟,dǎ hǔ hái děi qīn xiōng dì
打調,dǎ tiáo
打踅磨,dǎ xué mo
打蹔,dǎ zhàn
打躬作揖,dǎ gōng zuō yī
打軟腿兒,dǎ ruǎn tuǐ r
打轉,dǎ zhuàn
打通兒,dǎ tōng r
打都磨子,dǎ dū mò zi
打野盤兒,dǎ yě pán r
打鋪蓋,dǎ pū gai
打錢兒的,dǎ qián r de
打雙關兒透,dǎ shuāng guān r tòu
打靶場,dǎ bǎ cháng
打響瓜兒,dǎ xiǎng guā r
打馬將,dǎ mǎ jiàng
打馬虎,dǎ mǎ hu
打馬虎眼,dǎ mǎ hu yǎn
打鳳撈龍,dǎ fèng láo lóng
打麥場,dǎ mài cháng
打麻將,dǎ má jiàng
打點,dǎ dian
打點兒,dǎ diǎn r
打點行裝,dǎ dian xíng zhuāng
打鼓兒的,dǎ gǔ r de
扛喪,káng sāng
扛子火燒,gāng zi huǒ shāo
扛肩兒的,káng jiān r de
扛長活,káng cháng huó
扛鼎,gāng dǐng
扛鼎士,gāng dǐng shì
扛鼎拔山,gāng dǐng bá shān
扣兒,kòu r
扣環兒,kòu huán r
扣襻兒,kòu pàn r
扭嘴兒,niǔ zuǐ r
扭搭,niǔ da
扭是為非,niǔ shì wéi fēi
扭股兒糖,niǔ gǔ r táng
扮相,bàn xiàng
扯倒,chě dǎo
扯尾巴,chě wěi ba
扯手,chě shou
扯扯拽拽,chě chě yè yè
扯撮,chě cuò
扯曳,chě yì
扯牛尾巴,chě niú wěi ba
扯簸箕,chě bò jī
扯臊,chě sào
扯落,chě luo
扯謊撩白,chě huǎng liáo bái
扯閑盤兒,chě xián pán r
扳不倒兒,bān bù dǎo r
扳倒,bān dǎo
扳厚,pān hòu
扳差頭,bān cuō tóu
扳留,pān liú
扳藤附葛,pān téng fù gé
扳話,pān huà
扳談,pān tán
扶手,fú shou
扶手匣,fú shou xiá
扶掖,fú yè
扶東倒西,fú dōng dǎo xī
扶老攜幼,fú lǎo xī yòu
批次處理,pī cì chǔ lǐ
批發市場,pī fā shì cháng
扼吭,è háng
扼吭拊背,è háng fǔ bèi
找尋,zhǎo xun
找對頭,zhǎo duì tou
找沒味兒,zhǎo méi wèi r
找碴兒,zhǎo chá r
找補,zhǎo bu
找頭,zhǎo tou
找麻煩,zhǎo má fan
承差,chéng chāi
承應,chéng yìng
技倆,jì liǎng
抄扎,chāo zhá
抄撮,chāo cuò
抄沒,chāo mò
抄空兒,chāo kòng r
抄總兒,chāo zǒng r
抉擿,jué tì
抉瑕擿釁,jué xiá tì xìn
把兒,bǎ r
把兒缸子,bà r gāng zi
把兒鏡子,bà r jìng zi
把勢,bǎ shi
把卷,bǎ juàn
把場,bǎ cháng
把式,bǎ shi
把弦兒,bǎ xián r
把把,bǎ ba
把攬,bǎ lan
把斂,bǎ lian
把玩,bǎ wàn
把突兒,bǎ tú r
把都兒,bǎ dū ér
抑勒,yì lè
抑塞,yì sè
抑塞磊落,yì sè lěi luò
抓子兒,chuǎ zǐ r
抓尖兒,zhuā jiān r
抓工夫,zhuā gōng fu
抓抓掗掗,zhuā zhua yà yà
抓抓撓撓,zhuā zhua náo náo
抓撓,zhuā nao
抓撓兒,zhuā nao r
抓破臉兒,zhuā pò liǎn r
抓碴兒,zhuā chá r
抓角兒,zhuā jiǎo r
抔土未乾,póu tǔ wèi gān
投其所好,tóu qí suǒ hào
投分,tóu fèn
投奔,tóu bèn
投奔無門,tóu bèn wú mén
投機倒把,tóu jī dǎo bǎ
投機分子,tóu jī fèn zǐ
投洽,tóu xiá
投袂荷戈,tóu mèi hè gē
投解,tóu jiè
投門路,tóu mén lu
投閒置散,tóu xián zhì sǎn
投降,tóu xiáng
抖摟,dǒu lou
抖機伶兒,dǒu jī ling r
抖翻,dǒu fan
抗戰歌曲,kàng zhàn gē qǔ
抗疏,kàng shù
抗行,kàng háng
折倒,zhé dǎo
折本,shé běn
折殺,zhé sha
折當,zhé dàng
折碗,zhē wǎn
折秤,shé chèng
折箭為誓,zhé jiàn wéi shì
折籮,zhē luó
折耗,shé hào
折莫,zhē mò
折返,zhē fǎn
折長補短,zhé cháng bǔ duǎn
折頭,zhé tou
折騰,zhē teng
抨彈,pēng tán
披卷,pī juàn
披哆,pī chě
披撇,pī piě
披散,pī san
披玩,pī wàn
披豁,pī huò
披靡,pī mǐ
抬帖,tái tiě
抬行市,tái háng shì
抱佛腳,bào fó jiǎo
抱子弄孫,bào zǐ nòng sūn
抱廈廳,bào xià tīng
抱朴子,bào pú zǐ
抱盆兒擲,bào pén r zhí
抱腳兒,bào jiǎo r
抱腿兒,bào tuǐ r
抱身兒,bào shēn r
抵不過,dǐ bu guò
抵得,dǐ dé
抵死漫生,dǐ sǐ mán shēng
抵當,dǐ dàng
抹不著影,mǒ bù zháo yǐng
抹不開,mò bù kāi
抹抹颩颩,mǒ mǒ diū diū
抹搶,mǒ qiāng
抹胸,mò xiōng
抹腹,mò fù
抹面,mò miàn
抹頭,mò tóu
抹額,mò é
抹颩,mǒ diū
押字,yá zì
押尾,yá wěi
押差,yā chāi
押榜,yá bǎng
押櫃,yá guì
押當,yā dàng
押花,yá huā
押解,yā jiè
押頭,yā tou
抽功夫,chōu gōng fu
抽咽,chōu yè
抽屜,chōu ti
抽搭,chōu da
抽空,chōu kòng
抽縐,chōu zhou
抽豐,chōu feng
抽鼻兒,chōu bí r
拂士,bì shì
拄笏看山,zhǔ hù kān shān
拆放市場,chāi fàng shì cháng
拆洗,chāi xi
拇量,mǔ liáng
拈折,diān zhé
拈相,nián xiàng
拉丁美洲音樂,lā dīng měi zhōu yīn yuè
拉不下臉來,lā bu xià liǎn lai
拉主顧,lā zhǔ gu
拉些兒,lā xiē r
拉便宜手兒,lā pián yi shǒu r
拉倒,lā dǎo
拉呱兒,lā guā r
拉坏,lā pēi
拉場,lā cháng
拉場子,lā cháng zi
拉塞福,lā sè fú
拉大片,lā dà piān
拉巴,lā ba
拉弄,lā long
拉彎兒,lā wān r
拉抽屜,lā chōu ti
拉拔,lā ba
拉攏,lā long
拉晚兒,lā wǎn r
拉曳,lā yì
拉替身兒,lā tì shen r
拉洋片,lā yáng piān
拉片兒湯,lā piàn r tāng
拉生意,lā shēng yi
拉窟窿,lā kū long
拉絆著,lā ban zhe
拉舌頭,lā shé tou
拉虧空,lā kuī kong
拉買賣,lā mǎi mai
拉長,lā cháng
拉長線,lā cháng xiàn
拉長耳朵聽,lā cháng ěr duo tīng
拉長臉,lā cháng liǎn
拉開,lā kai
拉飢荒,lā jī huang
拉駱駝,lā luò tuo
拋妻別子,pāo qī bié zǐ
拌折,pàn zhé
拍塞,pāi sè
拍立得攝影,pāi lì dé shè yǐng
拍立得相機,pāi lì dé xiàng jī
拍老腔兒,pāi lǎo qiāng r
拐兒,guǎi r
拐孤,guǎi gu
拐彎抹角,guǎi wān mò jiǎo
拐裨子,guǎi pí zǐ
拒塞,jù sè
拓印,tà yìn
拓本,tà běn
拓片,tà piàn
拓碑,tà bēi
拔不出腿來,bá bu chū tuǐ lái
拔了一個尖兒,bá le yī ge jiān r
拔了蘿蔔地皮寬,bá le luó bo dì pí kuān
拔剌,bá là
拔十得五,bá shí dé wǔ
拔山扛鼎,bá shān gāng dǐng
拔山曲,bá shān qǔ
拔得頭籌,bá dé tóu chóu
拔摋,bá shā
拔本塞原,bá běn sè yuán
拔本塞源,bá běn sè yuán
拔脯兒,bá pú r
拔著短籌,bá zháo duǎn chóu
拔解,bá jiè
拔都,bá dū
拔都魯,bá dū lǔ
拖尾巴,tuō wěi ba
拖拽,tuō yè
拖空子,tuō kòng zi
拖鎗拽棒,tuō qiāng yè bàng
拖麻拽布,tuō má zhuài bù
拗不登,ào bu dēng
拗不過,ào bu guò
拗口,ào kǒu
拗口令,ào kǒu lìng
拗口風,ào kǒu fēng
拗句,ào jù
拗強,ào jiàng
拗彆,ào bie
拗彆攪炒,ào bie jiǎo chǎo
拗怒,yù nù
拗性,niù xìng
拗甜,ào tián
拗相公,niù xiàng gōng
拗處,ào chù
拗體,ào tǐ
拗體詩,ào tǐ shī
拘兒,jū r
拘拘縮縮,jū ju suō suō
拘攣兒,jū lüan r
拘泥,jū nì
拘神遣將,jū shén qiǎn jiàng
拘頭,jū tou
拙著,zhuó zhù
招兒,zhāo r
招呼,zhāo hu
招呼站,zhāo hu zhàn
招惹,zhāo re
招招手,zhāo zhao shǒu
招數,zhāo shu
招笑兒,zhāo xiào r
招解,zhāo jiè
招護,zhāo hu
招降,zhāo xiáng
招降納叛,zhāo xiáng nà pàn
招降納順,zhāo xiáng nà shùn
拜佛,bài fó
拜倒石榴裙下,bài dǎo shí liú qún xià
拜倒轅門,bài dǎo yuán mén
拜將封侯,bài jiàng fēng hóu
拜帖,bài tiě
拜手稽首,bài shǒu qǐ shǒu
拜拜,bài bai
拜相,bài xiàng
拜相封侯,bài xiàng fēng hóu
拜碼頭,bài mǎ tou
拜稽首,bài qǐ shǒu
括剌剌,guā là là
括帖,guā tiě
括約肌,kuò yuē jī
拭目以俟,shì mù yǐ sì
拮据,jié jū
拱手作揖,gǒng shǒu zuō yī
拱手投降,gǒng shǒu tóu xiáng
拱手而降,gǒng shǒu ér xiáng
拱手聽命,gǒng shǒu tìng mìng
拳頭,quán tou
拳頭產品,quán tou chǎn pǐn
拴娃娃,shuān wá wa
拴扣兒,shuān kòu r
拶子,zǎn zi
拶指,zǎn zhǐ
拽塌,zhuài tā
拽巷攞街,zhuài xiàng luó jiē
拽巷邏街,zhuài xiàng luó jiē
拽布披麻,zhuài bù pī má
拽布拖麻,zhuài bù tuō má
拽扎,zhuài zhā
拽欛扶犁,zhuài bà fú lí
拽滿,zhuài mǎn
拽耙扶犁,zhuài pá fú lí
拽象拖犀,zhuài xiàng tuō xī
拾得,shí dé
拾掇,shí duo
拾級,shè jí
拾級而上,shè jí ér shàng
拾翻,shī fan
拾遺補闕,shí yí bǔ quē
拿不了,ná bù liǎo
拿主意,ná zhǔ yi
拿住,ná zhu
拿刀靶兒,ná dāo bǎ r
拿印把兒,ná yìn bǎ r
拿岔兒,ná chà r
拿捏,ná nie
拿捻,ná niē
拿派頭,ná pài tou
拿空子,ná kòng zi
拿翹,ná qiáo
拿草棍兒戳老虎的鼻子眼兒,ná cǎo gùn r chuō lǎo hǔ de bí zi yǎn r
拿著腔兒,ná zhe qiāng r
拿著雞毛當令箭,ná zhe jī máo dàng lìng jiàn
拿訛頭,ná é tou
拿身分,ná shēn fèn
拿雞蛋往石頭上碰,ná jī dàn wǎng shí tou shàng pèng
持人長短,chí rén cháng duǎn
持更,chí gēng
持正不阿,chí zhèng bù ē
指不勝屈,zhǐ bù shēng qū
指地為盟,zhǐ dì wéi méng
指天為誓,zhǐ tiān wéi shì
指山說磨,zhǐ shān shuō mò
指山賣磨,zhǐ shān mài mò
指甲,zhǐ jia
指甲剪,zhǐ jia jiǎn
指甲套兒,zhǐ jia tào r
指甲油,zhǐ jia yóu
指甲花,zhǐ jia huā
指甲草,zhǐ jia cǎo
指皂為白,zhǐ zào wéi bái
指腹為婚,zhǐ fù wéi hūn
指長話短,zhǐ cháng huà duǎn
指雁為羹,zhǐ yàn wéi gēng
指頭,zhǐ tou
指頭畫,zhǐ tou huà
指頭肚兒,zhǐ tou dù r
指鹿為馬,zhǐ lù wéi mǎ
指黑為白,zhǐ hēi wéi bái
挈瓶之知,qiè píng zhī zhì
按檔兒,àn dǎng r
按牛頭吃不得草,àn niú tóu chī bù dé cǎo
按著葫蘆摳子,àn zhe hú lu kōu zi
挑三窩四,tiǎo sān wō sì
挑三豁四,tiǎo sān huò sì
挑刀,tiǎo dāo
挑刺兒,tiāo cì r
挑動,tiǎo dòng
挑唆,tiǎo suō
挑大拇哥,tiǎo dà mǔ gē
挑字眼兒,tiāo zì yǎn r
挑弄,tiǎo nòng
挑戰,tiǎo zhàn
挑戰書,tiǎo zhàn shū
挑撥,tiǎo bō
挑撥是非,tiǎo bō shì fēi
挑撥離間,tiǎo bō lí jiàn
挑擔,tiāo dàn
挑擔子,tiāo dàn zi
挑斜岔兒,tiǎo xié chà r
挑明,tiǎo míng
挑泛,tiǎo fàn
挑燈,tiǎo dēng
挑燈夜戰,tiǎo dēng yè zhàn
挑燈撥火,tiǎo dēng bō huǒ
挑牙料脣,tiǎo yá liào chún
挑脣料嘴,tiǎo chún liào zuǐ
挑花,tiǎo huā
挑花法,tiǎo huā fǎ
挑花繃子,tiǎo huā bēng zi
挑茶斡刺,tiǎo chá wò cì
挑趣,tiǎo qù
挑逗,tiǎo dòu
挑釁,tiǎo xìn
挑重擔,tiāo zhòng dàn
挑頭子,tiǎo tóu zi
挑飭,tiāo chi
挑鬥,tiǎo dòu
挓挲,zhā sha
挖苦,wā ku
挖角,wā jué
挨人兒,āi rén r
挨個兒,āi gè r
挨山塞海,āi shān sè hǎi
挨挨兒,āi ai r
挨肩兒,āi jiān r
挨親兒,āi qīn r
挪窩兒,nuó wō r
挪騷窩兒,nuó sāo wō r
振作有為,zhèn zuò yǒu wéi
振興,zhèn xīng
振興經濟方案,zhèn xīng jīng jì fāng àn
挺撅挺橫,tǐng juē tǐng hèng
挺胸凸肚,tǐng xiōng tū dù
挺起腰板兒,tǐng qǐ yāo bǎn r
挽手兒,wǎn shǒu r
挽眉毛,wǎn méi mao
挾人捉將,xié rén zhuō jiàng
挾天子之命,xié tiān zǐ zhī mìng
挾天子以令諸侯,xié tiān zǐ yǐ lìng zhū hóu
挾生兒,xié shēng r
捅窟窿,tǒng kū long
捉將挾人,zhuō jiàng xié rén
捉空,zhuō kòng
捉襟肘見,zhuō jīn zhǒu xiàn
捉襟見肘,zhuō jīn xiàn zhǒu
捋胳膊,luō gē bo
捋臂將拳,luō bì jiāng quán
捋臂揎拳,luō bì xuān quán
捋虎鬚,lè hǔ xū
捋袖揎拳,luō xiù xuān quán
捍難之功,hàn nàn zhī gōng
捎帶腳兒,shāo dài jiǎo r
捎色,shào shǎi
捎馬子,shào mǎ zi
捏出水兒來的,niē chū shuǐ r lái de
捏坏,niē pēi
捏弄,niē lòng
捏殺蠅子兒是的,niē shā yíng zǐ r shì de
捏舌頭,niē shé tou
捏錯兒,niē cuò r
捐監,juān jiàn
捐軀濟難,juān qū jì nàn
捐軀疆場,juān qū jiāng cháng
捐軀赴難,juān qū fù nàn
捧了卵子過橋,pěng le luǎn zǐ guò qiáo
捧場,pěng cháng
捧心效西子,pěng xīn xiào xī zǐ
捧心西子,pěng xīn xī zǐ
捧角,pěng jué
捨短取長,shě duǎn qǔ cháng
捫參歷井,mén shēn lì jǐng
捭闔縱橫,bǎi hé zōng héng
捯飭,dáo chi
捲土重來,juǎn tǔ chóng lái
捲甲重來,juǎn jiǎ chóng lái
捲鋪蓋,juǎn pū gài
捷給,jié jǐ
捷足先得,jié zú xiān dé
捺倒,nà dǎo
捻兒,niǎn r
捻合,niē hé
捻塑,niē sù
捻手捻腳,niē shǒu niē jiǎo
捻腳捻手,niē jiǎo niē shǒu
捻舌,niē shé
捻著鼻子,niē zhe bí zi
捻鼻,niē bí
捽兀,zú wù
捽扯,zú chě
捽脫,zú tuō
掀騰,xiān teng
掂掇,diān duo
掂梢折本,diān shāo shé běn
掂過兒,diān guò r
掂量,diān liáng
掃帚,sào zhou
掃帚星,sào zhou xīng
掃把,sào bǎ
掃星,sào xīng
掃眉才子,sǎo méi cái zǐ
掃聽,sǎo ting
掄不到,lún bù dào
掄元,lún yuán
掄材,lún cái
掇蜂譖子,duó fēng zèn zǐ
掇那,duó nuó
掉價兒,diào jià r
掉過兒,diào guò r
掊擊,pǒu jí
掊斗折衡,pǒu dǒu zhé héng
掌不住,zhǎng bu zhù
掌不起,zhǎng bu qǐ
掌勺兒的,zhǎng sháo r de
掌燈時分,zhǎng dēng shí fèn
掎角,jǐ jué
掎角之勢,jǐ jué zhī shì
掐巴,qiā ba
排場,pái chang
排奡縱橫,pái ào zōng héng
排子車,pǎi zi chē
排山倒峽,pái shān dǎo xiá
排山倒海,pái shān dǎo hǎi
排揎,pái xuan
排比,pái bì
排灣文化相,pái wān wén huà xiàng
排牆倒,pái qiáng dǎo
排行,pái háng
排行榜,pái háng bǎng
排迮,pái zuò
排鋪,pái pū
排難解憂,pái nàn jiě yōu
排難解紛,pái nàn jiě fēn
排頭兒,pái tóu r
掖垣,yè yuán
掖庭,yè tíng
掖省,yè shěng
掖縣,yè xiàn
掖門,yè mén
掗把,yà ba
掘強,jué jiàng
掙䦟,zhèng chuài
掙命,zhèng mìng
掙扎,zhēng zhá
掙挫,zhèng cuò
掙揣,zhèng chuǎi
掙臉,zhèng liǎn
掙錢,zhèng qián
掛味兒,guà wèi r
掛累,guà lěi
掛絡兒,guà lào r
掛落兒,guà luò r
掛鏡兒,guà jìng r
採石場,cǎi shí cháng
採蓮曲,cǎi lián qǔ
探個究竟,tàn ge jiù jìng
探喪,tàn sāng
探消息,tàn xiāo xi
探湯,tān tāng
探爪兒,tàn zhuǎ r
探異玩奇,tàn yì wàn qí
探親家,tàn qìng jia
探頭,tān tóu
探頭探腦,tān tóu tān nǎo
探頭縮腦,tān tóu suō nǎo
探頭舒腦,tān tóu shū nǎo
探騎,tàn jì
探驪得珠,tàn lí dé zhū
掣曳,chè yì
掣襟肘見,chè jīn zhǒu xiàn
接應,jiē yìng
接應不暇,jiē yìng bù xiá
接洽,jiē xiá
接碴兒,jiē chá r
接種,jiē zhòng
接聲兒,jiē shēng r
接踵比肩,jiē zhǒng bì jiān
接關係,jiē guān xi
接頭兒,jiē tóu r
接骨眼兒,jiē gu yǎn r
推乾淨兒,tuī gān jìng r
推倒,tuī dǎo
推倒了油瓶不扶,tuī dǎo le yóu píng bù fú
推度,tuī duò
推磨,tuī mò
推調,tuī tiáo
推諉塞責,tuī wěi sè zé
推賢樂善,tuī xián yào shàn
掩卷,yǎn juàn
掩埋場,yǎn mái cháng
掩沒,yǎn mò
措支剌,cuò zhī là
掯勒,kèn lè
掰交情,bāi jiāo qing
掰文兒,bāi wén r
揀佛燒香,jiǎn fó shāo xiāng
揀便宜,jiǎn pián yí
揀高枝兒飛,jiǎn gāo zhī r fēi
揄狄,yáo dí
揆度,kuí duò
揆情度理,kuí qíng duò lǐ
揉揉,róu rou
揉著癢處,róu zháo yǎng chù
揎拳捋袖,xuān quán luō xiù
揎拳擄袖,xuān quán luǒ xiù
描摸,miáo mó
描樣兒,miáo yàng r
提傀儡上戲場,tí kuǐ lěi shàng xì cháng
提子,tí zǐ
提掖,tí yè
提撕,tí xī
提攜,tí xī
提根兒,tí gēn r
提溜,dī liu
提溜著心,dī liu zhe xīn
提省,tí xǐng
提舍尼,tí shè ní
提著影戲人子上場,tí zhe yǐng xì rén zi shàng cháng
提行,tí háng
提補,tí bu
提鈴喝號,tí líng hè hào
插扛子,chā gàng zi
插曲,chā qǔ
插火坑,chā huǒ kàng
插科使砌,chā kē shǐ qiè
插關兒,chā guān r
揖揖,jí jí
揚場,yáng cháng
揚子江,yáng zǐ jiāng
揚州彈詞,yáng zhōu tán cí
揚州清曲,yáng zhōu qīng qǔ
揚帆,yáng fán
揚揚得意,yáng yáng dé yì
揚揚自得,yáng yáng zì dé
揚氣,yáng qi
揚眉抵掌,yáng méi zhǐ zhǎng
揚長,yáng cháng
揚長而去,yáng cháng ér qù
揚長避短,yáng cháng bì duǎn
換帖,huàn tiě
換帖兄弟,huàn tiě xiōng dì
換茬,huàn chá
握雨攜雲,wò yǔ xī yún
揣度,chuǎi duò
揣手兒,chuǎi shǒu r
揩乾,kāi gān
揪尾巴,jiū wěi ba
揪捽,jiū zú
揭債還債,jiē zhài huán zhài
揭帖,jiē tiě
揭蓋兒,jiē gài r
搆木為巢,gòu mù wéi cháo
搊彈詞,chōu tán cí
搊撮,chōu cuò
搋手兒,chuāi shǒu r
搌布,zhǎn bu
損兵折將,sǔn bīng zhé jiàng
損將折兵,sǔn jiàng zhé bīng
損者三樂,sǔn zhě sān yào
損軍折將,sǔn jūn zhé jiàng
損陰騭,sǔn yīn zhi
搐風,chōu fēng
搓圓仔,cuō yuán zǐ
搓圓仔湯,cuō yuán zǐ tāng
搓弄,cuō nong
搓熟的湯團,cuō shóu de tāng tuán
搓麻將,cuō má jiàng
搔著癢處,sāo zháo yǎng chù
搖兒晃兒的,yáo r huàng r de
搖囝仔歌,yáo jiǎn zǐ gē
搖搖晃晃,yáo yáo huàng huàng
搖撼,yáo han
搖擺樂,yáo bǎi yuè
搖晃,yáo huang
搖曳,yáo yì
搖曳生姿,yáo yì shēng zī
搖滾樂,yáo gǔn yuè
搖籃曲,yáo lán qǔ
搖鈴兒的,yáo líng r de
搖頭晃腦,yáo tóu huàng nǎo
搗倒小廝,dǎo dǎo xiǎo sī
搗虛批吭,dǎo xū pī háng
搗麻煩,dǎo má fan
搜章擿句,sōu zhāng tì jù
搞不好,gǎo bu hǎo
搞不懂,gǎo bu dǒng
搞頭,gǎo tou
搠包兒,shuò bāo r
搪塞,táng sè
搪差使,táng chāi shi
搬挑,bān tiǎo
搬石頭砸自己的腳,bān shí tou zá zì jǐ de jiǎo
搬脣弄舌,bān chún lòng shé
搬調,bān tiáo
搭乾鋪,dā gān pù
搭分兒,dā fèn r
搭剌,dā là
搭剌子,dā là zi
搭圾,dā sè
搭岔兒,dā chà r
搭拉,dā la
搭碴兒,dā chá r
搭腳兒,dā jiǎo r
搭鋪,dā pū
搴旗取將,qiān qí qǔ jiàng
搶呼,qiāng hū
搶地,qiāng dì
搶地呼天,qiāng dì hū tiān
搶棺材奔命,qiǎng guān cái bèn mìng
搶盡鋒頭,qiǎng jìn fēng tou
搶種,qiǎng zhòng
搶籬,qiāng lí
搶風,qiāng fēng
搶風頭,qiǎng fēng tou
搽匙,chá chí
搽穰捲兒,chá rǎng juǎn r
搿著口兒,gé zhe kǒu r
摁扣兒,èn kòu r
摔倒,shuāi dǎo
摔喪,shuāi sāng
摔打,shuāi da
摔跟頭,shuāi gēn tou
摘伏發隱,tì fú fā yǐn
摘山煮海,tì shān zhǔ hǎi
摟包兒,lōu bāo r
摟包兒匠,lōu bāo r jiàng
摟搜,lōu sōu
摟攬,lōu lǎn
摟溝子,lōu gōu zi
摟衣裳,lōu yī shang
摟財,lōu cái
摟貨,lōu huò
摟錢,lōu qián
摟頭,lōu tóu
摧剛為柔,cuī gāng wéi róu
摩姑,mó gu
摩崖石刻,mó yái shí kē
摩訶迦葉,mó hē jiā shè
摩頂放踵,mó dǐng fǎng zhǒng
摭溜子,zhí liù zi
摳字眼兒,kōu zì yǎn r
摳扒,kōu pá
摳搜,kōu sou
摳摟,kōu lou
摳門兒,kōu mén r
摸不著,mō bù zháo
摸不著門兒,mō bu zháo mén r
摸不著頭腦,mō bù zháo tóu nǎo
摸不著頭路,mō bù zháo tóu lù
摸手熟,mō shǒu shóu
摸棱,mó léng
摸棱兩可,mó léng liǎng kě
摸稜,mó léng
摸稜兩可,mó léng liǎng kě
摸稜宰相,mó léng zǎi xiàng
摸索,mō suo
摸著,mō zháo
摸量,mō liáng
摸金校尉,mō jīn jiào wèi
摸門不著,mō mén bù zháo
摸門兒,mō mén r
摸頭不著,mō tóu bù zháo
摸頭路不著,mō tóu lù bù zháo
摸骨相,mō gǔ xiàng
摹刻,mó kē
摹帖,mó tiè
摻假,chān jiǎ
摻分子,chān fèn zi
摻合,chān hé
摻和,chān huò
摻摻,shān shān
摻袂,shǎn mèi
摻雜,chān zá
摽有梅,piǎo yǒu méi
摽梅,piǎo méi
摽梅之年,piǎo méi zhī nián
摽落,piǎo luò
摽說,piǎo shuō
撂下,liào xia
撂倒,liào dǎo
撇嘴,piě zuǐ
撇地,piē de
撇嵌,piē qiān
撇杖兒,piē zhàng r
撇油兒,piē yóu r
撇蘭,piě lán
撇齒拉嘴,piě chi lā zuǐ
撈什子,láo shí zi
撈兒,lāo r
撈油水,lāo yóu shui
撈起嘴巴,lāo qǐ zuǐ ba
撐場面,chēng cháng miàn
撐的慌,chēng de huang
撐硬船兒,chēng yìng chuán r
撒和,sǎ he
撒帳,sǎ zhàng
撒扇,sǎ shàn
撒播,sǎ bò
撒播機,sǎ bò jī
撒施,sǎ shī
撒泡尿自己照照,sā pāo niào zì jǐ zhào zhao
撒溺,sā niào
撒漫,sǎ màn
撒然,sǎ rán
撒種,sǎ zhǒng
撒紙錢,sǎ zhǐ qián
撒花,sǎ huā
撒落,sǎ luò
撒謎語,sǎ mí yǔ
撒豆成兵,sǎ dòu chéng bīng
撒鏝,sǎ màn
撒鞋,sǎ xié
撓北,náo bò
撓癢癢,náo yǎng yang
撓直為曲,náo zhí wéi qū
撙省,zǔn sheng
撚分子,niǎn fèn zi
撚靶兒,niǎn bǎ r
撞喪,zhuàng sāng
撞碼頭,zhuàng mǎ tou
撟捷,jiào jié
撟掇,jiào duó
撟舌,jiào shé
撣人,shàn rén
撣族,shàn zú
撤差,chè chāi
撥亂興治,bō luàn xīng zhì
撥剌,bō là
撥弗倒,bō fú dǎo
撥弦樂器,bō xián yuè qì
撥撩,bō liáo
撥火兒,bō huǒ r
撥瞪兒,bō dèng r
撥著癢處,bō zháo yǎng chù
撥雨撩雲,bō yǔ liáo yún
撥雲撩雨,bō yún liáo yǔ
撥魚兒,bō yú r
撧過來,juē guò lai
撩丁,liáo dīng
撩亂,liáo luàn
撩人,liáo rén
撩兒敲兒,liáo r qiāo r
撩動,liáo dòng
撩弄,liáo nòng
撩撥,liáo bō
撩東劄西,liáo dōng zhá xī
撩東撾西,liáo dōng zhuā xī
撩水飯,liáo shuǐ fàn
撩淺,liáo qiǎn
撩虎鬚,liáo hǔ xū
撩蜂吃螫,liáo fēng chī zhē
撩蜂撥刺,liáo fēng bō cì
撩蹶子,liáo jué zi
撩逗,liáo dòu
撩邊兒,liāo biān r
撩鍋,liáo guō
撩雲撥雨,liáo yún bō yǔ
撩鬥,liáo dòu
撬槓,qiào gàng
撬門,qiào mén
撬開,qiào kāi
播糠眯目,bò kāng mǐ mù
撰著,zhuàn zhù
撲個滿懷,pū ge mǎn huái
撲個空,pū ge kōng
撲倒,pū dǎo
撲克,pū ke
撲克牌,pū ke pái
撲克臉,pū ke liǎn
撲兒,pū r
撲剌剌,pū là là
撲搭地,pū dā de
撲撒,pū sǎ
撲虎兒,pū hǔ r
撲騰,pū teng
撳倒,qìn dǎo
撾子兒,zhuā zǐ r
撿便宜,jiǎn pián yí
撿場,jiǎn cháng
擁塞,yǒng sè
擂天倒地,léi tiān dǎo dì
擂家,lèi jiā
擂臺,lèi tái
擂臺賽,lèi tái sài
擂鼓交響曲,léi gǔ jiāo xiǎng qǔ
擄人勒贖,lǔ rén lè shú
擄人勒贖罪,lǔ rén lè shú zuì
擅場,shàn cháng
擅長,shàn cháng
擇不開,zhái bu kāi
擇刺,zhái cì
擇席,zhái xí
擇日子,zhái rì zi
擇日館,zhái rì guǎn
擇木而處,zé mù ér chǔ
擇菜,zhái cài
擊中,jí zhòng
擊倒,jí dǎo
擋搶,dǎng qiāng
擋橫兒,dǎng hèng r
擋風玻璃,dǎng fēng bō li
操場,cāo cháng
操奇計贏,cāo jī jì yíng
操斧伐柯,cāo fǔ fá kē
操行,cāo xìng
擎受,qíng shou
擒奸摘伏,qín jiān tì fú
擒姦擿伏,qín jiān tì fú
擔仔麵,dàn zǐ miàn
擔兒,dàn r
擔子,dàn zi
擔子菌,dàn zǐ jùn
擔擔麵,dàn dàn miàn
擔杖,dàn zhàng
擔石,dàn dàn
擔腳,dàn jiǎo
擔荷,dān hè
據為己有,jù wéi jǐ yǒu
擠訛頭,jǐ é tou
擢髮難數,zhuó fǎ nán shǔ
擦卓兒,cā zhuō r
擦弦樂器,cā xián yuè qì
擦黑兒,cā hēi r
擯相,bìn xiàng
擰乾,níng gān
擰了,nǐng le
擰性,nìng xing
擰種,nìng zhǒng
擰開,nǐng kāi
擱心眼兒,gē xīn yǎn r
擲色,zhí shǎi
擲還,zhí huán
擴張解釋,kuò chōng jiě shì
擺供,bǎi gòng
擺擂臺,bǎi lèi tái
擺攤兒,bǎi tān r
擺當,bǎi dàng
擺行陣,bǎi háng zhèn
擺設兒,bǎi she r
擺請兒,bǎi qǐng r
擺譜兒,bǎi pǔ r
擺雲鑼兒,bǎi yún luó r
擺露,bǎi lòu
擻火,sòu huǒ
擿伏,tì fú
擿問,tì wèn
擿埴索塗,tì zhí suǒ tú
擿奸發伏,tì jiān fā fú
攀庭檻,pān tíng jiàn
攀車拒輪,pān jū jù lún
攀車臥轍,pān jū wò chè
攀轅臥轍,pān yuán wò chè
攔當,lán dǎng
攔門牆兒,lán mén qiáng r
攘人之美,ráng rén zhī měi
攘善,ráng shàn
攘場,ráng cháng
攘外安內,ráng wài ān nèi
攘夷,ráng yí
攘奪,ráng duó
攘災,ráng zāi
攘盜,ráng dào
攘羊,ráng yáng
攘羭,ráng yú
攘臂,ráng bì
攘臂一呼,ráng bì yī hū
攘臂而起,ráng bì ér qǐ
攘袂,ráng mèi
攘袂切齒,ráng mèi qiè chǐ
攘袂扼腕,ráng mèi è wàn
攘袖,ráng xiù
攘除,ráng chú
攙和,chān huò
攙空,chān kòng
攙行奪市,chān háng duó shì
攛掇,cuān duo
攛鼓兒,cuān gǔ r
攜家帶眷,xī jiā dài juàn
攜帶,xī dài
攜帶式衛星通信系統,xī dài shì wèi xīng tōng xìn xì tǒng
攜幼扶老,xī yòu fú lǎo
攜手,xī shǒu
攜手合作,xī shǒu hé zuò
攜手接武,xī shǒu jiē wǔ
攜扶,xī fú
攜持,xī chí
攜挾帶,xī jiá dài
攜男抱女,xī nán bào nǚ
攜男挈女,xī nán qiè nǚ
攜眷,xī juàn
攜老扶幼,xī lǎo fú yòu
攜老扶弱,xī lǎo fú ruò
攜老挈幼,xī lǎo qiè yòu
攜貳,xī èr
攜離,xī lí
攜雲挈雨,xī yún qiè yǔ
攜雲握雨,xī yún wò yǔ
攝大乘論,shè dà shèng lùn
攢三聚五,cuán sān jù wǔ
攢典,cuán diǎn
攢宮,cuán gōng
攢射,cuán shè
攢底,cuán dǐ
攢拌兒,cuán bàn r
攢毆,cuán ōu
攢湊,cuán còu
攢湯,cuán tāng
攢盒,cuán hé
攢盤,cuán pán
攢眉,cuán méi
攢眉苦臉,cuán méi kǔ liǎn
攢眉蹙鼻,cuán méi cù bí
攢矢,cuán shǐ
攢簇,cuán cù
攢聚,cuán jù
攢茶,cuán chá
攢蹄,cuán tí
攢蹙,cuán cù
攢露,cuán lòu
攢餡兒,cuán xiàn r
攤場,tān cháng
攤還,tān huán
攧窨,diān yìn
攪三攪四,gǎo sān gǎo sì
攪來攪去,gǎo lái gǎo qù
攪和,jiǎo huò
攪混,jiǎo hǔn
攪絲兒,jiǎo sī r
攬活兒,lǎn huó r
支使,zhī shi
支吾其詞,zhī wu qí cí
支嘴兒,zhī zuǐ r
支子,zhī zǐ
支應,zhī yìng
支楞,zhī leng
支爐兒,zhī lú r
支空頭,zhī kòng tóu
收場,shōu cháng
收撮,shōu cuò
收煞,shōu shà
收軍點將,shōu jūn diǎn jiàng
攸斁,yōu dù
改姓更名,gǎi xìng gēng míng
改弦易轍,gǎi xián yì chè
改弦更張,gǎi xián gēng zhāng
改腔兒,gǎi qiāng r
改行,gǎi háng
改行遷善,gǎi xìng qiān shàn
改轅易轍,gǎi yuán yì chè
改轍,gǎi chè
攻心為上,gōng xīn wéi shàng
放一百二十個心,fàng yī bǎi èr shí ge xīn
放下屠刀便成佛,fàng xià tú dāo biàn chéng fó
放了屁兒卻使手掩,fàng le pì r què shǐ shǒu yǎn
放任行為,fàng rèn xíng wéi
放倒,fàng dǎo
放倒身,fàng dǎo shēn
放假,fàng jià
放假日,fàng jià rì
放勛,fǎng xūn
放富差貧,fàng fù chāi pín
放小菜兒,fàng xiǎo cài r
放屁崩坑兒,fàng pì bēng kēng r
放屏,fàng bǐng
放慢線兒,fàng màn xiàn r
放懞掙,fàng méng zhèng
放桄兒,fàng guàng r
放溜,fàng liù
放焰口,fàng yàn kou
放熱反應,fàng rè fǎn yìng
放禿尾巴鷹,fàng tū wěi ba yīng
放花兒,fàng huā r
放解,fàng jiè
放長線釣大魚,fàng cháng xiàn diào dà yú
政治避難,zhèng zhì bì nàn
敁敪,diān duo
故事書,gù shi shū
故事片,gù shi piàn
故事詩,gù shi shī
故伎重演,gù jì chóng yǎn
故家子,gù jiā zǐ
故家子弟,gù jiā zǐ dì
故技重施,gù jì chóng shī
故故由兒,gù gu yóu r
故舍,gù shè
故轍,gù chè
故都,gù dū
效應,xiào yìng
敏給,mǐn jǐ
救應,jiù yìng
救苦救難,jiù kǔ jiù nàn
救過補闕,jiù guò bǔ quē
救難,jiù nàn
救難船,jiù nàn chuán
敕勒,chì lè
敕勒歌,chì lè gē
敕賜,chì sì
敖不可長,ào bù kě zhǎng
敖得薩,ào dé sà
敗兵折將,bài bīng zhé jiàng
敗子,bài zǐ
敗子回頭,bài zǐ huí tóu
敗子回頭金不換,bài zǐ huí tóu jīn bù huàn
敗家子,bài jiā zǐ
敗將殘兵,bài jiàng cán bīng
敗棋有勝著,bài qí yǒu shèng zhuó
敗行,bài xìng
敗軍之將,bài jūn zhī jiàng
敗軍折將,bài jūn zhé jiàng
敘事曲,xù shì qǔ
敘傳,xù zhuàn
教一識百,jiāo yī shì bǎi
教場,jiào cháng
教子有方,jiào zǐ yǒu fāng
教書,jiāo shū
教書匠,jiāo shū jiàng
教訓,jiào xun
敞亮,chǎng liang
敞口兒,chǎng kǒu r
敞快,chǎng kuai
敞笑兒,chǎng xiào r
敞開兒,chǎng kāi r
敢作敢為,gǎn zuò gǎn wéi
敢情,gǎn qing
散人,sǎn rén
散件,sǎn jiàn
散儒,sǎn rú
散光,sǎn guāng
散光眼,sǎn guāng yǎn
散兵,sǎn bīng
散兵游勇,sǎn bīng yóu yǒng
散劑,sǎn jì
散嗽,sǎn sòu
散地,sǎn dì
散場,sàn cháng
散套,sǎn tào
散官,sǎn guān
散射,sǎn shè
散居,sǎn jū
散工,sǎn gōng
散帙,sǎn zhì
散帶衡門,sǎn dài héng mén
散戶,sǎn hù
散手,sǎn shǒu
散散兒,sàn sàn r
散散的,sǎn sǎn de
散散落落,sǎn sǎn luò luò
散文,sǎn wén
散文詩,sǎn wén shī
散曲,sǎn qǔ
散木,sǎn mù
散板,sǎn bǎn
散樂,sǎn yuè
散氏盤,sǎn shì pán
散沙,sǎn shā
散漫,sǎn màn
散秩,sǎn zhì
散耍,sǎn shuǎ
散聲,sǎn shēng
散職,sǎn zhí
散裝,sǎn zhuāng
散裝貨,sǎn zhuāng huò
散話,sǎn huà
散誕,sǎn dàn
散逛,sǎn guang
散逸,sǎn yì
散騎常侍,sǎn jì cháng shì
敦槃,duì pán
敦煌千佛洞,dūn huáng qiān fó dòng
敦煌曲子,dūn huáng qǔ zi
敬業樂群,jìng yè yào qún
敬而遠之,jìng ér yuàn zhī
敬鬼神而遠之,jìng guǐ shén ér yuàn zhī
敲擊樂器,qiāo jí yuè qì
敲擊音樂,qiāo jí yīn yuè
敲詐勒索,qiāo zhà lè suǒ
敲鏝兒,qiāo màn r
敲鑼邊兒,qiāo luó biān r
整個,zhěng ge
整躬率物,zhěng gōng shuài wù
敷衍了事,fū yǎn liǎo shì
敷衍塞責,fū yǎn sè zé
敷衍搪塞,fū yǎn táng sè
數一數二,shǔ yī shǔ èr
數不上,shǔ bu shàng
數不勝數,shǔ bù shēng shǔ
數不清,shǔ bu qīng
數九,shǔ jiǔ
數九天,shǔ jiǔ tiān
數伏,shǔ fú
數位相機,shù wèi xiàng jī
數來寶,shǔ lái bǎo
數典忘祖,shǔ diǎn wàng zǔ
數四,shuò sì
數奇,shù jī
數奇命蹇,shù jī mìng jiǎn
數往知來,shǔ wǎng zhī lái
數息,shǔ xí
數數,shǔ shù
數數兒,shǔ shù r
數珠,sù zhu
數白論黃,shǔ bái lùn huáng
數短論長,shǔ duǎn lùn cháng
數米而炊,shǔ mǐ ér chuī
數罟,cù gǔ
數落,shǔ luo
數見不鮮,shuò jiàn bù xiān
數說,shǔ shuō
數貧嘴,shǔ pín zuǐ
數黃道白,shǔ huáng dào bái
數黃道黑,shǔ huáng dào hēi
數黑論黃,shǔ hēi lùn huáng
斂聲屏氣,liàn shēng bǐng qì
文中子,wén zhōng zǐ
文化特質,wén huà tè zhí
文場,wén cháng
文姬入塞,wén jī rù sài
文字處理機,wén zì chǔ lǐ jī
文書處理,wén shū chǔ lǐ
文樂傀儡,wén yuè kuǐ lěi
文武場,wén wǔ cháng
文武挑兒,wén wǔ tiāo r
文藝復興,wén yì fù xīng
文蛤,wén gé
文質,wén zhí
文質彬彬,wén zhí bīn bīn
文過,wèn guò
文過遂非,wèn guò suì fēi
文過飾非,wèn guò shì fēi
文飾,wèn shì
斗大的手卷,dǒu dà de shǒu juàn
斗大的饅頭,dǒu dà de mán tou
斗轉參橫,dǒu zhuǎn shēn héng
斗量車載,dǒu liáng chē zài
料中,liào zhòng
料度,liào duò
料應,liào yìng
料莫,liào mo
料豆兒,liào dòu r
斜谷,yé gǔ
斜長石,xié cháng shí
斟量,zhēn liáng
斥喝,chì hè
斥騎,chì jì
斧鑿痕,fǔ zuò hén
斧頭,fǔ tou
斫伐,zhuó fá
斫蜋,zhuó láng
斫雕為樸,zhuó diāo wéi pú
斬將奪旗,zhǎn jiàng duó qí
斬將搴旗,zhǎn jiàng qiān qí
斬木為兵,zhǎn mù wéi bīng
斬衰,zhǎn cuī
斯堪的那維亞半島,sī kān dì nà wéi yà bàn dǎo
斯多噶學派,sī duō gé xué pài
新出土兒,xīn chū tǔ r
新出手兒,xīn chū shǒu r
新媳婦兒,xīn xí fù r
新幾內亞島,xīn jī nèi yà dǎo
新廈,xīn xià
新正,xīn zhēng
新法螺先生譚,xīn fǎ luó xiān sheng tán
新爵士樂,xīn jué shì yuè
新興國,xīn xīng guó
新鮮,xīn xian
新鮮事,xīn xian shì
新鮮人,xīn xian rén
斲方為圓,zhuó fāng wéi yuán
斲琱為樸,zhuó diāo wéi pú
斲雕為樸,zhuó diāo wéi pú
斷喝,duàn hè
斷子絕孫,duàn zǐ jué sūn
斷釵重合,duàn chāi chóng hé
斷長續短,duàn cháng xù duǎn
斷長補短,duàn cháng bǔ duǎn
方便為門,fāng biàn wéi mén
方兒,fāng r
方枘圜鑿,fāng ruì yuán zuò
方正不阿,fāng zhèng bù ē
方相,fāng xiàng
方相氏,fāng xiàng shì
方罫,fāng huà
方興日盛,fāng xīng rì shèng
方興未艾,fāng xīng wèi ài
方鑿圓枘,fāng zuò yuán ruì
於乎,wū hū
於呼哀哉,wū hū āi zāi
於戲,wū hū
於穆,wū mù
於菟,wū tú
於邑,wū yì
施子安,shī zǐ ān
施施,yí yí
施為,shī wéi
施衿結褵,shī jīn jié lí
旁人短長,páng rén duǎn cháng
旁午,bàng wǔ
旁岔兒,páng chà r
旁薄,páng bó
旄丘,mào qiū
旄倪,mào ní
旅舍,lǚ shè
旋兒,xuán r
旋子,xuàn zi
旋風,xuàn fēng
旋風腳,xuàn fēng jiǎo
旋風裝,xuàn fēng zhuāng
旌車,jīng jū
旗開得勝,qí kāi dé shèng
旗靡,qí mǐ
既得利益,jì dé lì yì
既得權,jì dé quán
日不暇給,rì bù xiá jǐ
日久天長,rì jiǔ tiān cháng
日久玩生,rì jiǔ wàn shēng
日喀則,rì kè zé
日場,rì cháng
日引月長,rì yǐn yuè cháng
日旰忘食,rì gàn wáng shí
日暈,rì yùn
日月參辰,rì yuè shēn chén
日月重光,rì yuè chóng guāng
日漸月染,rì jiān yuè rǎn
日省月試,rì xǐng yuè shì
日省月課,rì xǐng yuè kè
日積月累,rì jī yuè lěi
日給,rì jǐ
日腳,rì jué
日薄西山,rì bó xī shān
日角,rì jué
日角偃月,rì jué yǎn yuè
日角珠庭,rì jué zhū tíng
日誦五車,rì sòng wǔ jū
日近長安遠,rì jìn cháng ān yuǎn
日長一線,rì cháng yī xiàn
日長歲久,rì cháng suì jiǔ
日頭常晌午,rì tóu cháng shǎng huo
日飲亡何,rì yǐn wú hé
旦兒,dàn r
旦旦而伐,dàn dàn ér fá
旦暮朝夕,dàn mù zhāo xì
旦角,dàn jué
早上,zǎo shang
早占勿藥,zǎo zhān wù yào
早場,zǎo cháng
早夭,zǎo yǎo
早熟,zǎo shóu
早熟兒童,zǎo shóu ér tóng
早賜玉音,zǎo sì yù yīn
早起的鳥兒有蟲吃,zǎo qǐ de niǎo r yǒu chóng chī
早點兒,zǎo diǎn r
旮旮旯旯兒,gā ga lá lá r
旮旯兒,gā lá r
旱潦,hàn lào
旱苗得雨,hàn miáo dé yǔ
旱魃為虐,hàn bá wéi nüè
旺相,wàng xiàng
昆邪,kūn yé
明了,míng liǎo
明伙畫供,míng huǒ huà gòng
明兒,míng r
明分,míng fèn
明忘八,míng wáng bā
明珠彈雀,míng zhū tán què
明當,míng dàng
明白,míng bai
明白人,míng bai rén
明窗淨几,míng chuāng jìng jī
明鋪夜蓋,míng pū yè gài
明鐙,míng dēng
昏倒,hūn dǎo
昏定晨省,hūn dìng chén xǐng
昏撒,hūn sǎ
昏瞶,hūn kuì
昏鏡重明,hūn jìng chóng míng
昏鏡重磨,hūn jìng chóng mó
昏頭轉向,hūn tóu zhuàn xiàng
易傳,yì zhuàn
易刑處分,yì xíng chǔ fèn
易堂九子,yì táng jiǔ zǐ
易子析骸,yì zǐ xī hái
易子而食,yì zǐ ér shí
易子而飧,yì zǐ ér sūn
易牙蒸子,yì yá zhēng zǐ
易轍,yì chè
昔得蘭群島,xí dé lán qún dǎo
星兒,xīng r
星宿,xīng xiù
星宿海,xīng xiù hǎi
星火燎原,xīng huǒ liào yuán
星相,xīng xiàng
星際物質,xīng jì wù zhí
星點彈塗,xīng diǎn tán tú
春假,chūn jià
春凳折了靠背兒,chūn dèng zhé le kào bèi r
春化處理,chūn huà chǔ lǐ
春夢一場,chūn mèng yī cháng
春條兒,chūn tiáo r
春盛擔子,chūn shèng dàn zi
春秋三傳,chūn qiū sān zhuàn
春秋兒,chūn qiū r
春秋左氏傳,chūn qiū zuǒ shì zhuàn
春菜絲兒,chūn cài sī r
春華,chūn huā
春華秋實,chūn huā qiū shí
春風得意,chūn fēng dé yì
春風風人,chūn fēng fèng rén
昧旦晨興,mèi dàn chén xīng
昧沒,mèi mò
昨兒,zuó r
昭君出塞,zhāo jūn chū sài
昭明太子,zhāo míng tài zǐ
昭著,zhāo zhù
是味兒,shì wèi r
是樣兒,shì yàng r
是父是子,shì fù shì zǐ
是罐子也有兩個耳朵,shì guàn zi yě yǒu liǎng ge ěr duo
是長是短,shì cháng shì duǎn
是非得失,shì fēi dé shī
是非顛倒,shì fēi diān dǎo
昳麗,yì lì
昵比,nì bì
時來暫去,shí lái zhàn qù
時分,shí fèn
時差,shí chā
時興,shí xīng
時辰,shí chen
時間差攻擊,shí jiān chā gōng jí
時隱時見,shí yǐn shí xiàn
晃來晃去,huàng lái huàng qù
晃動,huàng dòng
晃悠,huàng yōu
晃搖,huàng yao
晃晃悠悠,huàng huang yōu yōu
晃晃蕩蕩,huàng huang dàng dàng
晃腦,huàng nǎo
晃蕩,huàng dàng
晉乘楚杌,jìn shèng chǔ wù
晌午,shǎng huo
晌午歪,shǎng huo wāi
晌覺,shǎng jiào
晏公老兒下西洋,yàn gōng lǎo r xià xī yáng
晏子,yàn zǐ
晏子春秋,yàn zǐ chūn qiū
晏幾道,yàn jī dào
晒乾,shài gān
晒暖兒,shài nuǎn r
晒穀場,shài gǔ cháng
晒衣場,shài yī cháng
晚上,wǎn shang
晚半天兒,wǎn bàn tiān r
晚場,wǎn cháng
晚食當肉,wǎn shí dàng ròu
晝短夜長,zhòu duǎn yè cháng
晦盲否塞,huì máng pǐ sè
晨參暮省,chén cān mù xǐng
晨昏定省,chén hūn dìng xǐng
晨昏顛倒,chén hūn diān dǎo
晨興夜寐,chén xīng yè mèi
普天率土,pǔ tiān shuài tǔ
景差,jǐng cuō
景從,yǐng cóng
景從雲合,yǐng cóng yún hé
景從雲集,yǐng cóng yún jí
景行,jǐng xìng
景陽崗,jǐng yáng gāng
智圓行方,zhì yuán xìng fāng
智慧型大廈,zhì huì xíng dà xià
智量,zhì liáng
晾乾,liàng gān
暇日,xià rì
暇景,xià yǐng
暇豫,xià yù
暇逸,xià yì
暇食,xià shí
暈倒,yūn dǎo
暈珥,yùn ěr
暈頭轉向,yūn tóu zhuàn xiàng
暈高兒,yūn gāo r
暑假,shǔ jià
暖和,nuǎn huo
暖姝,xuān shū
暖暖,xuān xuān
暖盪撩鍋,nuǎn dàng liáo guō
暗反應,àn fǎn yìng
暗場,àn cháng
暗箭中人,àn jiàn zhòng rén
暗花兒,àn huā r
暗行,àn háng
暗間兒,àn jiān r
暗順應,àn shùn yìng
暢洽,chàng xiá
暫且,zhàn qiě
暫且擱下,zhàn qiě gē xià
暫停,zhàn tíng
暫別,zhàn bié
暫勞永逸,zhàn láo yǒng yì
暫星,zhàn xīng
暫時,zhàn shí
暫染髮慕絲,zhàn rǎn fǎ mù sī
暫止,zhàn zhǐ
暫緩,zhàn huǎn
暫音,zhàn yīn
暮去朝來,mù qù zhāo lái
暮四朝三,mù sì zhāo sān
暮想朝思,mù xiǎng zhāo sī
暮暮朝朝,mù mù zhāo zhāo
暮楚朝秦,mù chǔ zhāo qín
暮虢朝虞,mù guó zhāo yú
暮雨朝雲,mù yǔ zhāo yún
暮雲親舍,mù yún qīn shè
暴厲恣睢,bào lì cī suī
暴室,pù shì
暴屍於市,pù shī yú shì
暴師,pù shī
暴恣,bào cī
暴戾恣睢,bào lì cī suī
暴揚,pù yáng
暴桑,pù sāng
暴橫,bào hèng
暴白,pù bái
暴脾氣,bào pí qi
暴腮龍門,pù sāi lóng mén
暴虎馮河,bào hǔ píng hé
暴行,bào xìng
暴醃,pù yān
暴露,pù lù
暴露狂,pù lù kuáng
暴面,pù miàn
暴骨,pù gǔ
暴骨原野,pù gǔ yuán yě
曛黑,xūn hè
曠日長久,kuàng rì cháng jiǔ
曲子,qǔ zi
曲學,qǔ xué
曲學詖行,qū xué bì xìng
曲學阿世,qū xué ē shì
曲度,qǔ dù
曲式,qǔ shì
曲拗,qū ào
曲牌,qǔ pái
曲終人散,qǔ zhōng rén sàn
曲終奏雅,qǔ zhōng zòu yǎ
曲肱而枕,qū gōng ér zhèn
曲薄,qū bó
曲藝,qǔ yì
曲裡拐彎,qū li guǎi wān
曲話,qǔ huà
曲調,qǔ diào
曲譜,qǔ pǔ
曲高和寡,qǔ gāo hè guǎ
曳光彈,yì guāng dàn
曳剌,yè là
曳尾塗中,yì wěi tú zhōng
曳尾泥塗,yì wěi ní tú
曳引機,yì yǐn jī
曳引車,yì yǐn chē
曳曳,yì yì
曳步,yì bù
曳白,yì bái
曳落河,yì luò hé
曳裾王門,yì jū wáng mén
曳踵,yì zhǒng
更事,jīng shì
更代,gēng dài
更休,gēng xiū
更僕難數,gēng pú nán shǔ
更動,gēng dòng
更化,gēng huà
更名,gēng míng
更名改姓,gēng míng gǎi xìng
更唱,gēng chàng
更夜,gēng yè
更夫,gēng fū
更始,gēng shǐ
更姓,gēng xìng
更定,gēng dìng
更審,gēng shěn
更年,gēng nián
更年期,gēng nián qí
更弦易轍,gēng xián yì chè
更張,gēng zhāng
更房,gēng fáng
更換,gēng huàn
更改,gēng gǎi
更故,gēng gù
更新,gēng xīn
更新換代,gēng xīn huàn dài
更易,gēng yì
更替,gēng tì
更樓,gēng lóu
更次,gēng cì
更正,gēng zhèng
更正啟事,gēng zhèng qǐ shì
更深,gēng shēn
更深人靜,gēng shēn rén jìng
更深半夜,gēng shēn bàn yè
更深夜靜,gēng shēn yè jìng
更漏,gēng lòu
更番,gēng fān
更相,gēng xiāng
更立,gēng lì
更端,gēng duān
更籌,gēng chóu
更籤,gēng qiān
更行,gēng xìng
更衣,gēng yī
更衣室,gēng yī shì
更訂,gēng dìng
更調,gēng diào
更變,gēng biàn
更賦,gēng fù
更迭,gēng dié
更長夢短,gēng cháng mèng duǎn
更長漏永,gēng cháng lòu yǒng
更闌,gēng lán
更闌人靜,gēng lán rén jìng
更頭,gēng tóu
更點,gēng diǎn
更鼓,gēng gǔ
更鼓敲盡,gēng gǔ qiāo jìn
書傳,shū zhuàn
書卷,shū juàn
書卷氣,shū juàn qì
書場,shū cháng
書富五車,shū fù wǔ jū
書歸正傳,shū guī zhèng zhuàn
書無百日工,shū wú bó rì gōng
書讀五車,shū dú wǔ jū
書辦,shū ban
書館兒,shū guǎn r
曹大家,cáo dà gū
曼靡,màn mǐ
曾參,zēng shēn
曾參殺人,zēng shēn shā rén
曾國荃,zēng guó quán
曾國藩,zēng guó fán
曾子,zēng zǐ
曾子殺彘,zēng zǐ shā zhì
曾孫,zēng sūn
曾文正,zēng wén zhèng
曾文水庫,zēng wén shuǐ kù
曾文溪,zēng wén xī
曾樸,zēng pú
曾母投杼,zēng mǔ tóu zhù
曾母暗沙,zēng mǔ àn shā
曾皙,zēng xī
曾益,zēng yì
曾祖,zēng zǔ
曾祖母,zēng zǔ mǔ
曾祖父,zēng zǔ fù
曾紀澤,zēng jì zé
曾經滄海難為水,céng jīng cāng hǎi nán wéi shuǐ
曾門,zēng mén
曾鞏,zēng gǒng
曾點,zēng diǎn
替換,tì huan
替頭,tì tou
替頭兒,tì tou r
會兒,huǐ r
會場,huì cháng
會子,huǐ zi
會弁,kuài biàn
會撮,kuài zuì
會稽,guì jī
會稽之恥,guì jī zhī chǐ
會稽山,guì jī shān
會計,kuài jì
會計學,kuài jì xué
會計師,kuài jì shī
會計年度,kuài jì nián dù
會計法,kuài jì fǎ
月亮門兒,yuè liang mén r
月儀帖,yuè yí tiè
月光曲,yuè guāng qǔ
月分,yuè fèn
月分牌,yuè fèn pái
月夕花朝,yuè xì huā zhāo
月夜花朝,yuè yè huā zhāo
月孛,yuè bó
月宮娘娘,yuè gōng niáng niang
月暈,yuè yùn
月暈效應,yuè yùn xiào yìng
月暈而風,yuè yùn ér fēng
月氏,yuè zhī
月相,yuè xiàng
月給,yuè jǐ
月落參橫,yuè luò shēn héng
月錢,yuè qian
月長石,yuè cháng shí
月頭兒,yuè tóu r
有一得一,yǒu yī dé yī
有一手兒,yǒu yī shou r
有人緣兒,yǒu rén yuán r
有作為,yǒu zuò wéi
有來頭,yǒu lái tou
有信兒,yǒu xìn r
有個地洞鑽了下去,yǒu ge dì dòng zuān le xià qù
有個好歹,yǒu ge hǎo dǎi
有個屁用,yǒu ge pì yòng
有個數兒,yǒu ge shù r
有個說兒,yǒu ge shuō r
有償行為,yǒu cháng xíng wéi
有其父必有其子,yǒu qí fù bì yǒu qí zǐ
有出息,yǒu chū xi
有分,yǒu fèn
有分兒,yǒu fèn r
有分寸,yǒu fēn cun
有分教,yǒu fèn jiào
有勾當,yǒu gòu dāng
有名亡實,yǒu míng wú shí
有味兒,yǒu wèi r
有天沒日頭,yǒu tiān méi rì tou
有奇,yǒu jī
有奔頭,yǒu bèn tou
有好兒,yǒu hǎo r
有子萬事足,yǒu zǐ wàn shì zú
有得,yǒu dé
有得有失,yǒu dé yǒu shī
有心眼兒,yǒu xīn yǎn r
有想頭,yǒu xiǎng tou
有意思,yǒu yì si
有所作為,yǒu suǒ zuò wéi
有把傢伙,yǒu ba jiā huo
有撇斷,yǒu piě duàn
有數兒,yǒu shù r
有時候,yǒu shí hou
有時有晌兒,yǒu shí yǒu shǎng r
有會子,yǒu huǐ zi
有朝一日,yǒu zhāo yī rì
有根兒有派兒,yǒu gēn r yǒu pài r
有模子,yǒu mú zi
有機質,yǒu jī zhí
有求必應,yǒu qiú bì yìng
有求斯應,yǒu qiú sī yìng
有準兒,yǒu zhǔn r
有滋有味兒,yǒu zī yǒu wèi r
有為,yǒu wéi
有瓜葛,yǒu guā ge
有的放矢,yǒu dì fàng shǐ
有盼兒,yǒu pàn r
有眉目,yǒu méi mu
有看頭,yǒu kàn tou
有碴兒,yǒu chá r
有空,yǒu kòng
有給職,yǒu jǐ zhí
有線電視暫行條例,yǒu xiàn diàn shì zhàn xíng tiáo lì
有聽頭兒,yǒu tīng tou r
有苗頭,yǒu miáo tou
有落兒,yǒu lào r
有著落,yǒu zhuó luo
有血性,yǒu xuè xìng
有血有肉,yǒu xuè yǒu ròu
有行無市,yǒu háng wú shì
有被種子植物綱,yǒu bèi zhǒng zǐ zhí wù gāng
有講究,yǒu jiǎng jiu
有證為憑,yǒu zhèng wéi píng
有譜兒,yǒu pǔ r
有賺頭,yǒu zhuàn tou
有起色,yǒu qǐ se
有錢能使鬼推磨,yǒu qián néng shǐ guǐ tuī mò
有門兒,yǒu mén r
有間,yǒu jiàn
有面兒,yǒu miàn r
有頭兒,yǒu tóu r
有骨頭,yǒu gú tou
有點兒,yǒu diǎn r
有點影兒,yǒu diǎn yǐng r
朋比,péng bì
朋比作仇,péng bì zuò chóu
朋比作奸,péng bì zuò jiān
朋比為奸,péng bì wéi jiān
朋黨比周,péng dǎng bì zhōu
服低捋,fú dī lè
服侍,fú shi
服喪,fú sāng
服服貼貼,fú fu tiē tiē
服舍,fú shè
服裝模特兒,fú zhuāng mó tè r
服賈,fú gǔ
服降,fú xiáng
朔吹,shuò chuì
朗巴兒,lǎng bā r
望子成龍,wàng zǐ chéng lóng
望山走倒馬,wàng shān zǒu dǎo mǎ
望洋興歎,wàng yáng xīng tàn
望門妨,wàng mén fāng
望風披靡,wàng fēng pī mǐ
望風而降,wàng fēng ér xiáng
望風而靡,wàng fēng ér mǐ
望風響應,wàng fēng xiǎng yìng
朝三暮四,zhāo sān mù sì
朝不保夕,zhāo bù bǎo xì
朝不保暮,zhāo bù bǎo mù
朝不及夕,zhāo bù jí xì
朝不圖夕,zhāo bù tú xì
朝不慮夕,zhāo bù lǜ xì
朝不謀夕,zhāo bù móu xì
朝乾夕惕,zhāo qián xì tì
朝令夕改,zhāo lìng xì gǎi
朝令暮改,zhāo lìng mù gǎi
朝來暮去,zhāo lái mù qù
朝兢夕惕,zhāo jīng xì tì
朝出夕改,zhāo chū xì gǎi
朝升暮合,zhāo shēng mù gě
朝參暮禮,zhāo cān mù lǐ
朝四暮三,zhāo sì mù sān
朝夕,zhāo xì
朝夕不倦,zhāo xì bù juàn
朝夕難保,zhāo xì nán bǎo
朝天餛飩,cháo tiān hún dun
朝思夕想,zhāo sī xì xiǎng
朝思夕計,zhāo sī xì jì
朝思暮想,zhāo sī mù xiǎng
朝日,zhāo rì
朝日新聞,zhāo rì xīn wén
朝暉,zhāo huī
朝暮,zhāo mù
朝暮人,zhāo mù rén
朝暮課誦,zhāo mù kè sòng
朝暾,zhāo tūn
朝曦,zhāo xī
朝更夕改,zhāo gēng xì gǎi
朝更暮改,zhāo gēng mù gǎi
朝會,zhāo huì
朝朝,zhāo zhāo
朝朝暮暮,zhāo zhāo mù mù
朝東暮西,zhāo dōng mù xī
朝梁暮晉,zhāo liáng mù jìn
朝梁暮陳,zhāo liáng mù chén
朝榮夕悴,zhāo róng xì cuì
朝榮夕斃,zhāo róng xì bì
朝榮夕滅,zhāo róng xì miè
朝榮暮落,zhāo róng mù luò
朝槿,zhāo jǐn
朝歌,zhāo gē
朝歌夜絃,zhāo gē yè xián
朝歌暮樂,zhāo gē mù yuè
朝歌暮絃,zhāo gē mù xián
朝歌鼓刀,zhāo gē gǔ dāo
朝歡暮樂,zhāo huān mù lè
朝氣,zhāo qì
朝氣勃勃,zhāo qì bó bó
朝氣蓬勃,zhāo qì péng bó
朝生暮死,zhāo shēng mù sǐ
朝發夕至,zhāo fā xì zhì
朝秦暮楚,zhāo qín mù chǔ
朝經暮史,zhāo jīng mù shǐ
朝聞夕改,zhāo wén xì gǎi
朝聞夕死,zhāo wén xì sǐ
朝菌,zhāo jùn
朝虀暮鹽,zhāo jī mù yán
朝行夕改,zhāo xíng xì gǎi
朝西暮東,zhāo xī mù dōng
朝趁暮食,zhāo chèn mù shí
朝過夕改,zhāo guò xì gǎi
朝鐘暮鼓,zhāo zhōng mù gǔ
朝陽,zhāo yáng
朝陽方案,zhāo yáng fāng àn
朝陽鳴鳳,zhāo yáng míng fèng
朝雲,zhāo yún
朝雲暮雨,zhāo yún mù yǔ
朝霞,zhāo xiá
朝霧,zhāo wù
朝露,zhāo lù
朝飯,zhāo fàn
朝餐夜宿,zhāo cān yè sù
朝饔夕飧,zhāo yōng xì sūn
期功,jī gōng
期年,jī nián
期月,jī yuè
期月有成,jī yuè yǒu chéng
期服,jī fú
期歲,jī suì
木作,mù zuō
木刻,mù kē
木刻水印,mù kē shuǐ yìn
木刻畫,mù kē huà
木強,mù jiàng
木柈子,mù pàn zi
木楂,mù chá
木猴而冠,mù hóu ér guàn
木皮散人鼓詞,mù pí sǎn rén gǔ cí
木石為徒,mù shí wéi tú
木禺,mù ǒu
木管樂器,mù guǎn yuè qì
木胎兒,mù tāi r
木質,mù zhí
木質莖,mù zhí jīng
木質部,mù zhí bù
木頭,mù tou
木頭人,mù tou rén
木頭似的,mù tou sì de
木頭眼鏡兒,mù tou yǎn jìng r
木餾油,mù liù yóu
未了,wèi liǎo
未了公案,wèi liǎo gōng àn
未了因,wèi liǎo yīn
未了情,wèi liǎo qíng
未冠,wèi guàn
未婚媽媽,wèi hūn mā ma
未省,wèi xǐng
未艾方興,wèi ài fāng xīng
未足為道,wèi zú wéi dào
未達一間,wèi dá yī jiàn
末了,mò liǎo
末兒,mò r
末末了,mò mò liǎo
末節細行,mò jié xì xìng
末腳,mò jué
末著,mò zhāo
末行,mò háng
本事不濟,běn shi bù jì
本事高強,běn shi gāo qiáng
本分,běn fèn
本分事,běn fèn shì
本分錢,běn fèn qián
本末不稱,běn mò bù chèng
本末顛倒,běn mò diān dǎo
本本分分,běn běn fèn fèn
本相,běn xiàng
本等伎倆,běn děng jì liǎng
本色當行,běn sè dāng háng
本行,běn háng
本質,běn zhí
札什倫布寺,zhá shí lún bù sì
札板兒,zhá bǎn r
朱子學,zhū zǐ xué
朱子家訓,zhū zǐ jiā xùn
朱子治家格言,zhū zǐ zhì jiā gé yán
朱子語錄,zhū zǐ yǔ lù
朱子語類,zhū zǐ yǔ lèi
朱提,zhū shí
朱柏廬,zhū bó lú
朱雲折檻,zhū yún zhé jiàn
朴子市,pú zǐ shì
朴硝,pò xiāo
朴資茅斯,pò zī máo sī
朴資茅斯條約,pò zī máo sī tiáo yuē
朵頤大嚼,duǒ yí dà jiáo
杆圈兒,gān quān r
杈子,chā zǐ
李娃傳,lǐ wá zhuàn
李少君,lǐ shào jūn
杏乾兒,xìng gān r
杏核兒,xìng hé r
杏脯,xìng fǔ
材質,cái zhí
材輕德薄,cái qīng dé bó
材高知深,cái gāo zhì shēn
村夫俗子,cūn fū sú zǐ
村夫子,cūn fū zǐ
村強,cūn jiàng
杓倈,sháo lái
杖期,zhàng jī
杖期夫,zhàng jī fū
杜塞,dù sè
杜門屏跡,dù mén bǐng jī
杜鵑啼血,dù juān tí xuè
杠人,gàng rén
杯杓,bēi sháo
杯水車薪,bēi shuǐ jū xīn
杯茗,bēi mǐng
杯蛇鬼車,bēi shé guǐ jū
東一榔頭西一棒,dōng yī láng tou xī yī bàng
東倒西歪,dōng dǎo xī wāi
東兒,dōng r
東坡椅兒,dōng pō yǐ r
東家之子,dōng jiā zhī zǐ
東家長西家短,dōng jiā cháng xī jiā duǎn
東差西誤,dōng chā xī wù
東扯西拽,dōng chě xī zhuài
東扶西倒,dōng fú xī dǎo
東撈西摸,dōng láo xī mō
東方騎,dōng fāng jì
東柏林,dōng bó lín
東歪西倒,dōng wāi xī dǎo
東淨裡的磚兒,dōng jìng lǐ de zhuān r
東漸,dōng jiān
東漸西被,dōng jiān xī bèi
東瓜茄子,dōng guā qié zi
東翻西倒,dōng fān xī dǎo
東觀,dōng guàn
東觀之殃,dōng guàn zhī yāng
東轉西晃,dōng zhuǎn xī huàng
東都,dōng dū
東鄰西舍,dōng lín xī shè
東量西折,dōng liáng xī shé
東風壓倒西風,dōng fēng yā dǎo xī fēng
東鱗西爪,dōng lín xī zhuǎ
東鳴西應,dōng míng xī yìng
松子,sōng zǐ
松柏,sōng bó
松柏之堅,sōng bó zhī jiān
松柏之壽,sōng bó zhī shòu
松柏之茂,sōng bó zhī mào
松柏園,sōng bó yuán
松柏後凋,sōng bó hòu diāo
松柏節操,sōng bó jié cāo
松柏長青,sōng bó cháng qīng
松柏長青茶,sōng bó cháng qīng chá
松皮癬,sōng pí xiǎn
松香油,sōng xiang yóu
板上釘釘,bǎn shàng dìng dīng
板兒,bǎn r
板兒車,bǎn r chē
枇杷,pí pa
枇杷膏,pí pa gāo
析骸易子,xī hái yì zǐ
枓栱,dǒu gǒng
枕塊,zhèn kuài
枕戈嘗膽,zhèn gē cháng dǎn
枕戈坐甲,zhèn gē zuò jiǎ
枕戈寢甲,zhèn gē qǐn jiǎ
枕戈待敵,zhèn gē dài dí
枕戈待旦,zhèn gē dài dàn
枕戈汗馬,zhèn gē hàn mǎ
枕戈泣血,zhèn gē qì xuè
枕戈飲膽,zhèn gē yǐn dǎn
枕流漱石,zhèn liú shù shí
枕石漱流,zhèn shí shù liú
枕經藉史,zhèn jīng jiè shǐ
枕腕,zhèn wàn
枕藉,zhèn jiè
枕頭,zhěn tou
枕頭箱,zhěn tou xiāng
林冲夜奔,lín chōng yè bèn
林場,lín cháng
林濤,lín tāo
林相,lín xiàng
林薄,lín bó
枘圓鑿方,ruì yuán zuò fāng
枘鑿,ruì zuò
果乾,guǒ gān
果兒,guǒ r
果勁,guǒ jìng
果子乾兒,guǒ zi gān r
果料兒,guǒ liào r
果碟兒,guǒ dié r
果脯,guǒ fǔ
果菜市場,guǒ cài shì cháng
枝兒,zhī r
枝指,qí zhǐ
枯乾,kū gān
枯楊生華,kū yáng shēng huā
枯樹生華,kū shù shēng huā
枯魚涸轍,kū yú hé chè
枳椇,jǐ jǔ
枳首,jǐ shǒu
枵腹重趼,xiāo fù chóng jiǎn
架兒,jià r
架弄,jià nong
架式,jià shi
架舌頭,jià shé tou
架謊鑿空,jià huǎng zuò kōng
枸杞子,gǒu qǐ zǐ
枸櫞,jǔ yuán
枸櫞酸,jǔ yuán suān
枸醬,jǔ jiàng
枹鼓,fú gǔ
枹鼓相應,fú gǔ xiāng yìng
柏京其,bó jīng qí
柏克,bó kè
柏克曼溫度計,bó kè màn wēn dù jì
柏克萊,bó kè lái
柏利尼家族,bó lì ní jiā zú
柏卡里,bó kǎ lǐ
柏吉斯法,bó jí sī fǎ
柏吉烏斯,bó jí wū sī
柏塞麥,bó sè mài
柏子,bó zi
柏府,bó fǔ
柏拉圖,bó lā tú
柏文蔚,bó wén wèi
柏木,bó mù
柏木油,bó mù yóu
柏林,bó lín
柏林劇團,bó lín jù tuán
柏林圍牆,bó lín wéi qiáng
柏林大學,bó lín dà xué
柏林影展,bó lín yǐng zhǎn
柏林會議,bó lín huì yì
柏林樂派,bó lín yuè pài
柏格曼,bó gé màn
柏格森,bó gé sēn
柏梁臺,bó liáng tái
柏梁詩,bó liáng shī
柏梁體,bó liáng tǐ
柏樹,bó shù
柏油,bó yóu
柏油紙,bó yóu zhǐ
柏油路,bó yóu lù
柏濟力阿斯,bó jì lì ā sī
柏濩,bó huò
柏特斯加登,bó tè sī jiā dēng
柏翳,bó yì
柏臺,bó tái
柏臺烏府,bó tái wū fǔ
柏舟,bó zhōu
柏舟之痛,bó zhōu zhī tòng
柏舟之節,bó zhōu zhī jié
柏舟之誓,bó zhōu zhī shì
柏舟操,bó zhōu cāo
柏鄉縣,bó xiāng xiàn
柏酒,bó jiǔ
柏金,bó jīn
柏金森氏病,bó jīn sēn shì bìng
柏青哥,bó qīng gē
柏頓,bó dùn
柏高,bó gāo
某舍,mǒu shè
查士丁尼一世,zhā shì dīng ní yī shì
查士丁尼法典,zhā shì dīng ní fǎ diǎn
查士標,zhā shì biāo
查慎行,zhā shèn xíng
查果,zhā guǒ
查梨,zhā lí
查沙,zhā shā
查處,chá chǔ
查裹,zhā guǒ
柬帖,jiǎn tiě
柳宿,liǔ xiù
柳毅傳,liǔ yì zhuàn
柳氏傳,liǔ shì zhuàn
柳葉兒,liǔ yè r
柴心兒,chái xīn r
柴火,chái huo
柴立不阿,chái lì bù ē
柴頭,chái tou
柵剌子,zhà là zi
柷敔,zhù yǔ
栒子木,xún zǐ mù
栓塞,shuān sè
栖息,xī xí
栖栖,xī xī
栖身,xī shēn
栗喇,lì la
栗苞,lì bao
栗鑿,lì zuò
校人,jiào rén
校勘,jiào kān
校勘學,jiào kān xué
校場,jiào cháng
校尉,jiào wèi
校對,jiào duì
校對員,jiào duì yuán
校改,jiào gǎi
校書,jiào shū
校書郎,jiào shū láng
校本,jiào běn
校樣,jiào yàng
校正,jiào zhèng
校準,jiào zhǔn
校獵,jiào liè
校理,jiào lǐ
校稿,jiào gǎo
校綴,jiào zhuì
校舍,xiào shè
校訂,jiào dìng
校計,jiào jì
校讎,jiào chóu
校閱,jiào yuè
校點,jiào diǎn
核反應,hé fǎn yìng
核反應器,hé fǎn yìng qì
核子,hé zǐ
核子作用,hé zǐ zuò yòng
核子分裂,hé zǐ fēn liè
核子力,hé zǐ lì
核子動力潛艇,hé zǐ dòng lì qián tǐng
核子動力船,hé zǐ dòng lì chuán
核子反應,hé zǐ fǎn yìng
核子反應爐,hé zǐ fǎn yìng lú
核子工程學,hé zǐ gōng chéng xué
核子戰爭,hé zǐ zhàn zhēng
核子戰略,hé zǐ zhàn lüè
核子武器,hé zǐ wǔ qì
核子燃料,hé zǐ rán liào
核子能,hé zǐ néng
核子試爆,hé zǐ shì bào
核子試驗,hé zǐ shì yàn
核子醫學,hé zǐ yī xué
核子防護,hé zǐ fáng hù
核心分子,hé xīn fèn zi
核桃,hé tao
根兒,gēn r
根兒底下,gēn r dǐ xia
根頭,gēn tou
格列佛遊記,gé liè fó yóu jì
格喳,gé chā
格格,gé ge
格正,gé zheng
格磴兒,gé dèng r
栽種,zāi zhòng
栽跟頭,zāi gēn tou
桀敖不馴,jié ào bù xún
桀驁,jié ào
桀驁不恭,jié ào bù gōng
桀驁不遜,jié ào bù xùn
桀驁不馴,jié ào bù xún
桀驁難馴,jié ào nán xún
桁楊,háng yáng
桂子,guì zǐ
桂子蘭孫,guì zǐ lán sūn
桂子飄香,guì zǐ piāo xiāng
桂宮柏寢,guì gōng bó qǐn
桂父,guì fǔ
桃園國際機場,táo yuán guó jì jī cháng
桃花薄命,táo huā bó mìng
桄子,guàng zi
框框,kuāng kuang
案卷,àn juàn
桌面兒上,zhuō miàn r shàng
桑乾河,sāng gān hé
桑乾盆地,sāng gān pén dì
桑葚,sāng shèn
桔桀,jié jié
桔梗,jié gěng
桔槔,jié gāo
桔槔烽,jié gāo fēng
桫欏,suō luó
桮杓,bēi sháo
桿兒,gǎn r
桿兒上的,gǎn r shàng de
梁上君子,liáng shàng jūn zǐ
梁父吟,liáng fǔ yín
梁鴻五噫,liáng hóng wǔ yī
梅妻鶴子,méi qī hè zǐ
梅葛二仙翁,méi gě èr xiān wēng
梆兒頭,bāng r tóu
梗塞,gěng sè
梟將,xiāo jiàng
梟騎,xiāo jì
梨乾兒,lí gān r
梨園子弟,lí yuán zǐ dì
梨園弟子,lí yuán dì zǐ
梨園行,lí yuán háng
梭微子,suō wéi zǐ
梯己,tī ji
梯桄,tī guàng
梵剎,fàn chà
梵唄,fàn bài
梵筴,fàn jiá
棄甲曳兵,qì jiǎ yì bīng
棄短取長,qì duǎn qǔ cháng
棄車保帥,qì jū bǎo shuài
棄養,qì yàng
棉猴兒,mián hóu r
棉花,mián hua
棉花店著火,mián huā diàn zháo huǒ
棉花耳朵,mián huā ěr duo
棉薄,mián bó
棉薄之力,mián bó zhī lì
棉都,mián dū
棋子,qí zǐ
棋高一著,qí gāo yī zhuó
棍兒茶,gùn r chá
棒下出孝子,bàng xià chū xiào zǐ
棒兒香,bàng r xiāng
棒喝,bàng hè
棒打薄情郎,bàng dǎ bó qíng láng
棗椰子,zǎo yé zǐ
棚匠,péng jiang
棚圈,péng juàn
棚朳,péng bā
棣華,dì huā
棺材,guān cai
棺材出了討挽歌郎錢,guān cai chū liǎo tǎo wǎn gē láng qián
棺材座子,guān cai zuò zi
棺材本,guān cai běn
棺材板,guān cai bǎn
棺材裡伸手,guān cai lǐ shēn shǒu
椎床倒枕,zhuī chuáng dǎo zhěn
椎拍輐斷,zhuī pāi wàn duàn
椏杈,yā chà
椹質,zhēn zhì
楂楂,chá chá
楊家將,yáng jiā jiàng
楊葉竄兒,yáng yè cuàn r
楚些,chǔ suò
楚弓楚得,chǔ gōng chǔ dé
楞住,lèng zhù
楞子眼,lèng zi yǎn
楞小子,lèng xiǎo zi
楞柯柯,lèng kē kē
楞楞傻傻,lèng lèng shǎ shǎ
楞楞睜睜,lèng lèng zhēng zhēng
楞頭青,lèng tóu qīng
楥頭,xuàn tou
楦頭,xuàn tou
業相,yè xiàng
楮知白,chǔ zhī bó
極便當,jí biàn dàng
極深研幾,jí shēn yán jī
極端分子,jí duān fèn zi
榆塞,yú sài
榆瞑豆重,yú mián dòu zhòng
榔頭,láng tou
榜人,bèng rén
榜女,bèng nǚ
榜帖,bǎng tiě
榜掠,bèng lüè
榜楚,bèng chǔ
榜歌,bèng gē
榜笞,bèng chī
榜箠,bèng chuí
榫頭,sǔn tou
槁項黃馘,gǎo xiàng huáng xù
槍把,qiāng bà
槮爽,sǎn shuǎng
槽兒,cáo r
槽坊,cáo fang
樁兒,zhuāng r
樂亭大鼓,lào tíng dà gǔ
樂人,yuè rén
樂兒,lè r
樂句,yuè jù
樂史,yuè shǐ
樂品,yuè pǐn
樂善好施,lè shàn hào shī
樂善好義,lè shàn hào yì
樂嘻嘻,lè xi xī
樂器,yuè qì
樂團,yuè tuán
樂壇,yuè tán
樂婦,yuè fù
樂山樂水,yào shān yào shuǐ
樂工,yuè gōng
樂師,yuè shī
樂床,yuè chuáng
樂府,yuè fǔ
樂府指迷,yuè fǔ zhǐ mí
樂府詩,yuè fǔ shī
樂府詩集,yuè fǔ shī jí
樂府雜錄,yuè fǔ zá lù
樂式,yuè shì
樂律,yuè lǜ
樂得,lè dé
樂戶,yuè hù
樂探,yuè tàn
樂曲,yuè qǔ
樂棚,yuè péng
樂歌,yuè gē
樂正,yuè zhèng
樂毅,yuè yì
樂毅論,yuè yì lùn
樂池,yuè chí
樂理,yuè lǐ
樂章,yuè zhāng
樂籍,yuè jí
樂紋兒,lè wén r
樂素,yuè sù
樂經,yuè jīng
樂群,yào qún
樂翁,yuè wēng
樂聖,yuè shèng
樂聲,yuè shēng
樂舞,yuè wǔ
樂記,yuè jì
樂語,yuè yǔ
樂論,yuè lùn
樂譜,yuè pǔ
樂迷,yuè mí
樂道安貧,yào dào ān pín
樂部,yuè bù
樂隊,yuè duì
樂音,yuè yīn
樊於期,fán wū qí
樓車,lóu jū
樗散,shū sǎn
標兒,biāo r
標勁兒,biāo jìn r
標同伐異,biāo tóng fá yì
標的,biāo dì
標的物,biāo dì wù
標行,biāo háng
標識,biāo zhì
標題音樂,biāo tí yīn yuè
模子,mú zi
模模糊糊,mó mo hu hu
模樣,mú yàng
模特兒,mó tè r
模糊,mó hu
樣冊子,yàng chǎi zi
樨枳子,xī zhǐ zǐ
樸實,pú shi
樸訥,pú nà
樸訥誠篤,pú nà chéng dǔ
樸質,pú zhí
樸質無華,pú zhí wú huá
樹倒根摧,shù dǎo gēn cuī
樹倒猢猻散,shù dǎo hú sūn sàn
樹子,shù zǐ
樹杈,shù chà
樹涼兒,shù liáng r
樹碑立傳,shù bēi lì zhuàn
樹莓子,shù méi zǐ
樹行子,shù hàng zi
樿傍,zhǎn páng
橘化為枳,jú huà wéi zhǐ
機伶,jī ling
機伶人,jī ling rén
機伶變兒,jī ling biàn r
機伶鬼兒,jī ling guǐ r
機場,jī cháng
機應,jī yìng
機辟,jī bì
機靈,jī ling
橫事,hèng shì
橫亡,hèng wáng
橫切,héng qiē
橫加,hèng jiā
橫勁,hèng jìn
橫厲,hèng lì
橫夭,hèng yāo
橫恣,hèng zì
橫打鼻梁兒,héng dǎ bí liáng r
橫拖倒拽,héng tuō dào zhuài
橫撐船兒,héng chēng chuán r
橫政,hèng zhèng
橫暴,hèng bào
橫枝兒,héng zhī r
橫死,hèng sǐ
橫死眼,hèng sǐ yǎn
橫殃飛禍,hèng yāng fēi huò
橫流,hèng liú
橫災飛禍,hèng zāi fēi huò
橫禍,hèng huò
橫禍非災,hèng huò fēi zāi
橫禍飛災,hèng huò fēi zāi
橫舍,héng shè
橫蠻,hèng mán
橫蠻無理,hèng mán wú lǐ
橫話,hèng huà
橫議,hèng yì
橫財,hèng cái
橫逆,hèng nì
橫難,hèng nàn
檀車,tán jū
檉柏,chēng bó
檜柏,kuài bó
檢場,jiǎn cháng
檢校,jiǎn jiào
檢閱場,jiǎn yuè cháng
檣帆,qiáng fán
檻檻,jiàn jiàn
檻猿籠鳥,jiàn yuán lóng niǎo
檻車,jiàn jū
櫃面兒,guì miàn r
櫓帆船,lǔ fán chuán
櫛次鱗比,jié cì lín bì
櫛比,jié bì
櫛比鱗差,jié bì lín cī
櫛比鱗次,jié bì lín cì
櫟散,lì sǎn
櫳門兒,lóng mén r
欃槍,chán chēng
權軸,quán zhú
權量,quán liáng
欠債還錢,qiàn zhài huán qián
欠當,qiàn dàng
欠肚兒親家,qiàn dù r qīn jiā
次且,zī jū
次子,cì zǐ
次著,cì zhuó
欣欣得意,xīn xīn dé yì
欣欣自得,xīn xīn zì dé
欣然自得,xīn rán zì dé
欣生惡死,xīn shēng wù sǐ
欬唾成珠,ké tuò chéng zhū
欲不可從,yù bù kě zòng
欲就還推,yù jiù huán tuī
欲語還休,yù yǔ huán xiū
欲說還休,yù shuō huán xiū
欸乃曲,ǎi nǎi qǔ
欺行霸市,qī háng bà shì
欺誣,qī wú
欺辱,qī rǔ
欻吸,hū xī
欽天監,qīn tiān jiàn
欽察汗國,qīn chá hán guó
欽差,qīn chāi
欽差大臣,qīn chāi dà chén
欽賜,qīn sì
欽賢好士,qīn xián hào shì
欽遲,qīn zhì
款兒,kuǎn r
款塞,kuǎn sài
款識,kuǎn zhì
歃血,shà xuè
歃血為盟,shà xuè wéi méng
歃血為誓,shà xuè wéi shì
歃血而盟,shà xuè ér méng
歇息,xiē xi
歇會兒,xiē huǐ r
歌仔戲,gē zǐ xì
歌吹,gē chuì
歌曲,gē qǔ
歌樂,gē yuè
歌舞場,gē wǔ cháng
歎為觀止,tàn wéi guān zhǐ
歐冶子,ōu yě zǐ
歐巴桑,ōu ba sāng
歐幾里得,ōu jī lǐ dé
歐幾里得原理,ōu jī lǐ dé yuán lǐ
歐洲共同市場,ōu zhōu gòng tóng shì cháng
歐洲復興計畫,ōu zhōu fù xīng jì huà
歙張,xì zhāng
歙歙,xì xì
歙漆阿膠,shè qī ē jiāo
歙肩,xì jiān
歙赩,xì xì
歡勢,huān shi
歡喜佛,huān xǐ fó
歡喜錢兒,huān xǐ qián r
歡歡喜喜,huān huan xǐ xǐ
歡洽,huān xiá
止戈為武,zhǐ gē wéi wǔ
止戈興仁,zhǐ gē xīng rén
止足之分,zhǐ zú zhī fèn
正中下懷,zhèng zhòng xià huái
正中己懷,zhèng zhòng jǐ huái
正中紅心,zhèng zhòng hóng xīn
正人君子,zhèng rén jūn zǐ
正傳,zhèng zhuàn
正旦,zhēng dàn
正月,zhēng yuè
正月十六貼門神,zhēng yuè shí liù tiē mén shén
正朔,zhēng shuò
正當防衛行為,zhèng dàng fáng wèi xíng wéi
正經八百,zhèng jing bā bǎi
正身率下,zhèng shēn shuài xià
正電子,zhèng diàn zǐ
正頭香主,zhèng tou xiāng zhu
正鵠,zhēng gǔ
此唱彼和,cǐ chàng bǐ hè
此問彼難,cǐ wèn bǐ nàn
此發彼應,cǐ fā bǐ yìng
步步為營,bù bù wéi yíng
步步生蓮華,bù bù shēng lián huā
步砌,bù qiè
步碾兒,bù niǎn r
步輦兒,bù niǎn r
步飛煙傳,bù fēi yān zhuàn
步騎,bù jì
武場,wǔ cháng
武大郎,wǔ da láng
武大郎吃毒藥,wǔ da láng chī dú yào
武將,wǔ jiàng
武行,wǔ háng
歪打正著,wāi dǎ zhèng zháo
歪派,wāi pai
歲寒松柏,suì hán sōng bó
歲差,suì chā
歲數,suì shu
歲會,suì kuài
歲朝,suì zhāo
歲比不登,suì bì bù dēng
歷史重演,lì shǐ chóng yǎn
歷歷可數,lì lì kě shǔ
歷遍,lì piàn
歸子,guī zǐ
歸帆,guī fán
歸煞,guī shà
歸省,guī xǐng
歸老菟裘,guī lǎo tù qiú
歸著,guī zhuó
歸遺細君,guī wèi xì jūn
歸還,guī huán
歸降,guī xiáng
歹不中,dǎi bù zhòng
歹婆娘,dǎi pó niang
死不了,sǐ bù liǎo
死乞白賴,sǐ qi bái lài
死亡給付,sǐ wáng jǐ fù
死傷相枕,sǐ shāng xiāng zhèn
死傷相藉,sǐ shāng xiāng jiè
死吃死嚼,sǐ chī sǐ jiáo
死對頭,sǐ duì tou
死工夫,sǐ gōng fu
死得其所,sǐ dé qí suǒ
死心倒地,sǐ xīn dǎo dì
死心眼兒,sǐ xīn yǎn r
死性,sǐ xing
死拉活拽,sǐ lā huó zhuài
死摳兒,sǐ kōu r
死模活樣,sǐ mú huó yàng
死水兒,sǐ shuǐ r
死法子,sǐ fá zi
死灰復燎,sǐ huī fù liào
死生契闊,sǐ shēng qiè kuò
死當,sǐ dàng
死相,sǐ xiàng
死相枕藉,sǐ xiāng zhèn jiè
死知府不如一個活老鼠,sǐ zhī fǔ bù rú yī ge huó lǎo shǔ
死綏,sǐ suí
死者相枕,sǐ zhě xiāng zhèn
死胡同,sǐ hú tong
死膛兒,sǐ táng r
死規矩兒,sǐ guī ju r
死難,sǐ nàn
死馬當活馬醫,sǐ mǎ dàng huó mǎ yī
殃煞,yāng shà
殉難,xùn nàn
殊功勁節,shū gōng jìng jié
殘兵敗將,cán bīng bài jiàng
殘賊,cán zé
殘軍敗將,cán jūn bài jiàng
殞沒,yǔn mò
殫見洽聞,dān jiàn xiá wén
殯舍,bìn shè
段頭,duàn tou
殷其靁,yǐn qí léi
殷天動地,yǐn tiān dòng dì
殷天震地,yǐn tiān zhèn dì
殷正,yīn zhēng
殷殷屯屯,yīn yīn zhūn zhūn
殷然,yān rán
殷紅,yān hóng
殺出重圍,shā chū chóng wéi
殺坯,shā pī
殺妻求將,shā qī qiú jiàng
殺彘教子,shā zhì jiào zǐ
殺衣縮食,shài yī sù shí
殺身為報,shā shēn wéi bào
殺雞為黍,shā jī wéi shǔ
殿屎,diàn xī
毀家紓難,huǐ jiā shū nàn
毀舟為杕,huǐ zhōu wéi duò
毀訾,huǐ zǐ
毀鐘為鐸,huǐ zhōng wéi duó
毋得,wú dé
母以子貴,mǔ yǐ zǐ guì
母兒,mǔ r
母匙,mǔ chí
母喪,mǔ sāng
母子,mǔ zǐ
母慈子孝,mǔ cí zǐ xiào
母老子幼,mǔ lǎo zǐ yòu
母難日,mǔ nàn rì
每日逐朝,měi rì zhú zhāo
每朝每日,měi zhāo měi rì
每朝逐日,měi zhāo zhú rì
毒日頭,dú rì tou
毓子孕孫,yù zǐ yùn sūn
比不了,bǐ bù liǎo
比不得,bǐ bù dé
比來,bì lái
比個大哥二哥,bǐ ge dà gē èr gē
比個高下,bǐ ge gāo xià
比個高低,bǐ ge gāo dī
比劃,bǐ hua
比及,bì jí
比周,bì zhōu
比屋,bì wū
比屋可封,bì wū kě fēng
比屋而封,bì wū ér fēng
比屋而誅,bì wū ér zhū
比年,bì nián
比年不登,bì nián bù dēng
比捕,bì bǔ
比方,bǐ fang
比校,bǐ jiào
比歲,bì suì
比歲不登,bì suì bù dēng
比比,bì bì
比比皆是,bì bì jiē shì
比比皆然,bì bì jiē rán
比肩,bì jiān
比肩人,bì jiān rén
比肩皆是,bì jiān jiē shì
比肩繼踵,bì jiān jì zhǒng
比肩而事,bì jiān ér shì
比肩而立,bì jiān ér lì
比肩隨踵,bì jiān suí zhǒng
比至,bì zhì
比舍,bì shè
比親,bì qīn
比試,bǐ shi
比蹤,bì zōng
比鄰,bì lín
比鄰而居,bì lín ér jū
毗婆尸佛,pí pó shī fó
毗舍婆佛,pí shè pó fó
毛丫頭,máo yā tou
毛刻本,máo kē běn
毛司,máo si
毛司火性兒,máo si huǒ xìng r
毛司裡磚兒,máo si lǐ zhuān r
毛咕,máo gu
毛廁,máo si
毛廁裡磚兒,máo si lǐ zhuān r
毛所得,máo suǒ dé
毛毛蟲,máo mao chóng
毛毛雨,máo mao yǔ
毛玻璃,máo bō li
毫不介意,háo bu jiè yì
毫不在乎,háo bu zài hu
毫不在意,háo bu zài yì
毫不思量,háo bu sī liáng
毫不為備,háo bu wéi bèi
毫不猶豫,háo bu yóu yù
毫不相干,háo bu xiāng gān
毫不費力,háo bu fèi lì
毫不遲疑,háo bu chí yí
毫釐之差,háo lí zhī chā
毫髮不差,háo fǎ bù chā
氅衣兒,chǎng yī r
氆氌,pǔ lū
民以食為天,mín yǐ shí wéi tiān
民以食為本,mín yǐ shí wéi běn
民俗曲藝,mín sú qǔ yì
民俗音樂,mín sú yīn yuè
民族復興運動,mín zú fù xīng yùn dòng
民族樂器,mín zú yuè qì
民族樂隊,mín zú yuè duì
民族音樂,mín zú yīn yuè
民為邦本,mín wéi bāng běn
民窮財匱,mín qióng cái kuì
民謠歌曲,mín yáo gē qǔ
氟化物中毒,fú huà wù zhòng dú
氣充文見,qì chōng wén xiàn
氣冠三軍,qì guàn sān jūn
氣分,qì fen
氣勢磅礴,qì shì pāng bó
氣咽聲絲,qì yè shēng sī
氣塞,qì sè
氣性,qì xing
氣息奄奄,qì xí yān yān
氣派,qì pai
氣滿志得,qì mǎn zhì dé
氣血,qì xuè
氣血方剛,qì xuè fāng gāng
氣貫長虹,qì guàn cháng hóng
氣質,qì zhí
氣量,qì liang
氣鳴樂器,qì míng yuè qì
氧吧,yǎng bā
氯氣中毒,lǜ qì zhòng dú
氰中毒,qīng zhòng dú
水中毒,shuǐ zhòng dú
水作坊,shuǐ zuō fang
水分,shuǐ fèn
水宿,shuǐ xiù
水撲花兒,shuǐ pū huā r
水旱碼頭,shuǐ hàn mǎ tou
水晶心肝玻璃人,shuǐ jīng xīn gān bō li rén
水泥熟料,shuǐ ní shóu liào
水準測量,shuǐ zhǔn cè liáng
水滸傳,shuǐ hǔ zhuàn
水火籃兒,shuǐ huǒ lán r
水牛兒,shuǐ niú r
水玻璃,shuǐ bō li
水磨工夫,shuǐ mó gōng fu
水磨腔曲子,shuǐ mó qiāng qǔ zi
水筆仔,shuǐ bǐ zǐ
水筆子,shuǐ bǐ zǐ
水花兒,shuǐ huā r
水蔥兒似的,shuǐ cōng r sì de
水質,shuǐ zhí
水遠山長,shuǐ yuǎn shān cháng
水都,shuǐ dū
水陸道場,shuǐ lù dào cháng
水音兒,shuǐ yīn r
水頭兒,shuǐ tou r
永錫不匱,yǒng xí bù kuì
汁兒,zhī r
求之不得,qiú zhī bù dé
求仁得仁,qiú rén dé rén
求假,qiú jià
求子,qiú zǐ
求死不得,qiú sǐ bù dé
求漿得酒,qiú jiāng dé jiǔ
求田問舍,qiú tián wèn shè
求神拜佛,qiú shén bài fó
汗巾兒,hàn jīn r
汗洽股慄,hàn xiá gǔ lì
汗流洽背,hàn liú xiá bèi
汗液,hàn yì
汗絡兒,hàn lào r
汗褂兒,hàn guà r
汗褟兒,hàn tā r
汙尊,wā zūn
汙庳,wā bēi
汙水處理,wū shuǐ chǔ lǐ
汙膺,wā yīng
汞中毒,gǒng zhòng dú
汞齊,gǒng jì
江東子弟,jiāng dōng zǐ dì
江都縣,jiāng dū xiàn
江靡,jiāng mǐ
汩徂,yù cú
汩沒,gǔ mò
汩流,yù liú
汩越,yù yuè
汪濊,wāng wèi
汪踦,wāng qí
決了,jué liǎo
決明子,jué míng zǐ
汽輾,qì niǎn
汾沮洳,fén jù rù
沃果兒,wò guǒ r
沉不住氣,chén bu zhù qì
沉屁股,chén pì gu
沉沒,chén mò
沉著,chén zhuó
沉著痛快,chén zhuó tòng kuài
沏油,qū yóu
沐猴冠冕,mù hóu guàn miǎn
沐猴而冠,mù hóu ér guàn
沒一頓飯的工夫,méi yī dùn fàn de gōng fu
沒下,mò xià
沒不煞,mò bù shā
沒世,mò shì
沒世不忘,mò shì bù wàng
沒世難忘,mò shì nán wàng
沒主兒,méi zhǔ r
沒主意,méi zhǔ yi
沒乾沒淨,méi gān méi jìng
沒乾淨,méi gān jìng
沒亂,mò luàn
沒亂死,mò luàn sǐ
沒亂殺,mò luàn shā
沒亂煞,mò luàn shā
沒亂裡,mò luàn lǐ
沒了,mò le
沒了主意,méi le zhǔ yi
沒了期,méi liǎo qí
沒了當,méi liǎo dàng
沒了結處,méi liǎo jié chù
沒了落,méi liǎo luò
沒事哏,méi shì hēn
沒住頭,méi zhù tou
沒來頭,méi lái tou
沒個出豁,méi ge chū huò
沒個好結果,méi ge hǎo jié guǒ
沒個是處,méi ge shì chù
沒個裡兒表兒,méi ge lǐ r biǎo r
沒個見識,méi ge jiàn shi
沒個開交,méi ge kāi jiāo
沒個黑家白日的,méi ge hēi jiā bái rì de
沒做思量處,méi zuò sī liáng chù
沒入,mò rù
沒出息,méi chū xi
沒出豁,méi chū huò
沒出豁處,méi chū huò chù
沒分豁,méi fēn huò
沒包彈,méi bāo tán
沒可得,méi kě dé
沒合殺,méi hé shà
沒合煞,méi hé shà
沒合眼兒,méi hé yǎn r
沒味兒,méi wèi r
沒商量,méi shāng liang
沒嘴葫蘆,méi zuǐ hú lu
沒嘴道兒,méi zuǐ dào r
沒嚼頭,méi jué tou
沒地,mò dì
沒地兒,méi dì r
沒地縫兒鑽進去,méi dì fèng r zuān jìn qù
沒地里,méi de lǐ
沒奈何,mò nài hé
沒奔頭,méi bèn tou
沒好意思,méi hǎo yì si
沒子兒,méi zǐ r
沒完沒了,méi wán méi liǎo
沒官,mò guān
沒工夫,méi gōng fu
沒底兒,méi dǐ r
沒彈剝,méi tán bō
沒影兒,méi yǐng r
沒影的話兒,méi yǐng de huà r
沒後,mò hòu
沒得主意,méi de zhǔ yi
沒得空兒,méi de kòng r
沒德行,méi dé xing
沒志氣,méi zhì qi
沒志行,méi zhì xìng
沒忽的,mò hū dì
沒想頭,méi xiǎng tou
沒意兒,méi yì r
沒意思,méi yì si
沒指望,méi zhǐ wang
沒捆兒,méi kǔn r
沒揣地,méi chuǎi de
沒搭煞,méi dā shà
沒撩沒亂,méi liáo mò luàn
沒撻煞,méi tà shà
沒收,mò shōu
沒收煞,méi shōu shà
沒散場,méi sàn cháng
沒是哏,méi shì hēn
沒有主意,méi yǒu zhǔ yi
沒有影兒,méi yǒu yǐng r
沒有意思,méi yǒu yì si
沒有準兒,méi yǒu zhǔn r
沒本事,méi běn shi
沒本錢買賣,méi běn qián mǎi mai
沒查沒利,méi zhā méi lì
沒棱縫兒,méi léng fèng r
沒正經,méi zhèng jing
沒正經的事,méi zhèng jing de shì
沒死以聞,mò sǐ yǐ wén
沒水,mò shuǐ
沒沒,mò mò
沒沒無聞,mò mò wú wén
沒法子,méi fá zi
沒海履地,mò hǎi lǚ dì
沒渾過事,méi hùn guò shì
沒準兒,méi zhǔn r
沒準頭,méi zhǔn tou
沒溜兒,méi liù r
沒溺,mò nì
沒牙虎兒,méi yá hǔ r
沒甚,méi shén
沒甚意思,méi shén yì si
沒甚首尾,méi shén shǒu wěi
沒甚麼,méi shén me
沒留沒亂,méi liú mò luàn
沒看頭,méi kàn tou
沒空,méi kòng
沒算當,méi suàn dàng
沒縫兒,méi fèng r
沒羞沒臊,méi xiū méi sào
沒而不朽,mò ér bù xiǔ
沒肉也有四兩豆腐,méi ròu yě yǒu sì liǎng dòu fu
沒脊梁,méi jí liang
沒脊骨,méi jí gǔ
沒脾氣,méi pí qi
沒腦袋的蒼蠅,méi nǎo dài de cāng ying
沒興頭,méi xìng tou
沒良心的東西,méi liáng xīn de dōng xi
沒落,mò luò
沒落兒,méi lào r
沒落子,méi lào zi
沒著沒落,méi zhuó méi luò
沒著落,méi zhuó luò
沒藥,mò yào
沒處出豁,méi chù chū huò
沒血性,méi xuè xìng
沒行款,méi háng kuǎn
沒見識,méi jiàn shi
沒規矩,méi guī ju
沒討個空處,méi tǎo ge kōng chù
沒詞兒,méi cí r
沒調教,méi tiáo jiào
沒講究,méi jiǎng jiu
沒賺頭,méi zhuàn tou
沒起倒,méi qǐ dǎo
沒身,mò shēn
沒身不忘,mò shēn bù wàng
沒造化,méi zào hua
沒造化的,méi zào hua de
沒造化的種子,méi zào hua de zhǒng zi
沒量斗,méi liáng dǒu
沒金飲羽,mò jīn yǐn yǔ
沒關係,méi guān xi
沒雕當,méi diāo dàng
沒頂,mò dǐng
沒頭帖子,méi tóu tiě zi
沒頭當,méi tóu dàng
沒頭蒼蠅,méi tóu cāng ying
沒頭蹲,mò tóu dūn
沒顛沒倒,méi diān méi dǎo
沒骨,mò gǔ
沒骨氣,méi gǔ qi
沒骨畫,mò gǔ huà
沒骨花卉,mò gǔ huā huì
沒骨頭,méi gú tou
沒齒,mò chǐ
沒齒不忘,mò chǐ bù wàng
沒齒難忘,mò chǐ nán wàng
沒齒難泯,mò chǐ nán mǐn
沖模,chōng mú
沙其馬,shā qi mǎ
沙參,shā shēn
沙場,shā cháng
沙淺兒,shā qiǎn r
沙烏地阿拉伯,shā wū dì à lā bó
沙烏地阿拉伯王國,shā wū dì à lā bó wáng guó
沙瓤兒,shā ráng r
沙肝兒,shā gān r
沬血,mèi xuè
沮水,jū shuǐ
沮洳,jù rù
沮溺,jū nì
沮澤,jù zé
沮舍,jǔ shè
沮誦,jū sòng
河沿,hé yàn
河涸海乾,hé hé hǎi gān
河清難俟,hé qīng nán sì
河落海乾,hé lào hǎi gān
河裡孩兒岸上娘,hé lǐ hái r àn shàng niáng
河貝子,hé bèi zǐ
沸水式反應器,fèi shuǐ shì fǎn yìng qì
油回磨轉,yóu huí mò zhuǎn
油夥兒,yóu huǒ r
油星水點兒,yóu xīng shuǐ diǎn r
油棹,yóu zhuō
油漬罐頭,yóu zì guàn tou
油炸,yóu zhá
油炸果,yóu zhá guǒ
油炸豆兒,yóu zhá dòu r
油花伎倆,yóu huā jì liǎng
油花和尚,yóu huā hé shang
油茶麵兒,yóu chá miàn r
油行,yóu háng
油裙,yóu qun
油裡滑,yóu li huá
油香,yóu xiang
油點兒,yóu diǎn r
治亂興亡,zhì luàn xīng wáng
治喪,zhì sāng
沾便宜,zhān pián yi
沾洽,zhān xiá
沿條兒,yán tiáo r
沿邊兒,yán biān r
泂蛤仔,jiǒng gé zǐ
泄沓,yì tà
泄泄,yì yì
泄泄沓沓,yì yì tà tà
泓汯,hóng hóng
法堂疏,fǎ táng shù
法場,fǎ cháng
法場換子,fǎ cháng huàn zǐ
法子,fá zi
法定空地,fǎ dìng kòng dì
法家拂士,fǎ jiā bì shì
法帖,fǎ tiè
法律行為,fǎ lǜ xíng wéi
法曲,fǎ qǔ
法相,fǎ xiàng
法相宗,fǎ xiàng zōng
法華三昧,fǎ huā sān mèi
法華器,fǎ huā qì
法華宗,fǎ huā zōng
法華文句,fǎ huā wén jù
法華玄義,fǎ huā xuán yì
法華經,fǎ huā jīng
法藏,fǎ zàng
泛頭,fàn tou
泛駕,fěng jià
泡沫玻璃,pào mò bō li
泡磨菇,pào mó gu
泡蘑菇,pào mó gu
泡貨,pāo huò
波喳,bō chā
波子曼,bō zǐ màn
波爾卡舞曲,bō ěr kǎ wǔ qǔ
波累,bō lěi
波羅的海,bō luó dì hǎi
波羅的海三小國,bō luó dì hǎi sān xiǎo guó
波蘭舞曲,bō lán wǔ qǔ
波長,bō cháng
波雷羅舞曲,bō léi luó wǔ qǔ
泣血,qì xuè
泣血捶膺,qì xuè chuí yīng
泣血枕戈,qì xuè zhèn gē
泣血椎心,qì xuè zhuī xīn
泣血漣如,qì xuè lián rú
泣血稽顙,qì xuè qǐ sǎng
泥佛勸土佛,ní fó quàn tǔ fó
泥古,nì gǔ
泥古不化,nì gǔ bù huà
泥古非今,nì gǔ fēi jīn
泥坯,ní pī
泥塞竹管,ní sè zhú guǎn
泥多佛大,ní duō fó dà
泥娃娃,ní wá wa
泥子,nì zi
泥孩兒,ní hái r
泥滯,nì zhì
泥潦,ní lào
泥胎兒,ní tāi r
泥酒,nì jiǔ
泥金帖子,ní jīn tiě zi
泥飲,nì yǐn
泥鰍,ní qiu
泥點兒,ní diǎn r
注兒,zhù r
注疏,zhù shù
泯沒,mǐn mò
泯耳攢蹄,mǐn ěr cuán tí
泰來否往,tài lái pǐ wǎng
泰勒制度,tài lè zhì dù
泰山娘娘,tài shān niang niang
泰極而否,tài jí ér pǐ
泰然處之,tài rán chǔ zhī
泰阿,tài ē
泰阿倒持,tài ē dào chí
洋勁,yáng jìng
洋名字,yáng míng zi
洋場,yáng cháng
洋娃娃,yáng wá wa
洋洋得意,yáng yáng dé yì
洋洋自得,yáng yáng zì dé
洋涇浜英語,yáng jīng bāng yīng yǔ
洋畫兒,yáng huà r
洋相,yáng xiàng
洋行,yáng háng
洋馬兒,yáng mǎ r
洒如,xiǎn rú
洒淅,xiǎn xī
洒濯,xǐ zhuó
洒然,xiǎn rán
洗削更革,xǐ xuè gēng gé
洗然,xiǎn rán
洗盞更酌,xǐ zhǎn gēng zhuó
洗馬,xiǎn mǎ
洚洞,jiàng tóng
洛克菲勒,luò kè fěi lè
洛可可音樂,luò kě kě yīn yuè
洛浦宓妃,luò pǔ fú fēi
洛閩之學,luò mǐn zhī xué
洛陽才子,luò yáng cái zǐ
洞中肯綮,dòng zhòng kěn qìng
洞兒,dòng r
洞悉真相,dòng xī zhēn xiàng
洩洩,yì yì
洪洞縣,hóng tóng xiàn
洪爐燎髮,hóng lú liào fǎ
洪都百鍊生,hóng dū bǎi liàn shēng
洲場,zhōu cháng
活佛,huó fó
活便,huó bian
活兒,huó r
活分,huó fèn
活動分子,huó dòng fèn zǐ
活喇喇,huó lā lā
活寶貝,huó bǎo bei
活扣兒,huó kòu r
活支剌,huó zhī là
活菩薩,huó pú sa
活變,huó bian
活門兒,huó mén r
活頭兒,huó tou r
派上用場,pài shàng yòng cháng
流亡曲,liú wáng qǔ
流徵,liú zhǐ
流沿兒,liú yán r
流當品,liú dàng pǐn
流行歌曲,liú xíng gē qǔ
流裡流氣,liú li liú qì
流質,liú zhí
浩氣長存,hào qì cháng cún
浩浩湯湯,hào hào shāng shāng
浪吼風號,làng hǒu fēng háo
浪子,làng zǐ
浪子喪門,làng zǐ sāng mén
浪子回頭,làng zǐ huí tóu
浪子回頭金不換,làng zǐ huí tóu jīn bù huàn
浪得虛名,làng dé xū míng
浪樣兒,làng yàng r
浪浪,láng láng
浪漫曲,làng màn qǔ
浪漫樂派,làng màn yuè pài
浪蕩子,làng dàng zǐ
浪頭,làng tou
浮來暫去,fú lái zhàn qù
浮名薄利,fú míng bó lì
浮圓子,fú yuán zǐ
浮塵子,fú chén zǐ
浮家泛宅,fú jiā fàn zhè
浮皮潦草,fú pí liáo cǎo
浮薄,fú bó
浮雲朝露,fú yún zhāo lù
浮雲遊子,fú yún yóu zǐ
浮靡,fú mǐ
浴佛,yù fó
浴佛節,yù fó jié
浴場,yù cháng
浴火重生,yù huǒ chóng shēng
浴血,yù xuè
浴血奮戰,yù xuè fèn zhàn
海上救難,hǎi shàng jiù nàn
海上花列傳,hǎi shàng huā liè zhuàn
海上都市,hǎi shàng dū shì
海乾河盡,hǎi gān hé jìn
海倫凱勒,hǎi lún kǎi lè
海參,hǎi shēn
海參崴,hǎi shēn wēi
海底猴兒,hǎi dǐ hóu r
海水不可斗量,hǎi shuǐ bù kě dǒu liáng
海水浴場,hǎi shuǐ yù cháng
海水難量,hǎi shuǐ nán liáng
海泡石,hǎi pāo shí
海洋地質,hǎi yáng dì zhí
海洋溫差發電,hǎi yáng wēn chā fā diàn
海洋牧場,hǎi yáng mù cháng
海爾波普彗星,hǎi ěr pō pǔ huì xīng
海相沉積,hǎi xiàng chén jī
海葡萄,hǎi pú tao
海螵蛸,hǎi piāo xiāo
海都,hǎi dū
海難,hǎi nàn
海鶻,hǎi hú
浹洽,jiá xiá
消停,xiāo ting
消息兒,xiāo xi r
消折,xiāo shé
涉血,shè xuè
涎涎,yàn yàn
涎臉,xián lian
涎臉涎皮,xián lian xián pí
涒鄰,jūn lín
涕泗縱橫,tì sì zōng héng
涕淚縱橫,tì lèi zōng héng
涯分,yá fèn
涸乾,hào gān
涸轍之枯,hé chè zhī kū
涸轍之魚,hé chè zhī yú
涸轍之鮒,hé chè zhī fù
涸轍枯魚,hé chè kū yú
涸轍窮魚,hé chè qióng yú
涸轍窮鱗,hé chè qióng lín
淑人君子,shú rén jūn zǐ
淑善君子,shú shàn jūn zǐ
淒咽,qī yè
淒薄,qī bó
淘換,táo huan
淚乾腸斷,lèi gān cháng duàn
淚人兒,lèi rén r
淟涊,tiǎn niǎn
淡不剌,dàn bù là
淡然處之,dàn rán chǔ zhī
淡薄,dàn bó
淡薄無味,dàn bó wú wèi
淤塞,yū sè
淨角,jìng jué
淫心慝行,yín xīn tè xìng
淫潦,yín lào
淫靡,yín mǐ
淮南子,huái nán zǐ
深厲淺揭,shēn lì qiǎn qì
深居九重,shēn jū jiǔ chóng
深思熟慮,shēn sī shóu lǜ
深惡痛嫉,shēn wù tòng jí
深惡痛絕,shēn wù tòng jué
深更半夜,shēn gēng bàn yè
深淵薄冰,shēn yuān bó bīng
深省,shēn xǐng
深藏不露,shēn cáng bù lòu
深長,shēn cháng
淳化閣帖,chún huà gé tiè
淳熙閣帖,chún xī gé tiè
淵塞,yuān sè
淵遠流長,yuān yuǎn liú cháng
混嚼舌根,hùn jiáo shé gēn
混夷,kūn yí
混混兒,hùn hùn r
混為一談,hùn wéi yī tán
混球兒,hùn qiú r
淹沒,yān mò
淹纏,yān chan
淹踐,yān jian
淺淺,jiān jiān
淺薄,qiǎn bó
淺見薄識,qiǎn jiàn bó shì
淺鮮,qiǎn xiǎn
添補,tiān bu
清吹,qīng chuì
清商樂,qīng shāng yuè
清場,qīng cháng
清寒子弟,qīng hán zǐ dì
清樂,qīng yuè
清淨無為,qīng jìng wú wéi
清玩,qīng wàn
清還,qīng huán
清都,qīng dū
清鍋兒冷灶,qīng guō r lěng zào
清靜無為,qīng jìng wú wéi
清風勁節,qīng fēng jìng jié
減殺,jiǎn shà
渠率,qú shuài
渡假,dù jià
渡子,dù zǐ
渣兒,zhā r
渦口,guō kǒu
渦河,guō hé
測度,cè duò
測視照相機,cè shì zhào xiàng jī
測量,cè liáng
測量學,cè liáng xué
測量衛星,cè liáng wèi xīng
港埠,gǎng fù
港都,gǎng dū
渴澤,jié zé
游僧攢住持,yóu sēng cuán zhù chí
游子,yóu zǐ
游手好閒,yóu shǒu hào xián
游說,yóu shuì
游頭浪子,yóu tóu làng zǐ
渾俗和光,hùn sú hé guāng
渾元,hùn yuán
渾名,hùn míng
渾天,hùn tiān
渾天儀,hùn tiān yí
渾敦,hùn dūn
渾殽,hùn yáo
渾沌,hùn dùn
渾淪,hùn lún
渾球,hùn qiú
渾號,hùn hào
湊分子,còu fèn zi
湊合,còu he
湊趣兒,còu qù r
湖濱散記,hú bīn sǎn jì
湮沒,yīn mò
湮沒無聞,yīn mò wú wén
湯匙,tāng chí
湯姆森,tāng mǔ shēng
湯湯,shāng shāng
湯著,tāng zháo
源深流長,yuán shēn liú cháng
源遠流長,yuán yuǎn liú cháng
準兒,zhǔn r
準分子雷射儀,zhǔn fēn zǐ léi shè yí
準的,zhǔn dì
準譜兒,zhǔn pǔ r
準頭,zhǔn tou
溘然長逝,kè rán cháng shì
溜兒,liù r
溜冰場,liū bīng cháng
溜子,liù zi
溜搭,liū da
溜溜,liù liu
溜溜兒,liū liū r
溜溜秋秋,liū liu qiū qiū
溜溜轉,liū liū zhuàn
溜眼睛,liū yǎn jing
溜縫兒,liù fèng r
溜達,liù da
溜邊兒,liū biān r
溫卷,wēn juàn
溫室效應,wēn shì xiào yìng
溫差,wēn chā
溫席扇枕,wēn xí shān zhěn
溫帶氣旋,wēn dài qì xuàn
溲溺,sōu niào
溴中毒,xiù zhòng dú
溶質,róng zhí
溷廁,hùn cì
溺器,niào qì
溺窩子,niào wō zi
溼氣,shī qi
溼答答,shī dā dā
滂薄,pāng bó
滄浪,cāng láng
滄浪亭,cāng láng tíng
滄浪詩話,cāng láng shī huà
滄海橫流,cāng hǎi hèng liú
滅不個,miè bù ge
滅景,miè yǐng
滅此朝食,miè cǐ zhāo shí
滅沒,miè mò
滅相,miè xiàng
滅茬,miè chá
滋味兒,zī wèi r
滌故更新,dí gù gēng xīn
滎經縣,yíng jīng xiàn
滑不嘰溜,huá bu jī liū
滑喇,huá lā
滑溜,huá liu
滑稽,gǔ jī
滑稽大鼓,gǔ jī dà gǔ
滑稽戲,gǔ jī xì
滑稽突梯,gǔ jī tú tī
滑藉,huá jiè
滕薛爭長,téng xuē zhēng cháng
滯泥,zhì nì
滯滯泥泥,zhì zhì nì nì
滯累,zhì lěi
滴修都速,dī xiū dū sù
滴溜兒,dī liū r
滴滴答答,dī dī dā dā
滴答,dī dā
滴羞都蘇,dī xiū dū sū
滴里嘟嚕,dī li dū lū
滴里搭拉,dī li dā lā
滾兒,gǔn r
滾出去,gǔn chū qu
滾滾蹡蹡,gǔn gun qiāng qiāng
滾球兒,gǔn qiú r
滾瓜兒,gǔn guā r
滾起來,gǔn qǐ lai
滾開,gǔn kai
滿不在乎,mǎn bù zài hu
滿以為,mǎn yǐ wéi
滿口應允,mǎn kǒu yìng yǔn
滿口應承,mǎn kǒu yìng chéng
滿口答應,mǎn kǒu dā yìng
滿嘴跑舌頭,mǎn zuǐ pǎo shé tou
滿好個,mǎn hǎo ge
滿帆,mǎn fán
滿張羅,mǎn zhāng luo
滿應滿許,mǎn yìng mǎn xǔ
漁人得利,yú rén dé lì
漁父,yú fǔ
漁翁得利,yú wēng dé lì
漂亮,piào liang
漂亮話,piào liang huà
漂兒,piāo r
漂布,piǎo bù
漂帳,piào zhàng
漂染,piǎo rǎn
漂母,piǎo mǔ
漂母進食,piǎo mǔ jìn shí
漂母進飯,piǎo mǔ jìn fàn
漂沒,piāo mò
漂洗,piǎo xǐ
漂白,piǎo bái
漂白劑,piǎo bái jì
漂白粉,piǎo bái fěn
漂蕩子弟,piāo dàng zǐ dì
漆宅,qī zhè
漆皮兒,qī pí r
漏天兒,lòu tiān r
漏春和尚,lòu chūn hé shang
漏盡更闌,lòu jìn gēng lán
漏脯充饑,lòu fǔ chōng jī
漏風的巴掌,lòu fēng de bā zhang
演撒,yǎn sǎ
漚肥,òu féi
漚鬱,òu yù
漚麻,òu má
漠楞楞,mò lèng lèng
漢武帝內傳,hàn wǔ dì nèi zhuàn
漢藏語系,hàn zàng yǔ xì
漫山塞野,màn shān sè yě
漫無目的,màn wú mù dì
漫長,màn cháng
漭瀁,mǎng yǎng
漯水,tà shuǐ
漱流枕石,shù liú zhèn shí
漱石枕流,shù shí zhèn liú
漲海,zhàng hǎi
漲紅,zhàng hóng
漸染,jiān rǎn
漸洳,jiān rù
潑剌,pō là
潑剌剌,pō là là
潑潑剌剌,pō pō là là
潑潑撒撒,pō pō sǎ sǎ
潑皮破落戶兒,pō pí pò luò hù r
潑辣,pō la
潑辣貨,pō la huò
潔身自好,jié shēn zì hào
潘他唑新,pān tā zuò xīn
潛伏分子,qián fú fèn zǐ
潢潦可薦,huáng liáo kě jiàn
潦亂,liáo luàn
潦倒,liáo dǎo
潦泡,liáo pào
潦漿泡,liáo jiāng pào
潦潦草草,liáo liáo cǎo cǎo
潦草,liáo cǎo
潦草塞責,liáo cǎo sè zé
潮差,cháo chā
潮樂,cháo yuè
澀剌剌的,sè là là de
澆薄,jiāo bó
澆頭,jiāo tou
澆風薄俗,jiāo fēng bó sú
澎浪磯,péng làng jī
澎湖天后宮,péng hú tiān hòu gōng
澎湖縣,péng hú xiàn
澎湖群島,péng hú qún dǎo
澒洞,hòng tóng
澶漫,chán mán
澹臺,tán tái
澹臺滅明,tán tái miè míng
激將,jī jiàng
激將法,jī jiàng fǎ
激靈,jī ling
濁質凡姿,zhuó zhí fán zī
濃縮鈾,nóng suō yóu
濆薄,pēn bó
濊濊,huò huò
濊貊,wèi mò
濔迆,mǐ yǐ
濕肉伴乾柴,shī ròu bàn gān chái
濟公傳,jì gōng zhuàn
濟公活佛,jì gōng huó fó
濟南市,jǐ nán shì
濟寧縣,jǐ níng xiàn
濟州島,jǐ zhōu dǎo
濟楚,jǐ chǔ
濟水,jǐ shuǐ
濟濟,jǐ jǐ
濟濟一堂,jǐ jǐ yī táng
濟濟多士,jǐ jǐ duō shì
濟濟彬彬,jǐ jǐ bīn bīn
濟濟鏘鏘,jǐ jǐ qiāng qiāng
濡沫涸轍,rú mò hé chè
濯纓彈冠,zhuó yīng tán guān
濯纓滄浪,zhuó yīng cāng láng
濯足滄浪,zhuó zú cāng láng
瀑風,bào fēng
瀝血,lì xuè
瀝血之仇,lì xuè zhī chóu
瀝血以誓,lì xuè yǐ shì
瀝血叩心,lì xuè kòu xīn
瀧岡,shuāng gāng
瀧水,shuāng shuǐ
瀰瀰,mǐ mǐ
瀾汗,làn hàn
瀾漫,làn màn
灑脫,sǎ tuo
灘子,tān zǐ
灣轉,wān zhuan
火剌剌,huǒ là là
火場,huǒ cháng
火山孝子,huǒ shān xiào zǐ
火彩兒,huǒ cǎi r
火燎腿,huǒ liào tuǐ
火燒火燎,huǒ shāo huǒ liào
火玻璃,huǒ bō li
火盆兒,huǒ pén r
火紙煤兒,huǒ zhǐ méi r
火罐兒,huǒ guàn r
火耕水種,huǒ gēng shuǐ zhòng
火耕流種,huǒ gēng liú zhòng
火著心兒,huǒ zhe xīn r
火蟲兒,huǒ chóng r
火齊,huǒ jì
灰櫬兒,huī chèn r
灰沒,huī mò
灰質,huī zhí
灶頭,zào tou
災難,zāi nàn
炊帚,chuī zhou
炊撥兒,chuī bō r
炊累,chuì lèi
炊骨易子,chuī gǔ yì zǐ
炎徼,yán jiào
炎黃子孫,yán huáng zǐ sūn
炒肝兒,chǎo gān r
炒豆兒,chǎo dòu r
炕桌兒,kàng zhuō r
炕琴桌兒,kàng qín zhuō r
炮仗,pào zhang
炮子兒,pào zǐ r
炮打燈兒,pào dǎ dēng r
炮格,páo gé
炮烙,páo luò
炮烙之刑,páo luò zhī xíng
炮煉,páo liàn
炮燥,páo zào
炮羊肚,bāo yáng dǔ
炮製,páo zhì
炮鳳烹龍,páo fèng pēng lóng
炮鳳煮龍,páo fèng zhǔ lóng
炮龍烹鳳,páo lóng pēng fèng
炳炳鑿鑿,bǐng bǐng zuò zuò
炳著,bǐng zhù
炸丸子,zhá wán zi
炸供,zhá gòng
炸糕,zhá gāo
炸醬,zhá jiàng
為主作倡,wéi zhǔ zuò chàng
為人師表,wéi rén shī biǎo
為人行事,wéi rén xíng shì
為仁不富,wéi rén bù fù
為今之計,wéi jīn zhī jì
為伍,wéi wǔ
為善,wéi shàn
為善不欲人知,wéi shàn bù yù rén zhī
為善最樂,wéi shàn zuì lè
為好成歉,wéi hǎo chéng qiàn
為學,wéi xué
為害,wéi hài
為富不仁,wéi fù bù rén
為德不卒,wéi dé bù zú
為惡不悛,wéi è bù quān
為所欲為,wéi suǒ yù wéi
為政,wéi zhèng
為政不在多言,wéi zhèng bù zài duō yán
為數,wéi shù
為時已晚,wéi shí yǐ wǎn
為期,wéi qí
為期不遠,wéi qí bù yuǎn
為止,wéi zhǐ
為民喉舌,wéi mín hóu shé
為法自弊,wéi fǎ zì bì
為甚麼,wèi shén me
為生,wéi shēng
為荷,wéi hè
為裘為箕,wéi qiú wéi jī
為間,wéi jiàn
為難,wéi nán
為難之處,wéi nán zhī chù
為非作歹,wéi fēi zuò dǎi
為頭,wéi tóu
為頭把腦,wéi tóu bǎ nǎo
為首,wéi shǒu
為鬼為蜮,wéi guǐ wéi yù
為鬼為魅,wéi guǐ wéi mèi
烏塗,wū tu
烏塗水,wū tu shuǐ
烏氏倮,wū zhī luǒ
烏號,wū háo
烏衣子弟,wū yī zǐ dì
烏雲著頂,wū yún zhuó dǐng
烏魚子,wū yú zǐ
烘乾,hōng gān
烘乾機,hōng gān jī
烙鐵,lào tie
烙鐵印兒,lào tie yìn r
烹勁兒,pēng jìn r
烹炮,pēng páo
烹調,pēng tiáo
烹龍炮鳳,pēng lóng páo fèng
烽子,fēng zǐ
焉得,yān dé
焙乾,bèi gān
焚研,fén yàn
無了無休,wú liǎo wú xiū
無人銀行,wú rén yín háng
無以塞責,wú yǐ sè zé
無以為敬,wú yǐ wéi jìng
無以為生,wú yǐ wéi shēng
無以為繼,wú yǐ wéi jì
無价事,wú jiè shì
無佛處稱尊,wú fó chù chēng zūn
無倽,wú shá
無名帖,wú míng tiě
無回豁,wú huí huò
無地自處,wú dì zì chǔ
無多子,wú duō zǐ
無妨,wú fāng
無射,wú yì
無將大車,wú jiāng dà jū
無患子,wú huàn zǐ
無所不為,wú suǒ bù wéi
無所作為,wú suǒ zuò wéi
無所得,wú suǒ dé
無服之喪,wú fú zhī sāng
無為,wú wéi
無為而治,wú wéi ér zhì
無為自化,wú wéi zì huà
無的放矢,wú dì fàng shǐ
無盡藏,wú jìn zàng
無給職,wú jǐ zhí
無聲無臭,wú shēng wú xiù
無能為力,wú néng wéi lì
無能為役,wú néng wéi yì
無腸公子,wú cháng gōng zǐ
無與為比,wú yǔ wéi bǐ
無菌性腦膜炎,wú jùn xìng nǎo mó yán
無著,wú zhuó
無行,wú xìng
無行止,wú xìng zhǐ
無行為能力人,wú xíng wéi néng lì rén
無適無莫,wú dí wú mò
無那,wú nuó
無量壽佛,wú liàng shòu fó
無間,wú jiàn
無頭蒼蠅,wú tóu cāng ying
無顛無倒,wú diān wú dǎo
焦穫,jiāo hù
焯著,zhuó zhù
煙傢伙,yān jiā huo
煙月場,yān yuè cháng
煙熏火燎,yān xūn huǒ liào
煙袋嘴兒,yān dài zuǐ r
煙袋桿兒,yān dài gǎn r
煙袋荷包,yān dài hé bao
煙雲供養,yān yún gòng yàng
煞強如,shà qiáng rú
煞星,shà xīng
煞是,shà shì
煞有介事,shà yǒu jiè shì
煞白,shà bái
煞神,shà shén
煞筆,shà bǐ
煞費周章,shà fèi zhōu zhāng
煞費苦心,shà fèi kǔ xīn
煤都,méi dū
照乘珠,zhào shèng zhū
照帖,zhào tiě
照應,zhào yìng
照方兒抓,zhào fāng r zhuā
照物兒,zhào wù r
照相,zhào xiàng
照相凸版,zhào xiàng tú bǎn
照相凹版,zhào xiàng āo bǎn
照相平版,zhào xiàng píng bǎn
照相打字,zhào xiàng dǎ zì
照相打字機,zhào xiàng dǎ zì jī
照相機,zhào xiàng jī
照相測量,zhào xiàng cè liáng
照相版,zhào xiàng bǎn
照相紙,zhào xiàng zhǐ
照相著色,zhào xiàng zhuó sè
照相製版,zhào xiàng zhì bǎn
照相館,zhào xiàng guǎn
照葫蘆畫瓢,zhào hú lu huà piáo
煨乾就濕,wēi gān jiù shī
煨乾避濕,wēi gān bì shī
煩數,fán shuò
煬灶,yàng zào
煮海為鹽,zhǔ hǎi wéi yán
煮熟的鴨子飛了,zhǔ shóu de yā zi fēi le
熅火,yún huǒ
熅熅,yún yún
熏香,xùn xiāng
熒燎,yíng liào
熙洽,xī xiá
熟分,shú fèn
熟切店,shú qiē diàn
熟商量,shú shāng liang
熟料材兒,shú liào cái r
熟臉兒,shú liǎn r
熟記,shóu jì
熟讀,shóu dú
熟讀玩味,shú dú wàn wèi
熟路輕車,shú lù qīng jū
熟路輕轍,shú lù qīng chè
熟間,shú jiàn
熠沒,yì mò
熨貼,yù tiē
熬不住,áo bu zhù
熬不過,áo bu guò
熬心,āo xīn
熬心血,áo xīn xuè
熬惱,āo nǎo
熬碴兒,āo chá r
熬磨,áo mo
熬膩,āo nì
熬菜,āo cài
熬頭,āo tou
熬頭兒,áo tou r
熱剌剌,rè là là
熱和,rè huo
熱喪,rè sāng
熱島效應,rè dǎo xiào yìng
熱帶氣旋,rè dài qì xuàn
熱核反應,rè hé fǎn yìng
熱爪哇,rè zhǎo wā
熱處理,rè chǔ lǐ
熱門音樂,rè mén yīn yuè
熱鬧,rè nao
熱鬧哄哄,rè nao hōng hōng
燃燈佛,rán dēng fó
燈芯,dēng xìn
燈草拐棒兒,dēng cǎo guǎi bàng r
燉煌,dūn huáng
燎原,liào yuán
燎原之火,liào yuán zhī huǒ
燎星,liào xīng
燎朗,liào lǎng
燎毛,liǎo máo
燎灼,liǎo zhuó
燎燎,liào liào
燎髮,liǎo fǎ
燒火焜,shāo huǒ gùn
燒賣,shāo mai
燔燎,fán liào
燕丹,yān dān
燕九節,yān jiǔ jié
燕京歲時記,yān jīng suì shí jì
燕勞,yàn lào
燕太子丹,yān tài zǐ dān
燕姞夢蘭,yān jí mèng lán
燕子樓,yàn zǐ lóu
燕子磯,yàn zǐ jī
燕子箋,yàn zǐ jiān
燕山,yān shān
燕市酒人,yān shì jiǔ rén
燕支,yān zhī
燕支山,yān zhī shān
燕昭王,yān zhāo wáng
燕昭築臺,yān zhāo zhú tái
燕樂二十八調,yàn yuè èr shí bā diào
燕樂半字譜,yàn yuè bàn zì pǔ
燕樂考源,yàn yuè kǎo yuán
燕歌行,yān gē xíng
燕然山,yān rán shān
燕然山銘,yān rán shān míng
燕玉,yān yù
燕石為玉,yān shí wéi yù
燕脂,yān zhī
燕臺,yān tái
燕說,yān shuō
燕雀處堂,yàn què chǔ táng
燕雀處屋,yàn què chǔ wū
燕雲十六州,yān yún shí liù zhōu
燕鴴,yàn héng
燜燒鍋,mēn shāo guō
營利事業所得稅,yíng lì shì yè suǒ dé shuì
營舍,yíng shè
營養失調,yíng yǎng shī tiáo
燥子,sào zi
燻魚兒,xūn yú r
爆肚兒,bào dǔ r
爐房,lú fang
爛了舌頭,làn le shé tou
爛污貨,làn wū huò
爛熳,làn màn
爛爛兒的,làn làn r de
爛糊,làn hu
爨寶子碑,cuàn bǎo zǐ bēi
爪哇,zhǎo wā
爪哇人,zhǎo wā rén
爪哇國,zhǎo wā guó
爪哇島,zhǎo wā dǎo
爪子,zhuǎ zi
爪尖兒,zhǎo jiān r
爪牙之將,zhǎo yá zhī jiàng
爬下,pá xia
爬拉,pá la
爬犁,pá li
爬高枝兒,pá gāo zhī r
爭坐位帖,zhēng zuò wèi tiè
爭差,zhēng chā
爭強好勝,zhēng qiáng hào shèng
爭權攘利,zhēng quán ráng lì
爭短論長,zhēng duǎn lùn cháng
爭長爭短,zhēng cháng zhēng duǎn
爭長競短,zhēng cháng jìng duǎn
爭長論短,zhēng cháng lùn duǎn
父不償子債,fù bù cháng zǐ zhài
父債子還,fù zhài zǐ huán
父喪,fù sāng
父嚴子孝,fù yán zǐ xiào
父子,fù zǐ
父子兵,fù zǐ bīng
父子天性,fù zǐ tiān xìng
父慈子孝,fù cí zǐ xiào
父析子荷,fù xī zǐ hè
父母子女,fù mǔ zǐ nǚ
父為子隱,fù wèi zǐ yǐn
父精母血,fù jīng mǔ xuè
爸爸,bà ba
爹爹,diē die
爺們兒,yé mén r
爺兒倆,yé r liǎng
爺兒們,yé r men
爺爺,yé ye
爽心豁目,shuǎng xīn huò mù
牆倒眾人推,qiáng dǎo zhòng rén tuī
片兒,piàn r
片兒湯,piàn r tāng
片兒湯話,piàn r tāng huà
片子,piān zi
片長,piàn cháng
片長末技,piàn cháng mò jì
片長薄技,piàn cháng bó jì
片鱗半爪,piàn lín bàn zhuǎ
版刻,bǎn kē
牌兒馬,pái r mǎ
牌坊,pái fang
牌子曲,pái zi qǔ
牓帖,bǎng tiě
牙將,yá jiàng
牙根癢癢,yá gēn yǎng yang
牙爪,yá zhuǎ
牙癢癢,yá yǎng yang
牙磣,yá chen
牙行,yá háng
牙質,yá zhí
牙釉質,yá yòu zhí
牙鑽,yá zuàn
牙齦,yá yín
牛仔,niú zǐ
牛仔布,niú zǐ bù
牛仔裝,niú zǐ zhuāng
牛仔褲,niú zǐ kù
牛回磨轉,niú huí mò zhuàn
牛子,niú zǐ
牛氣,niú qi
牛皮癬,niú pí xiǎn
牛肉場,niú ròu cháng
牛脾氣,niú pí qi
牛酪,niú luò
牢子,láo zǐ
牢穩,láo wen
牢靠,láo kao
牢頭禁子,láo tóu jìn zǐ
牧場,mù cháng
牧子,mù zǐ
牧畜,mù xù
物以稀為貴,wù yǐ xī wéi guì
物我無間,wù wǒ wú jiàn
物理性質,wù lǐ xìng zhí
物累,wù lěi
物質,wù zhí
物質三態,wù zhí sān tài
物質不滅律,wù zhí bù miè lǜ
物質建設,wù zhí jiàn shè
物質文明,wù zhí wén míng
物質生活,wù zhí shēng huó
特兒,tè r
特利可得,tè lì kě dé
特煞,tè shà
特特為為,tè tè wéi wéi
特許行業,tè xǔ háng yè
特質,tè zhí
特長,tè cháng
牻牛兒苗,máng niú r miáo
牽強,qiān qiǎng
牽強附會,qiān qiǎng fù huì
犁牛之子,lí niú zhī zǐ
犒勞,kào lào
犢車,dú jū
犬子,quǎn zǐ
犬牙差互,quǎn yá cī hù
犯不著,fàn bù zháo
犯刺兒,fàn cì r
犯得著,fàn de zháo
犯忌諱,fàn jì hui
犯牙兒,fàn yá r
犯相,fàn xiàng
犯節氣,fàn jié qi
犯罪現場,fàn zuì xiàn cháng
犯而不校,fàn ér bù jiào
犯脾氣,fàn pí qi
犯難,fàn nàn
犴圄,hàn yǔ
狀本兒,zhuàng běn r
狂且,kuáng jū
狂哮,kuáng xiào
狂想曲,kuáng xiǎng qǔ
狂熱分子,kuáng rè fèn zǐ
狂相,kuáng xiàng
狂華,kuáng huā
狄更斯,dí gēng sī
狌狌,xīng xīng
狎玩,xiá wàn
狐狸,hú li
狐狸尾巴,hú li wěi ba
狐狸狗,hú li gǒu
狐狸精,hú li jīng
狐藉虎威,hú jiè hǔ wēi
狗兒,gǒu r
狗口裡吐不出象牙,gǒu kǒu li tǔ bù chū xiàng yá
狗嘴裡吐不出象牙,gǒu zuǐ li tǔ bù chū xiàng yá
狗嘴裡還有象牙,gǒu zuǐ li hái yǒu xiàng yá
狗子夾尾巴,gǒu zi jiá wěi ba
狗屁倒灶,gǒu pì dǎo zào
狗心狗行,gǒu xīn gǒu xìng
狗探湯,gǒu tān tāng
狗改不了吃屎,gǒu gǎi bù liǎo chī shǐ
狗氣,gǒu qi
狗氣殺,gǒu qì shà
狗爪子,gǒu zhuǎ zi
狗皮倒灶,gǒu pí dǎo zào
狗監,gǒu jiàn
狗長尾巴尖兒,gǒu zhǎng wěi ba jiān r
狗顛兒,gǒu diān r
狗顛屁股,gǒu diān pì gu
狗骨頭,gǒu gú tou
狙伺,jū sì
狹長,xiá cháng
狼子,láng zǐ
狼子獸心,láng zǐ shòu xīn
狼子野心,láng zǐ yě xīn
狼心狗行,láng xīn gǒu xìng
狼狽為奸,láng bèi wéi jiān
狼號鬼叫,láng háo guǐ jiào
狼號鬼哭,láng háo guǐ kū
猗儺,ě nuó
猗猗靡靡,yī yī mǐ mǐ
猗靡,yī mǐ
猛不防,měng bu fáng
猛可裡,měng kě li
猛將,měng jiàng
猛殺,měng shà
猛省,měng xǐng
猛著先鞭,měng zhuó xiān biān
猛著祖鞭,měng zhuó zǔ biān
猜度,cāi duò
猜悶兒,cāi mèn r
猢猻大王,hú sūn dài wáng
猩猩,xīng xing
猴兒,hóu r
猴兒崽子,hóu r zǎi zi
猵狙,piàn jū
猶子,yóu zǐ
猶魚得水,yóu yú dé shuǐ
猼且,páo jū
猾賊,huá zé
猿穴壞山,yuán xuè guài shān
獄子,yù zǐ
獅子山,shī zǐ shān
獅子山共和國,shī zǐ shān gòng hé guó
獎掖,jiǎng yè
獏㺔,mú huī
獨子,dú zǐ
獨家生意,dú jiā shēng yi
獨擅勝場,dú shàn shèng cháng
獨曲,dú qǔ
獨樂樂,dú yuè lè
獨生子,dú shēng zǐ
獨處,dú chǔ
獨門兒,dú mén r
獲得,huò dé
獲鹿縣,huái lù xiàn
獵較,liè jué
獸圈,shòu juàn
獸行,shòu xìng
玄了,xuán liǎo
玄參,xuán shēn
玄塞,xuán sài
玄穹,xuán qióng
玄菟,xuán tù
玄著,xuán zhù
玄都,xuán dū
率以為常,shuài yǐ wéi cháng
率先,shuài xiān
率同,shuài tóng
率土之濱,shuài tǔ zhī bīn
率土同慶,shuài tǔ tóng qìng
率土宅心,shuài tǔ zhái xīn
率土歸心,shuài tǔ guī xīn
率師,shuài shī
率性,shuài xìng
率更,lǜ gēng
率然,shuài rán
率爾,shuài ěr
率爾成章,shuài ěr chéng zhāng
率爾操觚,shuài ěr cāo gū
率獸食人,shuài shòu shí rén
率率,shuài shuài
率由舊則,shuài yóu jiù zé
率由舊章,shuài yóu jiù zhāng
率皆,shuài jiē
率直,shuài zhí
率真,shuài zhēn
率隊,shuài duì
率領,shuài lǐng
率馬以驥,shuài mǎ yǐ jì
玉倒,yù dǎo
玉勒,yù lè
玉勒雕鞍,yù lè diāo ān
玉卮無當,yù zhī wú dàng
玉參差,yù cēn cī
玉尺量才,yù chǐ liáng cái
玉山傾倒,yù shān qīng dǎo
玉柏,yù bó
玉液,yù yì
玉液瓊漿,yù yì qióng jiāng
玉真子,yù zhēn zǐ
玉石混淆,yù shí hǔn yáo
玉米,yù mi
玉米螟,yù mi míng
玉粳,yù gēng
玉質金相,yù zhí jīn xiàng
玉餔,yù bū
王侯將相,wáng hóu jiàng xiàng
王八,wáng ba
王八看綠豆,wáng ba kàn lǜ dòu
王八羔子,wáng ba gāo zi
王八蛋,wáng ba dàn
王八辮兒,wáng ba biàn r
王天下,wàng tiān xià
王婆子賣了磨,wáng pó zi mài le mò
王子,wáng zǐ
王子喬,wáng zǐ qiáo
王子晉,wáng zǐ jìn
王子犯法與庶民同罪,wáng zǐ fàn fǎ yǔ shù mín tóng zuì
王孫公子,wáng sūn gōng zǐ
王得祿墓,wáng dé lù mù
王應麟,wáng yìng lín
王母娘娘,wáng mǔ niáng niang
王爺,wáng ye
王虺,wáng huǐ
王貢彈冠,wáng gòng tán guān
王賁,wáng bēn
王長,wàng zhǎng
玍古,gǎ gu
玩不得的,wán bu dé de
玩不轉,wán bu zhuàn
玩世,wàn shì
玩世不恭,wàn shì bù gōng
玩世不羈,wàn shì bù jī
玩人喪德,wàn rén sàng dé
玩兒命,wán r mìng
玩兒完,wán r wán
玩味,wàn wèi
玩好,wàn hào
玩得轉,wán de zhuàn
玩忽,wàn hū
玩意兒,wán yì r
玩愒,wàn kài
玩日愒歲,wàn rì kài suì
玩歲愒日,wàn suì kài rì
玩法,wàn fǎ
玩物喪志,wàn wù sàng zhì
玩習,wàn xí
玩花頭,wán huā tou
玩藝兒,wán yì r
玩賞,wàn shǎng
玫瑰,méi gui
玫瑰紅,méi gui hóng
玫瑰花,méi gui huā
玳瑁,dài mèi
玳瑁梁,dài mèi liáng
玳瑁筵,dài mèi yán
玻璃,bō li
玻璃圈,bō li quān
玻璃小鞋,bō li xiǎo xié
玻璃布,bō li bù
玻璃帷幕,bō li wéi mù
玻璃心肝,bō li xīn gān
玻璃泉,bō li quán
玻璃浮雕,bō li fú diāo
玻璃液,bō li yè
玻璃烤,bō li kǎo
玻璃版,bō li bǎn
玻璃狀態,bō li zhuàng tài
玻璃畫,bō li huà
玻璃磚,bō li zhuān
玻璃窗,bō li chuāng
玻璃粉,bō li fěn
玻璃紙,bō li zhǐ
玻璃絲,bō li sī
玻璃絲襪,bō li sī wà
玻璃纖維,bō li xiān wéi
玻璃質肥料,bō li zhí féi liào
玻璃鋼,bō li gāng
玻璃體,bō li tǐ
珍玩,zhēn wàn
珠兒粉,zhū r fěn
珠沉玉沒,zhū chén yù mò
珠淚偷彈,zhū lèi tōu tán
珠玉在傍,zhū yù zài páng
珠還,zhū huán
珠還合浦,zhū huán hé pǔ
班師得勝,bān shī dé shèng
班行,bān háng
班都斯山,bān dū sī shān
現場,xiàn cháng
現場節目,xiàn cháng jié mù
現弄,xiàn nong
現貨市場,xiàn huò shì cháng
現金給付,xiàn jīn jǐ fù
球場,qiú cháng
琅簡蘂書,láng jiǎn ruǐ shū
琅邪,láng yé
琅邪山,láng yé shān
琅邪臺刻石,láng yé tái kè shí
理不勝辭,lǐ bù shēng cí
理塞,lǐ sè
理得辭順,lǐ dé cí shùn
琉璃喇叭,liú lí lǎ ba
琉璃球兒,liú lí qiú r
琛賮,chēn jìn
琦行,qí xìng
琴心相挑,qín xīn xiāng tiǎo
琴瑟不調,qín sè bù tiáo
琴瑟失調,qín sè shī tiáo
琴瑟相調,qín sè xiāng tiáo
琴瑟調和,qín sè tiáo hé
琵琶,pí pa
琺瑯質,fà láng zhí
瑋質,wěi zhí
瑕瑜互見,xiá yú hù xiàn
瑚璉,hú lián
瑚璉之器,hú lián zhī qì
瑚璉器,hú lián qì
瑜伽,yú jiā
瑜伽宗,yú jiā zōng
瑜伽師地論,yú jiā shī dì lùn
瑜伽派,yú jiā pài
瑜伽行派,yú jiā xíng pài
瑞應,ruì yìng
瑞相,ruì xiàng
瑟弄琴調,sè nòng qín tiáo
瑟調琴弄,sè tiáo qín nòng
瑤池閬苑,yáo chí làng yuàn
瑩嫇,yíng méng
瑪哩花,mǎ lǐ huā
瑪莉都鐸,mǎ lì dū duó
瑪莎葛蘭姆,mǎ shā gě lán mǔ
璞玉為石,pú yù wéi shí
璧還,bì huán
環伺,huán sì
環境地質學,huán jìng dì zhí xué
環暈,huán yùn
環繞喇叭,huán rào lǎ ba
瓊林玉質,qióng lín yù zhí
瓜子,guā zǐ
瓜子仁,guā zǐ rén
瓜子殼,guā zǐ ké
瓜子臉,guā zǐ liǎn
瓜子臉兒,guā zǐ liǎn r
瓜子金,guā zǐ jīn
瓤兒,ráng r
瓤口兒,ráng kou r
瓦刀,wà dāo
瓦剌,wǎ là
瓦匠,wǎ jiang
瓦子,wǎ zǐ
瓦斯中毒,wǎ sī zhòng dú
瓦碴兒,wǎ chá r
瓦舍,wǎ shè
瓷刻,cí kē
瓷瓦兒,cí wǎ r
甌窶,ōu lóu
甑箄,zèng bēi
甕圈兒,wèng quàn r
甕洞兒,wèng dòng r
甕盡杯乾,wèng jìn bēi gān
甖子口,yīng zǐ kǒu
甘分,gān fèn
甘分隨時,gān fèn suí shí
甘羅說趙王,gān luó shuì zhào wáng
甘處下流,gān chǔ xià liú
甘貧守分,gān pín shǒu fèn
甘露子,gān lù zǐ
甚事,shén shì
甚人,shén rén
甚底,shén de
甚的,shén de
甚麼,shén me
甚麼打緊,shén me dǎ jǐn
甚麼東西,shén me dōng xī
甚麼樣,shén me yàng
甜蘿蔔,tián luó bo
甜話兒,tián huà r
甜頭,tián tou
生佛萬家,shēng fó wàn jiā
生分,shēng fèn
生剌剌,shēng là là
生地方,shēng dì fang
生張熟魏,shēng zhāng shóu wèi
生息蕃庶,shēng xí fán shù
生意不成仁義在,shēng yi bù chéng rén yì zài
生意人,shēng yi rén
生意口,shēng yi kǒu
生意擔子,shēng yi dàn zi
生意經,shēng yi jīng
生拉硬拽,shēng lā yìng zhuài
生拖死拽,shēng tuō sǐ zhuài
生朝,shēng zhāo
生死分定,shēng sǐ fèn dìng
生死肉骨,shēng sǐ rù gǔ
生活品質,shēng huó pǐn zhí
生煞煞,shēng shà shà
生物因子,shēng wù yīn zǐ
生物相,shēng wù xiàng
生發,shēng fa
生相,shēng xiàng
生米煮成熟飯,shēng mǐ zhǔ chéng shóu fàn
生臉兒,shēng liǎn r
生花盆兒,shēng huā pén r
生還,shēng huán
生養,shēng yang
產假,chǎn jià
用不著,yòng bù zháo
用其所長,yòng qí suǒ cháng
用勁,yòng jìng
用場,yòng cháng
用工夫,yòng gōng fu
用智鋪謀,yòng zhì pū móu
用處,yòng chu
用計鋪謀,yòng jì pū móu
用項,yòng xiang
甯戚扣角,nìng qī kòu jiǎo
甯戚飯牛,nìng qī fàn niú
田園交響曲,tián yuán jiāo xiǎng qǔ
田夫牧子,tián fū mù zǐ
田家子,tián jiā zǐ
田父之獲,tián fǔ zhī huò
田畦,tián xī
田舍,tián shè
田舍奴,tián shè nú
田舍翁,tián shè wēng
田舍郎,tián shè láng
田連仟佰,tián lián qiān mò
由不得,yóu bu de
甲子,jiǎ zǐ
甲魚,jià yú
申解,shēn jiè
申重,shēn chóng
男儐相,nán bīn xiàng
男兒有淚不輕彈,nán ér yǒu lèi bù qīng tán
男子,nán zǐ
男子漢,nán zǐ hàn
男子漢大丈夫,nán zǐ hàn dà zhàng fū
甸兒,diàn r
甸甸,tián tián
町畦,tǐng xī
界分,jiè fèn
界箍兒,jiè gū r
畏影惡跡,wèi yǐng wù jī
畏怯,wèi què
留下,liú xia
留尾巴,liú wěi ba
留帖,liú tiě
畛畦,zhěn xī
畜牧,xù mù
畜牧學,xù mù xué
畜牧業,xù mù yè
畜牲,chù sheng
畜生,chù sheng
畜養,xù yǎng
畢宿,bì xiù
畢宿星團,bì xiù xīng tuán
略施薄懲,lüè shī bó chéng
略無參商,lüè wú shēn shāng
畦丁,xī dīng
畦溝灌溉,xī gōu guàn gài
畦田,xī tián
畦畛,xī zhěn
畦逕,xī jìng
番佛,fān fó
番禺縣,pān yú xiàn
番茄,fān qié
番茄炒蛋,fān qié chǎo dàn
番茄素,fān qié sù
番茄醬,fān qié jiàng
畫地為牢,huà dì wéi láo
畫地為獄,huà dì wéi yù
畫工兒,huà gōng r
畫帖,huà tiè
畫拉,huà la
畫片兒,huà piàn r
畫生兒的人,huà shēng r de rén
畫畫兒,huà huà r
畫蛇著足,huà shé zhuó zú
畫龍不成反為狗,huà lóng bù chéng fǎn wéi gǒu
畬丁,yú dīng
畬田,yú tián
異常行為,yì cháng xíng wéi
異形配子,yì xíng pèi zǐ
異曲同工,yì qǔ tóng gōng
異相,yì xiàng
異質,yì zhí
當一天和尚撞一天鐘,dāng yī tiān hé shang zhuàng yī tiān zhōng
當作,dàng zuò
當做,dàng zuò
當兒,dāng r
當場,dāng cháng
當場出彩,dāng cháng chū cǎi
當場出醜,dāng cháng chū chǒu
當場獻醜,dāng cháng xiàn chǒu
當場隻手,dāng cháng zhī shǒu
當天,dàng tiān
當家子,dàng jiā zǐ
當差,dāng chāi
當差的,dāng chāi de
當成,dàng chéng
當掉,dàng diào
當時得令,dāng shí dé lìng
當曲河,dāng qǔ hé
當朝宰相,dāng cháo zǎi xiàng
當機,dàng jī
當當,dàng dàng
當真,dàng zhēn
當真假,dàng zhēn jiǎ
當票,dàng piào
當票子,dàng piào zi
當者披靡,dāng zhě pī mǐ
當著不著,dāng zháo bù zháo
當行,dāng háng
當行出色,dāng háng chū sè
當行家,dāng háng jiā
當衣買酒喝,dàng yī mǎi jiǔ hē
當路子,dāng lù zǐ
當軸,dāng zhú
當鋪,dàng pù
當間,dāng jiàn
當面對質,dāng miàn duì zhí
當頭棒喝,dāng tóu bàng hè
疆場,jiāng cháng
疆徼,jiāng jiào
疊矩重規,dié jǔ chóng guī
疋頭,pǐ tou
疏不間親,shū bù jiàn qīn
疏剌剌,shū là là
疏勒縣,shū lè xiàn
疏率,shū shuài
疏證,shù zhèng
疏頭,shù tóu
疙搭,gē da
疙渣兒,gē zha r
疙疙瘩瘩,gē ge dā dā
疤瘌流星的,bā la liú xīng de
疤瘌餅,bā la bǐng
疥癬,jiè xiǎn
疥癬蟲,jiè xiǎn chóng
疵蒙謬累,cī méng miù lěi
疼心泣血,téng xīn qì xuè
疾惡好善,jí è hào shàn
疾足先得,jí zú xiān dé
疾雷不及塞耳,jí léi bù jí sè ěr
疾風勁草,jí fēng jìng cǎo
疾風知勁草,jí fēng zhī jìng cǎo
痀瘻,jū lǘ
病假,bìng jià
病包兒,bìng bāo r
病厭厭,bìng yān yān
病根兒,bìng gēn r
病理切片,bìng lǐ qiē piàn
病病歪歪,bìng bing wāi wāi
病病殃殃,bìng bing yāng yāng
病舍,bìng shè
病間,bìng jiàn
病革,bìng jí
痔瘡,zhì chuang
痘疹娘娘,dòu zhěn niang niang
痛心泣血,tòng xīn qì xuè
痛惡,tòng wù
痛殺殺,tòng shà shà
痛痛快快,tòng tong kuài kuài
痴倒,chī dǎo
痴心女子負心漢,chī xīn nǚ zǐ fù xīn hàn
瘈瘲,qì zòng
瘋瘋傻傻,fēng feng shǎ shǎ
瘋瘋癲癲,fēng feng diān diān
瘋瘋顛顛,fēng feng diān diān
瘠薄,jí bó
瘦小枯乾,shòu xiǎo kū gān
瘦長,shòu cháng
瘸和尚說法,qué hé shang shuō fǎ
癉惡彰善,dàn è zhāng shàn
癉暑,dàn shǔ
癖好,pǐ hào
癢癢,yǎng yang
癩蝦蟆,lài há ma
癩蝦蟆想吃天鵝肉,lài há ma xiǎng chī tiān é ròu
癬疥,xiǎn jiè
癮君子,yǐn jūn zǐ
癮頭兒,yǐn tóu r
癱倒,tān dǎo
登場,dēng cháng
登場口,dēng cháng kǒu
登壇拜將,dēng tán bài jiàng
登徒子,dēng tú zǐ
登臺拜將,dēng tái bài jiàng
登陸場,dēng lù cháng
發人深省,fā rén shēn xǐng
發個兒,fā gè r
發喪,fā sāng
發奸擿伏,fā jiān tì fú
發姦擿伏,fā jiān tì fú
發怔,fā lèng
發摃,fā gàng
發擿,fā tì
發擿姦伏,fā tì jiān fú
發楞,fā lèng
發橫,fā hèng
發脾氣,fā pí qi
發草帖,fā cǎo tiě
發解,fā jiè
發還,fā huán
發隱擿伏,fā yǐn tì fú
發難,fā nàn
白不呲咧,bái bù cī liē
白乾,bái gān
白了了,bái liǎo liǎo
白切肉,bái qiē ròu
白卷,bái juàn
白叨光,bái tāo guāng
白嘴兒,bái zuǐ r
白四喜兒,bái sì xǐ r
白天,bái tian
白娘子,bái niáng zǐ
白子,bái zǐ
白子國,bái zǐ guó
白子魚,bái zǐ yú
白孔六帖,bái kǒng liù tiè
白差使,bái chāi shǐ
白帖,bái tiè
白手興家,bái shǒu xīng jiā
白搶白相,bái qiǎng bái xiàng
白教,bái jiāo
白日衣繡,bái rì yì xiù
白板天子,bái bǎn tiān zǐ
白果兒,bái guǒ r
白毫之賜,bái háo zhī sì
白淨,bái jing
白猿傳,bái yuán zhuàn
白玩兒,bái wán r
白癬,bái xiǎn
白白淨淨,bái bai jing jing
白相,bái xiàng
白相人,bái xiàng rén
白羊子,bái yáng zǐ
白背浮塵子,bái bèi fú chén zǐ
白臉兒,bái liǎn r
白花花,bái hua huā
白著,bái zhù
白蘋,bái pín
白蘋洲,bái pín zhōu
白蘿蔔,bái luó bo
白虎觀,bái hǔ guàn
白蛇傳,bái shé zhuàn
白蛸,bái xiāo
白衣卿相,bái yī qīng xiàng
白話舌兒,bái hua shé r
白豆兒佛,bái dòu r fó
白質,bái zhí
白蹧蹋,bái zāo ta
白醭,bái pú
白閒,bái jiān
白雪曲,bái xuě qǔ
白雲親舍,bái yún qīn shè
白雲觀,bái yún guàn
白馬王子,bái mǎ wáng zǐ
白𣎴,bái dǔn
百中百發,bǎi zhòng bǎi fā
百中經,bǎi zhòng jīng
百乘之家,bǎi shèng zhī jiā
百了千當,bǎi liǎo qiān dàng
百嗎兒,bǎi mǎ r
百子全書,bǎi zǐ quán shū
百子千孫,bǎi zǐ qiān sūn
百子圖,bǎi zǐ tú
百子帳,bǎi zǐ zhàng
百子蓮,bǎi zǐ lián
百孔千創,bǎi kǒng qiān chuāng
百家諸子,bǎi jiā zhū zǐ
百寶嵌,bǎi bǎo qiān
百將傳,bǎi jiàng zhuàn
百廢俱興,bǎi fèi jù xīng
百步無輕擔,bǎi bù wú qīng dàn
百無一長,bǎi wú yī cháng
百獸率舞,bǎi shòu shuài wǔ
百發百中,bǎi fā bǎi zhòng
百舍重繭,bǎi shè chóng jiǎn
百舍重趼,bǎi shè chóng jiǎn
百色縣,bó sè xiàn
百褶裙,bǎi zhé qún
百辟,bǎi bì
百馬伐驥,bǎi mǎ fá jì
皁差,zào chāi
皁纛,zào dú
的一確二,dí yī què èr
的些,dì xiē
的信,dí xìn
的士,dí shì
的實,dí shí
的是,dí shì
的歷,dì lì
的決,dí jué
的溜撲碌,dì liū pū lù
的溜溜,dí liū liū
的溜骨碌,dí liū gú lu
的然,dí rán
的留的立,dì liú dì lì
的當,dí dàng
的的,dí dí
的的喀喀湖,dí dí kà kà hú
的皪,dì lì
的盧,dì lú
的知,dí zhī
的確,dí què
的篤戲,dí dǔ xì
的耗,dí hào
的見,dí jiàn
的黎波里,dì lí bō lǐ
皇上,huáng shang
皇太子,huáng tài zǐ
皇帝不差餓兵,huáng dì bù chāi è bīng
皇皇者華,huáng huáng zhě huā
皇辟,huáng bì
皇都,huáng dū
皋比,gāo pí
皋陶,gāo yáo
皮內反應法,pí nèi fǎn yìng fǎ
皮匠,pí jiang
皮夾兒,pí jiā r
皮夾子,pí jiā zi
皮實,pí shi
皮掌兒,pí zhǎng r
皮板兒,pí bǎn r
皮桶兒,pí tǒng r
皮相,pí xiàng
皮相士,pí xiàng shì
皮筒兒,pí tǒng r
皮膜組織,pí mó zǔ zhī
皮裡膜外,pí lǐ mó wài
皮解庫,pí jiè kù
皮質,pí zhí
皮質素,pí zhí sù
皮靴兒沒番正,pí xuē r méi fān zhèng
皮靴頁兒,pí xuē yè r
皺褶,zhòu zhé
盆傾甕倒,pén qīng wèng dǎo
盆兒,pén r
盆罐都有耳朵,pén guàn dōu yǒu ěr duo
盈千累百,yíng qiān lěi bǎi
盈千累萬,yíng qiān lěi wàn
盈篇累牘,yíng piān lěi dú
盈縮,yíng sù
益者三樂,yì zhě sān yào
益處,yì chu
盎格魯撒克遜人,àng gé lǔ sā kè sùn rén
盔頭,kuī tou
盛价,shèng jiè
盛器,chéng qì
盛放,chéng fàng
盛殮,chéng lian
盛水不漏,chéng shuǐ bù lòu
盛衰興廢,shèng shuāi xīng fèi
盛飯,chéng fàn
盟津,mèng jīn
盡付闕如,jìn fù quē rú
盡其所長,jìn qí suǒ cháng
盡力而為,jìn lì ér wéi
盡場兒,jìn cháng r
盡展所長,jìn zhǎn suǒ cháng
盡本分,jìn běn fèn
監場,jiān cháng
監本,jiàn běn
監生,jiàn shēng
盤兒,pán r
盤算,pán suan
盤纏,pán chan
盤薄,pán bó
盤頭丫頭,pán tóu yā tou
盥漱,guàn sòu
盧家少婦,lú jiā shào fù
目下十行,mù xià shí háng
目不暇給,mù bù xiá jǐ
目不給視,mù bù jǐ shì
目挑心招,mù tiǎo xīn zhāo
目無餘子,mù wú yú zǐ
目的,mù dì
目的地,mù dì dì
目的物,mù dì wù
目瞠口哆,mù chēng kǒu chě
盲者得鏡,máng zhě dé jìng
直得,zhí dé
直心眼兒,zhí xīn yǎn r
直截了當,zhí jié liǎo dàng
直捷了當,zhí jié liǎo dàng
直接了當,zhí jiē liǎo dàng
直棍兒,zhí gùn r
直溜,zhí liu
直率,zhí shuài
直節勁氣,zhí jié jìng qì
直言危行,zhí yán wéi xìng
直言賈禍,zhí yán gǔ huò
直豁,zhí huò
直餾,zhí liù
相人,xiàng rén
相位,xiàng wèi
相依為命,xiāng yī wéi mìng
相倚為命,xiāng yǐ wéi mìng
相倚為彊,xiāng yǐ wéi qiáng
相公,xiàng gōng
相公堂子,xiàng gong táng zi
相匣子,xiàng xiá zi
相印法,xiàng yìn fǎ
相命,xiàng mìng
相和,xiāng hè
相和歌,xiāng hè gē
相國,xiàng guó
相士,xiàng shì
相夫教子,xiàng fū jiào zǐ
相女配夫,xiàng nǚ pèi fū
相如病渴,xiàng rú bìng kě
相字,xiàng zì
相屬,xiāng zhǔ
相差,xiāng chā
相差無幾,xiāng chā wú jǐ
相府,xiàng fǔ
相得,xiāng dé
相得恨晚,xiāng dé hèn wǎn
相得甚歡,xiāng dé shèn huān
相得益彰,xiāng dé yì zhāng
相思子,xiāng sī zǐ
相應,xiāng yìng
相應不理,xiāng yìng bù lǐ
相時,xiàng shí
相時而動,xiàng shí ér dòng
相書,xiàng shū
相框,xiàng kuāng
相機,xiàng jī
相機而動,xiàng jī ér dòng
相機而言,xiàng jī ér yán
相機行事,xiàng jī xíng shì
相機觀變,xiàng jī guān biàn
相法,xiàng fǎ
相為,xiāng wéi
相為表裡,xiāng wéi biǎo lǐ
相父,xiàng fù
相片,xiàng piàn
相片光碟,xiàng piàn guāng dié
相率,xiāng shuài
相王,xiàng wáng
相看,xiāng kan
相禮,xiàng lǐ
相簿,xiàng bù
相紙,xiàng zhǐ
相者,xiàng zhě
相聲,xiàng shēng
相腳手,xiàng jiǎo shǒu
相腳頭,xiàng jiǎo tóu
相臺,xiàng tái
相與為命,xiāng yǔ wéi mìng
相處,xiāng chǔ
相術,xiàng shù
相訾,xiāng zǐ
相變,xiàng biàn
相貌,xiàng mào
相貌堂堂,xiàng mào táng táng
相部宗,xiàng bù zōng
相門出相,xiàng mén chū xiàng
相門有相,xiàng mén yǒu xiàng
相間,xiāng jiàn
相面,xiàng miàn
相須為命,xiāng xū wéi mìng
相風,xiàng fēng
相風使帆,xiàng fēng shǐ fán
相馬,xiàng mǎ
相體,xiàng tǐ
相鼠,xiàng shǔ
盹兒,dǔn r
盼頭,pàn tou
省俗觀風,xǐng sú guān fēng
省分,shěng fèn
省刑薄斂,shěng xíng bó liàn
省墓,xǐng mù
省察,xǐng chá
省思,xǐng sī
省悟,xǐng wù
省戒,xǐng jiè
省方觀俗,xǐng fāng guān sú
省方觀民,xǐng fāng guān mín
省見,xǐng jiàn
省視,xǐng shì
省親,xǐng qīn
省記,xǐng jì
省諭,xǐng yù
省識,xǐng shì
省風,xǐng fēng
眉兒眼兒,méi r yǎn r
看上,kàn shang
看不上,kàn bu shàng
看不下去,kàn bu xià qù
看不來,kàn bu lái
看不出,kàn bu chū
看不得,kàn bu dé
看不慣,kàn bu guàn
看不起,kàn bu qǐ
看不透,kàn bu tòu
看不過,kàn bu guò
看不過眼兒,kàn bu guò yǎn r
看中,kàn zhòng
看中了,kàn zhòng le
看個究竟,kàn ge jiù jìng
看坐兒,kàn zuò r
看墳,kān fén
看守,kān shǒu
看守內閣,kān shǒu nèi gé
看守所,kān shǒu suǒ
看家,kān jiā
看家戲,kān jiā xì
看家本領,kān jiā běn lǐng
看家狗,kān jiā gǒu
看座兒的,kān zuò r de
看押,kān yā
看更,kàn gēng
看相,kàn xiàng
看看,kàn kan
看管,kān guǎn
看見,kàn jian
看護,kān hù
看錢奴,kān qián nú
看門,kān mén
看青,kān qīng
看頭,kàn tou
看風,kān fēng
看風使帆,kàn fēng shǐ fán
看風頭,kàn fēng tou
看麥娘,kān mài niáng
真人不露相,zhēn rén bù lòu xiàng
真命天子,zhēn mìng tiān zǐ
真溶液,zhēn róng yì
真率,zhēn shuài
真相,zhēn xiàng
真相大白,zhēn xiàng dà bái
眠琴綠陰,mián qín lù yīn
眥睚,zì yái
眨巴,zhǎ ba
眵目糊,chī mu hú
眷舍,juàn shè
眸子,móu zǐ
眼不見為淨,yǎn bù jiàn wéi jìng
眼力見兒,yǎn lì jiàn r
眼子菜,yǎn zǐ cài
眼嵌縮腮,yǎn qiān suō sāi
眼底下,yǎn dǐ xia
眼扎毛,yǎn zhá máo
眼暈,yǎn yùn
眼泡,yǎn pāo
眼犄角兒,yǎn jī jiǎo r
眼珠兒,yǎn zhū r
眼皮兒雜,yǎn pí r zá
眼皮子底下,yǎn pí zi dǐ xia
眼絲兒不見,yǎn sī r bù jiàn
眼色,yǎn se
眼花撩亂,yǎn huā liáo luàn
眼餳,yǎn xíng
眼餳耳熱,yǎn xíng ěr rè
眾口難調,zhòng kǒu nán tiáo
眾毛攢裘,zhòng máo cuán qiú
眾生皆有佛性,zhòng shēng jiē yǒu fó xìng
眾生相,zhòng shēng xiàng
眾矢之的,zhòng shǐ zhī dì
睏覺,kùn jiào
睡不著,shuì bu zhāo
睡中覺,shuì zhōng jiào
睡懶覺,shuì lǎn jiào
睡晌覺,shuì shǎng jiào
睡相,shuì xiàng
睡著,shuì zháo
睡覺,shuì jiào
睡長覺,shuì cháng jiào
督率,dū shuài
睪丸,gāo wán
睪丸未降症,gāo wán wèi jiàng zhèng
睹微知著,dǔ wéi zhī zhù
睹物興悲,dǔ wù xīng bēi
睹物興情,dǔ wù xīng qíng
睿知,ruì zhì
瞅不得,chǒu bu dē
瞅不見,chǒu bu jiàn
瞅不起,chǒu bu qǐ
瞅空兒,chǒu kòng r
瞇盹兒,mī dǔn r
瞎扎呼,xiā zhā hu
瞎扯臊,xiā chě sào
瞎攪,xiā gǎo
瞑眩,miàn xuàn
瞧上,qiáo shang
瞧熱鬧,qiáo rè nao
瞧瞧,qiáo qiao
瞧頭兒,qiáo tou r
瞬得彩色電影,shùn dé cǎi sè diàn yǐng
瞭望,liào wàng
瞭望山,liào wàng shān
瞭望臺,liào wàng tái
瞭高兒,liào gāo r
瞳子,tóng zǐ
瞶瞶,kuì kuì
瞻卬,zhān yǎng
瞿然,jù rán
矇事,mēng shì
矇住,mēng zhù
矇松雨,mēng sōng yǔ
矇混,mēng hùn
矇矇亮,mēng meng liàng
矇著,mēng zháo
矇著鍋兒,mēng zhe guō r
矇蔽,mēng bì
矇頭轉向,mēng tóu zhuàn xiàng
矇騙,mēng piàn
矎矎,xuàn xuàn
矜寡孤獨,guān guǎ gū dú
矜張顯著,jīn zhāng xiǎn zhù
矢石之難,shǐ shí zhī nàn
知了,zhī liǎo
知其不可而為,zhī qí bù kě ér wéi
知古今兒,zhī gǔ jīn r
知子莫若父,zhī zǐ mò ruò fù
知小謀大,zhì xiǎo móu dà
知幾其神,zhī jī qí shén
知心著意,zhī xīn zháo yì
知更鳥,zhī gēng niǎo
知水仁山,zhì shuǐ rén shān
知疼著熱,zhī téng zháo rè
知白守黑,zhī bái shǒu hè
知盡能索,zhì jìn néng suǒ
知者不惑,zhì zhě bù huò
知者樂水,zhì zhě yào shuǐ
知觀,zhī guàn
知識分子,zhī shì fèn zǐ
矬個兒,cuó gè r
矬倒,cuó dǎo
矬子裡頭選將軍,cuó zi lǐ tou xuǎn jiāng jūn
短不了,duǎn bu liǎo
短兒,duǎn r
短嘆長吁,duǎn tàn cháng xū
短撅兒,duǎn juē r
短暫,duǎn zhàn
短行,duǎn xìng
短見薄識,duǎn jiàn bó shì
短道兒,duǎn dào r
短長,duǎn cháng
短長之說,duǎn cháng zhī shuō
短頭,duǎn tou
矮人看場,ǎi rén kàn cháng
矮人觀場,ǎi rén guān cháng
矮仔財,ǎi zǐ cái
矮子觀場,ǎi zi guān cháng
矯情飾行,jiǎo qíng shì xìng
矯言偽行,jiǎo yán wèi xìng
矯誣,jiǎo wú
矯飾偽行,jiǎo shì wèi xìng
矰繳,zēng zhuó
矰繳之說,zēng zhuó zhī shuō
石刁柏,shí diāo bó
石勒,shí lè
石擔,shí dàn
石敬瑭,shí jìng táng
石棉沉著病,shí mián chén zhuó bìng
石灰質,shí huī zhí
石磨,shí mò
石英玻璃,shí yīng bō li
石頭,shí tou
石頭兒,shí tou r
石頭子兒,shí tou zǐ r
石頭火鍋,shí tou huǒ guō
石頭草,shí tou cǎo
石頭餅,shí tou bǐng
石龍子,shí lóng zǐ
矽質岩,xì zhí yán
砂石場,shā shí cháng
砂質,shā zhí
砌末,qiè mò
砍瓜切菜,kǎn guā qiē cài
砐硪,è ě
研京練都,yán jīng liàn dū
研幾探賾,yán jī tàn zé
研幾析理,yán jī xī lǐ
砢砢,luǒ luǒ
砥志礪行,dǐ zhì lì xìng
砥礪名行,dǐ lì míng xìng
砥節礪行,dǐ jié lì xìng
砥行磨名,dǐ xìng mó míng
砥行立名,dǐ xìng lì míng
破不剌,pò bù là
破兒,pò r
破壁燎火,pò bì liào huǒ
破家鬻子,pò jiā yù zǐ
破布子,pò bù zǐ
破涕為笑,pò tì wéi xiào
破爛兒,pò làn r
破的,pò dì
破相,pò xiàng
破矩為圓,pò jǔ wéi yuán
破蒸籠不盛氣,pò zhēng lóng bù chéng qì
破觚為圓,pò gū wéi yuán
破觚為圜,pò gū wéi yuán
破謎兒,pò mí r
破費,pò fei
破鏡重合,pò jìng chóng hé
破鏡重圓,pò jìng chóng yuán
破陣樂,pò zhèn yuè
破題兒,pò tí r
破題兒第一遭,pò tí r dì yī zāo
破麥破梨,pò mò pò lí
砸兌,zá dui
硃卷,zhū juàn
硬打軟熟和,yìng dǎ ruǎn shóu he
硬掙,yìng zheng
硬是要得,yìng shì yào dé
硬朗,yìng lang
硬棒,yìng bang
硬氣,yìng qi
硬玻璃,yìng bō li
硬質合金,yìng zhí hé jīn
硬骨頭,yìng gú tou
硯水壺兒,yàn shuǐ hú r
硯水滴兒,yàn shuǐ dī r
硯臺,yàn tai
硼玻璃,péng bō li
硼砰,pēng pēng
碌碌無為,lù lù wú wéi
碎修兒,suì xiū r
碎步兒,suì bù r
碑帖,bēi tiè
碔砆,wǔ fū
碗足兒,wǎn zú r
碟大碗小磕著碰著,dié dà wǎn xiǎo kē zhao pèng zhao
碟式相機,dié shì xiàng jī
碧眼兒,bì yǎn r
碰和,pèng hú
碰碰和,pèng pèng hú
碰著,pèng zháo
碰運氣,pèng yùn qi
碰頭好兒,pèng tóu hǎo r
碴兒,chá r
確乎,què hu
確當,què dàng
確鑿,què zuò
碼頭,mǎ tou
磁場,cí cháng
磁感應,cí gǎn yìng
磅硠,pāng láng
磅礴,pāng bó
磅薄,pāng bó
磊砢,lěi luǒ
磕巴,kē ba
磕打,kē da
磕碰兒,kē peng r
磕過頭的,kē guo tóu de
磕頭兒,kē tóu r
磚坯,zhuān pī
磣可可,chěn ke ke
磣得慌,chěn de huang
磣磕磕,chěn ke ke
磨不開,mò bù kāi
磨了半截舌頭,mó le bàn jié shé tou
磨刻,mó kē
磨功夫,mó gōng fu
磨勁兒,mó jìn r
磨勒,mó lè
磨叨,mò dao
磨咕,mó gu
磨坊,mò fāng
磨子,mò zi
磨它子,mó tuó zi
磨對,mó dui
磨房,mò fáng
磨扇墜手,mò shàn zhuì shǒu
磨擔,mó dàn
磨旗,mò qí
磨煩,mó fan
磨盤,mò pán
磨砂玻璃,mó shā bō li
磨而不磷,mó ér bù lìn
磨舌頭,mó shé tou
磨菇,mó gu
磨蝎,mó hé
磨豆腐,mò dòu fu
磨趄子,mó qiè zi
磨難,mó nàn
磷脂質,lín zhī zhí
磽薄,qiāo bó
礤床兒,cǎ chuáng r
礦場,kuàng cháng
礦物質,kuàng wù zhí
社會失調,shè huì shī tiáo
社會總供給,shè huì zǒng gōng jǐ
社會行為,shè huì xíng wéi
社會角色,shè huì jué sè
社會調適,shè huì tiáo shì
社稷為墟,shè jì wéi xū
祇是,zhī shì
祇洹精舍,qí yuán jīng shè
祈父,qí fǔ
祕書監,mì shū jiàn
祖鞭先著,zǔ biān xiān zhuó
祗從,zhī zòng
祝釐,zhù xī
神不守舍,shén bù shǒu shè
神出鬼沒,shén chū guǐ mò
神巫,shén wú
神差鬼使,shén chāi guǐ shǐ
神曲,shén qǔ
神紙馬兒,shén zhǐ mǎ r
神經質,shén jīng zhí
神色自得,shén sè zì dé
神荼鬱壘,shén shū yù lǜ
神號鬼哭,shén háo guǐ kū
神魂撩亂,shén hún liáo luàn
神魂顛倒,shén hún diān dǎo
票據行為,piào jù xíng wéi
祭遵布被,zhài zūn bù bèi
祿相,lù xiàng
祿養,lù yàng
禁不住,jīn bù zhù
禁不得,jīn bù de
禁不起,jīn bù qǐ
禁受,jīn shòu
禁得,jīn de
禁得住,jīn de zhù
禁得起,jīn de qǐ
禁掖,jìn yè
禁架,jīn jià
禁當,jīn dāng
禁節兒,jīn jié r
禊帖,xì tiè
禍亂交興,huò luàn jiāo xīng
禍為福先,huò wéi fú xiān
禍生肘腋,huò shēng zhǒu yì
禍福靡常,huò fú mǐ cháng
福分,fú fen
福壽綿長,fú shòu mián cháng
福將,fú jiàng
福為禍先,fú wéi huò xiān
福為禍始,fú wéi huò shǐ
福相,fú xiàng
福舍,fú shè
福薄,fú bó
禪位,shàn wèi
禪和子,chán hé zǐ
禪讓,shàn ràng
禮壞樂崩,lǐ huài yuè bēng
禮壞樂缺,lǐ huài yuè quē
禮崩樂壞,lǐ bēng yuè huài
禮廢樂崩,lǐ fèi yuè bēng
禮樂,lǐ yuè
禮樂崩壞,lǐ yuè bēng huài
禮樂為鉤,lǐ yuè wéi gōu
禮行貨,lǐ xing huò
禮賢好士,lǐ xián hào shì
禮賢遠佞,lǐ xián yuàn nìng
禮路兒,lǐ lù r
禽困覆車,qín kùn fù jū
禽滑釐,qín gǔ lí
禾場,hé cháng
秀出班行,xiù chū bān háng
秀氣,xiù qi
秀逗,xiù dou
私了,sī liǎo
私人銀行業務,sī rén yín háng yè wù
私生子,sī shēng zǐ
私累,sī lěi
私處,sī chǔ
秋場,qiū cháng
秋莊稼,qiū zhuāng jia
种師中,chóng shī zhōng
种師道,chóng shī dào
种放,chóng fàng
科分,kē fèn
科場,kē cháng
科差,kē chāi
秒差距,miǎo chā jù
秘魯,bì lǔ
秘魯共和國,bì lǔ gòng hé guó
秤鉤兒打釘,chèng gōu r dǎ dīng
秦吉了,qín jí liǎo
秦少游,qín shào yóu
秦王破陣樂,qín wáng pò zhèn yuè
秧秧蹌蹌,yāng yang qiāng qiāng
秫秸,shú jie
移孝為忠,yí xiào wéi zhōng
移山倒海,yí shān dǎo hǎi
移民媽媽,yí mín mā ma
移液管,yí yì guǎn
移調樂器,yí diào yuè qì
稀薄,xī bó
稀里嘩啦,xī lǐ huā lā
稀里打哄,xī lǐ dǎ hōng
稂不稂莠不莠,láng bù láng yǒu bù yǒu
稂莠,láng yǒu
程長庚,chéng cháng gēng
稚子,zhì zǐ
稟帖,bǐng tiě
稠糊,chóu hu
種因,zhòng yīn
種地,zhòng dì
種子,zhǒng zǐ
種子球員,zhǒng zǐ qiú yuán
種子網路,zhǒng zǐ wǎng lù
種子隊,zhǒng zǐ duì
種德,zhòng dé
種植,zhòng zhí
種植義齒,zhòng zhí yì chǐ
種牛痘,zhòng niú dòu
種玉,zhòng yù
種瓜得瓜,zhòng guā dé guā
種生,zhòng shēng
種田,zhòng tián
種痘,zhòng dòu
種花,zhòng huā
種莊稼,zhòng zhuāng jia
種豆得豆,zhòng dòu dé dòu
種麥得麥,zhòng mài dé mài
稱名念佛,chēng míng niàn fó
稱家有無,chèng jiā yǒu wú
稱心,chèng xīn
稱心如意,chèng xīn rú yì
稱心快意,chèng xīn kuài yì
稱心滿志,chèng xīn mǎn zhì
稱心滿意,chèng xīn mǎn yì
稱情,chèng qíng
稱意,chèng yì
稱職,chèng zhí
稱薪量水,chēng xīn liáng shuǐ
稱身,chèng shēn
稱錢,chèng qián
稱鎚落井,chèng chuí luò jǐng
稱願,chèng yuàn
稱體裁衣,chèng tǐ cái yī
稻場,dào cháng
稻畦,dào xī
稽顙,qǐ sǎng
稽顙泣血,qǐ sǎng qì xuè
稽顙肉袒,qǐ sǎng ròu tǎn
稽首,qǐ shǒu
稿兒,gǎo r
穀梁傳,gǔ liáng zhuàn
穆天子傳,mù tiān zǐ zhuàn
積作,jī zuo
積健為雄,jī jiàn wéi xióng
積年累月,jī nián lěi yuè
積微成著,jī wéi chéng zhù
積德累仁,jī dé lěi rén
積德累功,jī dé lěi gōng
積極分子,jī jí fèn zǐ
積累,jī lěi
積金累玉,jī jīn lěi yù
積銖累寸,jī zhū lěi cùn
穗兒,suì r
穠華,nóng huā
穢行,huì xìng
穩住,wěn zhu
穩當,wěn dang
穩紮穩打,wěn zhá wěn dǎ
穰穰,rǎng rǎng
穴位,xué wèi
穴寶蓋兒,xuè bǎo gài r
穴居野處,xuè jū yě chǔ
穴處之徒,xuè chǔ zhī tú
穴處知雨,xuè chǔ zhī yǔ
穴道,xué dào
空中少爺,kōng zhōng shào yé
空乏,kòng fá
空位,kòng wèi
空侗,kōng tóng
空便,kòng biàn
空兒,kōng r
空匱,kōng kuì
空古絕今,kòng gǔ jué jīn
空地,kòng dì
空地稅,kòng dì shuì
空子,kòng zi
空帖拜年,kōng tiě bài nián
空心蘿蔔,kōng xīn luó bo
空房,kòng fáng
空暇,kòng xiá
空格兒,kòng gé r
空桑子,kōng sāng zǐ
空檔,kòng dǎng
空氣調節,kōng qì tiáo jié
空氣調節機,kōng qì tiáo jié jī
空當兒,kòng dàng r
空當子,kòng dàng zi
空白,kòng bái
空白點,kòng bái diǎn
空相,kōng xiàng
空缺,kòng quē
空肚兒,kòng dù r
空腹便便,kōng fù pián pián
空興頭,kōng xīng tóu
空調,kōng tiáo
空調機,kōng tiáo jī
空調症,kōng tiáo zhèng
空調設備,kōng tiáo shè bèi
空身人兒,kōng shēn rén r
空轉,kōng zhuàn
空鐘,kōng zhong
空閒,kòng xián
空隙,kòng xì
空難,kōng nàn
空頭,kòng tóu
空頭事,kōng tou shì
空頭冤家,kōng tou yuān jiā
空頭堡,kōng tou bǎo
空頭情,kōng tou qíng
空頭支票,kòng tóu zhī piào
空頭敕,kòng tóu chì
空頭禍,kòng tóu huò
空頭話,kōng tou huà
空頭謊,kōng tou huǎng
空額,kòng é
穾廈,yǎo xià
穿紅著綠,chuān hóng zhuó lǜ
穿著,chuān zhuó
穿袍兒的,chuān páo r de
穿鑿,chuān zuò
穿鑿附會,chuān zuò fù huì
突梯滑稽,tú tī gǔ jī
突騎,tú jì
窄巴,zhǎi ba
窅窱,yǎo tiǎo
窈娜,yǎo nuó
窒塞,zhì sè
窗兒眼吹喇叭,chuāng r yǎn chuī lǎ ba
窗戶,chuāng hu
窗戶眼兒,chuāng hu yǎn r
窗戶紙,chuāng hu zhǐ
窗檻,chuāng jiàn
窟宅,kū zhè
窟窿,kū long
窟窿眼兒,kū long yǎn r
窨井,yìn jǐng
窨付,yìn fù
窨子裡秋月,yìn zi lǐ qiū yuè
窨戶,yìn hù
窨約,yìn yuē
窨腹,yìn fù
窩兒,wō r
窩囊,wō nang
窩囊廢,wō nang fèi
窩囊氣,wō nang qì
窩憋,wō bie
窩棚,wō peng
窩瞘眼,wō kou yǎn
窩窩頭,wō wo tóu
窩裡反,wō li fǎn
窩裡炮,wō li pào
窩闊臺汗國,wō kuò tái hán guó
窮匱,qióng kuì
窮年累世,qióng nián lěi shì
窮年累月,qióng nián lěi yuè
窮年累歲,qióng nián lěi suì
窮形盡相,qióng xíng jìn xiàng
窮愁潦倒,qióng chóu liáo dǎo
窮於應付,qióng yú yìng fù
窮相,qióng xiàng
窮途潦倒,qióng tú liáo dǎo
窮途落魄,qióng tú luò tuò
窮骨頭,qióng gú tou
窯黑兒,yáo hēi r
窳兒,yǔ r
窳楛,yǔ kǔ
窶人子,jù rén zǐ
窶數,jù shǔ
窺伺,kuī sì
立人兒,lì rén r
立地成佛,lì dì chéng fó
立場,lì cháng
立字兒,lì zì r
立手兒,lì shǒu r
立規矩,lì guī ju
立身處世,lì shēn chǔ shì
立體停車場,lì tǐ tíng chē cháng
立體照相機,lì tǐ zhào xiàng jī
站不住腳,zhàn bu zhù jiǎo
站乾岸兒,zhàn gān àn r
章懷太子,zhāng huái tài zǐ
章甫縫掖,zhāng fǔ féng yè
童子,tóng zǐ
童子癆,tóng zǐ láo
童子試,tóng zǐ shì
童子軍,tóng zǐ jūn
童子軍節,tóng zǐ jūn jié
童牛角馬,tóng niú jué mǎ
竭分,jié fèn
端子插頭,duān zǐ chā tóu
端的,duān dì
端量,duān liáng
競技場,jìng jì cháng
競短爭長,jìng duǎn zhēng cháng
竹刻,zhú kē
竹批兒,zhú pī r
竹筴魚,zhú jiá yú
竹籃兒打水,zhú lán r dǎ shuǐ
竹籬茅舍,zhú lí máo shè
笄冠,jī guàn
笊籬,zhào li
笑場,xiào cháng
笑敖,xiào ào
笑殺,xiào sha
笑話兒,xiào huà r
笤帚,tiáo zhou
符兒,fú r
符應,fú yìng
第一個,dì yī ge
第五縱隊,dì wǔ zōng duì
第宅,dì zhè
笳角,jiā jué
笸籮,pǒ luo
筆下功夫,bǐ xià gōng fu
筆帖式,bǐ tiě shì
筆頭兒,bǐ tóu r
等一會兒,děng yī huǐ r
等不得,děng bù dé
等差,děng chā
等差級數,děng chā jí shù
等長,děng cháng
等高種植,děng gāo zhòng zhí
筋節兒,jīn jie r
筍乾,sǔn gān
筍脯,sǔn fǔ
筍裡不知茆裡,sǔn li bù zhī mǎo li
筒仔米糕,tǒng zǐ mǐ gāo
答允,dā yǔn
答兒,dā r
答剌,dā là
答剌孫,dá là sūn
答剌蘇,dá là sū
答剌速,dá là sù
答嘴,dā zuǐ
答岔兒,dā chà r
答應,dā yìng
答應不迭,dā yìng bù dié
答救,dā jiù
答案卷,dá àn juàn
答理,dā li
答碴兒,dā chá r
答答,dā dā
答腔,dā qiāng
答颯,dā sà
策應,cè yìng
筦子,guǎn zǐ
箍兒,gū r
箑脯,shà fǔ
箕子,jī zǐ
算上,suàn shang
算不了,suàn bu liǎo
算不得,suàn bu dé
算命先生,suàn mìng xiān sheng
算子,suàn zǐ
算得,suàn dé
算盤子兒,suàn pán zǐ r
算計兒,suàn ji r
算起來,suàn qi lai
箘簬,jùn lù
管人弔腳兒事,guǎn rén diào jiǎo r shì
管城子,guǎn chéng zǐ
管子,guǎn zǐ
管弦樂,guǎn xián yuè
管弦樂團,guǎn xián yuè tuán
管樂,guǎn yuè
管樂器,guǎn yuè qì
管樂隊,guǎn yuè duì
箭鏃,jiàn cù
箸長碗短,zhù cháng wǎn duǎn
節假,jié jià
節孢子,jié bāo zǐ
節目現場,jié mù xiàn cháng
節行瑰奇,jié xìng guī qí
節錢,jié qian
節骨眼,jié gu yǎn
節骨眼上,jié gu yǎn shàng
節骨眼兒,jié gu yǎn r
篇什,piān shí
篇兒,piān r
篇卷,piān juàn
築壇拜將,zhú tán bài jiàng
篙頭,gāo tou
篠子,xiǎo zǐ
篣楚,páng chǔ
篣竹,páng zhú
篤信好古,dǔ xìn hào gǔ
篤學好古,dǔ xué hào gǔ
篤志好學,dǔ zhì hào xué
篤磨,dǔ mò
篤麼,dǔ mó
篾片相公,miè piàn xiàng gōng
簍兒,lǒu r
簞瓢屢空,dān piáo lǚ kòng
簞食,dān sì
簞食壺漿,dān sì hú jiāng
簞食瓢飲,dān sì piáo yǐn
簞食豆羹,dān sì dòu gēng
簡子,jiǎn zǐ
簡帖,jiǎn tiě
簡截了當,jiǎn jié liǎo dàng
簧樂器,huáng yuè qì
簷溜,yán liù
簸箕,bò jī
簸箕掌,bò jī zhǎng
簸箕甲,bò jī jiǎ
簸箕陣,bò jī zhèn
簸籮,bò luó
簽押房,qiān yá fáng
簽署,qiān shù
籃球場,lán qiú cháng
籌度,chóu duò
籌量,chóu liáng
籍沒,jí mò
籠侗,lóng tóng
籠街喝道,lóng jiē hè dào
籠頭,lóng tou
籠鳥檻猿,lóng niǎo jiàn yuán
籬笆,lí ba
籮擔,luó dàn
籰子,yuè zǐ
米勒,mǐ lè
米哈,mǐ hǎ
米湯,mǐ tang
米芾,mǐ fú
粉團兒,fěn tuán r
粉團兒似的,fěn tuán r sì de
粉墨登場,fěn mò dēng cháng
粒兒,lì r
粒子,lì zǐ
粔籹,jù nǜ
粗實,cū shi
粗樂,cū yuè
粗率,cū shuài
粢盛,zī chéng
粥粥,zhù zhù
粥粥無能,zhù zhù wú néng
粥餳,zhù xíng
粳稻,gēng dào
粳米,gēng mǐ
粵曲,yuè qǔ
精兵猛將,jīng bīng měng jiàng
精子,jīng zǐ
精忠柏,jīng zhōng bó
精忠說岳傳,jīng zhōng shuō yuè zhuàn
精當,jīng dàng
精舍,jīng shè
精貫白日,jīng guàn bó rì
精餾,jīng liù
糅合,róu hé
糅雜,róu zá
糊仔栽培,hú zǐ zāi péi
糊刷,hú shua
糊弄,hù nong
糊弄局,hù nong jú
糊裡糊塗,hú li hú tú
糊里糊塗,hú li hú tú
糕乾,gāo gan
糕仔崁古道,gāo zǐ kǎn gǔ dào
糖人兒,táng rén r
糖分,táng fèn
糖葫蘆,táng hú lu
糖蘿蔔,táng luó bo
糜子,méi zi
糞坑裡的石頭,fèn kēng lǐ de shí tou
糟老頭兒,zāo lǎo tóu r
糟豆腐,zāo dòu fu
糟錢兒,zāo qián r
糢糢糊糊,mó mo hū hū
糧行,liáng háng
糨糊,jiàng hu
糾彈,jiū tán
糾繆繩違,jiū miù shéng wéi
紀傳體,jì zhuàn tǐ
約從,yuē zōng
約莫,yuē mo
紅包場,hóng bāo cháng
紅場,hóng cháng
紅女,gōng nǚ
紅暈,hóng yùn
紅綠帖子,hóng lǜ tiě zi
紅線傳,hóng xiàn zhuàn
紅臉兒漢,hóng liǎn r hàn
紅色廣場,hóng sè guǎng cháng
紅茄苳,hóng jiā dōng
紅葉少棒隊,hóng yè shào bàng duì
紅蘿蔔炒辣椒,hóng luó bo chǎo là jiāo
紅角兒,hóng jué r
紅顏薄命,hóng yán bó mìng
紇刺星,gē cì xīng
紇絡,gē luo
紇繨,gē da
紈褲子弟,wán kù zǐ dì
納還,nà huán
納降,nà xiáng
紐捽,niǔ zú
純所得,chún suǒ dé
純物質,chún wù zhí
純質,chún zhí
紕繆,pī miù
紙幡兒,zhǐ fān r
紙捻兒,zhǐ niǎn r
紙撚兒,zhǐ niǎn r
紙標兒,zhǐ biāo r
紙短情長,zhǐ duǎn qíng cháng
紙糊頭,zhǐ hú tou
紙紮,zhǐ zhá
紙紮店,zhǐ zhá diàn
紛更,fēn gēng
紛紅駭綠,fēn hóng hài lù
紛紛穰穰,fēn fēn rǎng rǎng
紛縕,fēn yūn
素行,sù xìng
素行不良,sù xìng bù liáng
素質,sù zhí
素隱行怪,sù yǐn xìng guài
素馨,sù xīng
紫塞,zǐ sài
紬次,chōu cì
紬繹,chōu yì
紮囮,zhá é
紮實,zhá shí
紮寨,zhá zhài
紮營,zhá yíng
紮腳,zhá jiǎo
紮裹,zhá guǒ
紮詐,zhá zhà
累七齋,lěi qī zhāi
累世,lěi shì
累丸,lěi wán
累代,lěi dài
累加,lěi jiā
累卵,lěi luǎn
累卵之危,lěi luǎn zhī wéi
累土至山,lěi tǔ zhì shān
累塊積蘇,lěi kuài jī sū
累墜,léi zhui
累增字,lěi zēng zì
累年,lěi nián
累彰勛效,lěi zhāng xūn xiào
累得慌,lèi de huang
累戰,lěi zhàn
累掯,lèi ken
累日,lěi rì
累月經年,lěi yuè jīng nián
累榭,lěi xiè
累次,lěi cì
累次三番,lěi cì sān fān
累牆,lěi qiáng
累牘連篇,lěi dú lián piān
累犯,lěi fàn
累積,lěi jī
累積性傷害症候群,lěi jī xìng shāng hài zhèng hòu qún
累積盈餘,lěi jī yíng yú
累累,lěi lěi
累紲,léi xiè
累計,lěi jì
累贅,léi zhui
累足,lěi zú
累足成步,lěi zú chéng bù
累進,lěi jìn
累進稅,lěi jìn shuì
累進稅率,lěi jìn shuì lǜ
累進處遇,lěi jìn chǔ yù
累遷,lěi qiān
累黍,lěi shǔ
細嚼,xì jiáo
細嚼慢嚥,xì jiáo màn yàn
細挑,xì tiao
細曲,xì qǔ
細樂,xì yuè
細水長流,xì shuǐ cháng liú
細玩,xì wàn
細究,xì jiū
細篾兒,xì miè r
細胞原生質,xì bāo yuán shēng zhí
細胞膜,xì bāo mó
細胞質,xì bāo zhí
細胞銀行,xì bāo yín háng
細菌性心內膜炎,xì jùn xìng xīn nèi mó yán
細行,xì xìng
細長,xì cháng
紹興,shào xīng
紹興師爺,shào xīng shī yé
紹興縣,shào xīng xiàn
紹興酒,shào xīng jiǔ
終了,zhōng liǎo
終場,zhōng cháng
終曲,zhōng qǔ
終朝,zhōng zhāo
終軍棄繻,zhōng jūn qì rú
終養,zhōng yàng
組曲,zǔ qǔ
絆倒,bàn dǎo
結婚進行曲,jié hūn jìn xíng qǔ
結子,jié zǐ
結尾應酬語,jié wěi yìng chóu yǔ
結巴,jiē ba
結巴子,jiē bā zi
結晶玻璃,jié jīng bō li
結煞,jié shà
結結實實,jiē jiē shí shí
結結巴巴,jiē jie bā bā
結駟連騎,jié sì lián jì
絕倒,jué dǎo
絕塞,jué sài
絕子絕孫,jué zǐ jué sūn
絕對音樂,jué duì yīn yuè
絕聖棄知,jué shèng qì zhì
絕長繼短,jué cháng jì duǎn
絕長續短,jué cháng xù duǎn
絕長補短,jué cháng bǔ duǎn
絜矩,xié jǔ
絜行,jié xìng
絡子,lào zi
絡縸,luò mò
給予,jǐ yǔ
給事中,jǐ shì zhōng
給付,jǐ fù
給使,jǐ shǐ
給個棒錘當針認,gěi ge bàng chuí dàng zhēn rèn
給假,jǐ jià
給散,jǐ sàn
給水,jǐ shuǐ
給與,jǐ yǔ
給足,jǐ zú
給養,jǐ yǎng
絪縕,yīn yūn
絮煩,xù fan
絮鍋兒,xù guō r
統率,tǒng shuài
絲毫不差,sī háo bù chā
絲瓜絡,sī guā lào
絲竹樂,sī zhú yuè
絲質,sī zhí
絳帖,jiàng tiè
綈袍之賜,tí páo zhī sì
綑兒,kǔn r
經傳,jīng zhuàn
經傳釋詞,jīng zhuàn shì cí
經卷,jīng juàn
經史子集,jīng shǐ zǐ jí
經年累月,jīng nián lěi yuè
經旬累月,jīng xún lěi yuè
經板兒,jīng bǎn r
經藏,jīng zàng
經行吐衄,jīng xíng tù nǜ
綜合所得稅,zòng hé suǒ dé shuì
綜合銀行,zòng hé yín háng
綜鼻兒,zòng bí r
綝纚,lín shǐ
綠耳,lù ěr
綠螘,lù yǐ
綠豆皮兒,lǜ dòu pí r
綢帷,zī wéi
綰角兒,wǎn jiǎo r
綰角兒夫妻,wǎn jiǎo r fū qī
網路伺服器,wǎng lù sì fú qì
網路商場,wǎng lù shāng cháng
網路拍賣廣場,wǎng lù pāi mài guǎng cháng
網路銀行,wǎng lù yín háng
網路音樂廳,wǎng lù yīn yuè tīng
綴宅,zhuì zhè
綵牌樓,cǎi pái lou
綸巾,guān jīn
綸音佛語,lún yīn fó yǔ
綺靡,qǐ mǐ
綻口兒,zhàn kǒu r
綽著經兒,chuò zhe jīng r
綿力薄材,mián lì bó cái
綿薄,mián bó
綿薄之力,mián bó zhī lì
綿長,mián cháng
緊仔,jǐn zǐ
緊差緊做,jǐn chāi jǐn zuò
緊急處分,jǐn jí chǔ fèn
緊急避難權,jǐn jí bì nàn quán
緊急避難行為,jǐn jí bì nàn xíng wéi
緊溜兒的,jǐn liū r de
緊箍兒,jǐn gū r
緊身兒,jǐn shēn r
線上叩應,xiàn shàng kòu yìng
線抽傀儡,xiàn chōu kuǐ lěi
線板兒,xiàn bǎn r
線桄子,xiàn guàng zi
線腳兒,xiàn jiǎo r
線軸兒,xiàn zhóu r
線頭兒,xiàn tóu r
緣分,yuán fèn
緣慳分淺,yuán qiān fèn qiǎn
編曲,biān qǔ
編氓,biān méng
編著,biān zhù
緩步代車,huǎn bù dài jū
練把式,liàn bǎ shi
練習曲,liàn xí qǔ
練聲曲,liàn shēng qǔ
緹騎,tí jì
縑緗黃卷,jiān xiāng huáng juàn
縛稿為人,fú gǎo wéi rén
縣分,xiàn fèn
縣圃,xuán pǔ
縣象,xuán xiàng
縣賞,xuán shǎng
縣跂,xuán qì
縫兒,fèng r
縫合,féng hé
縫工,féng gōng
縫紉,féng rèn
縫紉機,féng rèn jī
縫縫補補,féng féng bǔ bǔ
縫縫連連,féng féng lián lián
縫衣,féng yī
縫補,féng bǔ
縫製,féng zhì
縫針補線,féng zhēn bǔ xiàn
縮囊,sù náng
縮地,sù dì
縮地補天,sù dì bǔ tiān
縮屋稱貞,sù wū chēng zhēn
縮手,sù shǒu
縮手旁觀,sù shǒu páng guān
縮朒,sù nǜ
縮栗,sù lì
縮砂蔤,sù shā mì
縮縮,sù sù
縮縮朒朒,sù sù nǜ nǜ
縮衣節口,sù yī jié kǒu
縮衣節食,sù yī jié shí
縮酒,sù jiǔ
縮頞,sù è
縮鼻,sù bí
縱切面,zōng qiē miàn
縱剖面,zōng pǒu miàn
縱坐標,zōng zuò biāo
縱心兒,zòng xīn r
縱斷面,zōng duàn miàn
縱橫,zōng héng
縱橫交貫,zōng héng jiāo guàn
縱橫交錯,zōng héng jiāo cuò
縱橫四海,zōng héng sì hǎi
縱橫天下,zōng héng tiān xià
縱橫家,zōng héng jiā
縱橫捭闔,zōng héng bǎi hé
縱橫馳騁,zōng héng chí chěng
縱波,zōng bō
縱深,zōng shēn
縱縱,zǒng zǒng
縱臾,zǒng yǒng
縱谷,zōng gǔ
縱貫,zōng guàn
縱貫線,zōng guàn xiàn
縱走,zōng zǒu
縱軸,zōng zhóu
縱隊,zōng duì
縱風止燎,zòng fēng zhǐ liào
縱黍尺,zōng shǔ chǐ
縷當,lǚ dàng
總得,zǒng děi
總行,zǒng háng
總角,zǒng jué
總角之交,zǒng jué zhī jiāo
總角之好,zǒng jué zhī hǎo
績麻拈苧,jī má niǎn zhù
繁欽,pó qīn
繁臺,pó tái
繁華損枝,fán huā sǔn zhī
繃勁兒,běng jìn r
繃場面,bēng cháng miàn
繃拽,bēng zhuài
繃瓷,bèng cí
繃繃拽拽,bēng bēng zhuài zhuài
繃臉,běng liǎn
繃裂,bèng liè
繄袼,yī luò
繆學,miù xué
繆巧,miù qiǎo
繆思女神,miù sī nǚ shén
繆種流傳,miù zhǒng liú chuán
繒繃,zèng běng
織田信長,zhī tián xìn cháng
繞場,rào cháng
繞彎兒,rào wān r
繞磨,rào mo
繞遠兒,rào yuǎn r
繡佛,xiù fó
繡帖兒,xiù tiě r
繡幙牽絲,xiù mù qiān sī
繡花枕頭,xiù huā zhěn tou
繡閣長春,xiù gé cháng chūn
繫捻兒,jì niǎn r
繫風捕景,xì fēng bǔ yǐng
繭兒,jiǎn r
繳卷,jiǎo juàn
繳白卷,jiǎo bái juàn
繳還,jiǎo huán
繼子,jì zǐ
繼絕興亡,jì jué xīng wáng
纂兒,zuǎn r
續假,xù jià
續隨子,xù suí zǐ
纏磨,chán mo
纏累,chán lěi
纏髻兒,chán jì r
纖穠中度,xiān nóng zhòng dù
纖纖弱質,xiān xiān ruò zhí
纖阿,xiān ē
缸兒,gāng r
缸裡的醬蘿蔔,gāng lǐ de jiàng luó bo
缿筩,xiàng tǒng
罅剌兒,xià lá r
罌子桐,yīng zǐ tóng
罐頭,guàn tou
罩不住,zhào bu zhù
罪人不帑,zuì rén bù nú
罪惡昭著,zuì è zhāo zhù
罪有應得,zuì yǒu yīng dé
罪行,zuì xìng
罰一勸百,fá yī quàn bó
署名,shù míng
署吏,shù lì
署書,shù shū
署榜,shù bǎng
署理,shù lǐ
署缺,shù quē
署辦,shù bàn
罵罵咧咧,mà mà liē liē
罷勞,pí láo
罷弊,pí bì
罷教,bà jiāo
罷敝,pí bì
罷散,pí sàn
罷於奔命,pí yú bēn mìng
罷癃,pí lóng
罷軟,pí ruǎn
罹難,lí nàn
羅剎,luó chà
羅剎國,luó chà guó
羅剎女,luó chà nǚ
羅勒,luó lè
羅圈兒揖,luó quān r yī
羅圈兒架,luó quān r jià
羅塞提,luó sài tí
羅塞達石碑,luó sài dá shí bēi
羅望子,luó wàng zǐ
羅漢柏,luó hàn bó
羅馬假期,luó mǎ jià qí
羅馬廣場,luó mǎ guǎng cháng
羈勒,jī lè
羊兒風,yáng r fēng
羊撞籬笆,yáng zhuàng lí ba
羊栖菜,yáng xī cài
羊毛出在羊身上,yáng máo chū zài yáng shēn shang
羊群裡跑出駱駝來,yáng qún li pǎo chu luò tuo lái
羊肉落在狗嘴裡,yáng ròu luò zài gǒu zuǐ li
羊肚蕈,yáng dǔ xùn
羊膜穿刺術,yáng mó chuān cì shù
羊質虎皮,yáng zhí hǔ pí
羊霜腸,yáng shuāng chang
羌帖,qiāng tie
美不勝收,měi bù shēng shōu
美人兒,měi rén r
美人命薄,měi rén mìng bó
美人燈兒,měi rén dēng r
美冠一方,měi guàn yī fāng
美滿收場,měi mǎn shōu cháng
美男子,měi nán zǐ
美質,měi zhí
美麗的磨坊少女,měi lì de mò fāng shào nǚ
羔兒,gāo r
羔兒酒,gāo r jiǔ
羔酒自勞,gāo jiǔ zì lào
羝乳得歸,dī rǔ dé guī
羞人答答,xiū rén dā dā
羞怯,xiū què
羞怯怯,xiū què què
羞惡,xiū wù
羞答答,xiū dā dā
羞與為伍,xiū yǔ wéi wǔ
群居穴處,qún jū xuè chǔ
群從,qún zòng
群蝨處褌中,qún shī chǔ kūn zhōng
群辟,qún bì
群雌粥粥,qún cī zhù zhù
羧酸,suō suān
羨煞,xiàn shà
義不辭難,yì bù cí nàn
義分,yì fèn
義妖傳,yì yāo zhuàn
義子,yì zǐ
義從,yì zòng
義疏,yì shù
義薄雲天,yì bó yún tiān
義行,yì xìng
義行可風,yì xìng kě fēng
羶行,shān xìng
羹匙,gēng chí
羹藜唅糗,gēng lí hán qiǔ
羹裡不著飯裡著,gēng lǐ bù zháo fàn lǐ zháo
羽扇綸巾,yǔ shàn guān jīn
羽騎,yǔ jì
翁蛤,wēng gé
翅兒,chì r
習以為常,xí yǐ wéi cháng
翟子悲,dí zǐ bēi
翠翹,cuì qiáo
翹企,qiáo qì
翹尾巴,qiào yǐ bā
翹思,qiáo sī
翹材,qiáo cái
翹棱,qiáo leng
翹楚,qiáo chǔ
翹翹,qiáo qiáo
翹舌音,qiáo shé yīn
翹足引領,qiáo zú yǐn lǐng
翹足而待,qiáo zú ér dài
翹首,qiáo shǒu
翹首企足,qiáo shǒu qì zú
翹首引領,qiáo shǒu yǐn lǐng
翹首盼望,qiáo shǒu pàn wàng
翻刻,fān kē
翻刻本,fān kē běn
翻手為雲,fān shǒu wéi yún
翻把恩人當仇人,fān bǎ ēn rén dàng chóu rén
翻毛兒,fān máo r
翻江倒海,fān jiāng dǎo hǎi
翻箱倒櫃,fān xiāng dǎo guì
翻箱倒篋,fān xiāng dǎo qiè
翻箱倒籠,fān xiāng dǎo lóng
翻花頭,fān huā tou
翻跟頭,fān gēn tou
翻過兒,fān guò r
老一巴掌,lǎo yī bā zhang
老一門兒,lǎo yī mén r
老丈人,lǎo zhàng ren
老主顧,lǎo zhǔ gu
老乾,lǎo gān
老交情,lǎo jiāo qing
老人家,lǎo ren jia
老佛爺,lǎo fó ye
老兄弟,lǎo xiōng di
老先生,lǎo xiān sheng
老八板兒,lǎo bā bǎn r
老公公,lǎo gōng gong
老公嘴兒,lǎo gong zuǐ r
老和尚看嫁妝,lǎo hé shàng kàn jià zhuang
老哥兒倆,lǎo gē r liǎ
老哥兒們,lǎo gē r men
老哥哥,lǎo gē ge
老在行,lǎo zài háng
老地方,lǎo dì fang
老大兒,lǎo dà r
老太太,lǎo tài tai
老夫子,lǎo fū zǐ
老奶奶,lǎo nǎi nai
老姐妹兒,lǎo jiě mèi r
老娘兒,lǎo niáng r
老婆,lǎo po
老婆兒,lǎo pó r
老婆婆,lǎo pó po
老婆舌頭,lǎo pó shé tou
老嬤嬤,lǎo mā ma
老子婆娑,lǎo zǐ pó suō
老子道君,lǎo zǐ dào jūn
老學究,lǎo xué jiū
老家兒,lǎo jiā r
老實巴交,lǎo shi bā jiāo
老實話,lǎo shi huà
老實頭,lǎo shi tóu
老將,lǎo jiàng
老將行,lǎo jiàng xíng
老少,lǎo shào
老少一同,lǎo shào yī tóng
老少咸宜,lǎo shào xián yí
老少年,lǎo shào nián
老少無欺,lǎo shào wú qī
老少男女,lǎo shào nán nǚ
老少配,lǎo shào pèi
老師傅,lǎo shī fu
老師父,lǎo shī fu
老年得子,lǎo nián dé zǐ
老底兒,lǎo dǐ r
老把勢,lǎo bǎ shi
老把式,lǎo bǎ shi
老朋友,lǎo péng you
老本行,lǎo běn háng
老東西,lǎo dōng xi
老根人家兒,lǎo gen rén jiā r
老橛話兒,lǎo jué huà r
老江湖,lǎo jiāng hu
老法子,lǎo fá zi
老淚縱橫,lǎo lèi zōng héng
老滿兒,lǎo mǎn r
老營兒,lǎo yíng r
老營生,lǎo yíng sheng
老爺,lǎo ye
老爺兒,lǎo yé r
老爺廟,lǎo ye miào
老爺爺,lǎo yé ye
老狐狸,lǎo hú li
老生兒,lǎo sheng r
老畜生,lǎo chù sheng
老的少的,lǎo de shào de
老相,lǎo xiàng
老祖兒,lǎo zǔ r
老章程,lǎo zhāng cheng
老糊塗,lǎo hú tu
老繃,lǎo beng
老老,lǎo lao
老老少少,lǎo lǎo shào shào
老而不死是為賊,lǎo ér bù sǐ shì wéi zéi
老背悔,lǎo bèi hui
老背晦,lǎo bèi hui
老萊子,lǎo lái zǐ
老虎掛念佛珠,lǎo hǔ guà niàn fó zhū
老虎攤兒,lǎo hǔ tān r
老虎頭上打蒼蠅,lǎo hǔ tóu shàng dǎ cāng ying
老虎頭上拍蒼蠅,lǎo hǔ tóu shàng pāi cāng ying
老虎頭上撲蒼蠅,lǎo hǔ tóu shàng pū cāng ying
老行伍,lǎo háng wǔ
老行家,lǎo háng jia
老行尊,lǎo háng zūn
老街坊,lǎo jiē fang
老西兒,lǎo xī r
老規矩,lǎo guī ju
老調重彈,lǎo diào chóng tán
老豆腐,lǎo dòu fu
老走道兒,lǎo zǒu dao r
老身長子,lǎo shēn zhǎng zǐ
老都爺,lǎo dū yé
老醃兒,lǎo yān r
老醫少卜,lǎo yī shào bǔ
老阿媽,lǎo à mā
老阿者,lǎo à zhě
老頑固,lǎo wán gu
老頭兒,lǎo tóu r
老馬為駒,lǎo mǎ wéi jū
老骨頭,lǎo gú tou
老鴰,lǎo gua
老鴰窩裡出鳳凰,lǎo gua wō lǐ chū fèng huáng
老鼠尾巴上害癤子,lǎo shǔ wěi ba shàng hài jié zi
老鼠尾巴生瘡兒,lǎo shǔ wěi ba shēng chuāng r
考中,kǎo zhòng
考卷,kǎo juàn
考古質疑,kǎo gǔ zhí yí
考場,kǎo cháng
考差,kǎo chāi
考校,kǎo jiào
考量,kǎo liáng
耆儒碩德,qí rú shí dé
耆儒碩望,qí rú shí wàng
耆儒碩老,qí rú shí lǎo
耆年碩德,qí nián shí dé
耆碩,qí shí
耍像兒,shuǎ xiàng r
耍噱頭,shuǎ xuē tóu
耍手藝,shuǎ shǒu yi
耍猴兒,shuǎ hóu r
耍脾氣,shuǎ pí qi
耍骨頭,shuǎ gú tou
耕種,gēng zhòng
耗斁,hào dù
耳刀兒,ěr dāo r
耳咽管,ěr yān guǎn
耳挖勺兒,ěr wā sháo r
耳朵,ěr duo
耳朵尖,ěr duo jiān
耳朵帽,ěr duo mào
耳朵眼兒,ěr duo yǎn r
耳朵裡冒出腳來,ěr duo lǐ mào chū jiǎo lái
耳朵裡響,ěr duo li xiǎng
耳朵軟,ěr duo ruǎn
耳穴,ěr xué
耳簷兒當不的胡帽,ěr yán r dàng bu de hú mào
耳膜,ěr mó
耳風,ěr feng
耵聹腺,tīng níng xiàn
耶和華,yē hé huá
耶律,yē lǜ
耶律休哥,yē lǜ xiū gē
耶律大石,yē lǜ dà shí
耶律楚材,yē lǜ chǔ cái
耶律阿保機,yē lǜ à bǎo jī
耶悉茗,yē xī míng
耶穌,yē sū
耶穌基督,yē sū jī dū
耶穌會,yē sū huì
耶誕卡,yē dàn kǎ
耶誕夜,yē dàn yè
耶誕樹,yē dàn shù
耶誕節,yē dàn jié
耶誕老人,yē dàn lǎo rén
耶路撒冷,yē lù sā lěng
耶魯大學,yē lǔ dà xué
耶魯拼音,yē lǔ pīn yīn
耷拉,dā la
耽玩,dān wàn
聆樂,líng yuè
聊以塞責,liáo yǐ sè zé
聊聊,liáo liao
聖彼得堡,shèng bǐ dé bǎo
聖彼得大教堂,shèng bǐ dé dà jiào táng
聖德懿行,shèng dé yì xìng
聖樂,shèng yuè
聖經賢傳,shèng jīng xián zhuàn
聖赫勒拿島,shèng hè lè ná dǎo
聚米為山,jù mǐ wéi shān
聞望,wèn wàng
聞達,wèn dá
聞風響應,wén fēng xiǎng yìng
聯彈,lián tán
聰了,cōng liǎo
聲叫聲應,shēng jiào shēng yìng
聲喏,shēng rě
聲子,shēng zǐ
聲應氣求,shēng yìng qì qiú
聲樂,shēng yuè
聲求氣應,shēng qiú qì yìng
聲絲氣咽,shēng sī qì yè
聲色場所,shēng sè cháng suǒ
職分,zhí fèn
聽之任之,tìng zhī rèn zhī
聽人穿鼻,tìng rén chuān bí
聽任,tìng rèn
聽便,tìng biàn
聽其自然,tìng qí zì rán
聽其言而觀其行,tīng qí yán ér guān qí xìng
聽命,tìng mìng
聽天任命,tìng tiān rèn mìng
聽天命,tìng tiān mìng
聽天由命,tìng tiān yóu mìng
聽差,tīng chāi
聽憑,tìng píng
聽憑尊便,tìng píng zūn biàn
聽政,tìng zhèng
聽斷,tìng duàn
聽氣兒,tīng qì r
聽獄,tìng yù
聽訟,tìng sòng
聽頭,tīng tou
聽頭兒,tīng tou r
肆意妄為,sì yì wàng wéi
肆應,sì yìng
肉乾,ròu gān
肉傀儡,ròu kuǐ lěi
肉山脯林,ròu shān fǔ lín
肉棗兒,ròu zǎo r
肉燥,ròu sào
肉眼泡兒,ròu yǎn pāo r
肉脯,ròu fǔ
肉質,ròu zhí
肉頭,ròu tou
肋巴扇兒,lèi bā shàn r
肋條,lèi tiáo
肋窩,lèi wō
肐膊,gē bo
肐膊兒往外撇,gē bo r wǎng wài piě
肐膊只折在袖子裡,gē bo zhǐ zhé zài xiù zi lǐ
肐膊折了往袖子裡藏,gē bo zhé le wǎng xiù zi lǐ cáng
肐膊肘子,gē bo zhǒu zi
肐膊腕子,gē bo wàn zi
肖子,xiào zǐ
肖翹,xiào qiáo
肘腋,zhǒu yì
肘腋之患,zhǒu yì zhī huàn
肘腋之憂,zhǒu yì zhī yōu
肚兒,dù r
肚兒裡有勾當,dù r lǐ yǒu gòu dang
肚囊兒,dù náng r
肚子,dǔ zi
肚裡明白,dù lǐ míng bai
肝氣,gān qi
股兒,gǔ r
股子,gǔ zǐ
股癬,gǔ xiǎn
股票市場,gǔ piào shì cháng
肥分,féi fèn
肥碩,féi shí
肥肥胖胖,féi fei pàng pàng
肩挑背負,jiān tiāo bēi fù
肩擔之家,jiān dàn zhī jiā
肩相比,jiān xiāng bì
肩膀兒寬,jiān bǎng r kuān
肯心兒,kěn xīn r
肯綮,kěn qìng
肺肺,pèi pèi
肺膜,fèi mó
胄子,zhòu zǐ
背包,bēi bāo
背子,bēi zi
背帶,bēi dài
背景音樂,bèi jǐng yīn yuè
背榜,bēi bǎng
背空子,bèi kòng zi
背負,bēi fù
背黑鍋,bēi hēi guō
胎藏界,tāi zàng jiè
胖墩兒,pàng dūn r
胖姑娘坐小轎兒,pàng gū niang zuò xiǎo jiào r
胖子也不是一口兒吃的,pàng zi yě bù shì yī kǒu r chī de
胖高麗,pàng gāo li
胗肝兒,zhēn gān r
胞子,bāo zǐ
胞子世代,bāo zǐ shì dài
胞子器,bāo zǐ qì
胞子囊群,bāo zǐ náng qún
胞子蟲,bāo zǐ chóng
胞子體,bāo zǐ tǐ
胞與為懷,bāo yǔ wéi huái
胡三省,hú sān xǐng
胡佛,hú fó
胡作非為,hú zuò fēi wéi
胡做喬為,hú zuò qiáo wéi
胡同,hú tòng
胡嚕,hú lu
胡姑姑,hú gū gu
胡廝哄,hú sī hōng
胡思亂量,hú sī luàn liáng
胡枝子,hú zhī zǐ
胡桃鉗組曲,hú táo qián zǔ qǔ
胡樂,hú yuè
胡為,hú wéi
胡胡盧盧,hú hu lú lú
胡蘿蔔,hú luó bo
胡蘿蔔就燒酒,hú luó bo jiù shāo jiǔ
胡蘿蔔素,hú luó bo sù
胡裡胡塗,hú li hú tú
胡說散道,hú shuō sǎn dào
胡遮剌,hú zhē là
胡鋪搭,hú pū dā
胡頹子,hú tuí zǐ
胡騎,hú jì
胤子,yìn zǐ
胥濤,xū tāo
胯骨軸兒,kuà gǔ zhóu r
胳肢窩,gē zhi wō
胳膊,gē bo
胸脊,xiōng jí
能勾,néng gòu
能樂,néng yuè
能為,néng wéi
能者為師,néng zhě wéi shī
脂麻,zhī ma
脅從,xié zòng
脅肩累足,xié jiān lěi zú
脆快了當,cuì kuài liǎo dang
脆生,cuì sheng
脆薄,cuì bó
脈絡膜,mài luò mó
脈脈,mò mò
脈衝電磁場,mài chōng diàn cí cháng
脊檁,jǐ lǐn
脖兒枴,bó r guǎi
脖胦,bó yāng
脖頸兒,bó gěng r
脖頸子,bó gěng zi
脩脯,xiū fǔ
脫稍兒,tuō shāo r
脫難,tuō nàn
脯資,fǔ zī
脯醢,fǔ hǎi
脾氣,pí qi
脾氣情性,pí qi qíng xìng
腊毒,xí dú
腌䐶,āng zāng
腌臢,āng zāng
腌裡巴臢,āng li bā zāng
腐化分子,fǔ huà fèn zǐ
腐植質,fǔ zhí zhí
腥風血雨,xīng fēng xiè yǔ
腦中風,nǎo zhòng fēng
腦充血,nǎo chōng xuè
腦兒,nǎo r
腦杓子,nǎo sháo zi
腦栓塞,nǎo shuān sè
腦瓜頂兒,nǎo guā dǐng r
腦瓢兒,nǎo piáo r
腦膜,nǎo mó
腦血管栓塞,nǎo xiě guǎn shuān sè
腦袋,nǎo dai
腦袋搬家,nǎo dai bān jiā
腦袋瓜子,nǎo dai guā zi
腦袋疼,nǎo dai téng
腦門兒錢,nǎo mén r qián
腰板兒,yāo bǎn r
腰窩兒,yāo wō r
腰站兒,yāo zhàn r
腰金衣紫,yāo jīn yì zǐ
腰頭硬,yāo tou yìng
腳底下,jiǎo dǐ xia
腳底板兒,jiǎo dǐ bǎn r
腳打著腦杓子,jiǎo dǎ zhe nǎo sháo zi
腳樣兒,jiǎo yàng r
腳癬,jiǎo xiǎn
腳行,jiǎo háng
腸阻塞,cháng zǔ sè
腹便便,fù pián pián
膀胱,páng guāng
膀胱炎,páng guāng yán
膀胱癌,páng guāng yán
膀胱鏡,páng guāng jìng
膃肭,wà nà
膈肢,gé zhi
膈肢窩,gé zhi wō
膈膜,gé mó
膏粱之子,gāo liáng zhī zǐ
膏粱子弟,gāo liáng zǐ dì
膏血,gāo xuè
膚如刻畫,fū rú kē huà
膜拜,mó bài
膜鳴樂器,mò míng yuè qì
膠柱調瑟,jiāo zhù tiáo sè
膠濟鐵路,jiāo jǐ tiě lù
膠著,jiāo zhuó
膠著狀態,jiāo zhuó zhuàng tài
膩抹,nì mo
膩抹兒,nì mǒ r
膩的慌,nì de huang
膩糊,nì hu
膴仕,wǔ shì
膴膴,wǔ wǔ
膻中,dàn zhōng
膽大妄為,dǎn dà wàng wéi
膽怯,dǎn què
臁兒骨,lián r gǔ
臆度,yì duò
臉兒,liǎn r
臉盤兒,liǎn pán r
臉膛兒,liǎn táng r
臉面,liǎn mian
臉面之情,liǎn mian zhī qíng
臊一鼻子灰,sào yī bí zi huī
臊子,sào zi
臊皮,sào pí
臣子,chén zǐ
臥人兒,wò rén r
臥兔兒,wò tù r
臥果兒,wò guǒ r
臧否,zāng pǐ
臧否人物,zāng pǐ rén wù
臨了,lín liǎo
臨危自省,lín wéi zì xǐng
臨崖勒馬,lín yái lè mǎ
臨帖,lín tiè
臨時抱佛腳,lín shí bào fó jiǎo
臨機應變,lín jī yìng biàn
臨機處置,lín jī chǔ zhì
臨死不怯,lín sǐ bù què
臨江折軸,lín jiāng zhé zhú
臨深履薄,lín shēn lǚ bó
臨淵履薄,lín yuān lǚ bó
臨財苟得,lín cái gǒu dé
臨難,lín nàn
臨難不屈,lín nàn bù qū
臨難不恐,lín nàn bù kǒng
臨難不懼,lín nàn bù jù
臨難不懾,lín nàn bù zhé
臨難不避,lín nàn bù bì
臨難無懾,lín nàn wú zhé
臨難苟免,lín nàn gǒu miǎn
臨難鑄兵,lín nàn zhù bīng
臨風搖曳,lín fēng yáo yì
自了,zì liǎo
自以為得計,zì yǐ wéi dé jì
自以為是,zì yǐ wéi shì
自伐,zì fá
自作自受,zì zuō zì shòu
自作自用,zì zuō zì yòng
自個兒,zì gě r
自傳,zì zhuàn
自分,zì fèn
自動資料處理系統,zì dòng zī liào chǔ lǐ xì tǒng
自好,zì hào
自度,zì duò
自度曲,zì dù qǔ
自得,zì dé
自得其樂,zì dé qí lè
自怨自艾,zì yuàn zì yì
自感應,zì gǎn yìng
自我反省,zì wǒ fǎn xǐng
自打嘴巴,zì dǎ zuǐ ba
自找麻煩,zì zhǎo má fan
自敘帖,zì xù tiè
自毀長城,zì huǐ cháng chéng
自治都市,zì zhì dū shì
自然接種,zì rán jiē zhòng
自由市場,zì yóu shì cháng
自由裁量,zì yóu cái liáng
自由電子,zì yóu diàn zǐ
自白,zì bó
自白書,zì bó shū
自省,zì xǐng
自給,zì jǐ
自給自足,zì jǐ zì zú
自繇自在,zì yóu zì zài
自處,zì chǔ
自見,zì xiàn
自見者不明,zì xiàn zhě bù míng
自認倒楣,zì rèn dǎo méi
自轉,zì zhuàn
自選市場,zì xuǎn shì cháng
自鳴得意,zì míng dé yì
臭名昭著,chòu míng zhāo zhù
臭味相投,xiù wèi xiāng tóu
臭嚼,chòu jiáo
臭排場,chòu pái chang
臭短臊長,chòu duǎn sāo cháng
臭覺,xiù jué
臭豆腐,chòu dòu fu
至當,zhì dàng
至行,zhì xìng
臷國,zhì guó
臺灣桃園國際機場,tái wān táo yuán guó jì jī cháng
臺灣銀行,tái wān yín háng
舅太太,jiù tài tai
舅奶奶,jiù nǎi nai
舅老爺,jiù lǎo ye
舅舅,jiù jiu
與世長辭,yǔ shì cháng cí
與世靡爭,yǔ shì mǐ zhēng
與人為善,yǔ rén wéi shàn
與噲為伍,yǔ kuài wéi wǔ
與子同袍,yǔ zǐ tóng páo
與會,yù huì
與民更始,yǔ mín gēng shǐ
與聞,yù wén
與賽,yù sài
興中會,xīng zhōng huì
興亡,xīng wáng
興亡繼絕,xīng wáng jì jué
興作,xīng zuò
興修,xīng xiū
興兵,xīng bīng
興兵動眾,xīng bīng dòng zhòng
興凱湖,xīng kǎi hú
興利,xīng lì
興利剔弊,xīng lì tī bì
興利除害,xīng lì chú hài
興利除弊,xīng lì chú bì
興動,xīng dòng
興化戲,xīng huà xì
興和,xīng hé
興嗟,xīng jiē
興嘆,xīng tàn
興國安邦,xīng guó ān bāng
興奮,xīng fèn
興奮劑,xīng fèn jì
興妖作孽,xīng yāo zuò niè
興妖作怪,xīng yāo zuò guài
興學,xīng xué
興安嶺,xīng ān lǐng
興家立業,xīng jiā lì yè
興工,xīng gōng
興師,xīng shī
興師動眾,xīng shī dòng zhòng
興師問罪,xīng shī wèn zuì
興師見罪,xīng shī jiàn zuì
興席,xīng xí
興廢,xīng fèi
興廢存亡,xīng fèi cún wáng
興廢繼絕,xīng fèi jì jué
興建,xīng jiàn
興微繼絕,xīng wéi jì jué
興心,xīng xīn
興戎,xīng róng
興文匽武,xīng wén yǎn wǔ
興旺,xīng wàng
興替,xīng tì
興業公司,xīng yè gōng sī
興滅繼絕,xīng miè jì jué
興滅舉廢,xīng miè jǔ fèi
興登堡,xīng dēng bǎo
興盛,xīng shèng
興築,xīng zhú
興衰,xīng shuāi
興訟,xīng sòng
興許,xīng xǔ
興詞,xīng cí
興販,xīng fàn
興辦,xīng bàn
興邦,xīng bāng
興邦立國,xīng bāng lì guó
興都庫什山,xīng dū kù shí shān
興都斯坦,xīng dū sī tǎn
興隆,xīng lóng
興雲作雨,xīng yún zuò yǔ
興雲作霧,xīng yún zuò wù
興雲吐霧,xīng yún tǔ wù
興雲布雨,xīng yún bù yǔ
興雲致雨,xīng yún zhì yǔ
興革,xīng gé
興頭,xìng tou
興風,xīng fēng
興風作浪,xīng fēng zuò làng
興騰,xīng téng
舉不勝舉,jǔ bù shēng jǔ
舉世混濁,jǔ shì hǔn zhuó
舉場,jǔ cháng
舉子,jǔ zǐ
舉監,jǔ jiàn
舉酒作樂,jǔ jiǔ zuò yuè
舊地重遊,jiù dì chóng yóu
舊夢重溫,jiù mèng chóng wēn
舊調重彈,jiù diào chóng tán
舊都,jiù dū
舌咽神經,shé yān shén jīng
舌苔,shé tāi
舌頭,shé tou
舍下,shè xià
舍人,shè rén
舍利,shè lì
舍利塔,shè lì tǎ
舍利子,shè lì zǐ
舍利弗,shè lì fú
舍我其誰,shě wǒ qí shuí
舍我復誰,shě wǒ fù shuí
舍監,shè jiān
舍短取長,shě duǎn qǔ cháng
舍短從長,shě duǎn cóng cháng
舍短用長,shě duǎn yòng cháng
舍短錄長,shě duǎn lù cháng
舍親,shè qīn
舍間,shè jiān
舒服,shū fu
舜華,shùn huā
舞勺,wǔ zhuó
舞場,wǔ cháng
舞曲,wǔ qǔ
舞樂,wǔ yuè
舟子,zhōu zǐ
航路標識,háng lù biāo zhì
般桓,pán huán
般樂,pán lè
般涉調,pán shè diào
般礴,pán bó
般舟三昧,pán zhōu sān mèi
般若,bō rě
般若波羅蜜多心經,bō rě bō luó mì duō xīn jīng
般若湯,bō rě tāng
般若經,bō rě jīng
般調,bān tiáo
船帆,chuán fán
艮嶽,gèn yuè
艮苦冰涼,gèn kǔ bīng liáng
良价,liáng jiè
良家子,liáng jiā zǐ
良家子弟,liáng jiā zǐ dì
良將,liáng jiàng
良將賢相,liáng jiàng xián xiàng
良相,liáng xiàng
良莠不一,liáng yǒu bù yī
良莠不分,liáng yǒu bù fēn
良莠不齊,liáng yǒu bù qí
良莠淆雜,liáng yǒu yáo zá
良賈深藏若虛,liáng gǔ shēn cáng ruò xū
良質,liáng zhí
良質米,liáng zhí mǐ
良質美手,liáng zhí měi shǒu
艱子,jiān zǐ
色子,shǎi zi
色差,sè chā
色數兒,shǎi shù r
色相,sè xiàng
色絲子女,sè sī zǐ nǚ
色質細胞,sè zhí xì bāo
色養,sè yàng
艽野,qiú yě
艾如張,yì rú zhāng
艾安,yì ān
艾窩窩,ài wō wo
芊萰,qiān liàn
芋頭,yù tou
芒種,máng zhòng
芝麻,zhī ma
芝麻官,zhī ma guān
芝麻小事,zhī ma xiǎo shì
芝麻油,zhī ma yóu
芝麻秸,zhī ma jiē
芝麻糊,zhī ma hú
芝麻綠豆,zhī ma lǜ dòu
芝麻醬,zhī ma jiàng
芥子,jiè zǐ
芥子園畫傳,jiè zǐ yuán huà zhuàn
芥子毒氣,jiè zǐ dú qì
芥子油,jiè zǐ yóu
芥子納須彌,jiè zǐ nà xū mí
芭苴,bā jǔ
芯子,xìn zi
花下子,huā xià zǐ
花兒洞子,huā r dòng zi
花兒針,huā r zhēn
花剌子模,huā là zǐ mó
花卉冷藏處理,huā huì lěng cáng chǔ lǐ
花哄,huā hong
花哨,huā shao
花崗岩,huā gāng yán
花崗岩類,huā gāng yán lèi
花崗石,huā gāng shí
花巾著目,huā jīn zhuó mù
花心蘿蔔,huā xīn luó bo
花扦兒,huā qiān r
花掉,huā diao
花搭著,huā da zhe
花攢錦簇,huā cuán jǐn cù
花斑癬,huā bān xiǎn
花朝,huā zhāo
花朝日,huā zhāo rì
花朝月夕,huā zhāo yuè xì
花朝月夜,huā zhāo yuè yè
花朝節,huā zhāo jié
花枝兒,huā zhī r
花消,huā xiao
花狸狐哨,huā li hú shào
花相,huā xiàng
花秧兒,huā yāng r
花稍,huā shao
花簇錦攢,huā cù jǐn cuán
花花公子,huā huā gōng zǐ
花花搭搭,huā hua dā dā
花莛兒,huā tíng r
花蔓兒,huā màn r
花藜胡哨,huā li hú shào
花蛤,huā gé
花裡胡哨,huā li hú shào
花都,huā dū
花銷,huā xiao
花頭,huā tou
花鬨,huā hong
花麗狐哨,huā li hú shào
芴漠,hū mò
芾芾,fú fú
苑結,yù jié
苕帚,tiáo zhou
苗兒,miáo r
苗條,miáo tiao
苗頭,miáo tou
苛薄,kē bó
苜蓿長欄干,mù sù cháng lán gān
苟且唐塞,gǒu qiě táng sè
苟得,gǒu dé
苟為,gǒu wéi
若出一轍,ruò chū yī chè
若夫,ruò fú
若數家珍,ruò shǔ jiā zhēn
若有還無,ruò yǒu huán wú
若還,ruò huán
苦參,kǔ shēn
苦差事,kǔ chāi shi
苦楝子,kǔ liàn zǐ
苦活兒,kǔ huó r
苦相,kǔ xiàng
苦繃苦拽,kǔ bēng kǔ zhuài
苦處,kǔ chu
苦買賣,kǔ mǎi mai
苦難,kǔ nàn
苫眼鋪眉,shān yǎn pū méi
英雄交響曲,yīng xióng jiāo xiǎng qǔ
英雄出少年,yīng xióng chū shào nián
茁實,zhuó shi
茂興,mào xīng
茂行,mào xìng
范蠡,fàn lǐ
茄子,qié zi
茄子也讓三分老,qié zi yě ràng sān fēn lǎo
茄科,qié kē
茄袋,qié dài
茅塞,máo sè
茅塞頓開,máo sè dùn kāi
茅廁,máo si
茅廁坑,máo si kēng
茅廁的磚,máo si de zhuān
茅廁磚頭,máo si zhuān tou
茅廁裡的石頭,máo si lǐ de shí tou
茅舍,máo shè
茇茇,bèi bèi
茈胡,chái hú
茉莉,mò li
茵藉,yīn jiè
茶上,chá shang
茶匙,chá chí
茶攤兒,chá tān r
茶水錢,chá shui qián
茶行,chá háng
茶錢,chá qian
茶食,chá shi
荀勖,xún xù
荀子,xún zǐ
荃葛,quán gě
草刺兒,cǎo cì r
草場,cǎo cháng
草字頭兒,cǎo zì tóu r
草帚兒,cǎo zhǒu r
草底兒,cǎo dǐ r
草標兒,cǎo biāo r
草率,cǎo shuài
草率將事,cǎo shuài jiāng shì
草率收兵,cǎo shuài shōu bīng
草紇繨,cǎo gē da
草舍,cǎo shè
草草了事,cǎo cǎo liǎo shì
草質莖,cǎo zhí jīng
草靡風行,cǎo mǐ fēng xíng
草頭天子,cǎo tóu tiān zǐ
草頭方兒,cǎo tóu fāng r
荒功好頑,huāng gōng hào wán
荔子,lì zǐ
荷包,hé bao
荷懼,hè jù
荷擔,hè dān
荷槍實彈,hè qiāng shí dàn
荷花大少,hé huā dà shào
荷蓑,hè suō
荷重,hè zhòng
荷鋤,hè chú
荸薺,bí qí
荼壘,shū lǜ
莊子,zhuāng zǐ
莊子鼓盆,zhuāng zǐ gǔ pén
莊家,zhuāng jia
莊稼,zhuāng jia
莊稼人,zhuāng jia rén
莊稼地,zhuāng jia dì
莊稼活兒,zhuāng jia huó r
莊稼漢,zhuāng jia hàn
莎草,suō cǎo
莘莘學子,shēn shēn xué zǐ
莞爾,wǎn ěr
莨綢,liáng chóu
莫府,mù fǔ
莫得,mò dé
莫敢誰何,mò gǎn shuí hé
莫春,mù chūn
莫景,mù jǐng
莫此為甚,mò cǐ wéi shèn
莫知所為,mò zhī suǒ wéi
莫邪,mò yé
菀枯,yù kū
菀柳,yù liǔ
菁英分子,jīng yīng fèn zǐ
菉豆,lǜ dòu
菉豆眼,lǜ dòu yǎn
菌褶,jùn zhé
菑畬,zī yú
菜場,cài cháng
菜子,cài zǐ
菜市口,cài shi kǒu
菜市場,cài shì cháng
菟絲,tù sī
菟絲子,tù sī zǐ
菟葵,tù kuí
菟裘,tù qiú
菩提子,pú tí zǐ
菩提迦耶,pú tí jiā yē
華亭鶴唳,huà tíng hè lì
華佗,huà tuó
華佗再世,huà tuó zài shì
華元,huà yuán
華勒沙,huá lè shā
華嚴一乘教義分齊章,huá yán yī shèng jiào yì fēn qí zhāng
華嚴金獅子章,huá yán jīn shī zǐ zhāng
華封三祝,huà fēng sān zhù
華山,huà shān
華山碑,huà shān bēi
華岳,huà yuè
華嵒,huà yán
華嶽,huà yuè
華歆,huà xīn
華爾滋舞曲,huá ěr zī wǔ qǔ
華祝三多,huà zhù sān duō
華膴,huá wǔ
華興會,huá xīng huì
華萼,huā è
華蘅芳,huà héng fāng
華鄂,huā è
華陰縣,huà yīn xiàn
華靡,huá mǐ
菱角,líng jiao
菱角磨作雞頭,líng jiao mó zuò jī tóu
菲人事,fěi rén shì
菲儀,fěi yí
菲才寡學,fěi cái guǎ xué
菲敬,fěi jìng
菲材,fěi cái
菲禮,fěi lǐ
菲薄,fěi bó
菲藝,fěi yì
菲衣惡食,fěi yī è shí
菲酌,fěi zhuó
菲食卑宮,fěi shí bēi gōng
菲食薄衣,fěi shí bó yī
菴舍,ān shè
菴菴,àn àn
菴藹,àn ǎi
菸嘴兒,yān zuǐ r
菽水之養,shú shuǐ zhī yàng
萊子侯刻石,lái zǐ hóu kè shí
萌兒,méng r
萍蹤靡定,píng zōng mǐ dìng
萎蕤,wěi ruí
萎靡,wēi mǐ
萎靡不振,wēi mǐ bù zhèn
萐莆,shà fǔ
萬不得已,wàn bù dé yǐ
萬乘,wàn shèng
萬乘之國,wàn shèng zhī guó
萬乘之尊,wàn shèng zhī zūn
萬兒,wàn r
萬兒八千,wàn r bā qiān
萬別千差,wàn bié qiān chā
萬卷,wàn juàn
萬古長春,wàn gǔ cháng chūn
萬古長青,wàn gǔ cháng qīng
萬家生佛,wàn jiā shēng fó
萬幾,wàn jī
萬把,wàn ba
萬石,wàn dàn
萬箭攢心,wàn jiàn cuán xīn
萬象更新,wàn xiàng gēng xīn
萬載千秋,wàn zǎi qiān qiū
萬里長城,wàn lǐ cháng chéng
萬重,wàn chóng
萬頭攢動,wàn tóu cuán dòng
萯陽,bèi yáng
萴子,zé zǐ
萹蓄,piān xù
落下,luò xia
落不是,lào bù shi
落不的,lào bù de
落了,là le
落作,lào zuō
落便宜,luò pián yí
落個直過兒,luò ge zhí guò r
落兒,lào r
落卷,luò juàn
落地罩,lào di zhào
落坎兒,luò kǎn r
落場,là cháng
落子,lào zi
落子館,lào zi guǎn
落差,luò chā
落帳,lào zhàng
落度,luò duò
落得,luò dé
落得河水不洗船,luò dé hé shuǐ bù xǐ chuán
落忍,lào rěn
落枕,lào zhěn
落架,lào jià
落槽,lào cáo
落炕,lào kàng
落白事,lào bái shì
落神,là shén
落禮兒,là lǐ r
落翅仔,luò chì zǐ
落草為寇,luò cǎo wéi kòu
落草為盜,luò cǎo wéi dào
落薄,luò bó
落褒貶,lào bāo bian
落話,là huà
落難,luò nàn
落魄,luò tuò
落魄不羈,luò tuò bù jī
葄枕,zuò zhèn
葉公好龍,shè gōng hào lóng
葉子格,yè zǐ gé
葉尼塞河,yè ní sè hé
葉綠體基質,yè lǜ tǐ jī zhí
葉縣,shè xiàn
葉面對稱,yè miàn duì chèng
葑菲,fēng fěi
葑菲之采,fēng fěi zhī cǎi
著三不著兩,zháo sān bù zháo liǎng
著人,zhuó rén
著作,zhù zuò
著作權,zhù zuò quán
著作權委員會,zhù zuò quán wěi yuán huì
著作權法,zhù zuò quán fǎ
著作物,zhù zuò wù
著作等身,zhù zuò děng shēn
著作自由,zhù zuò zì yóu
著作郎,zhù zuò láng
著作鄰接權,zhù zuò lín jiē quán
著先鞭,zhuó xiān biān
著力,zhuó lì
著即,zhuó jí
著名,zhù míng
著地,zhuó dì
著墨,zhuó mò
著實,zhuó shí
著己,zhuó jǐ
著床,zhuó chuáng
著志,zhuó zhì
著忙,zháo máng
著急,zhāo jí
著惱,zhuó nǎo
著想,zháo xiǎng
著意,zhuó yì
著慌,zhāo huāng
著手,zhuó shǒu
著手回春,zhuó shǒu huí chūn
著手成春,zhuó shǒu chéng chūn
著手腳,zháo shǒu jiǎo
著摸,zhuó mō
著數,zhāo shù
著書,zhù shū
著書立說,zhù shū lì shuō
著棋,zhuó qí
著水,zhuó shuǐ
著涼,zhāo liáng
著火,zháo huǒ
著火點,zháo huǒ diǎn
著然,zhuó rán
著甚,zhuó shén
著甚來由,zhuó shén lái yóu
著生植物,zhuó shēng zhí wù
著用,zháo yòng
著疼熱,zhuó téng rè
著眼,zhuó yǎn
著眼點,zhuó yǎn diǎn
著稱,zhù chēng
著筆,zhuó bǐ
著糞佛頭,zhuó fèn fó tóu
著緊,zhuó jǐn
著績,zhù jī
著者,zhù zhě
著肉,zháo ròu
著腳,zhuó jiǎo
著腳書樓,zhuó jiǎo shū lóu
著色,zhuó sè
著花,zhuó huā
著莫,zhuó mò
著落,zhuó luo
著著失敗,zhuó zhuó shī bài
著著進逼,zhuó zhuó jìn bī
著處,zhuó chù
著衣,zhuó yī
著衣鏡,zhuó yī jìng
著論,zhù lùn
著跡,zháo jī
著身,zhuó shēn
著述,zhù shù
著述等身,zhù shù děng shēn
著迷,zháo mí
著道,zháo dào
著重,zhuó zhòng
著重兒,zhuó zhòng r
著錄,zhù lù
著陸,zhuó lù
著雨,zhuó yǔ
著題,zhuó tí
著風,zhāo fēng
著魔,zháo mó
葛仙米,gě xiān mǐ
葛仙翁,gě xiān wēng
葛天八闋,gě tiān bā què
葛天氏,gě tiān shì
葛洪,gě hóng
葛玄,gě xuán
葡萄乾,pú táo gān
葧薺,bó qí
葫蘆,hú lu
葫蘆兒,hú lu r
葫蘆裡賣的甚麼藥,hú lu lǐ mài de shén men yào
葵花子,kuí huā zǐ
葶藶,tíng lì
葷允,xūn yǔn
葷笑話,hūn xiào hua
蒙古兒,méng gǔ r
蒙古大夫,méng gǔ dài fū
蒙難,méng nàn
蒜瓣兒,suàn bàn r
蒜瓣骨朵,suàn bàn gū duo
蒲包兒,pú bāo r
蒲墩兒,pú dūn r
蒲甸兒,pú diàn r
蒸漚歷瀾,zhēng òu lì lán
蒸熟的鴨子,zhēng shóu de yā zi
蒸餾,zhēng liù
蒸餾器,zhēng liù qì
蒸餾水,zhēng liù shuǐ
蒸餾法,zhēng liù fǎ
蒸餾瓶,zhēng liù píng
蒸餾酒,zhēng liù jiǔ
蒼勁,cāng jìng
蒼蠅,cāng ying
蒼蠅不抱沒縫的雞蛋,cāng ying bù bào méi fèng de jī dàn
蒼蠅拍子,cāng ying pāi zi
蒼蠅掐了頭,cāng ying qiā le tóu
蒼蠅紙,cāng ying zhǐ
蒼蠅見血,cāng ying jiàn xiě
蒼鶻,cāng hú
蓁椒,qín jiāo
蓊茸,wěng rǒng
蓋火,gài huo
蓋盅兒,gài zhōng r
蓋闕,gài quē
蓋頭,gài tou
蓬蓬孛孛,péng péng bó bó
蓬顆,péng kě
蓮子,lián zǐ
蓮子花,lián zǐ huā
蓮花落,lián huā lào
蓮華衣,lián huā yī
蓮蓬頭,lián peng tóu
蓼莪,lù é
蓼菜成行,liǎo cài chéng háng
蓼蓼,lù lù
蓽露藍蔞,bì lù lán lǚ
蔓菁,mán jing
蔚為大觀,wèi wéi dà guān
蔚為奇觀,wèi wéi qí guān
蔚蔚,yù yù
蔡澤看相,cài zé kàn xiàng
蔣百里,jiǎng bó lǐ
蔣舍三徑,jiǎng shè sān jìng
蔥白兒,cōng bái r
蔦蘿施喬松,niǎo luó yì qiáo sōng
蔫甘,niān gan
蔭子封妻,yìn zǐ fēng qī
蔽塞,bì sè
蔽席,fú xí
蔽聰塞明,bì cōng sè míng
蕁麻,xún má
蕁麻疹,xún má zhěn
蕃侯,fán hóu
蕃孌,fán lüǎn
蕃庶,fán shù
蕃廡,fán wǔ
蕃息,fán xí
蕃昌,fán chāng
蕃殖,fán zhí
蕃滋,fán zī
蕃籬之鷃,fán lí zhī yàn
蕃育,fán yù
蕃蕪,fán wú
蕃衍,fán yǎn
蕃衍不絕,fán yǎn bù jué
蕉萃,qiáo cuì
蕙心紈質,huì xīn wán zhí
蕙心蘭質,huì xīn lán zhí
蕙質,huì zhí
蕙質蘭心,huì zhí lán xīn
蕩子,dàng zǐ
蕩蕩悠悠,dàng dang yōu yōu
蕪累,wú lěi
蕭散,xiāo sǎn
薄伎,bó jì
薄伽丘,bó qié qiū
薄伽尼,bó qié ní
薄伽梵,bó qié fàn
薄俗,bó sú
薄倖,bó xìng
薄倖人,bó xìng rén
薄儀,bó yí
薄具,bó jù
薄分,bó fèn
薄利,bó lì
薄利多銷,bó lì duō xiāo
薄劣,bó liè
薄厚,bó hòu
薄命,bó mìng
薄命女,bó mìng nǚ
薄壁組織,bó bì zǔ zhī
薄夫,bó fū
薄媚,bó mèi
薄宦,bó huàn
薄幹,bó gàn
薄弱,bó ruò
薄待,bó dài
薄怯,bó què
薄怯怯,bó què què
薄情,bó qíng
薄情無義,bó qíng wú yì
薄情郎,bó qíng láng
薄惡,bó è
薄意,bó yì
薄懲,bó chéng
薄批細切,bó pī xì qiē
薄技,bó jì
薄明,bó míng
薄晚,bó wǎn
薄暮,bó mù
薄曉,bó xiǎo
薄曲,bó qū
薄殼,bó ké
薄母,bó mǔ
薄海,bó hǎi
薄海同仇,bó hǎi tóng chóu
薄海歡騰,bó hǎi huān téng
薄溼溼,bó shī shī
薄片,bó piàn
薄片子,bó piàn zi
薄片子嘴,bó piàn zi zuǐ
薄物細故,bó wù xì gù
薄生生,bó shēng shēng
薄產,bó chǎn
薄田,bó tián
薄田朽屋,bó tián xiǔ wū
薄相,bó xiàng
薄眉,bó méi
薄祚寒門,bó zuò hán mén
薄祜,bó hù
薄祿相,bó lù xiàng
薄福,bó fú
薄禮,bó lǐ
薄籃,bó lán
薄紗,bó shā
薄紹之,bó shào zhī
薄翅黃蝶,bó chì huáng dié
薄耆,bó qí
薄脆,bó cuì
薄脣輕言,bó chún qīng yán
薄膜,bó mò
薄臉,bó liǎn
薄荷,bò he
薄荷油,bò he yóu
薄荷精,bò he jīng
薄荷腦,bò he nǎo
薄落,bó luò
薄薄,bó bó
薄薄怯怯,bó bó què què
薄藍,bó lán
薄行,bó xìng
薄裝,bó zhuāng
薄親,bó qīn
薄識,bó shì
薄貼,bó tiē
薄賤,bó jiàn
薄遽,bó jù
薄酌,bó zhuó
薄酬,bó chóu
薄醉,bó zuì
薄陋,bó lòu
薄雲,bó yún
薄面,bó miàn
薄面含嗔,bó miàn hán chēn
薄頭,bó tóu
薄餅,bó bǐng
薄鬢,bó bìn
薦頭,jiàn tou
薦頭店,jiàn tou diàn
薩都剌,sà dū là
薪給,xīn jǐ
薯莨,shǔ liáng
薰豁,xūn huò
薺薴,jì níng
藉助,jiè zhù
藉卉,jiè huì
藉口,jiè kǒu
藉手,jiè shǒu
藉故,jiè gù
藉槁,jiè gǎo
藉機,jiè jī
藉甚,jiè shèn
藉端,jiè duān
藉箸代籌,jiè zhù dài chóu
藉草枕塊,jiè cǎo zhěn kuài
藉詞,jiè cí
藋粱,dí liáng
藍田種玉,lán tián zhòng yù
藏北高原,zàng běi gāo yuán
藏南縱谷,zàng nán zōng gǔ
藏悶兒,cáng mēn r
藏文,zàng wén
藏曆,zàng lì
藏矇歌兒,cáng méng gē r
藏紅花,zàng hóng huā
藏經,zàng jīng
藏藍,zàng lán
藏語,zàng yǔ
藏貓兒,cáng māo r
藏針縫,cáng zhēn féng
藏青,zàng qīng
藏香,zàng xiāng
藐姑射,miǎo gū yè
藕棒兒,ǒu bàng r
藕絲兒,ǒu sī r
藕零兒,ǒu líng r
藝壓當行,yì yā dāng háng
藝術歌曲,yì shù gē qǔ
藥師佛,yào shī fó
藥物中毒,yào wù zhòng dú
藥發傀儡,yào fā kuǐ lěi
藥行,yào háng
藥麵兒,yào miàn r
藷蔗,zhū zhè
蘆洲蟹舍,lú zhōu xiè shè
蘇州彈詞,sū zhōu tán cí
蘇州評彈,sū zhōu píng tán
蘇打餅乾,sū dǎ bǐng gān
蘇轍,sū chè
蘇門長嘯,sū mén cháng xiào
蘊藉,yùn jiè
蘊藉含蓄,yùn jiè hán xù
蘋婆,pín pó
蘋果子姜尼,píng guǒ zǐ jiāng ní
蘋葉,pín yè
蘋風,pín fēng
蘑菇,mó gu
蘭亭帖,lán tíng tiè
蘭臭,lán xiù
蘭臺公子,lán tái gōng zǐ
蘭花末兒,lán huā mò r
蘭花煙,lán hua yān
蘭芷漸滫,lán zhǐ jiān xiǔ
蘭若,lán rě
蘭葉撇,lán yè piě
蘭蕙質,lán huì zhí
蘿蔔,luó bo
蘿蔔乾,luó bo gān
蘿蔔精,luó bo jīng
蘿蔔糕,luó bo gāo
蘿蔔頭,luó bo tóu
虎不拉,hǔ bu lā
虎兒,hǔ r
虎剌孩,hǔ là hái
虎圈,hǔ juàn
虎子,hǔ zǐ
虎將,hǔ jiàng
虎毒不食子,hǔ dú bù shí zǐ
虎父無犬子,hǔ fù wú quǎn zǐ
虎皮羊質,hǔ pí yáng zhí
虎而冠,hǔ ér guàn
虎賁,hǔ bēn
虎賁中郎將,hǔ bēn zhōng láng jiàng
虓闞,xiāo hǎn
處世,chǔ shì
處世待人,chǔ shì dài rén
處之泰然,chǔ zhī tài rán
處事,chǔ shì
處分,chǔ fèn
處刑,chǔ xíng
處境,chǔ jìng
處境尷尬,chǔ jìng gān gà
處士,chǔ shì
處女,chǔ nǚ
處女作,chǔ nǚ zuò
處女地,chǔ nǚ dì
處女膜,chǔ nǚ mò
處女航,chǔ nǚ háng
處女表演,chǔ nǚ biǎo yǎn
處子,chǔ zǐ
處安思危,chǔ ān sī wéi
處宗談雞,chǔ zōng tán jī
處室,chǔ shì
處心積慮,chǔ xīn jī lǜ
處斬,chǔ zhǎn
處斷,chǔ duàn
處方,chǔ fāng
處方箋,chǔ fāng jiān
處暑,chǔ shǔ
處死,chǔ sǐ
處決,chǔ jué
處治,chǔ zhì
處理,chǔ lǐ
處理品,chǔ lǐ pǐn
處窩子,chǔ wo zi
處約,chǔ yuē
處置,chǔ zhì
處罰,chǔ fá
處變不驚,chǔ biàn bù jīng
處身,chǔ shēn
處館,chǔ guǎn
虛喝,xū hè
虛怯,xū què
虛應故事,xū yìng gù shì
虛給,xū jǐ
虛聲恫嚇,xū shēng dòng hè
虛與委蛇,xū yǔ wēi yí
虛薄,xū bó
虛驚一場,xū jīng yī cháng
虞犯少年,yú fàn shào nián
號咷痛哭,háo táo tòng kū
號哭,háo kū
號啕,háo táo
號啕大哭,háo táo dà kū
號啕痛哭,háo táo tòng kū
號喪,háo sāng
號坎兒,hào kǎn r
號天叩地,háo tiān kòu dì
號天哭地,háo tiān kū dì
號天大哭,háo tiān dà kū
號天扣地,háo tiān kòu dì
號天拍地,háo tiān pāi dì
號天號地,háo tiān háo dì
號寒啼飢,háo hán tí jī
號帖,hào tiě
號泣,háo qì
號舍,hào shè
虧不盡,kuī bu jìn
虧心短行,kuī xīn duǎn xìng
虧空,kuī kòng
虧累,kuī lěi
虯髯客傳,qiú rán kè zhuàn
虹蜺,hóng ní
虺虺,huǐ huǐ
虺蛇入夢,huǐ shé rù mèng
虺蜮,huǐ yù
虺蜴,huǐ yì
虼蚤,gè zao
虼蚪兒,gè dǒu r
蚌埠市,bàng fù shì
蚵仔煎,é zǐ jiān
蚵仔麵線,é zǐ miàn xiàn
蚺䗊,tiàn tàn
蚺蛇,rán shé
蛇心佛口,shé xīn fó kǒu
蛇蛇,yí yí
蛋白質,dàn bái zhí
蛐蛐兒,qū qu r
蛐蛐兒罩子,qū qu r zhào zi
蛐蛐罐兒,qū qu guàn r
蛛蛛,zhū zhu
蛟龍得水,jiāo lóng dé shuǐ
蛟龍得雲雨,jiāo lóng dé yún yǔ
蛤柱,gé zhù
蛤灰,gé huī
蛤粉,gé fěn
蛤蚌,gé bàng
蛤蚧,gé jiè
蛤蜊,gé lí
蛤蟆,há ma
蛤蟆吵坑,há ma chǎo kēng
蛤蟆蹲,há ma dūn
蛤蠣,gé lì
蛻變,shuì biàn
蛾綠,é lù
蜀素帖,shǔ sù tiè
蜂窩兒,fēng wō r
蜃蛤,shèn gé
蜃車,shèn jū
蜚條,fěi tiáo
蜚短流長,fēi duǎn liú cháng
蜚色,fěi sè
蜚蠊,fěi lián
蜜供,mì gòng
蜜罐兒,mì guàn r
蜜裡調油,mì li tiáo yóu
蜡月,zhà yuè
蜡祭,zhà jì
蜷蜿,quán wān
蝍蛆,jí jū
蝍蛆鉗帶,jí jū qián dài
蝎蝎螫螫,hé hé zhē zhē
蝕刻,shí kē
蝕相,shí xiàng
蝤蛑,jiū móu
蝥賊,máo zé
蝦兵蟹將,xiā bīng xiè jiàng
蝦米,xiā mi
蝦芭,xiā ba
蝦蟆,há ma
蝦蟆促織兒,há ma cù zhī r
蝦蟆子,há ma zi
蝦蟆跳在戥盤子裡,há ma tiào zài děng pán zi lǐ
蝦蟆陵,há ma líng
蝨處褌中,shī chǔ kūn zhōng
蝳蝐,dài mèi
蝸舍,guā shè
螇蚸,xī lì
螇螰,xī lù
融泄,róng yì
融為一體,róng wéi yī tǐ
螞蚱,mà zha
螞螂,mā lang
螞蟻啃骨頭,mǎ yǐ kěn gǔ tou
螟蛉子,míng líng zǐ
螣蛇,téng shé
螣蛇無足而飛,téng shé wú zú ér fēi
螫傷,zhē shāng
螫蠅,zhē yíng
螲蟷,dié dàng
螳臂當車,táng bì dǎng chē
螵蛸,piāo xiāo
螺子黛,luó zǐ dài
螺紋鑽,luó wén zuàn
螺螄,luó si
螺螄轉兒,luó si zhuàn r
螻蟻得志,lóu yǐ dé zhì
螾廬曲談,yǐn lú qǔ tán
蟄伏,zhí fú
蟄居,zhí jū
蟄獸,zhí shòu
蟄蟄,zhí zhí
蟄蟲,zhí chóng
蟄陷,zhí xiàn
蟄雷,zhí léi
蟈蟈兒,guō guo r
蟊賊,máo zé
蟛螖,péng huá
蟠虺紋,pán huǐ wén
蟭蟟蟲,jiāo liáo chóng
蟲兒,chóng r
蟲字旁兒,chóng zì páng r
蟶乾,chēng gān
蟺蜎,chán juān
蠍蠍螫螫,xiē xiē zhē zhē
蠟查,là zhā
蠟燭相,là zhú xiàng
蠟芯兒,là xìn r
蠟頭兒,là tóu r
蠠沒,mì mò
蠡縣,lǐ xiàn
蠢東西,chǔn dōng xi
蠣鷸,lì yù
蠶兒似的,cán r sì de
蠹居棋處,dù jū qí chǔ
蠻橫,mán hèng
蠻聲哈剌,mán shēng hā là
血光之災,xuè guāng zhī zāi
血化為碧,xuè huà wéi bì
血參,xiě shēn
血口噴人,xuè kǒu pēn rén
血嗣,xuè sì
血忱,xuè chén
血本,xuè běn
血本無歸,xuè běn wú guī
血氣,xuè qì
血氣之勇,xuè qì zhī yǒng
血氣方剛,xuè qì fāng gāng
血氣方壯,xuè qì fāng zhuàng
血氣方盛,xuè qì fāng shèng
血泊,xuè bó
血流如注,xuè liú rú zhù
血流成河,xuè liú chéng hé
血流成渠,xuè liú chéng qú
血流漂杵,xuè liú piāo chǔ
血滴子,xiě dī zǐ
血脈賁張,xiě mài bēn zhāng
血衚衕,xiě hú tong
血誠,xuè chéng
血食,xuè shí
血餘,xuè yú
行不得,xíng bu de
行不得也哥哥,xíng bù dé yě gē gē
行伍,háng wǔ
行伍出身,háng wǔ chū shēn
行佣,háng yòng
行個方便,xíng ge fāng biàn
行分,háng fēn
行刑場,xíng xíng cháng
行列,háng liè
行列式,háng liè shì
行列輸入法,háng liè shū rù fǎ
行化,xíng hua
行卷,xíng juàn
行口,háng kǒu
行口商,háng kǒu shāng
行員,háng yuán
行子,háng zi
行家,háng jia
行家瞧門道,háng jia qiáo mén dào
行家莫說力把話,háng jia mò shuō lì ba huà
行家話,háng jia huà
行市,háng shì
行幫,háng bāng
行庫,háng kù
行情,háng qíng
行戲,háng xì
行政協調,xíng zhèng xié tiáo
行政處分,xíng zhèng chǔ fèn
行會,háng huì
行東,háng dōng
行棧,háng zhàn
行業,háng yè
行業語,háng yè yǔ
行檔,háng dang
行款,háng kuǎn
行為,xíng wéi
行為主義,xíng wéi zhǔ yì
行為模式,xíng wéi mó shì
行為派,xíng wéi pài
行為科學,xíng wéi kē xué
行為能力,xíng wéi néng lì
行為藝術,xíng wéi yì shù
行為藝術者,xíng wéi yì shù zhě
行當,háng dang
行短,xìng duǎn
行短才喬,xìng duǎn cái qiáo
行短才高,xìng duǎn cái gāo
行老,háng lǎo
行能,xìng néng
行號,háng hào
行號巷哭,háng háo xiàng kū
行行出狀元,háng háng chū zhuàng yuán
行行蛇蚓,háng háng shé yǐn
行規,háng guī
行話,háng huà
行誼,xìng yì
行貨,háng huò
行賈,xíng gǔ
行距,háng jù
行輩,háng bèi
行都,xíng dū
行鋪,háng pù
行間,háng jiān
行院,háng yuàn
行陣,háng zhèn
行雨朝雲,xíng yǔ zhāo yún
行頭,xíng tou
行鬼路兒,xíng guǐ lù r
行鬼頭兒,xíng guǐ tóu r
衒玉賈石,xuàn yù gǔ shí
街上,jiē shang
街坊,jiē fang
街坊鄰舍,jiē fāng lín shè
街號巷哭,jiē háo xiàng kū
街里街坊,jiē li jiē fāng
街面兒,jiē miàn r
衚衕,hú tong
衛從,wèi zòng
衛星都市,wèi xīng dū shì
衝勁,chōng jìng
衝盹兒,chòng dǔn r
衡石量書,héng shí liáng shū
衡量,héng liáng
衣不曳地,yī bù yì dì
衣冠子女,yī guān zǐ nǚ
衣冠濟楚,yī guān jǐ chǔ
衣冠濟濟,yī guān jǐ jǐ
衣冠禮樂,yī guān lǐ yuè
衣帛食肉,yì bó shí ròu
衣服,yī fu
衣紫腰金,yì zǐ yāo jīn
衣紫腰銀,yì zǐ yāo yín
衣紫腰黃,yì zǐ yāo huáng
衣繡夜行,yì xiù yè xíng
衣繡晝行,yì xiù zhòu xíng
衣著,yī zhuó
衣補兒,yī bǔ r
衣裳,yī shang
衣褐懷寶,yì hé huái bǎo
衣車,yī jū
衣錦之榮,yì jǐn zhī róng
衣錦夜游,yì jǐn yè yóu
衣錦夜行,yì jǐn yè xíng
衣錦尚絅,yì jǐn shàng jiǒng
衣錦故鄉,yì jǐn gù xiāng
衣錦晝游,yì jǐn zhòu yóu
衣錦榮歸,yì jǐn róng guī
衣錦過鄉,yì jǐn guò xiāng
衣錦還鄉,yì jǐn huán xiāng
衣錦食肉,yì jǐn shí ròu
表率,biǎo shuài
表相,biǎo xiàng
表裡相應,biǎo lǐ xiāng yìng
表識,biǎo zhì
表面上,biǎo miàn shang
表面工夫,biǎo miàn gōng fu
衩衣,chà yī
衫兒,shān r
衿曲,jīn qǔ
袍笏登場,páo hù dēng cháng
袒免,tǎn wèn
袒裼,tǎn xí
袒裼裸裎,tǎn xí luǒ chéng
袖搭兒,xiù dā r
袜肚,mò dù
被堅執銳,pī jiān zhí ruì
被子植物,bèi zǐ zhí wù
被山帶河,pī shān dài hé
被甲,pī jiǎ
被甲兵,pī jiǎ bīng
被禍,pī huò
被窩裡放屁,bèi wō li fàng pì
被筩,bèi tǒng
被罪,pī zuì
被臥,bèi wo
被褐,pī hé
被褐懷寶,pī hé huái bǎo
被褐懷玉,pī hé huái yù
被褐懷珠,pī hé huái zhū
被褐懷金,pī hé huái jīn
被褐藏輝,pī hé cáng huī
被髮,pī fǎ
被髮佯狂,pī fǎ yáng kuáng
被髮入山,pī fǎ rù shān
被髮左衽,pī fǎ zuǒ rèn
被髮纓冠,pī fǎ yīng guān
被髮陽狂,pī fǎ yáng kuáng
裁度,cái duò
裁縫,cái féng
裁縫店,cái feng diàn
裁縫鋪,cái feng pù
裁處,cái chǔ
裁量,cái liáng
裂開,liè kai
裊娜,niǎo nuó
裘葛之遺,qiú gé zhī wèi
裙屐少年,qún jī shào nián
補丁,bǔ ding
補假,bǔ jià
補垣塞穴,bǔ yuán sè xuè
補精神,bǔ jīng shen
補給,bǔ jǐ
補給品,bǔ jǐ pǐn
補給線,bǔ jǐ xiàn
補給證,bǔ jǐ zhèng
補苴調胹,bǔ jū tiáo ér
補還,bǔ huán
補釘,bǔ ding
補闕,bǔ quē
補靪,bǔ ding
裝糊塗,zhuāng hú tu
裝裹,zhuāng guo
裡應外合,lǐ yìng wài hé
裡懷裡,lǐ huái li
裡脊肉,lǐ ji ròu
裡頭,lǐ tou
裨將,pí jiàng
裨海,pí hǎi
裨補闕漏,bì bǔ quē lòu
裨販,pí fàn
裱褙師傅,biǎo bèi shī fu
裴少俊,péi shào jùn
裸子植物,luǒ zǐ zhí wù
裹創,guǒ chuāng
裹抹,guǒ mo
裹腳,guǒ jiao
複合蛋白質,fù hé dàn bái zhí
複種,fù zhòng
褊褼,pián xiān
褎如充耳,yòu rú chōng ěr
褎然,yòu rán
褎然舉首,yòu rán jǔ shǒu
褒彈,bāo tán
褓抱提攜,bǎo bào tí xī
褚少孫,chǔ shào sūn
褪套兒,tùn tào r
褲叉兒,kù chǎ r
褶子,xué zi
褶曲,zhé qū
褶曲山脈,zhé qū shān mài
褶皺,zhé zhòu
褶皺帶,zhé zhòu dài
褶裙,zhé qún
褻玩,xiè wàn
襛華,nóng huā
襞褶,bì zhé
襯兒,chèn r
襯鋪兒,chèn pū r
襲逮,xí dài
西塞羅,xī sài luó
西子,xī zǐ
西子捧心,xī zǐ pěng xīn
西子顰,xī zǐ pín
西山日薄,xī shān rì bó
西打,xī dá
西拉雅文化相,xī lā yǎ wén huà xiàng
西曲,xī qǔ
西柏林,xī bó lín
西樂,xī yuè
西歪東倒,xī wāi dōng dǎo
西泠十子,xī líng shí zǐ
西洋參,xī yáng shēn
西海岸爵士樂,xī hǎi àn jué shì yuè
西燕,xī yān
西班牙音樂,xī bān yá yīn yuè
西瓜子兒,xī guā zǐ r
西藏佛教,xī zàng fó jiào
西西佛斯,xī xī fó sī
西谷椰子,xī gǔ yé zǐ
西都,xī dū
西都賦,xī dū fù
西門子,xī mén zǐ
西門子電機廠,xī mén zǐ diàn jī chǎng
西門町,xī mén dīng
要不得,yào bù dé
要不的,yào bu de
要價還價,yào jià huán jià
要功,yāo gōng
要劫,yāo jié
要勒,yāo lè
要塞,yào sài
要妙,yāo miào
要寵召禍,yāo chǒng zhào huò
要市,yāo shì
要挾,yāo xié
要擊,yāo jí
要時,yāo shí
要服,yāo fú
要束,yāo shù
要求,yāo qiú
要盟,yāo méng
要眇,yāo miǎo
要約,yāo yuē
要約人,yāo yuē rén
要結,yāo jié
要絰,yāo dié
要脅,yāo xié
要荒,yāo huāng
要褭,yāo niǎo
要誓,yāo shì
要買,yāo mǎi
要離,yāo lí
覆幬,fù dào
覆校,fù jiào
覆沒,fù mò
覆車之轍,fù chē zhī chè
覆軍殺將,fù jūn shā jiàng
覆轍,fù chè
覆轍重蹈,fù chè chóng dào
見不得,jiàn bù dé
見不得人,jiàn bù dé rén
見世報,xiàn shì bào
見仁見知,jiàn rén jiàn zhì
見個情,jiàn ge qíng
見在,xiàn zài
見在佛,xiàn zài fó
見幾,jiàn jī
見幾而作,jiàn jī ér zuò
見得,jiàn dé
見微知著,jiàn wéi zhī zhù
見性成佛,jiàn xìng chéng fó
見意,xiàn yì
見成,xiàn chéng
見糧,xiàn liáng
見義勇為,jiàn yì yǒng wéi
見錢,xiàn qián
見風使帆,jiàn fēng shǐ fán
規重矩疊,guī chóng jǔ dié
覓貼兒,mì tiē r
視人如子,shì rén rú zǐ
視差,shì chā
視微知著,shì wéi zhī zhù
視民如子,shì mín rú zǐ
視為畏途,shì wéi wèi tú
視覺適應,shì jué shì yìng
親太太,qìng tài tai
親奶奶,qìng nǎi nai
親子教養,qīn zǐ jiào yǎng
親子關係,qīn zǐ guān xì
親家,qìng jia
親家公,qìng jia gōng
親家母,qìng jia mǔ
親家禮道,qìng jia lǐ dào
親家翁,qìng jia wēng
親家老爺,qìng jia lǎo ye
親密無間,qīn mì wú jiàn
親房,qìng fáng
親率,qīn shuài
親翁,qìng wēng
親迎,qīn yìng
覬豁,jì huò
覷個意順,qù ge yì shùn
覷空,qù kòng
觀主,guàn zhǔ
觀宇,guàn yǔ
觀想念佛,guān xiǎng niàn fó
觀棋不語真君子,guān qí bù yǔ zhēn jūn zǐ
觀省,guān xǐng
觀行,guān xìng
觀釁伺隙,guān xìn sì xì
角兒,jiǎo r
角冠,jué guān
角妓,jué jì
角宿,jué xiù
角招,jué sháo
角枕,jué zhěn
角立,jué lì
角粽,jué zòng
角色,jué sè
角色衝突,jué sè chōng tú
角角,jué jué
角調,jué diào
角質層,jiǎo zhí céng
角里,lù lǐ
角馬,jué mǎ
角鷹,jué yīng
角黍,jué shǔ
觜鼻,zuǐ bí
解元,jiè yuán
解典庫,jiè diǎn kù
解典鋪,jiè diǎn pù
解子,jiè zi
解差,jiè chāi
解帖,jiè tiě
解庫,jiè kù
解廌,xiè zhì
解弦更張,jiě xián gēng zhāng
解扣兒,jiě kòu r
解攜,jiě xī
解池,xiè chí
解甲倒戈,jiě jiǎ dǎo gē
解當,jiè dàng
解當鋪,jiè dàng pù
解發,jiè fā
解縣,xiè xiàn
解調器,jiě tiáo qì
解送,jiè sòng
解難,jiě nàn
解頭,jiè tóu
觰沙,zhā sha
觸霉頭,chù méi tou
言不應點,yán bù yìng diǎn
言不逮意,yán bù dài yì
言之鑿鑿,yán zhī zuò zuò
言兒語子,yán ér yǔ zǐ
言必有中,yán bì yǒu zhòng
言歸正傳,yán guī zhèng zhuàn
言為心聲,yán wéi xīn shēng
言行,yán xìng
言行一致,yán xìng yī zhì
言行相悖,yán xìng xiāng bèi
言行相詭,yán xìng xiāng guǐ
言行相顧,yán xìng xiāng gù
言行舉止,yán xìng jǔ zhǐ
言行若一,yán xìng ruò yī
言行計從,yán xìng jì cóng
言行錄,yán xìng lù
言論廣場,yán lùn guǎng cháng
訂久要,dìng jiǔ yāo
訂婚柬帖,dìng hūn jiǎn tiě
計日而俟,jì rì ér sì
計會,jì kuài
計量,jì liáng
討便宜,tǎo pián yi
討個分曉,tǎo ge fēn xiǎo
討價還價,tǎo jià huán jià
討公道,tǎo gōng dao
討分上,tǎo fèn shàng
討沒意思,tǎo méi yì si
討油水,tǎo yóu shui
討饒頭,tǎo ráo tou
訑謾,yí màn
訕不搭的,shàn bu dā de
訖了,qì liǎo
記事兒,jì shì r
記省,jì xǐng
訛詞兒,é cí r
訛頭,é tou
訢合,xī hé
設身處地,shè shēn chǔ dì
許許,hǔ hǔ
訶佛罵祖,hē fó mà zǔ
訶子,hē zǐ
訶梨勒,hē lí lè
診脈,zhěn mò
註生娘娘,zhù shēng niáng niang
訾厲,zǐ lì
訾病,zǐ bìng
訾短,zǐ duǎn
訾議,zǐ yì
詐眼兒,zhà yǎn r
詐降,zhà xiáng
評傳,píng zhuàn
評卷,píng juàn
評度,píng duò
評彈,píng tán
評書帖,píng shū tiě
評薄,píng bó
評詙,píng bá
評量,píng liáng
詖行,bì xìng
詗伺,xiòng sì
詘寸信尺,qū cùn shēn chǐ
詞曲,cí qǔ
試卷,shì juàn
試場,shì cháng
試帖,shì tiě
試試,shì shi
試試看,shì shi kàn
試風頭,shì fēng tou
詩云子曰,shī yún zǐ yuē
詩書禮樂,shī shū lǐ yuè
詩腸鼓吹,shī cháng gǔ chuì
詩詞曲語辭匯釋,shī cí qǔ yǔ cí huì shì
詭病,guǐ bing
詰難,jié nàn
話兒,huà r
話口兒,huà kǒu r
話差,huà chā
話把,huà bà
話拉兒,huà lā r
話柄,huà bìng
話茬兒,huà chá r
詼啁,huī cháo
詼諧曲,huī xié qǔ
誇多鬥靡,kuā duō dòu mǐ
認分,rèn fèn
認為,rèn wéi
認識,rèn shi
認識論,rèn shi lùn
認賊為子,rèn zéi wéi zǐ
誖謾,bèi màn
誘掖,yòu yì
誘掖後進,yòu yì hòu jìn
誘降,yòu xiáng
語塞,yǔ sè
語意區分量表,yǔ yì qū fēn liáng biǎo
語意差別量表,yǔ yì chā bié liáng biǎo
語言顛倒,yǔ yán diān dǎo
語重心長,yǔ zhòng xīn cháng
誣良為盜,wū liáng wéi dào
誤人子弟,wù rén zǐ dì
誤差,wù chā
說不上,shuō bu shàng
說不上來,shuō bu shàng lái
說不下去,shuō bu xià qù
說不來,shuō bu lái
說不出,shuō bu chū
說不定,shuō bu dìng
說不得,shuō bu de
說不是,shuō bu shì
說不清,shuō bu qīng
說不盡,shuō bu jìn
說不過,shuō bu guò
說不過去,shuō bu guò qù
說來話長,shuō lái huà cháng
說分上,shuō fèn shang
說合了蓋兒了,shuō hé le gài r le
說和,shuō he
說士,shuì shì
說太平話兒,shuō tài píng huà r
說客,shuì kè
說帖,shuō tiě
說得著,shuō de zháo
說服,shuì fú
說服力,shuì fú lì
說相聲,shuō xiàng sheng
說短論長,shuō duǎn lùn cháng
說短道長,shuō duǎn dào cháng
說短長,shuō duǎn cháng
說章兒,shuō zhāng r
說著玩兒,shuō zhe wán r
說話兒,shuō huà r
說話答禮兒,shuō huà dá lǐ r
說調,shuō tiáo
說起來,shuō qi lai
說鐵騎兒,shuō tiě jì r
說長短,shuō cháng duǎn
說長說短,shuō cháng shuō duǎn
說長論短,shuō cháng lùn duǎn
說長道短,shuō cháng dào duǎn
說閒話兒,shuō xián huà r
說頭兒,shuō tou r
誰行,shéi háng
課卷,kè juàn
課嘴撩牙,kè zuǐ liáo yá
課稅所得,kè shuì suǒ dé
調三斡四,tiáo sān wò sì
調三窩四,tiáo sān wō sì
調人,tiáo rén
調低,tiáo dī
調侃,tiáo kǎn
調停,tiáo tíng
調停人,tiáo tíng rén
調價,tiáo jià
調光,tiáo guāng
調兒,diào r
調兵遣將,diào bīng qiǎn jiàng
調刺,tiáo cì
調劑,tiáo jì
調勤,tiáo qín
調勻,tiáo yún
調升,tiáo shēng
調卷,diào juàn
調合,tiáo hé
調合漆,tiáo hé qī
調味,tiáo wèi
調味乳,tiáo wèi rǔ
調味品,tiáo wèi pǐn
調味料,tiáo wèi liào
調和,tiáo hé
調和鼎鼐,tiáo hé dǐng nài
調哄,tiáo hǒng
調唆,tiáo suo
調墨弄筆,tiáo mò nòng bǐ
調子曰兒,diào zǐ yuē r
調差,diào chāi
調幅,tiáo fú
調幅廣播,tiáo fú guǎng bò
調度場,diào dù cháng
調弄,tiáo nòng
調弓號猿,tiáo gōng háo yuán
調引,tiáo yǐn
調弦,tiáo xián
調息,tiáo xí
調情,tiáo qíng
調戲,tiáo xì
調攝,tiáo shè
調教,tiáo jiào
調整,tiáo zhěng
調書帶兒,diào shū dài r
調書擔兒,diào shū dàn r
調服,tiáo fú
調氣,tiáo qì
調治,tiáo zhì
調泛,tiáo fàn
調漲,tiáo zhǎng
調焦,tiáo jiāo
調犯,tiáo fàn
調猴兒,diào hóu r
調理,tiáo lǐ
調理室,tiáo lǐ shì
調當,diào dǎng
調白,tiáo bái
調皮,tiáo pí
調皮搗蛋,tiáo pí dǎo dàn
調皮鬼,tiáo pí guǐ
調笑,tiáo xiào
調節,tiáo jié
調絃品竹,tiáo xián pǐn zhú
調絃弄管,tiáo xián nòng guǎn
調絲品竹,tiáo sī pǐn zhú
調經,tiáo jīng
調羹,tiáo gēng
調色,tiáo sè
調色板,tiáo sè bǎn
調色盤,tiáo sè pán
調薪,tiáo xīn
調處,tiáo chǔ
調製,tiáo zhì
調解,tiáo jiě
調詖,tiáo bì
調詞架訟,tiáo cí jià sòng
調調,diào diao
調諧,tiáo xié
調諧器,tiáo xié qì
調謔,tiáo nüè
調護,tiáo hù
調變,tiáo biàn
調貼,tiáo tiē
調資,tiáo zī
調逗,tiáo dòu
調達,tiáo dá
調適,tiáo shì
調酒,tiáo jiǔ
調降,tiáo jiàng
調露,tiáo lù
調音,tiáo yīn
調頻,tiáo pín
調頻廣播,tiáo pín guǎng bò
調風弄月,tiáo fēng nòng yuè
調風月,tiáo fēng yuè
調風變俗,tiáo fēng biàn sú
調風貼怪,tiáo fēng tiē guài
調養,tiáo yǎng
調養生息,tiáo yǎng shēng xí
調高,tiáo gāo
調鬼,tiáo guǐ
調鼎,tiáo dǐng
談得攏,tán dé lǒng
談生意,tán shēng yi
談言微中,tán yán wéi zhòng
請佃,qíng diàn
請俸,qíng fèng
請假,qǐng jià
請受,qíng shou
請奉,qíng fèng
請室,qīng shì
請將不如激將,qǐng jiàng bù rú jī jiàng
請帖,qǐng tiě
請給,qíng jǐ
諒陰,liáng ān
論孟,lún mèng
論著,lùn zhù
論藏,lùn zàng
論處,lùn chǔ
論語,lún yǔ
論貴粟疏,lùn guì sù shù
論量,lùn liáng
論難,lùn nàn
論頭,lùn tou
論黃數白,lùn huáng shǔ bái
論黃數黑,lùn huáng shǔ hēi
諧當,xié dàng
諫太宗十思疏,jiàn tài zōng shí sī shù
諭帖,yù tiě
諳分,ān fèn
諷一勸百,fèng yī quàn bó
諸子,zhū zǐ
諸子略,zhū zǐ lüè
諸子百家,zhū zǐ bó jiā
諾們罕,nuò mén hǎn
謀泄事露,móu xiè shì lòu
謀為不軌,móu wéi bù guǐ
謀臣武將,móu chén wǔ jiàng
謀臣猛將,móu chén měng jiàng
謊喳呼,huǎng chā hū
謎兒,mí r
謔浪笑敖,nüè làng xiào ào
謙謙君子,qiān qiān jūn zǐ
講倒,jiǎng dǎo
講盤兒,jiǎng pán r
講究,jiǎng jiu
謝勒,xiè lè
謝帖,xiè tiě
謝朓,xiè tiào
謝謝,xiè xie
謠言惑眾,yáo yan huò zhòng
謠言止於智者,yáo yan zhǐ yú zhì zhě
謠言紛飛,yáo yan fēn fēi
謾罵,màn mà
謾罵叫囂,màn mà jiào xiāo
謾舞,màn wǔ
謾語,màn yǔ
謾道,màn dào
證券市場,zhèng quàn shì cháng
識時務者為俊傑,shì shí wù zhě wéi jùn jié
識相,shì xiàng
譙周,qiáo zhōu
譙周獨笑,qiáo zhōu dú xiào
譙樓,qiáo lóu
譙櫓,qiáo lǔ
譙譙,qiáo qiáo
譙門,qiáo mén
譜兒,pǔ r
譜曲,pǔ qǔ
警角,jǐng jué
譯著,yì zhù
議場,yì cháng
議處,yì chǔ
議長論短,yì cháng lùn duǎn
護喪,hù sāng
護從,hù zòng
護禿兒,hù tū r
譸張為幻,zhōu zhāng wéi huàn
譽塞天下,yù sè tiān xià
譾薄之材,jiǎn bó zhī cái
讀書破萬卷,dú shū pò wàn juàn
讀書種子,dú shū zhǒng zǐ
讀為,dú wéi
變危為安,biàn wéi wéi ān
變奏曲,biàn zòu qǔ
變徵,biàn zhǐ
變徵之聲,biàn zhǐ zhī shēng
變徵之音,biàn zhǐ zhī yīn
變更,biàn gēng
變法兒,biàn fā r
變相,biàn xiàng
變質,biàn zhí
讎校,chóu jiào
讒間,chán jiàn
讚唄,zàn bài
谷都,gǔ dū
谿子,xī zǐ
豁亮,huò liàng
豁免,huò miǎn
豁免權,huò miǎn quán
豁出去,huò chū qù
豁剌剌,huò là là
豁口截舌,huò kǒu jié shé
豁地,huò dì
豁拳,huá quán
豁朗,huò lǎng
豁然,huò rán
豁然大悟,huò rán dà wù
豁然省悟,huò rán xǐng wù
豁然貫通,huò rán guàn tōng
豁然開悟,huò rán kāi wù
豁然開朗,huò rán kāi lǎng
豁略大度,huò lüè dà dù
豁脫,huò tuō
豁蕩,huò dàng
豁達,huò dá
豁達大度,huò dá dà dù
豁達明亮,huò dá míng liàng
豁鄧,huò dèng
豆乾,dòu gān
豆兒大,dòu r dà
豆嘴兒,dòu zuǐ r
豆脯,dòu fǔ
豆腐,dòu fu
豆腐乳,dòu fu rǔ
豆腐乾,dòu fu gān
豆腐官,dòu fu guān
豆腐干,dòu fu gān
豆腐皮,dòu fu pí
豆腐衣,dòu fu yī
豆腐西施,dòu fu xī shī
豆腐鯊,dòu fu shā
豆豉,dòu chǐ
豆豉油,dòu chǐ yóu
豆重榆瞑,dòu zhòng yú mián
豈弟,kǎi tì
豈弟君子,kǎi tì jūn zǐ
豉蟲,chǐ chóng
豎子,shù zǐ
豎子不足與謀,shù zǐ bù zú yǔ móu
豐殺,fēng shài
豔冠群芳,yàn guàn qún fāng
豕交獸畜,shǐ jiāo shòu xù
豚兒犬子,tún ér quǎn zǐ
豚拍,tún bó
象傳,xiàng zhuàn
象揥,xiàng tì
象牙質,xiàng yá zhí
象車,xiàng jū
豪俠好義,háo xiá hào yì
豪忕,háo tài
豪橫,háo hèng
豬八戒吃人參果,zhū bā jiè chī rén shēn guǒ
豬圈,zhū juàn
豬肉乾,zhū ròu gān
豬肚,zhū dǔ
豬舍,zhū shè
豺狼塞路,chái láng sè lù
貉子,hé zǐ
貉絨,hé róng
貌相,mào xiàng
貍貓換太子,lí māo huàn tài zǐ
貓兒,māo r
貓兒洗臉,māo r xǐ liǎn
貓兒眼,māo r yǎn
貓兒臉,māo r liǎn
貓兒見了魚鮮飯,māo r jiàn le yú xiān fàn
貓兒頭,māo r tóu
貓兒頭差事,māo r tóu chāi shì
貓兒頭生活,māo r tóu shēng huó
貓兒食,māo r shí
貓溺,māo niào
貓耳朵,māo ěr duo
貔子窩港,pí zǐ wō gǎng
貝他蛻變,bèi tā shuì biàn
貝克勒,bèi kè lè
貝勒,bèi le
貝子,bèi zǐ
貝爾格勒,bèi ěr gé lè
貝錦萋菲,bèi jǐn qī fěi
貞白,zhēn bó
貞節牌坊,zhēn jié pái fang
貞觀,zhēn guàn
貞觀之治,zhēn guàn zhī zhì
貞觀政要,zhēn guàn zhèng yào
負乘致寇,fù shèng zhì kòu
負債累累,fù zhài lěi lěi
負子鼠,fù zǐ shǔ
負所得稅,fù suǒ dé shuì
負累,fù lěi
負老攜幼,fù lǎo xī yòu
負荷,fù hè
負荷量,fù hè liàng
財匱力絀,cái kuì lì chù
貢監,gòng jiàn
貢禹彈冠,gòng yǔ tán guān
貧嘴薄舌,pín zuǐ bó shé
貧子,pín zǐ
貧富差距,pín fù chā jù
貧骨頭,pín gú tou
貨幣供給額,huò bì gōng jǐ é
貨幣市場,huò bì shì cháng
貨郎兒,huò láng r
貨郎擔兒,huò láng dàn r
貪便宜,tān pián yi
貪冒,tān mò
貪冒榮寵,tān mò róng chǒng
貪多務得,tān duō wù dé
貪多嚼不爛,tān duō jiáo bù làn
貪安好逸,tān ān hào yì
貪小便宜,tān xiǎo pián yí
貪得無厭,tān dé wú yàn
貪榮冒寵,tān róng mò chǒng
貪生惡死,tān shēng wù sǐ
貪財好色,tān cái hào sè
貪財好賄,tān cái hào huì
貫手著棼,guàn shǒu zhuó fén
責數,zé shǔ
責躬省過,zé gōng xǐng guò
責難,zé nàn
貳臣傳,èr chén zhuàn
貳車,èr jū
貴价,guì jiè
貴族子弟,guì zú zǐ dì
貴甲子,guì jiǎ zǐ
貴相,guì xiàng
貴遊子弟,guì yóu zǐ dì
買得,mǎi dé
買服,mǎi fu
買櫝還珠,mǎi dú huán zhū
買賣場,mǎi mài cháng
買金偏撞不著賣金的,mǎi jīn piān zhuàng bù zháo mài jīn de
費商量,fèi shāng liáng
費思量,fèi sī liáng
貼兒,tiē r
貼換,tiē huan
貿易差額,mào yì chā é
貿易逆差,mào yì nì chā
貿易順差,mào yì shùn chā
賀正,hè zhēng
賁張,bēn zhāng
賁石,bēn shí
賁育,bēn yù
賁華,bì huā
賁賁,bēn bēn
賁門,bēn mén
資料處理,zī liào chǔ lǐ
資本市場,zī běn shì cháng
資淺齒少,zī qiǎn chǐ shào
資產重估,zī chǎn chóng gū
資質,zī zhí
賈人,gǔ rén
賈人渡河,gǔ rén dù hé
賈儈,gǔ kuài
賈儒商秀,gǔ rú shāng xiù
賈利,gǔ lì
賈勇,gǔ yǒng
賈客,gǔ kè
賈怨,gǔ yuàn
賈禍,gǔ huò
賈胡,gǔ hú
賈舶,gǔ bó
賈豎,gǔ shù
賈豎子,gǔ shù zǐ
賊仔星,zéi zǐ xīng
賊子,zéi zǐ
賊子亂臣,zéi zǐ luàn chén
賊害,zé hài
賊臣亂子,zéi chén luàn zǐ
賊臣逆子,zéi chén nì zǐ
賊虐,zé nüè
賊話兒,zéi huà r
賊骨頭,zéi gú tou
賊鬼,zéi gui
賑給,zhèn jǐ
賓興,bīn xīng
賜予,sì yǔ
賜假,sì jià
賜光,sì guāng
賜卹,sì xù
賜名,sì míng
賜告,sì gào
賜姓,sì xìng
賜宴,sì yàn
賜履,sì lǚ
賜帛,sì bó
賜復,sì fù
賜教,sì jiào
賜死,sì sǐ
賜爵,sì jué
賜環,sì huán
賜示,sì shì
賜福,sì fú
賜紫,sì zǐ
賜酺,sì pú
賜顧,sì gù
賞勞,shǎng lào
賞玩,shǎng wàn
賞賜,shǎng sì
賠個不是,péi ge bù shì
賠小心,péi xiǎo xin
賢否不明,xián pǐ bù míng
賢從,xián zòng
賢相,xián xiàng
賣串兒,mài chuàn r
賣個破綻,mài ge pò zhàn
賣倒,mài dǎo
賣力氣,mài lì qi
賣務場,mài wù cháng
賣呆兒,mài dāi r
賣嚷嚷兒,mài rāng rāng r
賣場,mài cháng
賣妻鬻子,mài qī yù zǐ
賣字號,mài zì hao
賣富差貧,mài fù chāi pín
賣工夫,mài gōng fu
賣弄玄虛,mài long xuán xū
賣文為活,mài wén wéi huó
賣本事,mài běn shi
賣查梨,mài zhā lí
賣爵贅子,mài jué zhuì zǐ
賣爵鬻子,mài jué yù zǐ
賣瓜子兒開廂子打嚏噴,mài guā zǐ r kāi xiāng zi dǎ tì fen
賣胳臂,mài gē bei
賣荳腐點了河灘地,mài dòu fu diǎn le hé tān dì
賣長舌,mài cháng shé
賤累,jiàn lěi
賤骨頭,jiàn gú tou
賦得,fù dé
質問,zhí wèn
質因數,zhí yīn shù
質地,zhí dì
質妻鬻子,zhì qī yù zǐ
質子,zhí zǐ
質實,zhí shí
質對,zhí duì
質感,zhí gǎn
質成,zhí chéng
質數,zhí shù
質料,zhí liào
質明,zhí míng
質朴,zhí pú
質樸,zhí pú
質當,zhì dàng
質疑,zhí yí
質疑問難,zhí yí wèn nàn
質的,zhí dì
質直,zhí zhí
質直渾厚,zhí zhí hún hòu
質而不俚,zhí ér bù lǐ
質能不滅定律,zhí néng bù miè dìng lǜ
質言,zhí yán
質詢,zhí xún
質證,zhí zhèng
質變,zhí biàn
質讓,zhí ràng
質責,zhí zé
質量,zhí liàng
質量數,zhí liàng shù
質點,zhí diǎn
賭博場,dǔ bó cháng
賭場,dǔ cháng
賭當,dǔ dǎng
賭色,dǔ shǎi
賴詞兒,lài cí r
賴象嗑瓜子,lài xiàng kè guā zǐ
賺哄,zuàn hǒng
賺弄,zuàn nong
賺漏,zuàn lòu
賺頭,zhuàn tou
賺騙,zuàn piàn
賽普勒斯,sài pǔ lè sī
賽普勒斯共和國,sài pǔ lè sī gòng hé guó
賽璐玢,sài lù fēn
贅子,zhuì zǐ
贈遺,zèng wèi
贏得,yíng dé
贏縮,yíng sù
贓誣,zāng wú
贖當,shú dàng
赤口白舌,chì kǒu bó shé
赤子,chì zǐ
赤子之心,chì zǐ zhī xīn
赤嵌樓,chì kǎn lóu
赤巴巴,chì bā ba
赤帝子,chì dì zǐ
赤松子,chì sōng zǐ
赤瓦不剌海,chì wǎ bù là hǎi
赤身露體,chì shēn lòu tǐ
赤道幾內亞,chì dào jī nèi yà
赤道幾內亞共和國,chì dào jī nèi yà gòng hé guó
赤鯶公,chì hùn gōng
赫塞,hè sè
赫柏定律,hè bó dìng lǜ
赭衣塞路,zhě yī sè lù
走不開,zǒu bu kāi
走了和尚走不了廟,zǒu le hé shàng zǒu bù liǎo miào
走了大褶兒,zǒu le dà zhé r
走南闖北,zǒu nán chuàng běi
走味兒,zǒu wèi r
走心經,zǒu xīn jing
走漏消息,zǒu lòu xiāo xi
走為上策,zǒu wéi shàng cè
走百病,zǒu bó bìng
走神兒,zǒu shén r
走過場,zǒu guò cháng
走道兒,zǒu dào r
走馬換將,zǒu mǎ huàn jiàng
走黑道兒的,zǒu hēi dào r de
赴曲,fù qǔ
赴難,fù nàn
起倒,qǐ dǎo
起偃為豎,qǐ yǎn wéi shù
起圈,qǐ juàn
起更,qǐ gēng
起根兒,qǐ gēn r
起解,qǐ jiè
起開,qǐ kai
趁亮兒,chèn liàng r
趁哄,chèn hōng
趁哄打劫,chèn hōng dǎ jié
趁熟,chèn shóu
趁空,chèn kòng
趁腳兒蹻,chèn jiǎo r qiāo
趁貨兒,chèn huò r
趁風揚帆,chèn fēng yáng fán
趄坡兒,qiè pō r
超今冠古,chāo jīn guàn gǔ
超子,chāo zǐ
超然獨處,chāo rán dú chǔ
超然自得,chāo rán zì dé
超級市場,chāo jí shì cháng
越子,yuè zǐ
趕一會兒,gǎn yī huǐ r
趕場,gǎn cháng
趕情,gǎn qing
趕情兒,gǎn qíng r
趕明兒,gǎn míng r
趕活兒,gǎn huó r
趕浪頭,gǎn làng tou
趕熱腳兒,gǎn rè jiǎo r
趕碌,gǎn lu
趕空兒,gǎn kòng r
趕網兒,gǎn wǎng r
趕著增福神著棍打,gǎn zhe zēng fú shén zháo gùn dǎ
趕趟兒,gǎn tàng r
趕飯擔,gǎn fàn dàn
趙子龍,zhào zǐ lóng
趙衰,zhào cuī
趣兒,qù r
足了十人,zú liǎo shí rén
足恭,jù gōng
足球場,zú qiú cháng
足癬,zú xiǎn
趴下,pā xia
趵趵,bō bō
趿拉,tā la
趿拉兒,tā la r
趿拉板兒,tā la bǎn r
跂坐,qì zuò
跂望,qì wàng
跂訾,qì zǐ
跂蹻,qí jué
跌倒,dié dǎo
跌根頭,dié gēn tou
跌窨,dié yìn
跑不了,pǎo bù liǎo
跑了和尚跑不了廟,pǎo le hé shàng pǎo bù liǎo miào
跑兒,pǎo r
跑圓場,pǎo yuán cháng
跑堂兒的,pǎo táng r de
跑狗場,pǎo gǒu cháng
跑碼頭,pǎo mǎ tou
跑街,páo jiē
跑蹄,páo tí
跑蹄剪尾,páo tí jiǎn wěi
跑道兒,pǎo dào r
跑馬場,pǎo mǎ cháng
跑馬賣解,pǎo mǎ mài xiè
跑馬走解,pǎo mǎ zǒu xiè
跕跕,dié dié
跖蹻,zhí jiǎo
跛倚,bì yǐ
跛立箕坐,bì lì jī zuò
距塞,jù sè
跟兒,gēn r
跟子,gēn zǐ
跟尾兒,gēn wěi r
跟屁股,gēn pì gu
跟頭,gēn tou
跟頭蟲,gēn tou chóng
跨胳膊,kuà gē bo
跨行,kuà háng
跨院兒,kuà yuàn r
跪倒,guì dǎo
路兒,lù r
路線測量,lù xiàn cè liáng
路遠沒輕擔,lù yuǎn méi qīng dàn
跳傀儡,tiào kuǐ lěi
跳咯噔兒,tiào gé dēng r
跳枝兒,tiào zhī r
跳蚤市場,tiào zǎo shì cháng
跳行,tiào háng
跺跺腳,duò duo jiǎo
踅摸,xué mo
踅門瞭戶,xué mén liào hù
踆踆,qūn qūn
踉踉蹌蹌,liàng liàng qiàng qiàng
踉踉蹡蹡,liàng liàng qiàng qiàng
踉蹌,liàng qiàng
踉蹡,liàng qiàng
踏場,tà cháng
踏小板凳兒糊險道神,tà xiǎo bǎn dèng r hú xiǎn dào shén
踏浪兒,tà làng r
踏著尾羓頭動,tà zhe wěi ba tóu dòng
踏踏實實,tà ta shí shí
踢蹬,tī deng
踵決肘見,zhǒng jué zhǒu xiàn
踶跂,zhì qí
蹀血,dié xuè
蹇吃,jiǎn jí
蹇味兒,jiǎn wèi r
蹋皮兒,tà pí r
蹌踉,qiàng liàng
蹌蹌,qiàng qiàng
蹌蹌踉踉,qiàng qiàng liàng liàng
蹓躂,liù da
蹙眉長歎,cù méi cháng tàn
蹢躅,zhí zhú
蹣跚,pán shān
蹣跼,pán jú
蹦兒,bèng r
蹦兒亮,bèng r liàng
蹦蹦兒,bèng bèng r
蹦蹦兒戲,bèng bèng r xì
蹧踐,zāo jian
蹧蹋,zāo ta
蹭兒戲,cèng r xì
蹭邊兒,cèng biān r
蹶角,jué jué
蹺敧,qiāo qī
蹻勇,jiǎo yǒng
蹻捷,jiǎo jié
蹻跖,jiǎo zhí
蹻蹻,jiǎo jiǎo
躉售市場,dǔn shòu shì cháng
躉當,dǔn dàng
躡景,niè yǐng
躡景追飛,niè yǐng zhuī fēi
躡蹻擔簦,niè jué dān dēng
躧匾稱鉈,xǐ biǎn chèng tuó
躪藉,lìn jiè
身分,shēn fèn
身分認證,shēn fèn rèn zhèng
身分證,shēn fèn zhèng
身子骨兒,shēn zi gǔ r
身懷六甲,shēn huái lù jiǎ
身毒,juān dú
身無長物,shēn wú zhàng wù
身量,shēn liang
身長,shēn cháng
躬先表率,gōng xiān biǎo shuài
躬自菲薄,gōng zì fěi bó
躲不了,duǒ bu liǎo
躲不掉,duǒ bu diào
躲得和尚躲不得寺,duǒ dé hé shang duǒ bù dé sì
躲煞,duǒ shà
躲猾兒,duǒ huá r
躲躲藏藏,duǒ duo cáng cáng
躲開,duǒ kai
車人,jū rén
車份兒,chē fèn r
車右,jū yòu
車喝,chē he
車場,chē cháng
車士,jū shì
車夫,chē fu
車把式,chē bǎ shi
車桑仔,chē sāng zǐ
車殆馬煩,jū dài mǎ fán
車笠之盟,jū lì zhī méng
車簸箕,chē bò jī
車行,chē háng
車裂,jū liè
車載斗量,chē zài dǒu liáng
車轍,chē chè
車長,chē cháng
車馬人兒,chē mǎ rén r
車駕,jū jià
車騎,jū jì
軋一腳,gá yī jiǎo
軋戲,gá xì
軋支票,gá zhī piào
軋然,gá rán
軋輥,zhá gǔn
軋進,gá jìn
軋鋼,zhá gāng
軋鋼機,zhá gāng jī
軋頭寸,gá tóu cùn
軌外行為,guǐ wài xíng wéi
軌轍,guǐ chè
軍不血刃,jūn bù xuè rèn
軍多將廣,jūn duō jiàng guǎng
軍帖,jūn tiè
軍樂,jūn yuè
軍樂隊,jūn yuè duì
軒掖,xuān yè
軒檻,xuān jiàn
軒豁,xuān huò
軒軒甚得,xuān xuān shèn dé
軟兀剌,ruǎn wù là
軟和,ruǎn huo
軟怯怯,ruǎn què què
軟瞇𥉐,ruǎn mī xì
軟磨兒,ruǎn mó r
軟罐頭,ruǎn guàn tou
軟耳朵,ruǎn ěr duo
軟調脾,ruǎn tiáo pí
軟骨頭,ruǎn gú tou
軟體銀行,ruǎn tǐ yín háng
軫慨,zhěn kài
較勁兒,jiào jìn r
較場,jiào cháng
較真兒,jiào zhēn r
較短量長,jiào duǎn liàng cháng
較著,jiào zhù
載荷,zài hè
輔相,fǔ xiàng
輔車相依,fǔ jū xiāng yī
輔車脣齒,fǔ jū chún chǐ
輕口薄舌,qīng kǒu bó shé
輕嘴薄舌,qīng zuǐ bó shé
輕子,qīng zǐ
輕徭薄稅,qīng yáo bó shuì
輕徭薄賦,qīng yáo bó fù
輕水反應器,qīng shuǐ fǎn yìng qì
輕水式反應器,qīng shuǐ shì fǎn yìng qì
輕浪浮薄,qīng làng fú bó
輕災浮難,qīng zāi fú nàn
輕率,qīng shuài
輕薄,qīng bó
輕薄無知,qīng bó wú zhī
輕薄無行,qīng bó wú xìng
輕裝簡從,qīng zhuāng jiǎn zòng
輕財好士,qīng cái hào shì
輕財好施,qīng cái hào shī
輕財好義,qīng cái hào yì
輕車,qīng jū
輕車介士,qīng jū jiè shì
輕車熟路,qīng jū shú lù
輕車簡從,qīng jū jiǎn zòng
輕音樂,qīng yīn yuè
輕騎,qīng jì
輕骨頭,qīng gú tou
輝長岩,huī cháng yán
輩分,bèi fen
輩行,bèi háng
輩輩兒,bèi bèi r
輪兒,lún r
輪唱曲,lún chàng qǔ
輪旋曲,lún xuán qǔ
輪種,lún zhòng
輪鎗拽步,lún qiāng yè bù
輸寫,shū xiè
輿從,yú zòng
輿謣,yú xū
轂轆,gū lu
轂轆兒,gū lu r
轉一轉,zhuàn yī zhuàn
轉危為安,zhuǎn wéi wéi ān
轉圈,zhuàn quān
轉子,zhuàn zi
轉彎抹角,zhuǎn wān mò jiǎo
轉悲為喜,zhuǎn bēi wéi xǐ
轉愁為喜,zhuǎn chóu wéi xǐ
轉憂為喜,zhuǎn yōu wéi xǐ
轉敗為功,zhuǎn bài wéi gōng
轉敗為勝,zhuǎn bài wéi shèng
轉灣抹角,zhuǎn wān mò jiǎo
轉災為福,zhuǎn zāi wéi fú
轉燈,zhuàn dēng
轉盤,zhuàn pán
轉磨,zhuàn mò
轉磨磨,zhuàn mò mò
轉禍為福,zhuǎn huò wéi fú
轉腰子,zhuàn yāo zi
轉花兒,zhuǎn huā r
轉行,zhuǎn háng
轉軸,zhuàn zhóu
轉輪手槍,zhuàn lún shǒu qiāng
轉轍,zhuǎn chè
轉轍器,zhuǎn chè qì
轉關兒,zhuǎn guān r
轍亂旗靡,chè luàn qí mǐ
轍兒,zhé r
轍環天下,chè huán tiān xià
轍跡,chè jī
轍鮒,chè fù
轍鮒之急,chè fù zhī jí
轟的,hōng dì
轡勒,pèi lè
辛螫,xīn zhē
辟世,bì shì
辟人之士,bì rén zhī shì
辟召,bì zhào
辟君三舍,bì jūn sān shè
辟命,bì mìng
辟地,bì dì
辟廱,bì yōng
辟引,bì yǐn
辟惡,bì è
辟支佛,pì zhī fó
辟易,bì yì
辟書,bì shū
辟淫,bì yín
辟舉,bì jǔ
辟色,bì sè
辟芷,bì zhǐ
辟言,bì yán
辟邏,bì luó
辟邪,bì xié
辟雍,bì yōng
辣實,là shi
辣瓣兒醬,là bàn r jiàng
辣菜,là cai
辣菜根子,là cai gēn zi
辣豁豁,là huò huò
辦不到,bàn bu dào
辦差,bàn chāi
辨給,biàn jǐ
辭不意逮,cí bù yì dài
辭給,cí jǐ
辭頭,cí tou
辯給,biàn jǐ
辯難,biàn nàn
辱子,rù zǐ
辱沒,rù mò
辱荷,rù hè
農地重劃,nóng dì chóng huà
農場,nóng cháng
農家子,nóng jiā zǐ
農家子弟,nóng jiā zǐ dì
農舍,nóng shè
迂夫子,yū fū zǐ
迂氣,yū qi
迆涎,yǐ yàn
迆迆,yǐ yǐ
迆迆邐邐,yǐ yǐ lǐ lǐ
迆逗,yǐ dòu
迆邐,yǐ lǐ
迆邐不絕,yǐ lǐ bù jué
迆邐歪斜,yǐ lǐ wāi xié
迆靡,yǐ mǐ
迋迋,guǎng guǎng
迎阿,yíng ē
迎頭兒,yíng tóu r
迎頭棒喝,yíng tóu bàng hè
迎風搖曳,yíng fēng yáo yì
迎養,yíng yàng
近鄉情怯,jìn xiāng qíng què
返景,fǎn yǐng
返本還原,fǎn běn huán yuán
返老還童,fǎn lǎo huán tóng
返躬內省,fǎn gōng nèi xǐng
迤邐,yǐ lǐ
迫不得已,pò bù dé yǐ
迫良為娼,pò liáng wéi chāng
迭興,dié xīng
迴旋曲,huí xuán qǔ
迷你玫瑰,mí nǐ méi gui
迷倒,mí dǎo
迷溜沒亂,mí liū mò luàn
迷留悶亂,mí liú mēn luàn
迷留沒亂,mí liú mò luàn
迷離顛倒,mí lí diān dǎo
迸兒焦,bèng r jiāo
迸豆兒,bèng dòu r
退場,tuì cháng
退徙三舍,tuì xǐ sān shè
退怯怯,tuì què què
退省,tuì xǐng
退身步兒,tuì shēn bù r
退避三舍,tuì bì sān shè
退還,tuì huán
送佛送到西天,sòng fó sòng dào xī tiān
送喪,sòng sāng
送還,sòng huán
逃北,táo bò
逃奔,táo bèn
逃災躲難,táo zāi duǒ nàn
逃災避難,táo zāi bì nàn
逃生子,táo shēng zǐ
逃難,táo nàn
逆子,nì zǐ
逆子賊臣,nì zǐ zéi chén
逆家子,nì jiā zǐ
逆差,nì chā
逆臣賊子,nì chén zéi zǐ
逍遙自得,xiāo yáo zì dé
透亮,tòu liang
逐兔先得,zhú tù xiān dé
逐朝每日,zhú zhāo měi rì
逕路兒,jìng lù r
逗弄,dòu nong
這些兒,zhè xiē r
這個,zhè ge
這個擋口,zhè ge dǎng kǒu
這個當兒,zhè ge dāng r
這個那個,zhè ge nà ge
這兒,zhè r
這咱,zhè zan
這塊兒,zhè kuài r
這忽兒,zhè hū r
這搭兒,zhè dā r
這會兒,zhè huǐ r
這會子,zhè huǐ zi
這溜兒,zhè liù r
這當兒,zhè dāng r
這的,zhè dì
這的是,zhè dì shì
這陣兒,zhè zhèn r
這頭,zhè tou
這麼點兒,zhè me diǎn r
通事舍人,tōng shì shè rén
通侻,tōng tuō
通塞,tōng sè
通宿,tōng xiǔ
通眉長爪,tōng méi cháng zhuǎ
通都大邑,tōng dū dà yì
逞意妄為,chěng yì wàng wéi
逞著勁兒,chěng zhe jìn r
造微入妙,zào wēi rù miào
造父,zào fǔ
逢場作戲,féng cháng zuò xì
逢場作樂,féng cháng zuò lè
逢掖,féng yè
逢掖之士,féng yè zhī shì
逢逢,péng péng
連中三元,lián zhòng sān yuán
連冠,lián guàn
連卷,lián quán
連扯跟頭,lián chě gēn tou
連拖帶拽,lián tuō dài zhuài
連更徹夜,lián gēng chè yè
連朝接夕,lián zhāo jiē xì
連氣兒,lián qì r
連營畫角,lián yíng huà jué
連章累牘,lián zhāng lěi dú
連篇累幅,lián piān lěi fú
連篇累牘,lián piān lěi dú
連續假日,lián xù jià rì
連署,lián shù
連翹,lián qiáo
連軸兒轉,lián zhóu r zhuàn
連鎖反應,lián suǒ fǎn yìng
連階累任,lián jiē lěi rèn
連鬼也不見一個,lián guǐ yě bù jiàn yī ge
逮下,dài xià
逮捕,dài bǔ
逮治,dài zhì
逮繫,dài xì
逮逮,dì dì
週末效應,zhōu mò xiào yìng
進可替不,jìn kě tì fǒu
進可替否,jìn kě tì pǐ
進場,jìn cháng
進行曲,jìn xíng qǔ
進退中繩,jìn tuì zhòng shéng
逴躒,chuò luò
逼不得已,bī bù dé yǐ
逼勒,bī lè
逼民為盜,bī mín wéi dào
逼良為娼,bī liáng wéi chāng
逾分,yú fèn
遇難,yù nàn
遇難成祥,yù nàn chéng xiáng
遊子,yóu zǐ
遊子吟,yóu zǐ yín
遊戲場,yóu xì cháng
遊手好閒,yóu shǒu hào xián
遊樂場,yóu lè cháng
遊說,yóu shuì
遊遊磨磨兒,yóu yóu mó mó r
遊騎,yóu jì
遊騎無歸,yóu jì wú guī
運動場,yùn dòng cháng
運智鋪謀,yùn zhì pū móu
運氣,yùn qi
運計鋪謀,yùn jì pū móu
過一過,guò yi guò
過不去,guò bu qù
過了青春無少年,guò le qīng chūn wú shào nián
過五關斬六將,guò wǔ guān zhǎn liù jiàng
過來,guò lai
過兒,guò r
過分,guò fèn
過場,guò cháng
過天,guò tian
過嫁妝,guò jià zhuang
過年兒,guò nián r
過得著,guò de zháo
過敏性反應,guò mǐn xìng fǎn yìng
過當,guò dàng
過當防衛,guò dàng fáng wèi
過節兒,guò jié r
過過身,guò guo shēn
過門兒,guò mén r
過關斬將,guò guān zhǎn jiàng
遏漸防萌,è jiān fáng méng
遐邇著聞,xiá ěr zhù wén
遒勁,qiú jìng
道三不著兩,dào sān bù zháo liǎng
道上,dào shang
道不了,dào bù liǎo
道不得,dào bù dé
道傍李,dào páng lǐ
道傍苦李,dào páng kǔ lǐ
道兒,dào r
道冠兒,dào guān r
道分,dào fen
道在屎溺,dào zài shǐ niào
道場,dào cháng
道得應得,dào dé yīng dé
道曲,dào qǔ
道範長昭,dào fàn cháng zhāo
道著,dào zháo
道藏,dào zàng
道行,dào hang
道觀,dào guàn
道道地地,dào dao dì dì
達喀爾,dá kà ěr
違拗,wéi ào
遙相應和,yáo xiāng yìng hè
遛彎兒,liù wān r
遛早兒,liù zǎo r
遛活,liù huó
遛狗,liù gǒu
遛達,liù da
遛食兒,liù shí r
遛馬,liù mǎ
遛鳥,liù niǎo
遞解,dì jiè
遞解出境,dì jiè chū jìng
遠不間親,yuǎn bù jiàn qīn
遠來的和尚好看經,yuǎn lái de hé shang hǎo kàn jīng
遠來的和尚會念經,yuǎn lái de hé shang huì niàn jīng
遠圖長慮,yuǎn tú cháng lǜ
遠嫌,yuàn xián
遠害全身,yuàn hài quán shēn
遠水救不了近火,yuǎn shuǐ jiù bu liǎo jìn huǒ
遠水救不得近渴,yuǎn shuǐ jiù bu de jìn kě
遠渡重洋,yuǎn dù chóng yáng
遣兵調將,qiǎn bīng diào jiàng
適中下懷,shì zhòng xià huái
適孫,dí sūn
適得其反,shì dé qí fǎn
適得其所,shì dé qí suǒ
適應,shì yìng
適當,shì dàng
遭難,zāo nàn
遮場面,zhē cháng miàn
遮沒,zhē mò
遮溜子,zhě liū zi
遮說,zhě shuo
遲明,zhì míng
遲賓之館,zhì bīn zhī guǎn
遴嗇,lìn sè
遷都,qiān dū
選佛場,xuǎn fó cháng
選場,xuǎn cháng
遺少,yí shào
遺腹子,yí fù zǐ
遺臭萬載,yí chòu wàn zǎi
遺著,yí zhù
遺行,yí xìng
遼東白豕,liáo dōng bó shǐ
避火浴血,bì huǒ yù xuè
避煞,bì shà
避貓鼠兒似的,bì māo shǔ r sì de
避難,bì nàn
避難所,bì nàn suǒ
邀勒,yāo lè
邀喝,yāo hè
還丹,huán dān
還了得,hái liǎo de
還以顏色,huán yǐ yán sè
還俗,huán sú
還債,huán zhài
還價,huán jià
還元返本,huán yuán fǎn běn
還券,huán quàn
還原,huán yuán
還原劑,huán yuán jì
還原反應,huán yuán fǎn yìng
還原焰,huán yuán yàn
還嘴,huán zuǐ
還報,huán bào
還嬰,huán yīng
還席,huán xí
還帳,huán zhàng
還忌,huán jì
還性,huán xìng
還惺,huán xīng
還我河山,huán wǒ hé shān
還手,huán shǒu
還擊,huán jí
還政,huán zhèng
還本,huán běn
還淳反樸,huán chún fǎn pú
還淳返樸,huán chún fǎn pú
還珠合浦,huán zhū hé pǔ
還珠返璧,huán zhū fǎn bì
還目,huán mù
還禮,huán lǐ
還翰,huán hàn
還言,huán yán
還辟,huán bì
還都,huán dū
還鄉,huán xiāng
還錢,huán qián
還陽,huán yáng
還願,huán yuàn
還飆,huán biāo
還首,huán shǒu
還魂,huán hún
還魂記,huán hún jì
邊卡,biān qiǎ
邊塞,biān sài
邊塞詩,biān sài shī
邊將,biān jiàng
邊皮兒,biān pí r
邊騎,biān jì
邋裡邋遢,lá li lá tà
邋遢,lá ta
邋邋,liè liè
邏摣兒,luó zhā r
邏騎,luó jì
邐迤,lǐ yǐ
邑子,yì zǐ
邢侗,xíng tóng
那不勒斯,nà bù lè sī
那個,nà ge
那個耗子不偷油,nǎ ge hào zi bù tōu yóu
那個貓兒不吃腥,nǎ ge māo r bù chī xīng
那借,nuó jiè
那兒,nà r
那動,nuó dòng
那匡,nǎ kuāng
那咱,nà zan
那哈兒,nà hā r
那哼,nǎ hēng
那堝兒,nà guō r
那壺不開提那壺,nǎ hú bù kāi tí nǎ hú
那得,nǎ dé
那怕,nǎ pà
那會子,nà huǐ zi
那根蔥那根蒜,nǎ gēn cōng nǎ gēn suàn
那樁兒,nà zhuāng r
那步,nuó bù
那溜兒,nà liù r
那爭,nǎ zhēng
那當兒,nà dāng r
那話兒,nà huà r
那頭兒,nà tóu r
那麼點兒,nà me diǎn r
邪呼,yé hū
邪行,xié xing
邪許,yé hǔ
邪道兒,xié dào r
邸舍,dǐ shè
郁郁青青,yù yù jīng jīng
郁離子,yù lí zǐ
郃陽縣,gé yáng xiàn
郎個,láng ge
郎子,láng zǐ
郎潛白髮,láng qián bó fǎ
郢書燕說,yǐng shū yān shuō
郢都,yǐng dū
部分,bù fèn
部分法,bù fèn fǎ
部勒,bù lè
部將,bù jiàng
部從,bù zòng
部派佛教,bù pài fó jiào
部署,bù shù
部陳,bù zhèn
郭子儀,guō zǐ yí
郯子,tán zǐ
郵子,yóu zǐ
郵差,yóu chāi
都中,dū zhōng
都人士,dū rén shì
都來,dū lái
都保,dū bǎo
都俞吁咈,dū yú xū fú
都嚕,dū lu
都坑,dū kēng
都城,dū chéng
都大,dū dà
都子,dū zǐ
都寺,dū sì
都市,dū shì
都市之肺,dū shì zhī fèi
都市化,dū shì huà
都市家具,dū shì jiā jù
都市病,dū shì bìng
都市美容師,dū shì měi róng shī
都市計畫,dū shì jì huà
都府,dū fǔ
都把勢,dū bǎ shi
都抹,dū mǒ
都料匠,dū liào jiàng
都會,dū huì
都會區,dū huì qū
都會文學,dū huì wén xué
都柏林,dū bó lín
都根主兒,dū gēn zhǔ r
都督,dū dū
都管,dū guǎn
都纂,dū zuǎn
都試,dū shì
都講,dū jiǎng
都護,dū hù
都轄,dū xiá
都邑,dū yì
都都摸摸,dū du mō mō
都都磨磨,dū du mó mó
都鄙,dū bǐ
都鄙有章,dū bǐ yǒu zhāng
都門,dū mén
都雅,dū yǎ
都頭,dū tóu
都馬調,dū mǎ diào
都鬼,dū guǐ
鄉壁虛造,xiàng bì xū zào
鄉方,xiàng fāng
鄉鎮市調解委員會,xiāng zhèn shì tiáo jiě wěi yuán huì
鄉風慕義,xiàng fēng mù yì
鄙薄,bǐ bó
鄙言累句,bǐ yán lěi jù
鄧艾吃,dèng ài jí
鄭衛之曲,zhèng wèi zhī qǔ
鄰比,lín bì
鄰舍,lín shè
酆都,fēng dū
酈食其,lì yì jī
酌量,zhuó liáng
配上,pèi shang
配不上,pèi bu shàng
配子,pèi zǐ
配子世代,pèi zǐ shì dài
配子囊,pèi zǐ náng
配子枝,pèi zǐ zhī
配子體,pèi zǐ tǐ
配搭兒,pèi da r
配樂,pèi yuè
配稱,pèi chèng
配給,pèi jǐ
配給制度,pèi jǐ zhì dù
配給品,pèi jǐ pǐn
配給票,pèi jǐ piào
配角,pèi jué
配頭,pèi tou
酒吧,jiǔ bā
酒吧女,jiǔ bā nǚ
酒吧間,jiǔ bā jiān
酒惡,jiǔ ě
酒暈,jiǔ yùn
酒曲,jiǔ qǔ
酒生兒,jiǔ shēng r
酒精中毒,jiǔ jīng zhòng dú
酒錢,jiǔ qian
酖酖,dān dān
酘一酘,tóu yi tóu
酥倒,sū dǎo
酥酪,sū luò
酪乳,luò rǔ
酪奴,luò nú
酪梨,luò lí
酪漿,luò jiāng
酪素,luò sù
酪蛋白,luò dàn bái
酪農,luò nóng
酪農業,luò nóng yè
酪酥,luò sū
酪酸,luò suān
酬和,chóu hè
酬庸,chóu yóng
酬應,chóu yìng
酬酢,chóu zuò
酷好,kù hào
酸不溜丟,suān bu liū diū
酸中毒,suān zhòng dú
酸凝酪,suān níng luò
酸子,suān zǐ
酸巴溜丟,suān ba liū diū
酸甜兒,suān tián r
酸葡萄心理,suān pú tao xīn lǐ
酸酪乳,suān luò rǔ
酸黃虀爛豆腐,suān huáng jī làn dòu fu
醉厭厭,zuì yān yān
醉咧咧兒,zuì lié lié r
醉貌咕咚,zuì mao gū dōng
醉貓兒,zuì māo r
醒豁,xǐng huò
醜丫頭,chǒu yā tou
醜剌剌,chǒu là là
醜行,chǒu xìng
醫卜星相,yī bǔ xīng xiàng
醫家,yī jia
醫療給付,yī liáo jǐ fù
醬糊缸,jiàng hu gāng
醬豆腐,jiàng dòu fu
醭兒,bú r
采地,cài dì
采綠,cǎi lù
采蘋,cǎi pín
采蘭贈芍,cǎi lán zèng shuò
采邑,cài yì
釋卷,shì juàn
釋子,shì zǐ
釋藏,shì zàng
釋迦佛也惱下蓮臺,shì jiā fó yě nǎo xià lián tái
里仁為美,lǐ rén wéi měi
里舍,lǐ shè
重三,chóng sān
重三疊四,chóng sān dié sì
重世,chóng shì
重九,chóng jiǔ
重九登高,chóng jiǔ dēng gāo
重作馮婦,chóng zuò féng fù
重侍下,chóng shì xià
重修,chóng xiū
重修舊好,chóng xiū jiù hǎo
重倒,zhòng dǎo
重光,chóng guāng
重光累洽,chóng guāng lěi xiá
重出,chóng chū
重創,zhòng chuāng
重劃,chóng huà
重午,chóng wǔ
重印,chóng yìn
重卵,chóng luǎn
重合,chóng hé
重唱,chóng chàng
重圍,chóng wéi
重壁,chóng bì
重奏,chóng zòu
重婚,chóng hūn
重孫,chóng sūn
重孫女,chóng sūn nǚ
重孫媳,chóng sūn xí
重屋,chóng wū
重山,chóng shān
重巖疊嶂,chóng yán dié zhàng
重幃,chóng wéi
重建,chóng jiàn
重張,chóng zhāng
重慶,chóng qìng
重慶市,chóng qìng shì
重戴,chóng dài
重拍,chóng pāi
重拾舊歡,chóng shí jiù huān
重振,chóng zhèn
重振旗鼓,chóng zhèn qí gǔ
重振雄風,chóng zhèn xióng fēng
重播,chóng bò
重操舊業,chóng cāo jiù yè
重擔,zhòng dàn
重整,chóng zhěng
重整人,chóng zhěng rén
重整旗鼓,chóng zhěng qí gǔ
重文,chóng wén
重新,chóng xīn
重新做人,chóng xīn zuò rén
重明,chóng míng
重根,chóng gēn
重樓,chóng lóu
重樣兒,chóng yàng r
重檐,chóng yán
重水式反應器,zhòng shuǐ shì fǎn yìng qì
重沓,chóng tà
重泉,chóng quán
重洋,chóng yáng
重淵,chóng yuān
重溟,chóng míng
重溫舊夢,chóng wēn jiù mèng
重溫舊業,chóng wēn jiù yè
重演,chóng yǎn
重熙,chóng xī
重熙累洽,chóng xī lěi xiá
重版,chóng bǎn
重犯,chóng fàn
重現,chóng xiàn
重現江湖,chóng xiàn jiāng hú
重環紋,chóng huán wén
重瓣胃,chóng bàn wèi
重生,chóng shēng
重生父母,chóng shēng fù mǔ
重生爺娘,chóng shēng yé niáng
重申,chóng shēn
重疊,chóng dié
重眉毛,zhòng méi mao
重睹天日,chóng dǔ tiān rì
重瞳,chóng tóng
重穎,chóng yǐng
重組,chóng zǔ
重繭,chóng jiǎn
重置價格,chóng zhì jià gé
重羅麵,chóng luó miàn
重考,chóng kǎo
重耳,chóng ěr
重聚,chóng jù
重臺,chóng tái
重舌,chóng shé
重華,chóng huá
重華宮,chóng huá gōng
重落,chóng luo
重處,zhòng chǔ
重裀列鼎,chóng yīn liè dǐng
重裀疊褥,chóng yīn dié rù
重複,chóng fù
重複課稅,chóng fù kè shuì
重要分子,zhòng yào fèn zǐ
重見天日,chóng jiàn tiān rì
重見複出,chóng jiàn fù chū
重規疊矩,chóng guī dié jǔ
重規累矩,chóng guī lěi jǔ
重規襲矩,chóng guī xí jǔ
重親,chóng qīn
重譯,chóng yì
重讀,chóng dú
重貼現率,chóng tiē xiàn lǜ
重質原油,zhòng zhí yuán yóu
重赴鹿鳴,chóng fù lù míng
重足側目,chóng zú cè mù
重足而立,chóng zú ér lì
重趼,chóng jiǎn
重蹈覆轍,chóng dào fù chè
重軒,chóng xuān
重返,chóng fǎn
重逢,chóng féng
重重,chóng chóng
重重疊疊,chóng chóng dié dié
重重落落,chóng chóng luò luò
重門,chóng mén
重門擊柝,chóng mén jí tuò
重門深鎖,chóng mén shēn suǒ
重閨,chóng guī
重闈,chóng wéi
重關,chóng guān
重阻,chóng zǔ
重陰,chóng yīn
重陽,chóng yáng
重陽日,chóng yáng rì
重陽木,chóng yáng mù
重陽節,chóng yáng jié
重霄,chóng xiāo
重霤,chóng liù
重黎,chóng lí
野丫頭,yě yā tou
野乘,yě shèng
野意兒,yě yì r
野狐狸,yě hú li
野莩,yě piǎo
野雞戴皮帽兒,yě jī dài pí mào r
野食兒,yě shí r
量值,liáng zhí
量入為出,liàng rù wéi chū
量具,liáng jù
量力而為,liàng lì ér wéi
量匙,liáng chí
量子力學,liàng zǐ lì xué
量度,liáng duò
量時度力,liàng shí duò lì
量杯,liáng bēi
量測,liáng cè
量熱計,liáng rè jì
量筒,liáng tǒng
量能課稅,liáng néng kè shuì
量角器,liáng jiǎo qì
量酒,liáng jiǔ
量酒人,liáng jiǔ rén
量雨表,liáng yǔ biǎo
量體裁衣,liáng tǐ cái yī
金三事兒,jīn sān shì r
金仔,jīn zǐ
金剛猩猩,jīn gāng xīng xing
金剛鑽,jīn gāng zuàn
金剛鑽婚,jīn gāng zuàn hūn
金創,jīn chuāng
金勒,jīn lè
金屬中毒,jīn shǔ zhòng dú
金日磾,jīn mì dī
金櫻子,jīn yīng zǐ
金湯匙,jīn tāng chí
金玉君子,jīn yù jūn zǐ
金相,jīn xiàng
金相學,jīn xiàng xué
金相玉式,jīn xiàng yù shì
金相玉質,jīn xiàng yù zhí
金石為開,jīn shí wéi kāi
金融市場,jīn róng shì cháng
金質,jīn zhí
金都,jīn dū
金鈴子,jīn líng zǐ
金鏤玉衣,jīn lǚ yù yī
金鐘兒,jīn zhōng r
金鑲玉嵌,jīn xiāng yù qiān
金鰲玉蝀,jīn áo yù dòng
金龍少棒隊,jīn lóng shào bàng duì
金龜子,jīn guī zǐ
釕銱兒,liào diào r
釘子戶,dìng zǐ hù
釘封文書,dìng fēng wén shū
釘扣子,dìng kòu zi
釘書機,dìng shū jī
釘書針,dìng shū zhēn
針孔照相機,zhēn kǒng zhào xiàng jī
針尖兒,zhēn jiān r
針頭,zhēn tou
針鼻兒,zhēn bí r
釵腳漏痕,chāi jué lòu hén
鈀子拳,bǎ zǐ quán
鈉離子,nà lí zǐ
鈒鏤,jí lòu
鈞天廣樂,jūn tiān guǎng yuè
鈞天樂,jūn tiān yuè
鈞帖,jūn tiě
鈣質,gài zhí
鈴鐺,líng dang
鈴鐺壽星,líng dang shòu xing
鈷六十,gū liù shí
鈷玻璃,gū bō li
鈷藍,gū lán
鉅子,jù zǐ
鉅細靡遺,jù xì mǐ yí
鉅著,jù zhù
鉗且,qián jū
鉗口撟舌,qián kǒu jiào shé
鉛中毒,qiān zhòng dú
鉛玻璃,qiān bō li
鉤勒,gōu lè
鉤校,gōu jiào
銀三事挑牙兒,yín sān shì tiāo yá r
銀牌兒,yín pái r
銀行,yín háng
銀行利害關係人,yín háng lì hài guān xì rén
銀行券,yín háng quàn
銀行團,yín háng tuán
銀行對帳單,yín háng duì zhàng dān
銀行貸款,yín háng dài kuǎn
銀行體系資金,yín háng tǐ xì zī jīn
銀質沉著,yín zhí chén zhuó
銅斗兒,tóng dǒu r
銅斗兒家緣,tóng dǒu r jiā yuán
銅盆撞了鐵掃帚,tóng pén zhuàng le tiě sào zhǒu
銅管樂器,tóng guǎn yuè qì
銅管樂隊,tóng guǎn yuè duì
銅臭,tóng xiù
銅臭味,tóng xiù wèi
銍艾,zhì yì
銖兩悉稱,zhū liǎng xī chèng
銖積寸累,zhū jī cùn lěi
銖銖校量,zhū zhū jiào liàng
銗筩,xiàng tǒng
銚子,diào zi
銜勒,xián lè
銜華佩實,xián huā pèi shí
銬鐐,kào liào
銳不可當,ruì bù kě dǎng
銳未可當,ruì wèi kě dǎng
銷假,xiāo jià
銷差,xiāo chāi
銼削,cuò xiāo
鋁鎂齊,lǚ měi jì
鋌而走險,tǐng ér zǒu xiǎn
鋒頭,fēng tou
鋤頭,chú tou
鋪呈,pū chéng
鋪堂使費,pū táng shǐ fèi
鋪塔,pū tǎ
鋪墊,pū diàn
鋪天蓋地,pū tiān gài dì
鋪尺,pū chǐ
鋪屋,pū wū
鋪展,pū zhǎn
鋪平,pū píng
鋪床,pū chuáng
鋪張,pū zhāng
鋪張揚厲,pū zhāng yáng lì
鋪張浪費,pū zhāng làng fèi
鋪房,pū fáng
鋪拉,pū lā
鋪持,pū chí
鋪排,pū pai
鋪排張揚,pū pái zhāng yáng
鋪攤,pū tān
鋪敘,pū xù
鋪派,pū pài
鋪灑,pū sǎ
鋪炕,pū kàng
鋪牌,pū pái
鋪的,pū de
鋪眉搧眼,pū méi shān yǎn
鋪眉苫眼,pū méi shān yǎn
鋪眉蒙眼,pū méi méng yǎn
鋪眼兒,pù yǎn r
鋪砌,pū qì
鋪程,pū chéng
鋪紙,pū zhǐ
鋪結,pū jié
鋪胸納地,pū xiōng nà dì
鋪臥,pū wò
鋪蓋,pū gài
鋪蓋捲兒,pū gai juǎn r
鋪襯,pū chèn
鋪觀,pū guān
鋪設,pū shè
鋪謀,pū móu
鋪謀定計,pū móu dìng jì
鋪買,pū mǎi
鋪路,pū lù
鋪路石,pū lù shí
鋪遲,pū chí
鋪錦列繡,pū jǐn liè xiù
鋪開,pū kāi
鋪陳,pū chén
鋪霜湧雪,pū shuāng yǒng xuě
鋪頭,pū tóu
鋪頭話,pū tóu huà
鋪首,pū shǒu
鋸大缸,jū dà gāng
鋼琴二重奏,gāng qín èr chóng zòu
鋼琴酒吧,gāng qín jiǔ bā
錐處囊中,zhuī chǔ náng zhōng
錢不露白,qián bù lòu bái
錢兒癬,qián r xiǎn
錢垛,qián duò
錢板兒,qián bǎn r
錦帆,jǐn fán
錦衚衕,jǐn hú tong
錦還,jǐn huán
錯勘,cuò kàn
錯縫兒,cuò fèng r
錯繆,cuò miù
錯置,cù zhì
錯處,cuò chu
錯迕,cuò wù
錶殼兒,biǎo ké r
鍋伙,guō huo
鍋圈兒,guō quān r
鍋渣,guō zha
鍋餅,guō bing
鍥薄,qiè bó
鍵盤樂器,jiàn pán yuè qì
鍾子期,zhōng zǐ qí
鍾繇,zhōng yóu
鎖子甲,suǒ zǐ jiǎ
鎖頭,suǒ tou
鎗子,qiāng zǐ
鎗手,qiāng shou
鎘中毒,gé zhòng dú
鎘米,gé mǐ
鎬頭,gǎo tóu
鎮嚇,zhèn hè
鎮物,zhèn wu
鏈椎,liàn chuí
鏈鎖反應,liàn suǒ fǎn yìng
鏊盤上螞蟻,áo pán shang mǎ yǐ
鏜孔,táng kǒng
鏜床,táng chuáng
鏝兒,màn r
鏡支兒,jìng zhī r
鏡面呢,jìng miàn ní
鏨口兒,zàn kǒu r
鏹水,qiāng shuǐ
鐃吹,náo chuì
鐐子,liáo zǐ
鐘鼎款識,zhōng dǐng kuǎn zhì
鐵匠,tiě jiang
鐵娘子,tiě niáng zǐ
鐵掃帚,tiě sào zhou
鐵算盤,tiě suàn pan
鐵血主義,tiě xuè zhǔ yì
鐵血宰相,tiě xuè zǎi xiàng
鐵貓兒,tiě māo r
鐵質,tiě zhí
鐵都,tiě dū
鐵騎,tiě jì
鐺底焦飯,chēng dǐ jiāo fàn
鐺頭,chēng tóu
鑄字,zhù zi
鑄模,zhù mú
鑲嵌,xiāng qiān
鑲嵌工藝,xiāng qiān gōng yì
鑲嵌畫,xiāng qiān huà
鑽子,zuàn zi
鑽床,zuàn chuáng
鑽戒,zuàn jiè
鑽機,zuān ji
鑽火得冰,zuān huǒ dé bīng
鑽牛犄角,zuān niú jī jiao
鑽石,zuàn shí
鑽石婚,zuàn shí hūn
鑽空子,zuān kòng zi
鑽頭,zuàn tóu
鑿圓枘方,zuò yuán ruì fāng
鑿坏,zuò péi
鑿壁偷光,zuò bì tōu guāng
鑿壁懸梁,zuò bì xuán liáng
鑿山破石,zuò shān pò shí
鑿枘,zuò ruì
鑿枘不入,zuò ruì bù rù
鑿渾沌,zuò hún dùn
鑿空,zuò kōng
鑿空指鹿,zuò kōng zhǐ lù
鑿竅,zuò qiào
鑿船蟲,zuò chuán chóng
鑿鑿,zuò zuò
鑿鑿有據,zuò zuò yǒu jù
鑿飲耕食,zuò yǐn gēng shí
钁頭,jué tou
長三,cháng sān
長世,cháng shì
長久,cháng jiǔ
長久之計,cháng jiǔ zhī jì
長亭,cháng tíng
長亭短亭,cháng tíng duǎn tíng
長人,cháng rén
長休告,cháng xiū gào
長休飯,cháng xiū fàn
長住,cháng zhù
長便,cháng biàn
長信宮,cháng xìn gōng
長假,cháng jià
長兵,cháng bīng
長冊,cháng cè
長刀,cháng dāo
長句,cháng jù
長吁,cháng xū
長吁短嘆,cháng xū duǎn tàn
長吟,cháng yín
長吻魚,cháng wěn yú
長命,cháng mìng
長命富貴,cháng mìng fù guì
長命百歲,cháng mìng bǎi suì
長命縷,cháng mìng lǚ
長命釘,cháng mìng dīng
長命鎖,cháng mìng suǒ
長嘆,cháng tàn
長嘯,cháng xiào
長嘴獠牙,cháng zuǐ liáo yá
長噸,cháng dùn
長圍,cháng wéi
長圓,cháng yuán
長坂,cháng bǎn
長坂坡,cháng bǎn pō
長城,cháng chéng
長堤,cháng tí
長壽,cháng shòu
長壽麵,cháng shòu miàn
長夏,cháng xià
長夜,cháng yè
長夜飲,cháng yè yǐn
長天大日,cháng tiān dà rì
長天老日,cháng tiān lǎo rì
長夫,cháng fū
長子,zhǎng zǐ
長存,cháng cún
長安,cháng ān
長安如弈,cháng ān rú yì
長安居大不易,cháng ān jū dà bù yì
長安道上,cháng ān dào shàng
長尾巴,zhǎng wěi ba
長尾猴,cháng wěi hóu
長尾闊嘴鳥,cháng wěi kuò zuǐ niǎo
長尾雞,cháng wěi jī
長尾鮫,cháng wěi jiāo
長局,cháng jú
長居,cháng jū
長島,cháng dǎo
長崎市,cháng qí shì
長川,cháng chuān
長工,cháng gōng
長干巷,cháng gān xiàng
長干曲,cháng gān qǔ
長年,cháng nián
長年累月,cháng nián lěi yuè
長年菜,cháng nián cài
長庚,cháng gēng
長庚大學,cháng gēng dà xué
長度,cháng dù
長廊,cháng láng
長役夢魂,cháng yì mèng hún
長征,cháng zhēng
長思,cháng sī
長性,cháng xìng
長恨傳,cháng hèn zhuàn
長恨歌,cháng hèn gē
長惡不悛,cháng è bù quān
長慶集,cháng qìng jí
長慶體,cháng qìng tǐ
長戳,cháng chuō
長才,cháng cái
長打,cháng dǎ
長技,cháng jì
長挑,cháng tiāo
長揖,cháng yī
長攙攙,cháng chān chān
長方,cháng fāng
長方形,cháng fāng xíng
長方體,cháng fāng tǐ
長日,cháng rì
長日照植物,cháng rì zhào zhí wù
長明燈,cháng míng dēng
長春市,cháng chūn shì
長春花,cháng chūn huā
長曆,cháng lì
長書,cháng shū
長期,cháng qí
長期投資,cháng qí tóu zī
長期趨勢,cháng qí qū shì
長期飯票,cháng qí fàn piào
長材,cháng cái
長板,cháng bǎn
長枕大被,cháng zhěn dà bèi
長林,cháng lín
長林豐草,cháng lín fēng cǎo
長枷,cháng jiā
長案,cháng àn
長梗滿天星,cháng gěng mǎn tiān xīng
長條兒,cháng tiáo r
長條圖,cháng tiáo tú
長楊,cháng yáng
長楸,cháng qiū
長槍,cháng qiāng
長樂,cháng lè
長樂宮,cháng lè gōng
長樂未央,cháng lè wèi yāng
長歌,cháng gē
長歌當哭,cháng gē dàng kū
長此以往,cháng cǐ yǐ wǎng
長歲錢,cháng suì qián
長毛,cháng máo
長毛絨,cháng máo róng
長毛象,cháng máo xiàng
長江,cháng jiāng
長江三峽,cháng jiāng sān xiá
長江三角洲,cháng jiāng sān jiǎo zhōu
長江天塹,cháng jiāng tiān qiàn
長江無六月,cháng jiāng wú liù yuè
長沙市,cháng shā shì
長沙會戰,cháng shā huì zhàn
長河,cháng hé
長治久安,cháng zhì jiǔ ān
長法,cháng fǎ
長波,cháng bō
長流,cháng liú
長漏,cháng lòu
長濱文化,cháng bīn wén huà
長灘,cháng tān
長焦距鏡頭,cháng jiāo jù jìng tóu
長物,zhàng wù
長班,cháng bān
長生,cháng shēng
長生不死,cháng shēng bù sǐ
長生不滅,cháng shēng bù miè
長生不老,cháng shēng bù lǎo
長生久視,cháng shēng jiǔ shì
長生庫,cháng shēng kù
長生果,cháng shēng guǒ
長生殿,cháng shēng diàn
長生牌位,cháng shēng pái wèi
長生祿位,cháng shēng lù wèi
長痛不如短痛,cháng tòng bù rú duǎn tòng
長發,cháng fā
長白山,cháng bái shān
長相,zhǎng xiàng
長相廝守,cháng xiāng sī shǒu
長相思,cháng xiāng sī
長眠,cháng mián
長短,cháng duǎn
長短不一,cháng duǎn bù yī
長短句,cháng duǎn jù
長石,cháng shí
長程,cháng chéng
長空,cháng kōng
長竿,cháng gān
長笛,cháng dí
長策,cháng cè
長箋,cháng jiān
長算,cháng suàn
長算遠略,cháng suàn yuǎn lüè
長篇,cháng piān
長篇大論,cháng piān dà lùn
長篇小說,cháng piān xiǎo shuō
長篇累牘,cháng piān lěi dú
長篇連載,cháng piān lián zài
長篇闊論,cháng piān kuò lùn
長紅,cháng hóng
長統襪,cháng tǒng wà
長線,cháng xiàn
長線放遠鷂,cháng xiàn fàng yuǎn yào
長編,cháng biān
長繩繫日,cháng shéng xì rì
長繩繫景,cháng shéng xì jǐng
長纓,cháng yīng
長耳公,cháng ěr gōng
長耳鴞,cháng ěr xiāo
長脾氣,zhǎng pí qi
長腰,cháng yāo
長腳蜂,cháng jiǎo fēng
長臂猿,cháng bì yuán
長臂蝦,cháng bì xiā
長至,cháng zhì
長舌,cháng shé
長舌婦,cháng shé fù
長舌頭,cháng shé tou
長著臉,cháng zhe liǎn
長處,cháng chù
長號,cháng hào
長虹,cháng hóng
長蟲,cháng chóng
長行,cháng xíng
長衫,cháng shān
長袂,cháng mèi
長袍,cháng páo
長袖善舞,cháng xiù shàn wǔ
長角果,cháng jiǎo guǒ
長解,cháng jiè
長話,cháng huà
長話短說,cháng huà duǎn shuō
長調,cháng diào
長談,cháng tán
長豇豆,cháng jiāng dòu
長足,cháng zú
長足進步,cháng zú jìn bù
長跑,cháng pǎo
長距離無線電話,cháng jù lí wú xiàn diàn huà
長跪,cháng guì
長路,cháng lù
長車,cháng jū
長轂,cháng gǔ
長轡遠御,cháng pèi yuǎn yù
長轡遠馭,cháng pèi yuǎn yù
長辭,cháng cí
長途,cháng tú
長途跋涉,cháng tú bá shè
長途電話,cháng tú diàn huà
長逝,cháng shì
長遠,cháng yuǎn
長邁,cháng mài
長針,cháng zhēn
長鋏,cháng jiá
長鋒筆,cháng fēng bǐ
長錢,cháng qián
長鎗,cháng qiāng
長鎩,cháng shā
長鏡頭,cháng jìng tóu
長鑱,cháng chán
長長短短,cháng cháng duǎn duǎn
長門,cháng mén
長門賦,cháng mén fù
長關,cháng guān
長陵,cháng líng
長隨,cháng suí
長離,cháng lí
長青,cháng qīng
長青學苑,cháng qīng xué yuàn
長青樹,cháng qīng shù
長項,cháng xiàng
長頭布,cháng tóu bù
長頸鳥喙,cháng jǐng niǎo huì
長頸鹿,cháng jǐng lù
長風,cháng fēng
長風破浪,cháng fēng pò làng
長風萬里,cháng fēng wàn lǐ
長馬,cháng mǎ
長驅,cháng qū
長驅徑入,cháng qū jìng rù
長驅直入,cháng qū zhí rù
長驅而入,cháng qū ér rù
長骨,cháng gǔ
長鬣,cháng liè
長鯨,cháng jīng
長鳴,cháng míng
長黑,cháng hēi
長鼓,cháng gǔ
長鼻目,cháng bí mù
長齋,cháng zhāi
長齋繡佛,cháng zhāi xiù fó
長齡,cháng líng
長龍,cháng lóng
門兒都沒有,mén r dōu méi yǒu
門帖,mén tiě
門弔兒,mén diào r
門插管兒,mén chā guǎn r
門臉兒,mén liǎn r
門衰祚薄,mén shuāi zuò bó
門裡出身,mén li chū shēn
門館先生,mén guǎn xiān sheng
門鼻兒,mén bí r
閉上,bì shang
閉卷考,bì juàn kǎo
閉塞,bì sè
閉明塞聰,bì míng sè cōng
閉目塞聽,bì mù sè tīng
閉蟄,bì zhí
閉門塞竇,bì mén sè dòu
閉門天子,bì mén tiān zǐ
閉門造車,bì mén zào jū
開卷,kāi juàn
開卷有得,kāi juàn yǒu dé
開卷有益,kāi juàn yǒu yì
開卷考,kāi juàn kǎo
開喪,kāi sāng
開嗙,kāi pǎng
開場,kāi cháng
開場抽頭,kāi cháng chōu tóu
開場白,kāi cháng bái
開小差,kāi xiǎo chāi
開差,kāi chāi
開懷兒,kāi huái r
開普威得,kāi pǔ wēi dé
開發銀行,kāi fā yín háng
開碼頭,kāi mǎ tou
開衩,kāi chà
開豁,kāi huò
開鑿,kāi zuò
開門封兒,kāi mén fēng r
開齊合撮,kāi qí hé cuò
閒出,jiàn chū
閒打牙兒,xián dǎ yá r
閒散,xián sǎn
閒盤兒,xián pán r
閒空,xián kòng
閒篇兒,xián piān r
閒行,jiàn xíng
閒覷,jiàn qù
閒言長語,xián yán cháng yǔ
閒道,jiàn dào
閒閒,jiān jiān
閒隙,jiàn xì
間不容息,jiàn bù róng xí
間不容髮,jiàn bù róng fǎ
間作,jiàn zuò
間入,jiàn rù
間出,jiàn chū
間別,jiàn bié
間壁,jiàn bì
間奏曲,jiān zòu qǔ
間或,jiàn huò
間捕,jiàn bǔ
間接,jiàn jiē
間接成本,jiàn jiē chéng běn
間接推理,jiàn jiē tuī lǐ
間接推論,jiàn jiē tuī lùn
間接正犯,jiàn jiē zhèng fàn
間接民權,jiàn jiē mín quán
間接灸,jiàn jiē jiǔ
間接照明,jiàn jiē zhào míng
間接稅,jiàn jiē shuì
間接經驗,jiàn jiē jīng yàn
間接自由球,jiàn jiē zì yóu qiú
間接證據,jiàn jiē zhèng jù
間接貿易,jiàn jiē mào yì
間斷,jiàn duàn
間斷不繼,jiàn duàn bù jì
間日,jiàn rì
間有,jiàn yǒu
間條掃描,jiàn tiáo sǎo miáo
間歇,jiàn xiē
間歇噴泉,jiàn xiē pēn quán
間歇泉,jiàn xiē quán
間歇湖,jiàn xiē hú
間歇熱,jiàn xiē rè
間歲,jiàn suì
間深裡,jiàn shēn lǐ
間胺黃,jiàn ān huáng
間色,jiàn sè
間行,jiàn xíng
間裂,jiàn liè
間諜,jiàn dié
間諜戰,jiàn dié zhàn
間諜船,jiàn dié chuán
間質性肺炎,jiān zhí xìng fèi yán
間道,jiàn dào
間闊,jiàn kuò
間阻,jiàn zǔ
間隔,jiàn gé
間隔號,jiàn gé hào
間隙,jiàn xì
間雜,jiàn zá
閔刻本,mǐn kē běn
閔子騫,mǐn zǐ qiān
閣兒,gé r
閤兒,gé r
閤家,hé jiā
閤家歡,hé jiā huān
閤眼,hé yǎn
閨中妙質,guī zhōng miào zhí
閩學,mǐn xué
閬中縣,láng zhōng xiàn
閬苑,láng yuàn
閬閬,láng láng
閬風,láng fēng
閱卷,yuè juàn
閱處,yuè chǔ
閼塞,è sè
閼氏,yān zhī
閼與,yù yǔ
闇莫,àn mù
闈場,wéi cháng
闊少,kuò shào
闊氣,kuò qi
闍黎,shé lí
闐咽,tián yè
闕乏,quē fá
闕失,quē shī
闕如,quē rú
闕字,quē zì
闕文,quē wén
闕疑,quē yí
闕翦,quē jiǎn
闖喪,chuàng sāng
闖將,chuǎng jiàng
闖江湖,chuǎng jiāng hu
闖鍊,chuǎng lian
闖開臉兒,chuǎng kāi liǎn r
關了釘兒,guān le dīng r
關塞,guān sài
關夫子,guān fū zǐ
關子嶺,guān zǐ lǐng
關東都督府,guān dōng dū dū fǔ
關煞,guān shà
關白,guān bó
關眼兒,guān yǎn r
關都尉,guān dū wèi
關門弟子,guān mén dì zǐ
闢佛,pì fó
阜蕃,fù fán
阤靡,yǐ mǐ
阨塞,è sài
防不勝防,fáng bù shēng fáng
防癌,fáng ái
防範得宜,fáng fàn dé yí
防衛性反應,fáng wèi xìng fǎn yìng
防衛過當,fáng wèi guò dàng
阻塞,zǔ sè
阿井,ē jǐng
阿伐粒子,ā fā lì zǐ
阿伐蛻變,ā fā shuì biàn
阿保,ē bǎo
阿保之功,ē bǎo zhī gōng
阿保之勞,ē bǎo zhī láo
阿其所好,ē qí suǒ hào
阿匼,ē ǎn
阿司匹靈,ā sī pī líng
阿基米得,ā jī mǐ dé
阿基米得原理,ā jī mǐ dé yuán lǐ
阿好,ē hào
阿姊,ā jiě
阿媚,ē mèi
阿家,ā gū
阿家翁,ā gū wēng
阿尊事貴,ē zūn shì guì
阿屎,ē shǐ
阿巴桑,ē bā sāng
阿彌陀佛,ē mí tuó fó
阿彌陀經,ē mí tuó jīng
阿意曲從,ē yì qū cóng
阿意順旨,ē yì shùn zhǐ
阿房宮,ē fáng gōng
阿房宮賦,ē fáng gōng fù
阿拉木汗,ā lā mù hán
阿是穴,ē shì xuè
阿月渾子,ā yuè hún zǐ
阿物兒,ā wù r
阿監,ā jiàn
阿私,ē sī
阿者,à zhě
阿膠,ē jiāo
阿蘭若,ā lán rě
阿衡,ē héng
阿誰,ā shuí
阿諂,ē chǎn
阿諛,ē yú
阿諛取容,ē yú qǔ róng
阿諛奉承,ē yú fèng chéng
阿諛趨奉,ē yú qū fèng
阿諛逢迎,ē yú féng yíng
阿諛順意,ē yú shùn yì
阿諛順旨,ē yú shùn zhǐ
阿達,ā da
阿邑,ē yì
阿金溺銀,ē jīn niào yín
阿閣,ē gé
阿闍世,ā shé shì
阿闍梨,ā shé lí
阿附,ē fù
阿順取容,ē shùn qǔ róng
阿魏,ē wèi
阿黨,ē dǎng
陂陀,pō tuó
附加成分,fù jiā chéng fèn
附和,fù hè
附子,fù zǐ
附著,fù zhuó
附著力,fù zhuó lì
附識,fù zhì
附過還職,fù guò huán zhí
降伏,xiáng fú
降妖,xiáng yāo
降將,xiáng jiàng
降書,xiáng shū
降服,xiáng fú
降表,xiáng biǎo
降附,xiáng fù
降順,xiáng shùn
降龍伏虎,xiáng lóng fú hǔ
陟罰臧否,zhì fá zāng pǐ
陣仗,zhèn zhang
除喪,chú sāng
除患興利,chú huàn xīng lì
除舊更新,chú jiù gēng xīn
陪小心,péi xiǎo xin
陪房,péi fang
陪都,péi dū
陰乾,yīn gān
陰了信的炮𤍤,yīn le xìn de pào zhàng
陰差陽錯,yīn chā yáng cuò
陰溝裡翻船,yīn gōu li fān chuán
陰著兒,yīn zhāo r
陰識,yīn zhì
陰賊,yīn zé
陰錯陽差,yīn cuò yáng chā
陰陽間隔,yīn yáng jiàn gé
陰離子,yīn lí zǐ
陰離子界面活性劑,yīn lí zǐ jiè miàn huó xìng jì
陰靈兒,yīn líng r
陳仲子,chén zhòng zǐ
陳媽媽,chén mā ma
陳子昂,chén zǐ áng
陳子龍,chén zǐ lóng
陳寅恪,chén yín què
陳寔遺盜,chén shí wèi dào
陳年爛芝麻,chén nián làn zhī ma
陳穀子爛芝麻,chén gǔ zi làn zhī ma
陳蕃,chén fán
陳蕃一室,chén fán yī shì
陳蕃下榻,chén fán xià tà
陳鍊,chén lian
陵土未乾,líng tǔ wèi gān
陶然自得,táo rán zì dé
陶誕,yáo dàn
陷沒,xiàn mò
陸相沉積,lù xiàng chén jī
陽識,yáng zhì
陽阿,yáng ē
陽離子,yáng lí zǐ
陽電子,yáng diàn zǐ
隃望,yáo wàng
隆興,lóng xīng
隈隩,wēi yù
隊伍行列,duì wǔ háng liè
隔三差五,gé sān chā wǔ
隔帛兒,gé bó r
隔牆掠見腔兒,gé qiáng lüè jiàn qiāng r
隔牆撩肐膊,gé qiáng liāo gē bo
隔肢,gé zhi
隔膜,gé mó
隔著窗戶吹喇叭,gé zhe chuāng hu chuī lǎ ba
隔行如隔山,gé háng rú gé shān
隔裡個裡,gé lǐ ge lǐ
隔重肚皮隔重山,gé chóng dù pí gé chóng shān
隔門檻兒,gé mén kǎn r
障塞,zhàng sè
隨分,suí fèn
隨大溜,suí dà liù
隨心草兒,suí xīn cǎo r
隨時度勢,suí shí duò shì
隨機應變,suí jī yìng biàn
隨溜兒,suí liù r
隨珠彈雀,suí zhū tán què
隨聲附和,suí shēng fù hè
隨行就市,suí háng jiù shì
隨逮,suí dài
隨風倒,suí fēng dǎo
隨風倒舵,suí fēng dǎo duò
隨風搖曳,suí fēng yáo yì
險塞,xiǎn sè
險道神撞著壽星老兒,xiǎn dào shén zhuàng zháo shòu xīng lǎo r
隱几,yìn jǐ
隱君子,yǐn jūn zǐ
隱沒,yǐn mò
隱睪症,yǐn gāo zhèng
隱身草兒,yǐn shēn cǎo r
隱間,yǐn jiàn
隳突叫號,huī tú jiào háo
隴種,lǒng zhòng
雀兒揀著旺處飛,què r jiǎn zhe wàng chù fēi
雀屏中目,què píng zhòng mù
雀屏中選,què píng zhòng xuǎn
雁行,yàn háng
雁行折翼,yàn háng zhé yì
雄勁,xióng jìng
雄將,xióng jiàng
雅樂,yǎ yuè
雅片,yā piàn
雅玩,yǎ wàn
雅魯藏布江,yǎ lǔ zàng bù jiāng
集中資料處理,jí zhōng zī liào chǔ lǐ
集腋成裘,jí yì chéng qiú
集錦照相,jí jǐn zhào xiàng
集體行為,jí tǐ xíng wéi
雋拔,jùn bá
雋朗,jùn lǎng
雋楚,jùn chǔ
雋譽,jùn yù
雌牙露嘴,cī yá lòu zuǐ
雕蚶鏤蛤,diāo hān lòu gé
雙子座,shuāng zǐ zuò
雙子葉植物,shuāng zǐ yè zhí wù
雙日不著單日著,shuāng rì bù zhuó dān rì zhuó
雙核都市,shuāng hé dū shì
雙棒兒,shuàng bàng r
雙生子,shuāng shēng zǐ
雙石頭,shuāng shí tou
雙立人兒,shuāng lì rén r
雙線行,shuāng xiàn háng
雙重,shuāng chóng
雙重人格,shuāng chóng rén gé
雙重國籍,shuāng chóng guó jí
雙重身分,shuāng chóng shēn fèn
雙響兒,shuāng xiǎng r
雛兒,chú r
雜八湊兒,zá ba còu r
雜合菜,zá he cài
雜合麵兒,zá he miàn r
雜廁,zá cì
雜拌兒,zá bàn r
雜碎,zá sui
雜著,zá zhù
雜處,zá chǔ
雜質,zá zhí
雜院兒,zá yuàn r
雞子,jī zǐ
雞尸牛從,jī shī niú zòng
雞巴,jī ba
雞毛當令箭,jī máo dàng lìng jiàn
雞蛋碰石頭,jī dàn pèng shí tou
雞蛋裡挑骨頭,jī dàn li tiāo gú tou
雞蟲得失,jī chóng dé shī
雞鹿塞,jī lù sài
離不得,lí bù dé
離不開人兒,lí bù kāi rén r
離不開手兒,lí bù kāi shǒu r
離不開眼兒,lí bù kāi yǎn r
離子,lí zǐ
離弦走板兒,lí xián zǒu bǎn r
離格兒,lí gé r
離股兒,lí gǔ r
離轍,lí chè
離鄉避井,lí xiāng bèi jǐng
離間,lí jiàn
難不倒,nán bù dǎo
難中人,nàn zhōng rén
難乎為繼,nán hū wéi jì
難以為情,nán yǐ wéi qíng
難以為繼,nán yǐ wéi jì
難住了,nàn zhù le
難僑,nàn qiáo
難兄難弟,nàn xiōng nàn dì
難友,nàn yǒu
難廕,nàn yìn
難得,nán dé
難得一見,nán dé yī jiàn
難得糊塗,nán dé hú tú
難民,nàn mín
難民營,nàn mín yíng
難為,nán wéi
難為情,nán wéi qíng
難為狀,nán wéi zhuàng
難胞,nàn bāo
難處,nán chǔ
雨人,yù rén
雨字頭兒,yǔ zi tóu r
雨村曲話,yǔ cūn qǔ huà
雨淚,yù lèi
雨珠兒,yǔ zhū r
雨順風調,yǔ shùn fēng tiáo
雪子,xuě zǐ
雲子,yún zǐ
雲彩,yún cai
雲端裡看廝殺,yún duān li kàn sī shā
雲端裡老鼠,yún duān li lǎo shǔ
雲興霞蔚,yún xīng xiá wèi
雲頭兒,yún tóu r
零售市場,líng shòu shì cháng
零餘子,líng yú zǐ
雷神進行曲,léi shén jìn xíng qǔ
電動縫衣機,diàn dòng féng yī jī
電器行,diàn qì háng
電場,diàn cháng
電子,diàn zǐ
電子信件,diàn zǐ xìn jiàn
電子信件窗,diàn zǐ xìn jiàn chuāng
電子信箱,diàn zǐ xìn xiāng
電子公事包,diàn zǐ gōng shì bāo
電子卡片,diàn zǐ kǎ piàn
電子反制,diàn zǐ fǎn zhì
電子報,diàn zǐ bào
電子媒體,diàn zǐ méi tǐ
電子字典,diàn zǐ zì diǎn
電子布告欄,diàn zǐ bù gào lán
電子店面,diàn zǐ diàn miàn
電子廣告,diàn zǐ guǎng gào
電子恆溫空調,diàn zǐ héng wēn kōng tiáo
電子文件,diàn zǐ wén jiàn
電子書,diàn zǐ shū
電子望遠鏡,diàn zǐ wàng yuǎn jìng
電子業,diàn zǐ yè
電子琴,diàn zǐ qín
電子琴花車,diàn zǐ qín huā chē
電子看板,diàn zǐ kàn bǎn
電子祕書,diàn zǐ mì shū
電子網路,diàn zǐ wǎng lù
電子街,diàn zǐ jiē
電子裁判,diàn zǐ cái pàn
電子計算機,diàn zǐ jì suàn jī
電子論壇,diàn zǐ lùn tán
電子賀卡,diàn zǐ hè kǎ
電子購物,diàn zǐ gòu wù
電子通勤,diàn zǐ tōng qín
電子郵件,diàn zǐ yóu jiàn
電子郵件信箱,diàn zǐ yóu jiàn xìn xiāng
電子郵件地址,diàn zǐ yóu jiàn dì zhǐ
電子郵件快遞業務,diàn zǐ yóu jiàn kuài dì yè wù
電子郵件系統,diàn zǐ yóu jiàn xì tǒng
電子郵箱,diàn zǐ yóu xiāng
電子郵購,diàn zǐ yóu gòu
電子郵遞,diàn zǐ yóu dì
電子銀行,diàn zǐ yín háng
電子錢包,diàn zǐ qián bāo
電子錶,diàn zǐ biǎo
電子鍋,diàn zǐ guō
電子鐘,diàn zǐ zhōng
電子雜誌,diàn zǐ zá zhì
電子雞,diàn zǐ jī
電子音樂,diàn zǐ yīn yuè
電子顯微攝影,diàn zǐ xiǎn wéi shè yǐng
電子顯微鏡,diàn zǐ xiǎn wéi jìng
電樂器,diàn yuè qì
電氣行,diàn qì háng
電磁場,diàn cí cháng
電腦語音處理,diàn nǎo yǔ yīn chǔ lǐ
電腦音樂,diàn nǎo yīn yuè
電荷,diàn hè
電視歌仔戲,diàn shì gē zǐ xì
電視興奮症,diàn shì xīng fèn zhèng
電解質,diàn jiě zhí
電鑽,diàn zuàn
震天價響,zhèn tiān ga xiǎng
霉乾菜,méi gān cài
霉頭,méi tou
霍小玉傳,huò xiǎo yù zhuàn
霓裳羽衣曲,ní cháng yǔ yī qǔ
霜兒,shuāng r
霧氣,wù qi
露一手,lòu yī shǒu
露一鼻子,lòu yī bí zi
露出,lòu chū
露出了狐狸尾巴,lòu chū le hú li wěi ba
露出破綻,lòu chū pò zhàn
露出馬腳,lòu chū mǎ jiǎo
露原形,lòu yuán xíng
露口風,lòu kǒu fēng
露天劇場,lù tiān jù cháng
露富,lòu fù
露底,lòu dǐ
露形,lòu xíng
露怯,lòu què
露水珠兒,lù shuǐ zhū r
露白,lòu bái
露盤兒,lòu pán r
露相,lòu xiàng
露眼,lòu yǎn
露空,lòu kōng
露臉,lòu liǎn
露臺弟子,lù tái dì zǐ
露苗,lòu miáo
露鋒芒,lòu fēng máng
露面,lòu miàn
露面拋頭,lòu miàn pāo tóu
露頭,lòu tóu
露頭角,lòu tóu jiǎo
露風,lòu fēng
露風聲,lòu fēng shēng
露餡兒,lòu xiàn r
露馬腳,lòu mǎ jiǎo
霸都魯,bà dū lǔ
靈應,líng yìng
靈景,líng yǐng
靈頭幡,líng tou fān
青天大老爺,qīng tiān dà lǎo ye
青少年,qīng shào nián
青少棒,qīng shào bàng
青年有為,qīng nián yǒu wéi
青燈黃卷,qīng dēng huáng juàn
青蓮崗文化,qīng lián gāng wén huà
青蘋,qīng pín
青蚵,qīng é
青龍頭上,qīng lóng tóu shang
靖康之難,jìng kāng zhī nàn
靖難,jìng nàn
靖難之變,jìng nàn zhī biàn
靜舍,jìng shè
靜落落,jìng luo luo
靜電感應,jìng diàn gǎn yìng
靜靜兒,jìng jìng r
非分,fēi fèn
非婚生子女,fēi hūn shēng zǐ nǚ
非子,fēi zǐ
非得,fēi děi
非法勾當,fēi fǎ gòu dang
非法行為,fēi fǎ xíng wéi
非難,fēi nàn
靠行,kào háng
靡密,mǐ mì
靡敝,mǐ bì
靡曼,mǐ màn
靡有孑遺,mǐ yǒu jié yí
靡然,mǐ rán
靡然向風,mǐ rán xiàng fēng
靡然從風,mǐ rán cóng fēng
靡然鄉風,mǐ rán xiāng fēng
靡知所措,mǐ zhī suǒ cuò
靡衣偷食,mǐ yī tōu shí
靡衣玉食,mǐ yī yù shí
靡追,mǐ zhuī
靡靡,mǐ mǐ
靡靡之樂,mǐ mǐ zhī yuè
靡靡之音,mǐ mǐ zhī yīn
靡麗,mǐ lì
面分,miàn fèn
面子上的差使,miàn zi shàng de chāi shi
面子情兒,miàn zi qíng r
面數,miàn shǔ
面沒羅,miàn mò luó
面相,miàn xiàng
面般,miàn pán
面薄腰纖,miàn bó yāo xiān
面質,miàn zhí
靦腆,miǎn tiǎn
靦靦,miǎn tiǎn
靨兒,yè r
革車,gé jū
靴掖,xuē yè
靶兒鏡子,bǎ r jìng zi
靶場,bǎ cháng
靸拉,tā la
鞠場,jú cháng
鞠子,jú zǐ
鞭辟入裡,biān bì rù lǐ
鞭辟近裡,biān bì jìn lǐ
鞭長莫及,biān cháng mò jí
韁繩,jiāng sheng
韋應物,wéi yìng wù
韓信將兵,hán xìn jiàng bīng
韓湘子,hán xiāng zǐ
韓詩外傳,hán shī wài zhuàn
韓非子,hán fēi zǐ
韜光俟奮,tāo guāng sì fèn
音兒,yīn r
音樂,yīn yuè
音樂劇,yīn yuè jù
音樂卡,yīn yuè kǎ
音樂圖書館,yīn yuè tú shū guǎn
音樂家,yīn yuè jiā
音樂廳,yīn yuè tīng
音樂會,yīn yuè huì
音樂治療,yīn yuè zhì liáo
音樂片,yīn yuè piàn
音樂盒,yīn yuè hé
音樂站,yīn yuè zhàn
音樂節,yīn yuè jié
音樂臺,yīn yuè tái
音樂鋸,yīn yuè jù
音樂電鈴,yīn yuè diàn líng
音質,yīn zhí
音長,yīn cháng
韶刀,sháo dao
韶樂,sháo yuè
響動兒,xiǎng dòng r
響應,xiǎng yìng
響葫蘆,xiǎng hú lu
頂呱呱,dǐng guā guā
頂喪駕靈,dǐng sāng jià líng
頂橦踏索,dǐng chuáng tà suǒ
頂禮膜拜,dǐng lǐ mó bài
頂窩兒,dǐng wō r
頃筐,qīng kuāng
順人應天,shùn rén yìng tiān
順口兒,shùn kǒu r
順口答音兒,shùn kǒu dá yīn r
順嘴兒,shùn zuǐ r
順天應人,shùn tiān yìng rén
順天應時,shùn tiān yìng shí
順差,shùn chā
順應,shùn yìng
順應民心,shùn yìng mín xīn
順應潮流,shùn yìng cháo liú
順條順理兒的,shùn tiáo shùn lǐ r de
順溜,shùn liu
順當,shùn dang
順硃兒,shùn zhū r
順竿兒爬,shùn gān r pá
順順溜溜,shùn shun liū liū
頌禮,róng lǐ
頌繫,róng xì
頎長,qí cháng
預防接種,yù fáng jiē zhòng
頑意兒,wán yì r
頑癬,wán xiǎn
頓捽,dùn zú
頓開茅塞,dùn kāi máo sè
頗不以為然,pǒ bù yǐ wéi rán
頗佳,pǒ jiā
頗可,pǒ kě
頗奈,pǒ nài
頗我,pǒ wǒ
頗有,pǒ yǒu
頗為可觀,pǒ wéi kě guān
頗耐,pǒ nài
頗頗,pǒ pǒ
頗黎,pǒ lí
領先反應法則,lǐng xiān fǎn yìng fǎ zé
領帖,lǐng tiě
領條兒,lǐng tiáo r
頡頏之行,xié háng zhī xìng
頭一遭兒,tóu yī zāo r
頭兒,tóu r
頭匹,tóu pī
頭場,tóu cháng
頭巾弔在水裡,tóu jīn diào zài shuǐ li
頭廳相,tóu tīng xiàng
頭把兒,tóu bà r
頭昏腦悶,tóu hūn nǎo mēn
頭當,tóu dàng
頭癬,tóu xiǎn
頭皮兒薄,tóu pí r báo
頭童齒豁,tóu tóng chǐ huò
頭箍兒,tóu gū r
頭緒兒,tóu xù r
頭裡,tóu li
頭角兒,tóu jiǎo r
頭醋不酸到底兒薄,tóu cù bù suān dào dǐ r bó
頭醋不釅二醋薄,tóu cù bù yàn èr cù bó
頹靡,tuí mǐ
頹靡不振,tuí mǐ bù zhèn
頻數,pín shuò
題署,tí shù
題識,tí zhì
額分,é fèn
額頭,é tou
顏子淵,yán zǐ yuān
顏色兒,yán shai r
顏闔鑿培,yán hé zuò péi
願行,yuàn xìng
顛三倒四,diān sān dǎo sì
顛不剌的,diān bu lā de
顛之倒之,diān zhī dǎo zhī
顛乾倒坤,diān qián dǎo kūn
顛來倒去,diān lái dǎo qù
顛倒,diān dǎo
顛倒乾坤,diān dǎo qián kūn
顛倒是非,diān dǎo shì fēi
顛倒而行,diān dǎo ér xíng
顛倒衣裳,diān dǎo yī cháng
顛倒錯亂,diān dǎo cuò luàn
顛倒陰陽,diān dǎo yīn yáng
顛倒黑白,diān dǎo hēi bái
顛而倒之,diān ér dǎo zhī
顛蕀,diān jí
顛顛倒倒,diān diān dǎo dǎo
顛鸞倒鳳,diān luán dǎo fèng
類胡蘿蔔素,lèi hú luó bo sù
顢裡顢頇,mán li mán hān
顧不得,gù bù dé
顧不得許多,gù bù dé xǔ duō
顧慮重重,gù lǜ chóng chóng
顧曲,gù qǔ
顧曲周郎,gù qǔ zhōu láng
顧菟,gù tù
顧藉,gù jiè
顯微照相,xiǎn wéi zhào xiàng
顯應,xiǎn yìng
顯父,xiǎn fǔ
顯色反應,xiǎn sè fǎn yìng
顯豁,xiǎn huò
風世勵俗,fèng shì lì sú
風乾,fēng gān
風什,fēng shí
風俗,fēng su
風信子,fēng xìn zǐ
風兒,fēng r
風化場所,fēng huà cháng suǒ
風吹兩邊倒,fēng chuī liǎng biān dǎo
風塵女子,fēng chén nǚ zǐ
風婆婆,fēng pó po
風帆,fēng fán
風從響應,fēng cóng xiǎng yìng
風月場,fēng yuè cháng
風月子弟,fēng yuè zǐ dì
風水,fēng shui
風水先生,fēng shui xiān sheng
風流宰相,fēng liú zǎi xiàng
風流才子,fēng liú cái zǐ
風流蘊藉,fēng liú yùn jiè
風流醞藉,fēng liú yùn jiè
風磨,fēng mò
風示,fèng shì
風縫兒,fēng fèng r
風興雲蒸,fēng xīng yún zhēng
風行草靡,fēng xíng cǎo mǐ
風調雨潤,fēng tiáo yǔ rùn
風調雨順,fēng tiáo yǔ shùn
風議,fèng yì
風靡,fēng mǐ
風靡一時,fēng mǐ yī shí
風靡雲湧,fēng mǐ yún yǒng
風靡雲蒸,fēng mǐ yún zhēng
風頭,fēng tou
颩抹,diū mǒ
颮線,páo xiàn
飄畦,piāo xī
飄薄,piāo bó
飛來橫禍,fēi lái hèng huò
飛來橫財,fēi lái hèng cái
飛子,fēi zǐ
飛將,fēi jiàng
飛帖,fēi tiě
飛機場,fēi jī cháng
飛流短長,fēi liú duǎn cháng
飛漱,fēi sòu
飛災橫禍,fēi zāi hèng huò
飛煙傳,fēi yān zhuàn
飛燕外傳,fēi yàn wài zhuàn
飛短流長,fēi duǎn liú cháng
飛紮,fēi zhá
飛薄,fēi bó
飛跎傳,fēi tuó zhuàn
飛轉,fēi zhuàn
飛靡,fēi mǐ
食不累味,shí bù lěi wèi
食不重味,shí bù chóng wèi
食不重肉,shí bù chóng ròu
食母,sì mǔ
食物中毒,shí wù zhòng dú
食道癌,shí dào ái
飢者易為食,jī zhě yì wéi shí
飯匙倩,fàn chí qiàn
飯座兒,fàn zuò r
飯量,fàn liang
飲和,yìn hé
飲場,yìn cháng
飲子,yǐn zǐ
飲羊,yìn yáng
飲血,yǐn xuè
飲血茹毛,yǐn xuè rú máo
飲馬,yìn mǎ
飲馬投錢,yìn mǎ tóu qián
飲馬河,yìn mǎ hé
飲馬長城窟行,yìn mǎ cháng chéng kū xíng
飽嗝兒,bǎo gé r
飾非文過,shì fēi wèn guò
餅乾,bǐng gān
餅鐺,bǐng chēng
餈粑,cí ba
餉遺,xiǎng wèi
養不住,yǎng bu zhù
養分,yǎng fèn
養媳婦,yǎng xí fu
養子,yǎng zǐ
養子女,yǎng zǐ nǚ
養尊處優,yǎng zūn chǔ yōu
養殖場,yǎng zhí cháng
養活,yǎng huo
養濟,yǎng ji
養生送死,yàng shēng sòng sǐ
養老送終,yàng lǎo sòng zhōng
養虺成蛇,yǎng huǐ chéng shé
餐松啖柏,cān sōng dàn bó
餐松食柏,cān sōng shí bó
餑餑,bō bo
餒怯,něi què
餓殍枕藉,è piǎo zhèn jiè
餓莩,è piǎo
餓莩載道,è piǎo zài dào
餔啜,bū chuò
餔時,bū shí
餔歠,bū chuò
餔糟啜醨,bū zāo chuò lí
餔糟歠醨,bū zāo chuò lí
餘切,yú qiē
餘勇可賈,yú yǒng kě gǔ
餘子,yú zǐ
餘子碌碌,yú zǐ lù lù
餘食贅行,yú shí zhuì xìng
餛飩,hún dun
餡兒,xiàn r
館兒,guǎn r
館舍,guǎn shè
餳澀,xíng sè
餳眼,xíng yǎn
餳糖,xíng táng
饃頭,mó tou
饃饃,mó mo
饅頭,mán tou
饅頭不吃惹身羶,mán tou bù chī rě shēn shān
饅頭果,mán tou guǒ
饋遺,kuì wèi
饒舌歌曲,ráo shé gē qǔ
饒舌調脣,ráo shé tiáo chún
饒頭,ráo tou
饔飧不給,yōng sūn bù jǐ
饙餾,fēn liù
首尾相應,shǒu wěi xiāng yìng
首從,shǒu zòng
首相,shǒu xiàng
首都,shǒu dū
香乾,xiāng gān
香分,xiāng fèn
香墩兒,xiāng dūn r
香水行,xiāng shuǐ háng
香花供養,xiāng huā gòng yàng
香餑餑,xiāng bō bo
馬丁路得,mǎ dīng lù dé
馬不知臉長,mǎ bù zhī liǎn cháng
馬乾,mǎ gān
馬匹,mǎ pī
馬厝卡舞曲,mǎ cuò kǎ wǔ qǔ
馬圈,mǎ juàn
馬場,mǎ cháng
馬太受難曲,mǎ tài shòu nàn qǔ
馬將,mǎ jiàng
馬將牌,mǎ jiàng pái
馬尾中鬃豆腐,mǎ wěi zhōng zōng dòu fu
馬尾兒穿豆腐,mǎ wěi r chuān dòu fu
馬尾巴,mǎ wěi ba
馬快頭,mǎ kuài tou
馬扁兒,mǎ biǎn r
馬是得,mǎ shì dé
馬杓,mǎ sháo
馬生角,mǎ shēng jué
馬百六,mǎ bó liù
馬虎,mǎ hu
馬虎從事,mǎ hu cóng shì
馬虎湯,mǎ hu tāng
馬虎眼,mǎ hu yǎn
馬褲呢,mǎ kù ní
馬賽進行曲,mǎ sài jìn xíng qǔ
馬蹄刀瓢裡切菜,mǎ tí dāo piáo lǐ qiē cài
馬馬虎虎,mǎ ma hū hū
馬騎燈,mǎ jì dēng
馬齒加長,mǎ chǐ jiā cháng
馬齒長,mǎ chǐ cháng
馮心,píng xīn
馮河,píng hé
馮虛,píng xū
馮虛御風,píng xū yù fēng
馮諼彈鋏,féng xuān tán jiá
馮軾,píng shì
馱子,duò zi
馳傳,chí zhuàn
馴行,xún xìng
駁倒,bó dǎo
駁難,bó nàn
駁頭,bó tou
駏驉,jù xū
駐紮,zhù zhá
駑散,nú sǎn
駑馬十舍,nú mǎ shí shè
駒兒隙,jū r xì
駔子,cǎng zi
駕帖,jià tiè
駘蕩,dài dàng
駙馬都尉,fù mǎ dū wèi
駝垛,tuó duò
駢拇枝指,pián mǔ qí zhǐ
駢枝,pián qí
駢比,pián bì
駢肩累足,pián jiān lěi zú
駢肩累跡,pián jiān lěi jī
駢肩累踵,pián jiān lěi zhǒng
駭浪驚濤,hài làng jīng tāo
駱駝,luò tuo
駿業宏興,jùn yè hóng xīng
騎從,jì zòng
騏驎,qí lín
騰倒,téng dǎo
騰趠,téng chào
騰那,téng nuó
騶從,zōu zòng
騾馱子,luó duò zi
驀的,mò dì
驂乘,cān shèng
驃騎,piào jì
驃騎將軍,piào jì jiāng jūn
驍將,xiāo jiàng
驍騎,xiāo jì
驕子,jiāo zǐ
驕橫,jiāo hèng
驚倒,jīng dǎo
驚為天人,jīng wéi tiān rén
驢打滾兒,lǘ dǎ gǔn r
驢蹄兒,lǘ tí r
驥子龍文,jì zǐ lóng wén
驩洽,huān xiá
骨嘟,gū dū
骨朵兒,gū duo r
骨相,gǔ xiang
骨碌,gú lu
骨碌碌,gú lù lu
骨肉團圞,gǔ ròu tuán luán
骨肉重逢,gǔ ròu chóng féng
骨董行,gǔ dǒng háng
骨裡骨碌,gú li gú lù
骨質,gǔ zhí
骨質疏鬆症,gǔ zhí shū sōng zhèng
骨質石化症,gǔ zhí shí huà zhèng
骨質軟化症,gǔ zhí ruǎn huà zhèng
骨都,gū dū
骨都兒,gū dū r
骨都都,gū dū dū
骨頭,gú tou
骨頭兒,gú tou r
骨頭架子,gú tou jià zi
骨頭硬,gú tou yìng
骨頭裡掙出來的錢纔做得肉,gú tou li zhèng chū lái de qián cái zuò de ròu
骨頭骨腦,gú tou gú nǎo
髀骶,bì dǐ
髒字兒,zāng zì r
體己,tǐ ji
體己信兒,tǐ ji xìn r
體樣兒,tǐ yàng r
體癬,tǐ xiǎn
體育場,tǐ yù cháng
體諒,tǐ liang
體質,tǐ zhí
高佛資訊系統,gāo fó zī xùn xì tǒng
高個兒,gāo gè r
高僧傳,gāo sēng zhuàn
高几,gāo jī
高分子化合物,gāo fēn zǐ huà hé wù
高分子材料,gāo fēn zǐ cái liào
高句麗,gāo gōu lí
高堂大廈,gāo táng dà xià
高山景行,gāo shān jǐng xìng
高山重嶂,gāo shān chóng zhàng
高岡兒,gāo gǎng r
高揚臉兒,gāo yáng liǎn r
高曾規矩,gāo zēng guī jǔ
高末兒,gāo mò r
高枝兒,gāo zhī r
高栖,gāo xī
高業弟子,gāo yè dì zǐ
高樁兒,gāo zhuāng r
高樓大廈,gāo lóu dà xià
高球場,gāo qiú cháng
高畫質電視,gāo huà zhí diàn shì
高空彈跳,gāo kōng tán tiào
高粱篾兒,gāo liáng miè r
高義薄雲,gāo yì bó yún
高著兒,gāo zhāo r
高處不勝寒,gāo chù bù shēng hán
高行,gāo xìng
高足弟子,gāo zú dì zǐ
高陽公子,gāo yáng gōng zǐ
高雄應用科技大學,gāo xióng yìng yòng kē jì dà xué
高頭,gāo tou
高風勁節,gāo fēng jìng jié
高高下下,gāo gao xià xià
高高低低,gāo gao dī dī
高高瘦瘦,gāo gao shòu shòu
高高興興,gāo gao xìng xìng
高鳳流麥,gāo fèng liú mò
高麗,gāo lí
高麗參,gāo lí shēn
高麗本,gāo lí běn
高麗紙,gāo lí zhǐ
高麗菜,gāo lí cài
髦兒戲,máo r xì
髭髭著,zī zi zhe
髮癬,fǎ xiǎn
髮短心長,fǎ duǎn xīn cháng
髯口,rán kou
鬆弛,sōng chí
鬆快,sōng kuai
鬆散,sōng sǎn
鬆通,sōng tong
鬙兒,sēng r
鬥分子,dòu fèn zi
鬥葉兒,dòu yè r
鬧刺兒,nào cì r
鬧哄哄,nào hōng hōng
鬧喪鼓兒,nào sāng gǔ r
鬧嚷嚷,nào rāng rāng
鬧場,nào cháng
鬧家務,nào jiā wu
鬧彆扭,nào biè niu
鬧心眼兒,nào xīn yǎn r
鬧意見,nào yì jian
鬧戲兒,nào xì r
鬧擰了,nào nǐng le
鬧竿兒,nào gān r
鬧脾氣,nào pí qi
鬧著玩兒,nào zhe wán r
鬧饑荒,nào jī huang
鬧騰,nào teng
鬧騰勁兒,nào teng jìn r
鬧鬧熱熱,nào nao rè rè
鬧鬧穰穰,nào nao ráng ráng
鬧鬨,nào hong
鬮兒,jiū r
鬱塞,yù sè
鬱壘,yù lǜ
鬻子,yù zǐ
鬼使神差,guǐ shǐ shén chāi
鬼哭狼號,guǐ kū láng háo
鬼哭神號,guǐ kū shén háo
鬼打更,guǐ dǎ gēng
鬼推磨,guǐ tuī mò
鬼攛揝,guǐ cuān zuàn
鬼蜮伎倆,guǐ yù jì liǎng
鬼谷子,guǐ gǔ zǐ
鬼質,guǐ zhí
鬼門上占卦,guǐ mén shàng zhān guà
鬼靈精兒,guǐ líng jīng r
鬼頭,guǐ tou
鬼魅伎倆,guǐ mèi jì liǎng
魁梧,kuí wù
魁梧奇偉,kuí wù qí wěi
魂不守舍,hún bù shǒu shè
魏然,wéi rán
魏長生,wèi cháng shēng
魔爪,mó zhuǎ
魔難,mó nàn
魚兒,yú r
魚子,yú zǐ
魚子醬,yú zǐ jiàng
魚拓,yú tà
魚籃寶卷,yú lán bǎo juàn
魚肚,yú dǔ
魚質龍文,yú zhí lóng wén
魚鱗癬,yú lín xiǎn
魯孝王刻石,lǔ xiào wáng kē shí
魯男子,lǔ nán zǐ
魯論,lǔ lún
魯酒薄而邯鄲圍,lǔ jiǔ bó ér hán dān wéi
鮭菜,xié cài
鮮少,xiǎn shǎo
鮮民,xiǎn mín
鮮為人知,xiǎn wéi rén zhī
鯽瓜兒,jì guā r
鰓鰓,xǐ xǐ
鰥棍兒,guān gùn r
鰲裡奪尊,áo li duó zūn
鱉煞,biē shà
鱗次櫛比,lín cì jié bì
鱗比,lín bì
鱗爪,lín zhuǎ
鱟帆,hòu fán
鱣堂,shàn táng
鱣舍,shàn shè
鳥人,diǎo rén
鳥爪,niǎo zhuǎ
鳥獸行,niǎo shòu xìng
鳩摩羅什,jiū mó luó shí
鳩率,jiū shuài
鳳仙子,fèng xiān zǐ
鳳占,fèng zhān
鳳吹,fèng chuì
鳳翹,fèng qiáo
鳳還巢,fèng huán cháo
鳳雛麟子,fèng chú lín zǐ
鳳鳴朝陽,fèng míng zhāo yáng
鳴彈,míng tán
鴇兒,bǎo r
鴉窩裡出鳳凰,yā wō li chū fèng huáng
鴛行,yuān háng
鴟嚇,chī hè
鴟得腐鼠,chī dé fǔ shǔ
鴟蹲,chī cún
鴨兒廣梨,yā r guǎng lí
鴨兒梨,yā r lí
鴨子兒,yā zǐ r
鴨綠江,yā lù jiāng
鴨蛋臉兒,yā dàn liǎn r
鴨頭丸帖,yā tóu wán tiè
鴨黃兒,yā huáng r
鴻洞,hóng tóng
鴻都,hóng dū
鵝群帖,é qún tiè
鵝蛋臉兒,é dàn liǎn r
鵠的,gǔ dì
鵧鷑,píng lì
鵷行,yuān háng
鶡冠子,hé guān zǐ
鶯鶯傳,yīng yīng zhuàn
鶴處雞群,hè chǔ jī qún
鶴長鳧短,hè cháng fú duǎn
鶻入鴉群,hú rù yā qún
鶻崙吞棗,hú lún tūn zǎo
鶻淪,hú lún
鶻突,hú tú
鶻鴒,hú líng
鶻鴒眼,hú líng yǎn
鷗鳥忘機,ōu niǎo wáng jī
鷗鷺忘機,ōu lù wáng jī
鷸冠,yù guān
鷸蚌相爭,yù bàng xiāng zhēng
鷸鴕,yù tuó
鷹爪毛兒,yīng zhǎo máo r
鷹覷鶻望,yīng qù hú wàng
鹹菜燒豆腐,xián cài shāo dòu fu
鹼中毒,jiǎn zhòng dú
鹽分,yán fèn
鹽分地帶,yán fèn dì dài
鹽場,yán cháng
鹿柴,lù zhài
鹿死不擇音,lù sǐ bù zé yìn
鹿死誰手,lù sǐ shuí shǒu
鹿脯,lù fǔ
鹿車,lù jū
鹿車共挽,lù jū gòng wǎn
麇聚,qún jù
麇至,qún zhì
麇至沓來,qún zhì tà lái
麇集,qún jí
麇集蜂萃,qún jí fēng cuì
麒麟送子,qí lín sòng zǐ
麗質,lì zhí
麗質天生,lì zhí tiān shēng
麗都,lì dū
麗靡,lì mǐ
麛夭,mí ǎo
麟子鳳雛,lín zǐ fèng chú
麟角鳳觜,lín jiǎo fèng zuǐ
麥格塞塞獎,mài gé sè sè jiǎng
麥畦,mài xī
麥碴兒,mài chá r
麥茬,mài chá
麥蚻,mài zhá
麵坯兒,miàn pī r
麵碼兒,miàn mǎ r
麻了花兒,má le huā r
麻俐,má li
麻六甲,má lù jiǎ
麻六甲海峽,má lù jiǎ hǎi xiá
麻刀,má dao
麻婆豆腐,má pó dòu fu
麻將,má jiàng
麻將搭子,má jiàng dā zi
麻將牌,má jiàng pái
麻核桃,má hé tao
麻沸散,má fèi sǎn
麻煩,má fan
麻經兒,má jīng r
麻衣相法,má yī xiàng fǎ
麻衣神相法,má yī shén xiàng fǎ
麻麻呼呼,má ma hū hū
麻麻糊糊,má ma hú hú
麼些族,mó suō zú
麼娘,mó niáng
麼子,mó zi
麼子事,mó zi shì
麼波,mó bō
麼那,mó nà
麼陋,mó lòu
黃乾黑瘦,huáng gān hēi shòu
黃卷,huáng juàn
黃卷青燈,huáng juàn qīng dēng
黃口孺子,huáng kǒu rú zǐ
黃子,huáng zǐ
黃州寒食詩卷,huáng zhōu hán shí shī juàn
黃昏時分,huáng hūn shí fèn
黃曆,huáng li
黃柏,huáng bó
黃柏木作磬槌子,huáng bó mù zuò qìng chuí zi
黃毛丫頭,huáng máo yā tou
黃毛團兒,huáng máo tuán r
黃水茄,huáng shuǐ qié
黃泉路上沒老少,huáng quán lù shàng méi lǎo shào
黃癬,huáng xiǎn
黃腔兒,huáng qiāng r
黃興,huáng xīng
黃連樹下彈琴,huáng lián shù xià tán qín
黃鐘長棄,huáng zhōng cháng qì
黃門鼓吹,huáng mén gǔ chuì
黃雀伺蟬,huáng què sì chán
黃馘,huáng xù
黌舍,hóng shè
黏涎,nián xian
黏涎答答,nián xian dā dā
黏答答,nián dā dā
黏糊,nián hu
黏著,nián zhuó
黏著劑,nián zhuó jì
黏著力,nián zhuó lì
黏質,nián zhí
黑下,hēi xia
黑不溜丟,hēi bu liū diū
黑咕籠咚,hēi gu lóng dōng
黑子,hēi zǐ
黑字倒閉,hēi zì dǎo bì
黑家白日,hēi jia bái rì
黑寡婦,hēi guǎ fu
黑尾浮塵子,hēi wěi fú chén zǐ
黑帖,hēi tiě
黑更半夜,hēi gēng bàn yè
黑母鴰一窩兒,hēi mǔ guā yī wō r
黑漆皮燈籠,hēi qī pí dēng long
黑猩猩,hēi xīng xing
黑王相公,hēi wáng xiàng gōng
黑白顛倒,hēi bái diān dǎo
黑糊糊,hēi hū hū
黑臉兒,hēi liǎn r
黑裡,hēi li
黑豆,hěi dòu
默識,mò zhì
點兵派將,diǎn bīng pài jiàng
點到為止,diǎn dào wéi zhǐ
點垛,diǎn duò
點將,diǎn jiàng
點將錄,diǎn jiàng lù
點差,diǎn chāi
點扎,diǎn zhá
點砌,diǎn qiè
點穴,diǎn xué
點著,diǎn zháo
點補,diǎn bu
點頭答應,diǎn tóu dā yìng
黿鳴鱉應,yuán míng biē yìng
鼉更,tuó gēng
鼎元之分,dǐng yuán zhī fèn
鼎鼐調和,dǐng nài tiáo hé
鼓兒詞,gǔ r cí
鼓吹弦,gǔ chuì xián
鼓吹樂,gǔ chuì yuè
鼓吹鳴蛙,gǔ chuì míng wā
鼓子曲,gǔ zi qǔ
鼓搗,gǔ dao
鼓樂,gǔ yuè
鼓樂喧天,gǔ yuè xuān tiān
鼓角,gǔ jué
鼠子,shǔ zǐ
鼻兒,bí r
鼻咽癌,bí yān yán
鼻咽道,bí yān dào
鼻塞聲重,bí sè shēng zhòng
鼻翅兒,bí chì r
鼻觀,bí guàn
齆鼻兒,wèng bí r
齉鼻兒,nàng bí r
齊宿,zhāi sù
齊心滌慮,zhāi xīn dí lǜ
齊截,qí jie
齊打夥兒,qí dǎ huǒ r
齊攢,qí cuán
齊盛,zī chéng
齊給,qí jǐ
齊莊,zhāi zhuāng
齊衰,zī cuī
齊論,qí lún
齊齊結結兒,qí qí jié jié r
齋供,zhāi gòng
齋舍,zhāi shè
齍盛,zī chéng
齎志沒地,jī zhì mò dì
齒牙為猾,chǐ yá wéi huá
齒牙為禍,chǐ yá wéi huò
齒豁頭童,chǐ huò tóu tóng
齒質,chǐ zhí
齒齦,chǐ yín
齣兒,chū r
齦溝,yín gōu
齦齶,yín è
齵差,yú cī
龍勺,lóng shuò
龍城飛將,lóng chéng fēi jiàng
龍子,lóng zǐ
龍孫帝子,lóng sūn dì zǐ
龍柏,lóng bó
龍生九子,lóng shēng jiǔ zǐ
龍眼乾,lóng yǎn gān
龍興鳳舉,lóng xīng fèng jǔ
龍藏,lóng zàng
龍藏寺碑,lóng zàng sì bēi
龍蛇渾雜,lóng shé hùn zá
龍蛇雜處,lóng shé zá chǔ
龍血樹,lóng xuè shù
龍鍾潦倒,lóng zhōng liáo dǎo
龍門刨床,lóng mén bào chuáng
龍鳳帖,lóng fèng tiě
龐兒,páng r
龜子,guī zǐ
龜山史前文化相,guī shān shǐ qián wén huà xiàng
龜手,jūn shǒu
龜茲,qiū cí
龜蛇二將,guī shé èr jiàng
龜裂,jūn liè
𣘨橠,ě nuǒ
